t_unix_ms,l,r,v_cell_1,v_bat,v_q,i_esc_1,i_esc_2,i_sys,temp_c,uptime_ms
1782484331626,0,0,0.000,6.607,6.599,0.188,0.157,0.140,25.818,1193445
1782484331659,0,0,0.000,6.599,6.591,0.220,0.157,0.151,25.818,1193478
1782484331687,0,0,0.000,6.599,6.607,0.188,0.157,0.145,25.818,1193511
1782484331723,0,0,0.000,6.591,6.599,0.157,0.126,0.151,25.818,1193544
1782484331762,0,0,0.000,6.599,6.599,0.188,0.157,0.167,25.904,1193577
1782484331786,0,0,0.000,6.591,6.607,0.188,0.126,0.129,25.818,1193610
1782484331821,0,0,0.000,6.591,6.591,0.188,0.157,0.118,25.904,1193643
1782484331861,0,0,0.000,6.607,6.591,0.188,0.188,0.129,25.904,1193676
1782484331883,0,0,0.000,6.607,6.591,0.126,0.157,0.124,25.904,1193709
1782484331923,0,0,0.006,6.599,6.599,0.157,0.157,0.134,25.904,1193742
1782484331976,0,0,0.000,6.607,6.599,0.188,0.157,0.124,25.904,1193775
1782484332005,0,0,0.000,6.607,6.591,0.188,0.188,0.124,25.818,1193808
1782484332016,0,0,0.000,6.599,6.591,0.188,0.157,0.134,25.904,1193841
1782484332054,0,0,0.000,6.599,6.599,0.188,0.188,0.113,25.904,1193874
1782484332093,0,0,0.000,6.599,6.591,0.157,0.188,0.140,25.904,1193907
1782484332125,0,0,0.000,6.599,6.591,0.126,0.126,0.129,25.904,1193940
1782484332156,0,0,0.000,6.599,6.582,0.188,0.157,0.129,25.904,1193973
1782484332186,0,0,0.006,6.615,6.599,0.126,0.157,0.134,25.904,1194006
1782484332213,0,0,0.000,6.599,6.599,0.126,0.157,0.172,25.818,1194039
1782484332247,0,0,0.000,6.599,6.591,0.188,0.126,0.124,25.904,1194072
1782484332290,0,0,0.000,6.607,6.591,0.188,0.157,0.134,25.904,1194105
1782484332331,0,0,0.000,6.599,6.591,0.188,0.157,0.167,25.818,1194138
1782484332345,0,0,0.000,6.599,6.599,0.188,0.188,0.129,25.904,1194171
1782484332382,0,0,0.000,6.591,6.599,0.188,0.188,0.129,25.904,1194204
1782484332414,0,0,0.000,6.607,6.599,0.188,0.188,0.118,25.904,1194237
1782484332447,0,0,0.000,6.599,6.599,0.188,0.157,0.129,25.904,1194270
1782484332478,0,0,0.000,6.607,6.607,0.188,0.157,0.124,25.904,1194303
1782484332510,0,0,0.000,6.599,6.599,0.188,0.188,0.134,25.818,1194336
1782484332545,0,0,0.000,6.599,6.599,0.188,0.188,0.124,25.904,1194369
1782484332583,0,0,0.000,6.599,6.599,0.220,0.157,0.129,25.818,1194402
1782484332624,0,0,0.000,6.599,6.599,0.188,0.157,0.145,25.904,1194435
1782484332642,0,0,0.000,6.599,6.599,0.188,0.157,0.118,25.818,1194468
1782484332686,0,0,0.000,6.591,6.591,0.188,0.126,0.129,25.904,1194501
1782484332709,0,0,0.000,6.599,6.599,0.188,0.157,0.177,25.818,1194534
1782484332777,0,0,0.000,6.607,6.599,0.157,0.157,0.129,25.904,1194567
1782484332792,0,0,0.006,6.599,6.599,0.220,0.157,0.124,25.818,1194600
1782484332832,0,0,0.000,6.599,6.591,0.157,0.188,0.172,25.904,1194633
1782484332843,0,0,0.000,6.599,6.591,0.188,0.157,0.129,25.818,1194666
1782484332875,0,0,0.000,6.607,6.582,0.220,0.188,0.134,25.818,1194699
1782484332908,0,0,0.000,6.599,6.599,0.188,0.157,0.113,25.818,1194732
1782484332943,0,0,0.000,6.599,6.591,0.188,0.157,0.129,25.818,1194765
1782484332979,0,0,0.000,6.599,6.591,0.188,0.188,0.124,25.818,1194798
1782484333011,0,0,0.000,6.599,6.591,0.188,0.157,0.151,25.904,1194831
1782484333048,0,0,0.000,6.591,6.591,0.188,0.157,0.140,25.904,1194864
1782484333085,0,0,0.000,6.599,6.591,0.157,0.126,0.134,25.904,1194897
1782484333110,0,0,0.006,6.607,6.591,0.188,0.157,0.161,25.904,1194930
1782484333157,0,0,0.006,6.599,6.591,0.188,0.157,0.156,25.904,1194963
1782484333186,0,0,0.000,6.599,6.591,0.220,0.157,0.145,25.904,1194996
1782484333223,0,0,0.000,6.591,6.591,0.188,0.126,0.167,25.818,1195029
1782484333242,0,0,0.000,6.599,6.591,0.157,0.157,0.194,25.818,1195062
1782484333289,0,0,0.000,6.591,6.591,0.188,0.157,0.161,25.904,1195095
1782484333308,0,0,0.000,6.591,6.599,0.220,0.157,0.167,25.904,1195128
1782484333344,0,0,0.000,6.607,6.591,0.188,0.157,0.183,25.904,1195161
1782484333385,0,0,0.000,6.591,6.591,0.188,0.157,0.156,25.818,1195194
1782484333409,0,0,0.000,6.599,6.599,0.188,0.157,0.172,25.818,1195227
1782484333445,0,0,0.000,6.599,6.591,0.188,0.157,0.156,25.818,1195260
1782484333491,0,0,0.000,6.599,6.599,0.188,0.157,0.167,25.904,1195293
1782484333511,0,0,0.000,6.591,6.591,0.188,0.157,0.183,25.904,1195326
1782484333547,0,0,0.000,6.599,6.591,0.251,0.157,0.161,25.904,1195359
1782484333580,0,0,0.006,6.591,6.582,0.188,0.157,0.172,25.904,1195392
1782484333615,0,0,0.000,6.599,6.591,0.188,0.157,0.161,25.904,1195425
1782484333642,0,0,0.000,6.599,6.599,0.188,0.157,0.161,25.818,1195458
1782484333675,0,0,0.000,6.599,6.599,0.188,0.188,0.167,25.904,1195491
1782484333706,0,0,0.006,6.591,6.599,0.157,0.188,0.161,25.818,1195524
1782484333741,0,0,0.000,6.599,6.591,0.188,0.157,0.167,25.818,1195557
1782484333774,0,0,0.000,6.599,6.607,0.157,0.157,0.172,25.904,1195590
1782484333808,0,0,0.000,6.599,6.591,0.188,0.126,0.177,25.904,1195623
1782484333841,0,0,0.000,6.599,6.591,0.188,0.126,0.177,25.818,1195656
1782484333895,0,0,0.000,6.599,6.591,0.157,0.157,0.177,25.904,1195689
1782484333948,0,0,0.000,6.599,6.591,0.157,0.220,0.172,25.904,1195722
1782484333950,0,0,0.006,6.599,6.591,0.188,0.157,0.167,25.818,1195755
1782484333972,0,0,0.000,6.591,6.591,0.157,0.157,0.161,25.904,1195788
1782484334007,0,0,0.000,6.591,6.591,0.157,0.157,0.172,25.818,1195821
1782484334043,0,0,0.006,6.599,6.591,0.188,0.157,0.161,25.904,1195854
1782484334078,0,0,0.000,6.599,6.591,0.188,0.157,0.161,25.818,1195887
1782484334108,0,0,0.000,6.599,6.591,0.126,0.157,0.172,25.904,1195920
1782484334143,0,0,0.000,6.599,6.591,0.188,0.157,0.188,25.904,1195953
1782484334173,0,0,0.000,6.599,6.591,0.157,0.157,0.177,25.904,1195986
1782484334207,0,0,0.000,6.591,6.591,0.157,0.157,0.167,25.818,1196019
1782484334244,0,0,0.000,6.607,6.591,0.188,0.188,0.177,25.818,1196052
1782484334273,0,0,0.000,6.591,6.582,0.188,0.157,0.167,25.818,1196085
1782484334309,0,0,0.006,6.591,6.591,0.188,0.157,0.194,25.818,1196118
1782484334340,0,0,0.000,6.599,6.591,0.157,0.220,0.172,25.904,1196151
1782484334375,0,0,0.000,6.591,6.591,0.157,0.188,0.199,25.904,1196184
1782484334439,0,0,0.000,6.607,6.591,0.220,0.188,0.167,25.904,1196217
1782484334453,0,0,0.006,6.615,6.591,0.188,0.188,0.156,25.904,1196250
1782484334471,0,0,0.000,6.599,6.591,0.157,0.126,0.156,25.904,1196283
1782484334506,0,0,0.000,6.599,6.591,0.188,0.188,0.156,25.904,1196316
1782484334541,0,0,0.000,6.599,6.591,0.188,0.157,0.161,25.818,1196349
1782484334573,0,0,0.000,6.599,6.591,0.188,0.157,0.167,25.904,1196382
1782484334612,0,0,0.000,6.599,6.591,0.188,0.157,0.161,25.904,1196415
1782484334639,0,0,0.000,6.599,6.591,0.188,0.157,0.247,25.818,1196448
1782484334672,0,0,0.000,6.591,6.582,0.220,0.157,0.172,25.818,1196481
1782484334715,0,0,0.000,6.599,6.591,0.188,0.157,0.172,25.904,1196514
1782484334737,0,0,0.000,6.599,6.591,0.188,0.157,0.167,25.904,1196547
1782484334777,0,0,0.000,6.607,6.591,0.157,0.188,0.161,25.904,1196580
1782484334805,0,0,0.000,6.599,6.591,0.188,0.188,0.204,25.904,1196613
1782484334841,0,0,0.000,6.599,6.599,0.157,0.157,0.172,25.904,1196646
1782484334874,0,0,0.000,6.591,6.591,0.188,0.188,0.167,25.818,1196679
1782484334910,0,0,0.000,6.591,6.591,0.188,0.157,0.167,25.818,1196712
1782484334941,0,0,0.000,6.599,6.599,0.157,0.188,0.151,25.818,1196745
1782484334976,0,0,0.000,6.599,6.599,0.126,0.157,0.161,25.904,1196778
1782484335007,0,0,0.000,6.599,6.591,0.220,0.157,0.172,25.990,1196811
1782484335037,0,0,0.000,6.591,6.599,0.157,0.157,0.167,25.990,1196844
1782484335084,0,0,0.000,6.599,6.591,0.188,0.094,0.161,25.818,1196877
1782484335108,0,0,0.000,6.591,6.599,0.188,0.157,0.167,25.904,1196910
1782484335151,0,0,0.006,6.599,6.607,0.157,0.157,0.167,25.904,1196943
1782484335170,0,0,0.000,6.591,6.607,0.188,0.126,0.167,25.818,1196976
1782484335214,0,0,0.000,6.599,6.599,0.188,0.157,0.156,25.904,1197009
1782484335239,0,0,0.000,6.591,6.591,0.188,0.157,0.167,25.818,1197042
1782484335289,0,0,0.000,6.591,6.599,0.188,0.157,0.167,25.818,1197075
1782484335303,0,0,0.000,6.599,6.591,0.220,0.126,0.172,25.904,1197108
1782484335341,0,0,0.000,6.607,6.591,0.157,0.126,0.161,25.904,1197141
1782484335373,0,0,0.000,6.599,6.591,0.220,0.157,0.172,25.904,1197174
1782484335409,0,0,0.000,6.591,6.591,0.188,0.126,0.156,25.818,1197207
1782484335439,0,0,0.006,6.591,6.591,0.188,0.157,0.215,25.904,1197240
1782484335475,0,0,0.000,6.591,6.591,0.188,0.157,0.177,25.818,1197273
1782484335514,0,0,0.000,6.599,6.591,0.157,0.157,0.177,25.904,1197306
1782484335541,0,0,0.000,6.599,6.591,0.188,0.126,0.156,25.904,1197339
1782484335578,0,0,0.000,6.591,6.591,0.188,0.157,0.167,25.904,1197372
1782484335608,0,0,0.000,6.599,6.599,0.188,0.157,0.161,25.904,1197405
1782484335642,0,0,0.000,6.607,6.582,0.220,0.188,0.194,25.904,1197438
1782484335668,0,0,0.000,6.582,6.591,0.157,0.157,0.253,25.904,1197471
1782484335710,0,0,0.000,6.599,6.591,0.188,0.188,0.161,25.818,1197504
1782484335740,0,0,0.000,6.591,6.599,0.157,0.157,0.161,25.818,1197537
1782484335780,0,0,0.000,6.599,6.591,0.188,0.157,0.156,25.990,1197570
1782484335812,0,0,0.000,6.591,6.599,0.188,0.157,0.177,25.904,1197603
1782484335843,0,0,0.000,6.591,6.591,0.188,0.126,0.183,25.904,1197636
1782484335900,0,0,0.000,6.599,6.599,0.126,0.188,0.183,25.904,1197669
1782484335911,0,0,0.000,6.599,6.599,0.157,0.157,0.183,25.818,1197702
1782484335943,0,0,0.000,6.599,6.591,0.188,0.157,0.151,25.904,1197735
1782484335976,0,0,0.000,6.599,6.591,0.188,0.157,0.151,25.818,1197768
1782484336028,0,0,0.000,6.599,6.591,0.157,0.126,0.151,25.818,1197801
1782484336053,0,0,0.006,6.599,6.591,0.220,0.126,0.129,25.904,1197834
1782484336112,0,0,0.000,6.599,6.591,0.157,0.157,0.237,25.818,1197867
1782484336122,0,0,0.000,6.599,6.591,0.188,0.188,0.167,25.818,1197900
1782484336140,0,0,0.000,6.599,6.599,0.188,0.126,0.129,25.904,1197933
1782484336179,0,0,0.000,6.599,6.591,0.188,0.157,0.124,25.904,1197966
1782484336206,0,0,0.000,6.599,6.582,0.188,0.157,0.129,25.990,1197999
1782484336239,0,0,0.000,6.607,6.591,0.188,0.157,0.118,25.904,1198032
1782484336272,0,0,0.000,6.599,6.599,0.188,0.157,0.118,25.904,1198065
1782484336307,0,0,0.000,6.599,6.599,0.220,0.157,0.124,25.904,1198098
1782484336339,0,0,0.000,6.599,6.582,0.188,0.157,0.167,25.818,1198131
1782484336371,0,0,0.000,6.599,6.591,0.188,0.157,0.113,25.904,1198164
1782484336406,0,0,0.000,6.591,6.591,0.188,0.157,0.145,25.818,1198197
1782484336439,0,0,0.000,6.599,6.591,0.188,0.126,0.118,25.904,1198230
1782484336490,0,0,0.000,6.599,6.591,0.157,0.188,0.134,25.904,1198263
1782484336508,0,0,0.000,6.607,6.599,0.188,0.157,0.129,25.904,1198296
1782484336543,0,0,0.000,6.607,6.599,0.188,0.188,0.140,25.818,1198329
1782484336570,0,0,0.000,6.599,6.591,0.188,0.126,0.124,25.818,1198362
1782484336604,0,0,0.000,6.599,6.591,0.188,0.126,0.129,25.904,1198395
1782484336637,0,0,0.000,6.599,6.599,0.157,0.157,0.118,25.818,1198428
1782484336669,0,0,0.000,6.599,6.591,0.220,0.188,0.129,25.818,1198461
1782484336701,0,0,0.000,6.599,6.591,0.251,0.188,0.124,25.904,1198494
1782484336744,0,0,0.000,6.591,6.591,0.188,0.188,0.134,25.818,1198527
1782484336768,0,0,0.000,6.599,6.599,0.188,0.188,0.140,25.904,1198560
1782484336803,0,0,0.006,6.615,6.591,0.188,0.157,0.129,25.904,1198593
1782484336834,0,0,0.000,6.599,6.599,0.188,0.157,0.129,25.904,1198626
1782484336869,0,0,0.000,6.599,6.599,0.188,0.157,0.113,25.818,1198659
1782484336911,0,0,0.006,6.599,6.591,0.188,0.157,0.124,25.818,1198692
1782484336946,0,0,0.000,6.599,6.591,0.157,0.157,0.129,25.904,1198725
1782484336969,0,0,0.000,6.599,6.582,0.126,0.126,0.140,25.904,1198758
1782484337004,0,0,0.000,6.591,6.591,0.188,0.157,0.161,25.904,1198791
1782484337034,0,0,0.000,6.599,6.591,0.188,0.126,0.118,25.904,1198824
1782484337073,0,0,0.000,6.599,6.599,0.220,0.157,0.151,25.904,1198857
1782484337102,0,0,0.000,6.599,6.591,0.188,0.188,0.129,25.904,1198890
1782484337131,0,0,0.000,6.599,6.599,0.188,0.157,0.124,25.904,1198923
1782484337175,0,0,0.000,6.591,6.591,0.188,0.157,0.124,25.818,1198956
1782484337214,0,0,0.000,6.607,6.591,0.188,0.188,0.156,25.818,1198989
1782484337240,0,0,0.006,6.599,6.591,0.220,0.188,0.129,25.904,1199022
1782484337274,0,0,0.006,6.607,6.591,0.188,0.157,0.129,25.818,1199055
1782484337299,0,0,0.000,6.607,6.607,0.188,0.188,0.124,25.818,1199088
1782484337331,0,0,0.000,6.607,6.599,0.157,0.157,0.124,25.818,1199121
1782484337364,0,0,0.000,6.591,6.591,0.188,0.157,0.167,25.818,1199154
1782484337401,0,0,0.000,6.607,6.591,0.188,0.220,0.134,25.904,1199187
1782484337433,0,0,0.000,6.599,6.591,0.220,0.126,0.145,25.904,1199220
1782484337493,0,0,0.000,6.599,6.591,0.157,0.157,0.145,25.818,1199253
1782484337516,0,0,0.006,6.607,6.607,0.188,0.188,0.167,25.904,1199286
1782484337537,0,0,0.006,6.599,6.599,0.188,0.188,0.167,25.904,1199319
1782484337569,0,0,0.006,6.599,6.591,0.188,0.188,0.156,25.904,1199352
1782484337602,0,0,0.000,6.607,6.582,0.188,0.188,0.161,25.904,1199385
1782484337632,0,0,0.000,6.599,6.599,0.188,0.157,0.161,25.818,1199418
1782484337686,0,0,0.000,6.599,6.591,0.157,0.126,0.194,25.818,1199451
1782484337696,0,0,0.000,6.599,6.582,0.126,0.157,0.167,25.904,1199484
1782484337754,0,0,0.000,6.599,6.607,0.126,0.126,0.194,25.904,1199517
1782484337765,0,0,0.000,6.591,6.582,0.188,0.157,0.167,25.904,1199550
1782484337804,0,0,0.000,6.599,6.582,0.188,0.157,0.161,25.904,1199583
1782484337829,0,0,0.000,6.599,6.591,0.188,0.188,0.167,25.818,1199616
1782484337864,0,0,0.000,6.599,6.591,0.188,0.188,0.167,25.818,1199649
1782484337897,0,0,0.000,6.599,6.599,0.188,0.157,0.156,25.904,1199682
1782484337937,0,0,0.000,6.591,6.591,0.188,0.157,0.188,25.818,1199715
1782484337964,0,0,0.000,6.607,6.582,0.188,0.157,0.199,25.904,1199748
1782484337996,0,0,0.006,6.599,6.591,0.220,0.157,0.161,25.904,1199781
1782484338038,0,0,0.000,6.591,6.591,0.188,0.157,0.167,25.904,1199814
1782484338063,0,0,0.000,6.607,6.599,0.188,0.157,0.177,25.990,1199847
1782484338096,0,0,0.000,6.599,6.591,0.188,0.126,0.156,25.818,1199880
1782484338129,0,0,0.000,6.615,6.591,0.188,0.126,0.156,25.904,1199913
1782484338164,0,0,0.000,6.591,6.607,0.188,0.188,0.167,25.904,1199946
1782484338197,0,0,0.000,6.591,6.582,0.188,0.157,0.183,25.904,1199979
1782484338229,0,0,0.000,6.591,6.591,0.157,0.188,0.194,25.818,1200012
1782484338262,0,0,0.000,6.591,6.591,0.157,0.157,0.177,25.818,1200045
1782484338299,0,0,0.000,6.599,6.591,0.188,0.157,0.199,25.904,1200078
1782484338328,0,0,0.006,6.607,6.591,0.188,0.157,0.188,25.818,1200111
1782484338362,0,0,0.000,6.607,6.607,0.188,0.188,0.172,25.904,1200144
1782484338397,0,0,0.000,6.599,6.591,0.188,0.157,0.172,25.818,1200177
1782484338429,0,0,0.000,6.599,6.582,0.188,0.188,0.188,25.818,1200210
1782484338462,0,0,0.006,6.599,6.591,0.157,0.157,0.161,25.818,1200243
1782484338495,0,0,0.000,6.582,6.599,0.188,0.188,0.177,25.904,1200276
1782484338528,0,0,0.000,6.599,6.582,0.188,0.220,0.183,25.818,1200309
1782484338561,0,0,0.000,6.599,6.591,0.220,0.188,0.194,25.904,1200342
1782484338594,0,0,0.000,6.591,6.591,0.188,0.157,0.188,25.818,1200375
1782484338628,0,0,0.000,6.599,6.591,0.188,0.157,0.172,25.818,1200408
1782484338662,0,0,0.000,6.591,6.599,0.188,0.157,0.199,25.818,1200441
1782484338695,0,0,0.000,6.599,6.591,0.188,0.157,0.161,25.904,1200474
1782484338727,0,0,0.000,6.599,6.591,0.126,0.157,0.161,25.904,1200507
1782484338760,0,0,0.000,6.591,6.591,0.220,0.188,0.172,25.904,1200540
1782484338803,0,0,0.000,6.599,6.591,0.188,0.157,0.183,25.904,1200573
1782484338827,0,0,0.000,6.599,6.591,0.188,0.126,0.161,25.818,1200606
1782484338870,0,0,0.000,6.599,6.607,0.157,0.157,0.167,25.818,1200639
1782484338893,0,0,0.000,6.591,6.582,0.157,0.188,0.167,25.818,1200672
1782484338927,0,0,0.006,6.599,6.591,0.251,0.157,0.199,25.818,1200705
1782484338962,0,0,0.006,6.591,6.591,0.220,0.157,0.199,25.818,1200738
1782484338994,0,0,0.000,6.599,6.591,0.188,0.188,0.194,25.818,1200771
1782484339027,0,0,0.000,6.591,6.607,0.188,0.157,0.188,25.818,1200804
1782484339064,0,0,0.000,6.599,6.599,0.157,0.188,0.204,25.818,1200837
1782484339134,0,0,0.000,6.599,6.591,0.188,0.157,0.167,25.818,1200870
1782484339134,0,0,0.000,6.599,6.591,0.188,0.157,0.161,25.818,1200903
1782484339162,0,0,0.000,6.591,6.591,0.188,0.188,0.194,25.904,1200936
1782484339194,0,0,0.000,6.591,6.591,0.188,0.157,0.161,25.904,1200969
1782484339227,0,0,0.000,6.599,6.591,0.220,0.157,0.177,25.904,1201002
1782484339262,0,0,0.000,6.599,6.591,0.188,0.188,0.199,25.818,1201035
1782484339310,0,0,0.000,6.599,6.591,0.220,0.188,0.183,25.904,1201068
1782484339354,0,0,0.000,6.599,6.591,0.157,0.157,0.167,25.904,1201101
1782484339394,0,0,0.000,6.599,6.591,0.220,0.157,0.172,25.904,1201134
1782484339395,0,0,0.000,6.607,6.591,0.188,0.157,0.161,25.818,1201167
1782484339427,0,0,0.000,6.599,6.591,0.188,0.157,0.194,25.818,1201200
1782484339461,0,0,0.000,6.591,6.591,0.188,0.188,0.167,25.904,1201233
1782484339497,0,0,0.000,6.607,6.591,0.188,0.157,0.183,25.818,1201266
1782484339528,0,0,0.000,6.599,6.591,0.188,0.126,0.172,25.904,1201299
1782484339561,0,0,0.000,6.599,6.591,0.188,0.157,0.156,25.818,1201332
1782484339595,0,0,0.000,6.591,6.591,0.126,0.157,0.156,25.904,1201365
1782484339629,0,0,0.000,6.599,6.591,0.188,0.157,0.183,25.818,1201398
1782484339665,0,0,0.000,6.591,6.582,0.188,0.157,0.210,25.904,1201431
1782484339694,0,0,0.000,6.591,6.582,0.220,0.157,0.172,25.904,1201464
1782484339725,0,0,0.000,6.591,6.591,0.251,0.157,0.161,25.904,1201497
1782484339763,0,0,0.006,6.591,6.599,0.188,0.188,0.172,25.818,1201530
1782484339795,0,0,0.000,6.599,6.591,0.157,0.157,0.231,25.904,1201563
1782484339834,0,0,0.000,6.599,6.591,0.126,0.157,0.156,25.818,1201596
1782484339864,0,0,0.006,6.591,6.591,0.188,0.157,0.156,25.818,1201629
1782484339897,0,0,0.000,6.599,6.591,0.188,0.188,0.167,25.904,1201662
1782484339926,0,0,0.000,6.599,6.591,0.157,0.157,0.167,25.904,1201695
1782484339958,0,0,0.000,6.599,6.591,0.188,0.157,0.161,25.818,1201728
1782484339995,0,0,0.000,6.582,6.591,0.188,0.157,0.167,25.818,1201761
1782484340027,0,0,0.006,6.582,6.599,0.188,0.126,0.167,25.818,1201794
1782484340092,0,0,0.000,6.599,6.591,0.188,0.188,0.167,25.904,1201827
1782484340100,0,0,0.000,6.599,6.591,0.188,0.157,0.167,25.904,1201860
1782484340144,0,0,0.006,6.607,6.591,0.188,0.157,0.177,25.818,1201893
1782484340166,0,0,0.006,6.599,6.591,0.188,0.157,0.172,25.818,1201926
1782484340206,0,0,0.000,6.591,6.591,0.188,0.157,0.183,25.818,1201959
1782484340232,0,0,0.000,6.599,6.591,0.126,0.126,0.145,25.818,1201992
1782484340265,0,0,0.000,6.591,6.591,0.188,0.126,0.194,25.818,1202025
1782484340298,0,0,0.000,6.599,6.591,0.188,0.157,0.183,25.904,1202058
1782484340333,0,0,0.000,6.591,6.591,0.157,0.157,0.183,25.818,1202091
1782484340364,0,0,0.006,6.599,6.599,0.188,0.126,0.118,25.904,1202124
1782484340397,0,0,0.006,6.607,6.591,0.157,0.157,0.177,25.818,1202157
1782484340429,0,0,0.000,6.599,6.591,0.188,0.157,0.113,25.818,1202190
1782484340479,0,0,0.000,6.599,6.591,0.157,0.188,0.140,25.818,1202223
1782484340504,0,0,0.000,6.607,6.599,0.188,0.157,0.129,25.904,1202256
1782484340529,0,0,0.006,6.599,6.591,0.188,0.157,0.129,25.904,1202289
1782484340562,0,0,0.000,6.607,6.591,0.126,0.126,0.124,25.904,1202322
1782484340596,0,0,0.000,6.599,6.591,0.188,0.188,0.156,25.818,1202355
1782484340628,0,0,0.006,6.599,6.591,0.188,0.157,0.118,25.818,1202388
1782484340661,0,0,0.000,6.599,6.599,0.188,0.157,0.129,25.818,1202421
1782484340695,0,0,0.000,6.599,6.599,0.188,0.126,0.156,25.904,1202454
1782484340727,0,0,0.000,6.599,6.591,0.157,0.157,0.124,25.818,1202487
1782484340761,0,0,0.006,6.599,6.607,0.220,0.126,0.124,25.818,1202520
1782484340797,0,0,0.000,6.599,6.607,0.188,0.157,0.124,25.818,1202553
1782484340827,0,0,0.006,6.591,6.582,0.188,0.157,0.140,25.904,1202586
1782484340859,0,0,0.000,6.599,6.591,0.157,0.157,0.129,25.904,1202619
1782484340892,0,0,0.000,6.607,6.599,0.188,0.157,0.129,25.818,1202652
1782484340925,0,0,0.000,6.599,6.591,0.188,0.157,0.129,25.904,1202685
1782484340964,0,0,0.000,6.607,6.607,0.188,0.157,0.134,25.818,1202718
1782484340991,0,0,0.000,6.599,6.591,0.188,0.126,0.124,25.818,1202751
1782484341024,0,0,0.000,6.599,6.591,0.188,0.220,0.124,25.904,1202784
1782484341063,0,0,0.000,6.599,6.591,0.188,0.157,0.129,25.904,1202817
1782484341090,0,0,0.000,6.599,6.582,0.188,0.188,0.140,25.818,1202850
1782484341123,0,0,0.000,6.599,6.591,0.188,0.157,0.129,25.818,1202883
1782484341156,0,0,0.000,6.599,6.591,0.188,0.157,0.129,25.818,1202916
1782484341190,0,0,0.000,6.599,6.591,0.188,0.157,0.129,25.904,1202949
1782484341222,0,0,0.006,6.599,6.591,0.220,0.126,0.129,25.818,1202982
1782484341255,0,0,0.000,6.599,6.591,0.188,0.157,0.129,25.818,1203015
1782484341288,0,0,0.000,6.599,6.599,0.188,0.157,0.129,25.818,1203048
1782484341321,0,0,0.000,6.591,6.591,0.188,0.157,0.134,25.818,1203081
1782484341357,0,0,0.000,6.607,6.591,0.188,0.188,0.129,25.818,1203114
1782484341401,0,0,0.000,6.599,6.599,0.188,0.157,0.129,25.818,1203147
1782484341421,0,0,0.006,6.591,6.591,0.220,0.157,0.145,25.904,1203180
1782484341454,0,0,0.000,6.599,6.591,0.157,0.188,0.140,25.818,1203213
1782484341488,0,0,0.000,6.607,6.591,0.188,0.157,0.129,25.818,1203246
1782484341521,0,0,0.006,6.599,6.607,0.126,0.188,0.129,25.818,1203279
1782484341558,0,0,0.000,6.599,6.591,0.157,0.126,0.129,25.818,1203312
1782484341588,0,0,0.006,6.599,6.591,0.188,0.188,0.129,25.818,1203345
1782484341624,0,0,0.000,6.599,6.591,0.188,0.157,0.129,25.904,1203378
1782484341655,0,0,0.000,6.607,6.591,0.220,0.157,0.129,25.818,1203411
1782484341687,0,0,0.006,6.599,6.591,0.188,0.220,0.129,25.904,1203444
1782484341721,0,0,0.000,6.599,6.591,0.220,0.220,0.140,25.818,1203477
1782484341753,0,0,0.000,6.599,6.591,0.188,0.157,0.140,25.904,1203510
1782484341795,0,0,0.000,6.599,6.591,0.188,0.188,0.177,25.818,1203543
1782484341836,0,0,0.006,6.591,6.591,0.188,0.126,0.199,25.818,1203576
1782484341854,0,0,0.000,6.599,6.591,0.188,0.188,0.172,25.904,1203609
1782484341887,0,0,0.000,6.599,6.591,0.188,0.157,0.188,25.904,1203642
1782484341931,0,0,0.000,6.599,6.582,0.188,0.157,0.194,25.818,1203675
1782484341955,0,0,0.000,6.599,6.599,0.188,0.188,0.156,25.904,1203708
1782484341989,0,0,0.000,6.599,6.591,0.188,0.157,0.161,25.818,1203741
1782484342031,0,0,0.000,6.599,6.591,0.157,0.157,0.156,25.818,1203774
1782484342056,0,0,0.000,6.591,6.591,0.188,0.188,0.172,25.818,1203807
1782484342092,0,0,0.000,6.599,6.591,0.188,0.157,0.172,25.818,1203840
1782484342122,0,0,0.000,6.591,6.591,0.188,0.157,0.172,25.904,1203873
1782484342153,0,0,0.000,6.591,6.591,0.126,0.157,0.161,25.818,1203906
1782484342197,0,0,0.000,6.599,6.599,0.188,0.157,0.172,25.904,1203939
1782484342227,0,0,0.000,6.599,6.591,0.188,0.188,0.210,25.818,1203972
1782484342261,0,0,0.000,6.599,6.599,0.188,0.157,0.215,25.904,1204005
1782484342293,0,0,0.000,6.599,6.591,0.188,0.188,0.161,25.904,1204038
1782484342323,0,0,0.000,6.599,6.591,0.126,0.188,0.204,25.818,1204071
1782484342352,0,0,0.000,6.599,6.591,0.188,0.157,0.167,25.904,1204104
1782484342396,0,0,0.000,6.599,6.599,0.220,0.157,0.161,25.818,1204137
1782484342419,0,0,0.000,6.599,6.591,0.188,0.157,0.156,25.904,1204170
1782484342455,0,0,0.000,6.599,6.591,0.157,0.188,0.183,25.818,1204203
1782484342486,0,0,0.000,6.599,6.591,0.188,0.157,0.161,25.904,1204236
1782484342518,0,0,0.000,6.599,6.599,0.188,0.220,0.177,25.904,1204269
1782484342554,0,0,0.000,6.599,6.591,0.188,0.157,0.194,25.818,1204302
1782484342605,0,0,0.000,6.591,6.582,0.157,0.157,0.167,25.818,1204335
1782484342619,0,0,0.000,6.599,6.591,0.188,0.157,0.156,25.818,1204368
1782484342655,0,0,0.000,6.591,6.591,0.188,0.157,0.177,25.818,1204401
1782484342686,0,0,0.000,6.599,6.591,0.188,0.188,0.177,25.818,1204434
1782484342718,0,0,0.000,6.599,6.591,0.188,0.157,0.167,25.904,1204467
1782484342752,0,0,0.000,6.599,6.591,0.188,0.126,0.199,25.818,1204500
1782484342787,0,0,0.000,6.591,6.591,0.188,0.188,0.156,25.818,1204533
1782484342820,0,0,0.006,6.599,6.599,0.188,0.157,0.199,25.818,1204566
1782484342857,0,0,0.000,6.591,6.582,0.188,0.126,0.183,25.904,1204599
1782484342884,0,0,0.000,6.591,6.591,0.157,0.188,0.204,25.818,1204632
1782484342938,0,0,0.000,6.582,6.591,0.188,0.157,0.194,25.904,1204665
1782484342959,0,0,0.000,6.599,6.599,0.188,0.126,0.167,25.818,1204698
1782484342984,0,0,0.000,6.591,6.591,0.188,0.126,0.253,25.818,1204731
1782484343018,0,0,0.000,6.599,6.582,0.188,0.157,0.172,25.818,1204764
1782484343052,0,0,0.000,6.591,6.591,0.157,0.157,0.183,25.904,1204797
1782484343084,0,0,0.000,6.599,6.599,0.188,0.157,0.177,25.904,1204830
1782484343120,0,0,0.000,6.599,6.591,0.188,0.157,0.167,25.904,1204863
1782484343155,0,0,0.006,6.599,6.591,0.188,0.220,0.167,25.818,1204896
1782484343186,0,0,0.000,6.607,6.582,0.188,0.126,0.167,25.818,1204929
1782484343219,0,0,0.000,6.591,6.574,0.188,0.157,0.199,25.818,1204962
1782484343250,0,0,0.000,6.591,6.591,0.188,0.126,0.194,25.818,1204995
1782484343283,0,0,0.000,6.591,6.591,0.126,0.157,0.194,25.818,1205028
1782484343320,0,0,0.012,6.599,6.591,0.157,0.157,0.188,25.904,1205061
1782484343351,0,0,0.000,6.591,6.591,0.188,0.157,0.194,25.818,1205094
1782484343383,0,0,0.000,6.599,6.591,0.188,0.157,0.177,25.904,1205127
1782484343426,0,0,0.000,6.599,6.607,0.157,0.157,0.167,25.818,1205160
1782484343455,0,0,0.000,6.591,6.591,0.188,0.157,0.161,25.818,1205193
1782484343490,0,0,0.006,6.591,6.599,0.188,0.157,0.161,25.904,1205226
1782484343521,0,0,0.000,6.591,6.591,0.157,0.188,0.210,25.818,1205259
1782484343554,0,0,0.000,6.599,6.591,0.188,0.157,0.199,25.818,1205292
1782484343582,0,0,0.000,6.591,6.599,0.188,0.157,0.161,25.818,1205325
1782484343623,0,0,0.006,6.599,6.591,0.188,0.126,0.161,25.818,1205358
1782484343654,0,0,0.000,6.607,6.591,0.126,0.157,0.172,25.818,1205391
1782484343683,0,0,0.000,6.599,6.591,0.157,0.188,0.167,25.904,1205424
1782484343726,0,0,0.000,6.599,6.591,0.188,0.157,0.161,25.818,1205457
1782484343757,0,0,0.000,6.599,6.591,0.188,0.126,0.167,25.904,1205490
1782484343782,0,0,0.000,6.591,6.591,0.188,0.157,0.194,25.818,1205523
1782484343817,0,0,0.006,6.599,6.591,0.188,0.157,0.194,25.818,1205556
1782484343855,0,0,0.006,6.591,6.582,0.188,0.157,0.172,25.818,1205589
1782484343885,0,0,0.006,6.599,6.582,0.220,0.126,0.167,25.904,1205622
1782484343917,0,0,0.000,6.607,6.591,0.157,0.157,0.177,25.904,1205655
1782484343950,0,0,0.000,6.591,6.599,0.188,0.157,0.161,25.904,1205688
1782484343982,0,0,0.000,6.599,6.582,0.220,0.157,0.204,25.904,1205721
1782484344020,0,0,0.000,6.591,6.599,0.188,0.157,0.194,25.904,1205754
1782484344052,0,0,0.000,6.607,6.591,0.188,0.157,0.183,25.904,1205787
1782484344082,0,0,0.000,6.599,6.591,0.188,0.188,0.172,25.904,1205820
1782484344119,0,0,0.000,6.599,6.591,0.157,0.157,0.177,25.904,1205853
1782484344166,0,0,0.000,6.599,6.591,0.188,0.157,0.204,25.904,1205886
1782484344185,0,0,0.000,6.607,6.591,0.188,0.188,0.172,25.818,1205919
1782484344218,0,0,0.000,6.599,6.591,0.157,0.126,0.188,25.818,1205952
1782484344253,0,0,0.000,6.591,6.591,0.188,0.157,0.177,25.818,1205985
1782484344282,0,0,0.000,6.591,6.591,0.188,0.157,0.172,25.818,1206018
1782484344319,0,0,0.000,6.599,6.582,0.126,0.157,0.167,25.904,1206051
1782484344359,0,0,0.000,6.599,6.599,0.188,0.126,0.204,25.818,1206084
1782484344392,0,0,0.000,6.591,6.591,0.188,0.157,0.167,25.818,1206117
1782484344423,0,0,0.000,6.591,6.599,0.188,0.157,0.183,25.818,1206150
1782484344457,0,0,0.000,6.591,6.591,0.188,0.126,0.194,25.990,1206183
1782484344496,0,0,0.000,6.599,6.591,0.188,0.157,0.167,25.904,1206216
1782484344527,0,0,0.000,6.599,6.591,0.188,0.188,0.161,25.904,1206249
1782484344567,0,0,0.000,6.591,6.591,0.157,0.188,0.140,25.818,1206282
1782484344600,0,0,0.000,6.591,6.591,0.188,0.157,0.194,25.818,1206315
1782484344624,0,0,0.000,6.599,6.591,0.188,0.157,0.118,25.904,1206348
1782484344663,0,0,0.000,6.599,6.591,0.220,0.188,0.140,25.904,1206381
1782484344689,0,0,0.000,6.599,6.591,0.188,0.157,0.129,25.818,1206414
1782484344722,0,0,0.000,6.591,6.591,0.157,0.157,0.124,25.818,1206447
1782484344755,0,0,0.000,6.607,6.591,0.220,0.157,0.118,25.904,1206480
1782484344793,0,0,0.000,6.582,6.599,0.188,0.126,0.140,25.904,1206513
1782484344820,0,0,0.000,6.599,6.599,0.188,0.157,0.129,25.818,1206546
1782484344854,0,0,0.006,6.591,6.599,0.188,0.157,0.151,25.818,1206579
1782484344885,0,0,0.000,6.599,6.591,0.188,0.157,0.156,25.818,1206612
1782484344922,0,0,0.000,6.591,6.591,0.188,0.157,0.129,25.904,1206645
1782484344955,0,0,0.000,6.599,6.599,0.126,0.157,0.151,25.990,1206678
1782484344996,0,0,0.000,6.591,6.591,0.188,0.157,0.134,25.904,1206711
1782484345017,0,0,0.000,6.591,6.582,0.188,0.157,0.129,25.990,1206744
1782484345067,0,0,0.006,6.599,6.599,0.126,0.126,0.156,25.818,1206777
1782484345106,0,0,0.000,6.607,6.599,0.126,0.188,0.129,25.904,1206810
1782484345121,0,0,0.012,6.591,6.615,0.188,0.157,0.129,25.818,1206843
1782484345150,0,0,0.000,6.599,6.591,0.188,0.157,0.124,25.904,1206876
1782484345182,0,0,0.000,6.591,6.599,0.188,0.188,0.140,25.904,1206909
1782484345215,0,0,0.000,6.599,6.591,0.188,0.157,0.129,25.904,1206942
1782484345248,0,0,0.000,6.599,6.591,0.188,0.126,0.129,25.904,1206975
1782484345284,0,0,0.000,6.599,6.599,0.188,0.157,0.118,25.818,1207008
1782484345318,0,0,0.000,6.599,6.591,0.188,0.157,0.124,25.818,1207041
1782484345348,0,0,0.006,6.615,6.591,0.157,0.188,0.124,25.818,1207074
1782484345387,0,0,0.006,6.599,6.591,0.188,0.157,0.124,25.904,1207107
1782484345417,0,0,0.000,6.591,6.591,0.188,0.188,0.199,25.904,1207140
1782484345451,0,0,0.000,6.607,6.591,0.188,0.157,0.124,25.818,1207173
1782484345497,0,0,0.000,6.599,6.591,0.188,0.157,0.118,25.818,1207206
1782484345523,0,0,0.000,6.599,6.599,0.188,0.126,0.129,25.904,1207239
1782484345546,0,0,0.000,6.599,6.591,0.188,0.220,0.140,25.818,1207272
1782484345580,0,0,0.000,6.599,6.599,0.188,0.126,0.172,25.904,1207305
1782484345621,0,0,0.000,6.599,6.591,0.188,0.188,0.129,25.818,1207338
1782484345649,0,0,0.000,6.607,6.591,0.188,0.157,0.129,25.904,1207371
1782484345680,0,0,0.000,6.599,6.591,0.188,0.157,0.102,25.818,1207404
1782484345713,0,0,0.000,6.599,6.591,0.188,0.157,0.129,25.904,1207437
1782484345747,0,0,0.000,6.607,6.591,0.126,0.157,0.129,25.818,1207470
1782484345783,0,0,0.000,6.599,6.599,0.157,0.157,0.140,25.818,1207503
1782484345818,0,0,0.000,6.599,6.591,0.188,0.157,0.129,25.904,1207536
1782484345848,0,0,0.000,6.591,6.599,0.188,0.157,0.172,25.904,1207569
1782484345890,0,0,0.000,6.599,6.591,0.188,0.157,0.177,25.904,1207602
1782484345912,0,0,0.000,6.599,6.591,0.188,0.188,0.129,25.818,1207635
1782484345957,0,0,0.000,6.607,6.591,0.188,0.220,0.124,25.818,1207668
1782484345983,0,0,0.000,6.599,6.591,0.188,0.126,0.129,25.818,1207701
1782484346013,0,0,0.006,6.591,6.591,0.188,0.157,0.151,25.904,1207734
1782484346050,0,0,0.000,6.599,6.591,0.188,0.157,0.151,25.904,1207767
1782484346088,0,0,0.000,6.599,6.591,0.188,0.157,0.167,25.818,1207800
1782484346113,0,0,0.000,6.591,6.591,0.220,0.126,0.177,25.818,1207833
1782484346162,0,0,0.006,6.599,6.591,0.220,0.188,0.177,25.818,1207866
1782484346178,0,0,0.000,6.591,6.582,0.188,0.157,0.161,25.904,1207899
1782484346229,0,0,0.000,6.599,6.591,0.188,0.157,0.167,25.818,1207932
1782484346264,0,0,0.000,6.599,6.599,0.188,0.157,0.167,25.818,1207965
1782484346288,0,0,0.000,6.591,6.591,0.157,0.188,0.172,25.904,1207998
1782484346312,0,0,0.000,6.599,6.574,0.188,0.157,0.172,25.818,1208031
1782484346344,0,0,0.000,6.591,6.599,0.188,0.157,0.177,25.904,1208064
1782484346380,0,0,0.000,6.599,6.591,0.188,0.157,0.161,25.818,1208097
1782484346413,0,0,0.012,6.599,6.591,0.188,0.157,0.161,25.818,1208130
1782484346443,0,0,0.000,6.599,6.599,0.188,0.157,0.161,25.818,1208163
1782484346477,0,0,0.000,6.591,6.591,0.188,0.220,0.161,25.818,1208196
1782484346511,0,0,0.006,6.591,6.591,0.157,0.157,0.194,25.904,1208229
1782484346549,0,0,0.000,6.591,6.591,0.188,0.188,0.177,25.904,1208262
1782484346576,0,0,0.006,6.599,6.599,0.188,0.188,0.167,25.818,1208295
1782484346617,0,0,0.006,6.599,6.591,0.188,0.094,0.156,25.904,1208328
1782484346643,0,0,0.000,6.599,6.582,0.188,0.126,0.156,25.904,1208361
1782484346696,0,0,0.000,6.607,6.582,0.188,0.126,0.194,25.818,1208394
1782484346710,0,0,0.000,6.607,6.591,0.157,0.157,0.161,25.904,1208427
1782484346744,0,0,0.006,6.599,6.599,0.188,0.157,0.161,25.818,1208460
1782484346783,0,0,0.012,6.591,6.591,0.188,0.157,0.161,25.904,1208493
1782484346814,0,0,0.000,6.599,6.591,0.188,0.157,0.177,25.904,1208526
1782484346848,0,0,0.000,6.615,6.591,0.188,0.157,0.194,25.818,1208559
1782484346879,0,0,0.000,6.591,6.591,0.157,0.157,0.177,25.904,1208592
1782484346910,0,0,0.000,6.591,6.591,0.157,0.126,0.172,25.818,1208625
1782484346951,0,0,0.006,6.599,6.591,0.157,0.188,0.161,25.818,1208658
1782484346980,0,0,0.000,6.599,6.591,0.220,0.157,0.167,25.904,1208691
1782484347010,0,0,0.000,6.591,6.591,0.188,0.188,0.194,25.904,1208724
1782484347049,0,0,0.000,6.599,6.591,0.157,0.157,0.156,25.818,1208757
1782484347081,0,0,0.000,6.599,6.591,0.188,0.157,0.177,25.818,1208790
1782484347112,0,0,0.000,6.607,6.591,0.188,0.126,0.172,25.818,1208823
1782484347149,0,0,0.000,6.591,6.591,0.188,0.157,0.188,25.904,1208856
1782484347177,0,0,0.000,6.599,6.591,0.188,0.126,0.199,25.904,1208889
1782484347217,0,0,0.000,6.591,6.582,0.188,0.157,0.172,25.818,1208922
1782484347253,0,0,0.000,6.599,6.599,0.188,0.188,0.172,25.904,1208955
1782484347275,0,0,0.000,6.591,6.599,0.188,0.157,0.161,25.818,1208988
1782484347310,0,0,0.000,6.591,6.591,0.188,0.220,0.172,25.904,1209021
1782484347360,0,0,0.000,6.591,6.591,0.126,0.126,0.183,25.904,1209054
1782484347375,0,0,0.000,6.607,6.591,0.157,0.126,0.161,25.904,1209087
1782484347425,0,0,0.000,6.591,6.591,0.220,0.126,0.199,25.818,1209120
1782484347444,0,0,0.000,6.599,6.591,0.188,0.126,0.172,25.904,1209153
1782484347479,0,0,0.000,6.591,6.591,0.188,0.157,0.188,25.818,1209186
1782484347511,0,0,0.000,6.591,6.582,0.188,0.188,0.172,25.904,1209219
1782484347541,0,0,0.000,6.599,6.591,0.157,0.220,0.177,25.818,1209252
1782484347579,0,0,0.000,6.599,6.582,0.188,0.188,0.231,25.818,1209285
1782484347613,0,0,0.000,6.591,6.591,0.251,0.157,0.194,25.904,1209318
1782484347643,0,0,0.000,6.599,6.591,0.188,0.157,0.156,25.818,1209351
1782484347677,0,0,0.000,6.591,6.591,0.251,0.188,0.156,25.904,1209384
1782484347708,0,0,0.000,6.599,6.591,0.188,0.188,0.172,25.818,1209417
1782484347749,0,0,0.000,6.591,6.607,0.188,0.188,0.156,25.818,1209450
1782484347774,0,0,0.000,6.599,6.591,0.188,0.157,0.161,25.818,1209483
1782484347823,0,0,0.000,6.591,6.582,0.188,0.157,0.167,25.818,1209516
1782484347845,0,0,0.000,6.599,6.582,0.157,0.188,0.172,25.904,1209549
1782484347902,0,0,0.000,6.599,6.591,0.188,0.157,0.172,25.904,1209582
1782484347911,0,0,0.000,6.591,6.591,0.188,0.157,0.161,25.818,1209615
1782484347943,0,0,0.000,6.591,6.591,0.188,0.157,0.177,25.818,1209648
1782484347975,0,0,0.000,6.599,6.591,0.188,0.126,0.161,25.818,1209681
1782484348014,0,0,0.000,6.599,6.582,0.188,0.157,0.194,25.818,1209714
1782484348044,0,0,0.000,6.599,6.582,0.188,0.157,0.177,25.904,1209747
1782484348076,0,0,0.000,6.607,6.591,0.188,0.157,0.188,25.818,1209780
1782484348105,0,0,0.006,6.591,6.607,0.251,0.157,0.172,25.818,1209813
1782484348141,0,0,0.000,6.591,6.591,0.157,0.188,0.194,25.818,1209846
1782484348173,0,0,0.012,6.591,6.591,0.220,0.157,0.183,25.818,1209879
1782484348205,0,0,0.006,6.599,6.591,0.188,0.157,0.183,25.818,1209912
1782484348239,0,0,0.000,6.607,6.591,0.188,0.157,0.177,25.818,1209945
1782484348273,0,0,0.012,6.599,6.591,0.188,0.157,0.199,25.818,1209978
1782484348306,0,0,0.000,6.599,6.574,0.188,0.157,0.188,25.904,1210011
1782484348341,0,0,0.000,6.599,6.591,0.188,0.157,0.194,25.904,1210044
1782484348377,0,0,0.000,6.591,6.591,0.188,0.157,0.172,25.818,1210077
1782484348405,0,0,0.000,6.591,6.591,0.157,0.220,0.183,25.818,1210110
1782484348439,0,0,0.000,6.599,6.591,0.157,0.157,0.172,25.818,1210143
1782484348472,0,0,0.006,6.599,6.591,0.188,0.126,0.177,25.818,1210176
1782484348506,0,0,0.000,6.591,6.591,0.188,0.157,0.172,25.818,1210209
1782484348539,0,0,0.000,6.591,6.591,0.188,0.157,0.183,25.904,1210242
1782484348584,0,0,0.000,6.599,6.591,0.188,0.126,0.172,25.818,1210275
1782484348614,0,0,0.000,6.599,6.591,0.188,0.157,0.172,25.904,1210308
1782484348647,0,0,0.000,6.591,6.591,0.157,0.157,0.188,25.818,1210341
1782484348682,0,0,0.000,6.591,6.582,0.188,0.157,0.172,25.818,1210374
1782484348714,0,0,0.000,6.591,6.591,0.157,0.157,0.172,25.904,1210407
1782484348747,0,0,0.000,6.599,6.591,0.188,0.157,0.215,25.818,1210440
1782484348779,0,0,0.000,6.582,6.582,0.157,0.157,0.167,25.818,1210473
1782484348814,0,0,0.000,6.591,6.591,0.188,0.157,0.199,25.904,1210506
1782484348846,0,0,0.000,6.599,6.591,0.157,0.157,0.156,25.904,1210539
1782484348878,0,0,0.000,6.607,6.591,0.188,0.126,0.145,25.904,1210572
1782484348911,0,0,0.000,6.591,6.591,0.157,0.157,0.172,25.818,1210605
1782484348948,0,0,0.000,6.591,6.582,0.188,0.157,0.167,25.818,1210638
1782484348978,0,0,0.000,6.591,6.591,0.188,0.157,0.134,25.904,1210671
1782484349010,0,0,0.000,6.599,6.591,0.188,0.157,0.156,25.904,1210704
1782484349044,0,0,0.006,6.599,6.591,0.188,0.157,0.129,25.818,1210737
1782484349077,0,0,0.000,6.599,6.591,0.251,0.188,0.134,25.818,1210770
1782484349110,0,0,0.000,6.591,6.591,0.188,0.157,0.156,25.818,1210803
1782484349142,0,0,0.000,6.599,6.591,0.157,0.188,0.124,25.904,1210836
1782484349175,0,0,0.000,6.607,6.582,0.188,0.126,0.118,25.904,1210869
1782484349214,0,0,0.000,6.599,6.591,0.188,0.188,0.124,25.904,1210902
1782484349240,0,0,0.000,6.599,6.591,0.188,0.188,0.129,25.818,1210935
1782484349274,0,0,0.000,6.599,6.591,0.157,0.157,0.129,25.904,1210968
1782484349306,0,0,0.000,6.582,6.599,0.188,0.157,0.161,25.818,1211001
1782484349340,0,0,0.006,6.599,6.599,0.126,0.188,0.129,25.818,1211034
1782484349373,0,0,0.000,6.599,6.591,0.188,0.157,0.129,25.818,1211067
1782484349406,0,0,0.000,6.591,6.591,0.157,0.157,0.145,25.818,1211100
1782484349439,0,0,0.000,6.591,6.599,0.188,0.157,0.129,25.818,1211133
1782484349478,0,0,0.000,6.599,6.591,0.220,0.126,0.129,25.818,1211166
1782484349510,0,0,0.000,6.591,6.591,0.126,0.157,0.145,25.818,1211199
1782484349551,0,0,0.000,6.599,6.591,0.188,0.157,0.156,25.818,1211232
1782484349571,0,0,0.000,6.599,6.591,0.188,0.157,0.124,25.904,1211265
1782484349604,0,0,0.000,6.591,6.591,0.188,0.157,0.134,25.818,1211298
1782484349637,0,0,0.000,6.599,6.599,0.188,0.157,0.124,25.990,1211331
1782484349670,0,0,0.000,6.607,6.591,0.188,0.157,0.129,25.818,1211364
1782484349706,0,0,0.000,6.599,6.591,0.188,0.157,0.145,25.904,1211397
1782484349736,0,0,0.000,6.607,6.591,0.188,0.188,0.124,25.818,1211430
1782484349783,0,0,0.000,6.607,6.599,0.188,0.157,0.129,25.818,1211463
1782484349803,0,0,0.000,6.599,6.607,0.188,0.126,0.124,25.818,1211496
1782484349835,0,0,0.000,6.599,6.599,0.188,0.157,0.124,25.904,1211529
1782484349870,0,0,0.000,6.599,6.599,0.126,0.188,0.129,25.818,1211562
1782484349907,0,0,0.000,6.599,6.591,0.188,0.157,0.129,25.818,1211595
1782484349935,0,0,0.000,6.599,6.591,0.188,0.157,0.129,25.990,1211628
1782484349970,0,0,0.000,6.591,6.607,0.188,0.157,0.129,25.904,1211661
1782484350013,0,0,0.000,6.599,6.607,0.188,0.157,0.129,25.904,1211694
1782484350043,0,0,0.006,6.591,6.591,0.220,0.188,0.129,25.818,1211727
1782484350071,0,0,0.000,6.599,6.599,0.126,0.157,0.124,25.818,1211760
1782484350101,0,0,0.000,6.591,6.591,0.188,0.188,0.118,25.818,1211793
1782484350134,0,0,0.000,6.591,6.599,0.157,0.126,0.129,25.904,1211826
1782484350168,0,0,0.006,6.599,6.599,0.188,0.126,0.129,25.904,1211859
1782484350201,0,0,0.000,6.591,6.591,0.157,0.157,0.145,25.904,1211892
1782484350235,0,0,0.006,6.591,6.591,0.157,0.188,0.145,25.904,1211925
1782484350267,0,0,0.000,6.591,6.591,0.188,0.188,0.134,25.818,1211958
1782484350304,0,0,0.000,6.599,6.591,0.157,0.188,0.177,25.818,1211991
1782484350334,0,0,0.000,6.599,6.591,0.188,0.157,0.188,25.818,1212024
1782484350383,0,0,0.000,6.599,6.607,0.188,0.188,0.194,25.818,1212057
1782484350401,0,0,0.000,6.599,6.591,0.157,0.157,0.172,25.818,1212090
1782484350434,0,0,0.000,6.599,6.591,0.188,0.188,0.188,25.818,1212123
1782484350467,0,0,0.006,6.591,6.591,0.157,0.157,0.177,25.818,1212156
1782484350501,0,0,0.000,6.607,6.591,0.188,0.188,0.183,25.818,1212189
1782484350534,0,0,0.000,6.599,6.591,0.126,0.126,0.188,25.818,1212222
1782484350567,0,0,0.000,6.599,6.591,0.220,0.157,0.194,25.818,1212255
1782484350601,0,0,0.000,6.591,6.591,0.188,0.157,0.172,25.818,1212288
1782484350634,0,0,0.000,6.591,6.591,0.251,0.188,0.183,25.818,1212321
1782484350670,0,0,0.000,6.599,6.582,0.188,0.157,0.194,25.904,1212354
1782484350701,0,0,0.000,6.591,6.607,0.188,0.188,0.156,25.904,1212387
1782484350736,0,0,0.006,6.599,6.599,0.157,0.157,0.183,25.818,1212420
1782484350774,0,0,0.000,6.591,6.591,0.157,0.188,0.167,25.818,1212453
1782484350799,0,0,0.006,6.591,6.599,0.188,0.126,0.194,25.904,1212486
1782484350842,0,0,0.000,6.599,6.599,0.188,0.157,0.167,25.818,1212519
1782484350866,0,0,0.000,6.591,6.591,0.188,0.157,0.167,25.818,1212552
1782484350903,0,0,0.000,6.591,6.582,0.157,0.157,0.183,25.818,1212585
1782484350935,0,0,0.000,6.591,6.591,0.188,0.157,0.188,25.818,1212618
1782484350965,0,0,0.000,6.599,6.591,0.188,0.157,0.194,25.818,1212651
1782484351007,0,0,0.006,6.591,6.591,0.157,0.157,0.210,25.818,1212684
1782484351056,0,0,0.006,6.591,6.591,0.188,0.157,0.199,25.818,1212717
1782484351067,0,0,0.000,6.599,6.599,0.188,0.157,0.161,25.818,1212750
1782484351114,0,0,0.000,6.582,6.591,0.188,0.188,0.188,25.818,1212783
1782484351133,0,0,0.000,6.607,6.599,0.126,0.157,0.156,25.818,1212816
1782484351169,0,0,0.000,6.591,6.591,0.188,0.157,0.172,25.818,1212849
1782484351212,0,0,0.000,6.591,6.591,0.188,0.157,0.194,25.818,1212882
1782484351232,0,0,0.000,6.599,6.591,0.188,0.157,0.161,25.904,1212915
1782484351265,0,0,0.000,6.599,6.591,0.188,0.157,0.161,25.904,1212948
1782484351304,0,0,0.000,6.599,6.582,0.188,0.188,0.199,25.818,1212981
1782484351331,0,0,0.000,6.599,6.591,0.126,0.188,0.183,25.904,1213014
1782484351366,0,0,0.000,6.599,6.599,0.188,0.157,0.183,25.818,1213047
1782484351415,0,0,0.000,6.599,6.591,0.188,0.126,0.177,25.904,1213080
1782484351437,0,0,0.000,6.599,6.591,0.220,0.188,0.161,25.904,1213113
1782484351465,0,0,0.000,6.599,6.591,0.188,0.220,0.177,25.818,1213146
1782484351497,0,0,0.000,6.591,6.607,0.188,0.157,0.172,25.818,1213179
1782484351532,0,0,0.000,6.591,6.591,0.188,0.126,0.172,25.818,1213212
1782484351582,0,0,0.006,6.591,6.591,0.188,0.157,0.183,25.818,1213245
1782484351601,0,0,0.000,6.599,6.582,0.188,0.157,0.167,25.818,1213278
1782484351631,0,0,0.000,6.591,6.591,0.157,0.157,0.167,25.818,1213311
1782484351665,0,0,0.000,6.607,6.582,0.157,0.157,0.167,25.904,1213344
1782484351697,0,0,0.000,6.591,6.582,0.188,0.188,0.183,25.818,1213377
1782484351735,0,0,0.000,6.582,6.591,0.188,0.157,0.172,25.818,1213410
1782484351764,0,0,0.006,6.591,6.591,0.188,0.157,0.194,25.818,1213443
1782484351797,0,0,0.000,6.599,6.591,0.188,0.126,0.161,25.818,1213476
1782484351831,0,0,0.000,6.599,6.591,0.188,0.188,0.183,25.818,1213509
1782484351864,0,0,0.000,6.591,6.599,0.188,0.157,0.177,25.818,1213542
1782484351897,0,0,0.000,6.599,6.582,0.157,0.188,0.172,25.904,1213575
1782484351937,0,0,0.000,6.599,6.591,0.188,0.188,0.188,25.818,1213608
1782484351968,0,0,0.006,6.599,6.591,0.188,0.188,0.194,25.904,1213641
1782484351997,0,0,0.006,6.591,6.599,0.220,0.188,0.172,25.818,1213674
1782484352033,0,0,0.006,6.591,6.591,0.188,0.157,0.194,25.818,1213707
1782484352064,0,0,0.000,6.599,6.599,0.220,0.157,0.177,25.818,1213740
1782484352102,0,0,0.000,6.599,6.599,0.220,0.157,0.156,25.904,1213773
1782484352131,0,0,0.000,6.599,6.591,0.188,0.157,0.199,25.818,1213806
1782484352164,0,0,0.000,6.599,6.591,0.188,0.157,0.183,25.818,1213839
1782484352197,0,0,0.000,6.599,6.591,0.188,0.157,0.172,25.818,1213872
1782484352236,0,0,0.000,6.591,6.591,0.188,0.157,0.199,25.818,1213905
1782484352270,0,0,0.006,6.599,6.591,0.188,0.157,0.177,25.818,1213938
1782484352296,0,0,0.000,6.599,6.591,0.220,0.126,0.194,25.818,1213971
1782484352331,0,0,0.000,6.591,6.582,0.188,0.157,0.188,25.818,1214004
1782484352364,0,0,0.000,6.599,6.591,0.126,0.157,0.161,25.904,1214037
1782484352402,0,0,0.000,6.591,6.574,0.188,0.157,0.204,25.904,1214070
1782484352438,0,0,0.000,6.599,6.591,0.126,0.188,0.172,25.904,1214103
1782484352471,0,0,0.000,6.591,6.582,0.188,0.188,0.172,25.818,1214136
1782484352509,0,0,0.000,6.591,6.591,0.157,0.157,0.220,25.818,1214169
1782484352532,0,0,0.000,6.599,6.591,0.126,0.157,0.161,25.818,1214202
1782484352564,0,0,0.000,6.599,6.591,0.188,0.157,0.172,25.818,1214235
1782484352596,0,0,0.000,6.591,6.591,0.188,0.157,0.167,25.818,1214268
1782484352631,0,0,0.006,6.607,6.582,0.188,0.126,0.167,25.818,1214301
1782484352667,0,0,0.000,6.582,6.599,0.188,0.157,0.204,25.818,1214334
1782484352696,0,0,0.012,6.599,6.591,0.157,0.188,0.199,25.818,1214367
1782484352729,0,0,0.000,6.591,6.591,0.188,0.157,0.177,25.904,1214400
1782484352766,0,0,0.000,6.591,6.591,0.188,0.126,0.183,25.904,1214433
1782484352796,0,0,0.000,6.599,6.591,0.188,0.157,0.161,25.904,1214466
1782484352828,0,0,0.000,6.599,6.591,0.188,0.157,0.183,25.818,1214499
1782484352871,0,0,0.000,6.591,6.591,0.188,0.188,0.161,25.904,1214532
1782484352911,0,0,0.000,6.599,6.591,0.126,0.157,0.172,25.818,1214565
1782484352941,0,0,0.000,6.582,6.574,0.126,0.126,0.204,25.904,1214598
1782484352972,0,0,0.000,6.599,6.591,0.188,0.157,0.172,25.818,1214631
1782484353005,0,0,0.000,6.591,6.582,0.188,0.157,0.188,25.904,1214664
1782484353044,0,0,0.000,6.599,6.591,0.220,0.126,0.177,25.904,1214697
1782484353069,0,0,0.000,6.607,6.591,0.188,0.157,0.188,25.904,1214730
1782484353102,0,0,0.000,6.599,6.599,0.126,0.157,0.172,25.818,1214763
1782484353135,0,0,0.006,6.599,6.591,0.188,0.157,0.188,25.818,1214796
1782484353168,0,0,0.000,6.599,6.591,0.220,0.126,0.151,25.818,1214829
1782484353201,0,0,0.000,6.599,6.599,0.188,0.157,0.151,25.904,1214862
1782484353236,0,0,0.000,6.591,6.591,0.188,0.157,0.161,25.818,1214895
1782484353270,0,0,0.000,6.599,6.591,0.188,0.157,0.129,25.818,1214928
1782484353308,0,0,0.000,6.599,6.591,0.157,0.188,0.113,25.904,1214961
1782484353333,0,0,0.000,6.607,6.591,0.188,0.157,0.172,25.904,1214994
1782484353366,0,0,0.000,6.599,6.591,0.188,0.157,0.118,25.818,1215027
1782484353400,0,0,0.000,6.599,6.599,0.188,0.126,0.124,25.818,1215060
1782484353432,0,0,0.000,6.599,6.582,0.188,0.157,0.118,25.904,1215093
1782484353465,0,0,0.000,6.591,6.599,0.157,0.157,0.124,25.904,1215126
1782484353500,0,0,0.000,6.591,6.582,0.188,0.157,0.129,25.904,1215159
1782484353532,0,0,0.000,6.599,6.591,0.157,0.157,0.145,25.818,1215192
1782484353563,0,0,0.000,6.599,6.591,0.157,0.157,0.129,25.818,1215225
1782484353602,0,0,0.006,6.599,6.582,0.188,0.157,0.129,25.818,1215258
1782484353630,0,0,0.000,6.599,6.599,0.188,0.157,0.145,25.818,1215291
1782484353663,0,0,0.000,6.599,6.591,0.188,0.188,0.151,25.904,1215324
1782484353703,0,0,0.000,6.591,6.599,0.126,0.126,0.129,25.818,1215357
1782484353729,0,0,0.000,6.599,6.591,0.188,0.157,0.118,25.818,1215390
1782484353762,0,0,0.000,6.591,6.591,0.220,0.188,0.124,25.818,1215423
1782484353796,0,0,0.000,6.607,6.591,0.188,0.126,0.134,25.818,1215456
1782484353828,0,0,0.000,6.599,6.599,0.188,0.157,0.129,25.904,1215489
1782484353864,0,0,0.000,6.599,6.591,0.188,0.126,0.118,25.818,1215522
1782484353894,0,0,0.000,6.607,6.591,0.157,0.157,0.129,25.818,1215555
1782484353927,0,0,0.000,6.599,6.591,0.188,0.157,0.129,25.904,1215588
1782484353965,0,0,0.000,6.591,6.599,0.188,0.220,0.124,25.904,1215621
1782484354000,0,0,0.000,6.591,6.591,0.188,0.157,0.140,25.818,1215654
1782484354028,0,0,0.000,6.599,6.599,0.188,0.188,0.118,25.904,1215687
1782484354059,0,0,0.000,6.599,6.607,0.188,0.157,0.129,25.818,1215720
1782484354092,0,0,0.000,6.599,6.591,0.188,0.157,0.113,25.818,1215753
1782484354125,0,0,0.006,6.591,6.599,0.157,0.188,0.129,25.818,1215786
1782484354161,0,0,0.000,6.607,6.599,0.157,0.157,0.129,25.818,1215819
1782484354191,0,0,0.006,6.599,6.607,0.188,0.126,0.156,25.818,1215852
1782484354225,0,0,0.000,6.591,6.591,0.157,0.157,0.134,25.818,1215885
1782484354258,0,0,0.006,6.599,6.591,0.188,0.157,0.124,25.904,1215918
1782484354292,0,0,0.000,6.599,6.591,0.188,0.157,0.145,25.990,1215951
1782484354325,0,0,0.000,6.591,6.591,0.157,0.188,0.129,25.904,1215984
1782484354358,0,0,0.000,6.599,6.599,0.188,0.157,0.129,25.818,1216017
1782484354392,0,0,0.000,6.599,6.591,0.220,0.157,0.145,25.904,1216050
1782484354425,0,0,0.006,6.607,6.599,0.220,0.157,0.124,25.818,1216083
1782484354459,0,0,0.000,6.599,6.591,0.188,0.157,0.118,25.904,1216116
1782484354492,0,0,0.000,6.599,6.591,0.157,0.188,0.145,25.818,1216149
1782484354525,0,0,0.000,6.599,6.591,0.157,0.157,0.140,25.818,1216182
1782484354557,0,0,0.000,6.599,6.591,0.188,0.157,0.145,25.818,1216215
1782484354591,0,0,0.000,6.591,6.591,0.188,0.157,0.140,25.818,1216248
1782484354625,0,0,0.000,6.599,6.591,0.251,0.157,0.204,25.904,1216281
1782484354657,0,0,0.006,6.591,6.599,0.188,0.188,0.194,25.818,1216314
1782484354724,0,0,0.000,6.607,6.591,0.188,0.157,0.194,25.818,1216347
1782484354725,0,0,0.000,6.607,6.599,0.188,0.157,0.167,25.818,1216380
1782484354758,0,0,0.000,6.591,6.591,0.188,0.157,0.177,25.818,1216413
1782484354790,0,0,0.000,6.599,6.599,0.188,0.188,0.204,25.818,1216446
1782484354826,0,0,0.000,6.591,6.582,0.188,0.126,0.177,25.818,1216479
1782484354857,0,0,0.000,6.591,6.591,0.157,0.157,0.172,25.818,1216512
1782484354893,0,0,0.000,6.591,6.591,0.188,0.157,0.194,25.818,1216545
1782484354929,0,0,0.000,6.599,6.591,0.188,0.188,0.172,25.818,1216578
1782484354961,0,0,0.000,6.591,6.591,0.188,0.157,0.177,25.904,1216611
1782484354991,0,0,0.000,6.591,6.591,0.157,0.157,0.183,25.818,1216644
1782484355023,0,0,0.000,6.591,6.591,0.188,0.188,0.188,25.818,1216677
1782484355057,0,0,0.000,6.591,6.582,0.188,0.157,0.161,25.818,1216710
1782484355092,0,0,0.000,6.591,6.582,0.188,0.188,0.194,25.818,1216743
1782484355123,0,0,0.000,6.599,6.591,0.188,0.157,0.172,25.818,1216776
1782484355156,0,0,0.006,6.599,6.591,0.188,0.157,0.161,25.818,1216809
1782484355195,0,0,0.000,6.591,6.582,0.188,0.188,0.183,25.904,1216842
1782484355223,0,0,0.000,6.591,6.591,0.188,0.157,0.199,25.818,1216875
1782484355256,0,0,0.000,6.591,6.591,0.157,0.188,0.194,25.818,1216908
1782484355296,0,0,0.000,6.591,6.591,0.188,0.188,0.188,25.904,1216941
1782484355324,0,0,0.000,6.591,6.591,0.188,0.157,0.183,25.818,1216974
1782484355356,0,0,0.000,6.591,6.591,0.188,0.157,0.188,25.818,1217007
1782484355389,0,0,0.000,6.591,6.591,0.188,0.157,0.188,25.818,1217040
1782484355422,0,0,0.000,6.599,6.591,0.188,0.157,0.167,25.904,1217073
1782484355455,0,0,0.006,6.607,6.591,0.188,0.157,0.188,25.818,1217106
1782484355488,0,0,0.006,6.591,6.591,0.188,0.188,0.194,25.818,1217139
1782484355522,0,0,0.000,6.591,6.591,0.188,0.157,0.161,25.818,1217172
1782484355555,0,0,0.000,6.591,6.591,0.188,0.157,0.199,25.818,1217205
1782484355590,0,0,0.000,6.591,6.574,0.188,0.157,0.199,25.818,1217238
1782484355622,0,0,0.000,6.599,6.582,0.188,0.188,0.172,25.818,1217271
1782484355656,0,0,0.006,6.599,6.582,0.188,0.157,0.194,25.904,1217304
1782484355688,0,0,0.000,6.591,6.582,0.188,0.157,0.177,25.904,1217337
1782484355721,0,0,0.006,6.591,6.591,0.188,0.157,0.199,25.818,1217370
1782484355755,0,0,0.000,6.591,6.582,0.157,0.157,0.194,25.818,1217403
1782484355788,0,0,0.000,6.599,6.591,0.188,0.157,0.199,25.818,1217436
1782484355823,0,0,0.000,6.599,6.574,0.188,0.188,0.194,25.904,1217469
1782484355856,0,0,0.000,6.591,6.591,0.188,0.157,0.188,25.818,1217502
1782484355888,0,0,0.000,6.591,6.599,0.157,0.188,0.188,25.818,1217535
1782484355921,0,0,0.000,6.599,6.582,0.157,0.188,0.194,25.904,1217568
1782484355955,0,0,0.000,6.607,6.599,0.188,0.157,0.172,25.904,1217601
1782484355989,0,0,0.000,6.591,6.591,0.188,0.157,0.172,25.818,1217634
1782484356021,0,0,0.000,6.599,6.591,0.188,0.157,0.210,25.818,1217667
1782484356072,0,0,0.000,6.591,6.591,0.126,0.126,0.188,25.904,1217700
1782484356087,0,0,0.000,6.591,6.591,0.188,0.157,0.167,25.904,1217733
1782484356121,0,0,0.000,6.591,6.591,0.157,0.157,0.172,25.818,1217766
1782484356154,0,0,0.006,6.607,6.582,0.188,0.157,0.172,25.904,1217799
1782484356188,0,0,0.000,6.599,6.599,0.188,0.157,0.177,25.818,1217832
1782484356220,0,0,0.006,6.599,6.591,0.188,0.157,0.194,25.818,1217865
1782484356254,0,0,0.000,6.591,6.591,0.188,0.126,0.188,25.818,1217898
1782484356288,0,0,0.000,6.599,6.591,0.188,0.157,0.167,25.904,1217931
1782484356323,0,0,0.000,6.591,6.591,0.188,0.157,0.183,25.904,1217964
1782484356354,0,0,0.000,6.599,6.599,0.188,0.157,0.177,25.818,1217997
1782484356387,0,0,0.000,6.607,6.591,0.188,0.126,0.161,25.904,1218030
1782484356423,0,0,0.000,6.591,6.582,0.188,0.157,0.194,25.818,1218063
1782484356453,0,0,0.000,6.599,6.607,0.188,0.157,0.172,25.818,1218096
1782484356487,0,0,0.000,6.599,6.591,0.188,0.126,0.167,25.904,1218129
1782484356532,0,0,0.006,6.591,6.591,0.188,0.126,0.161,25.904,1218162
1782484356554,0,0,0.000,6.591,6.591,0.157,0.157,0.156,25.818,1218195
1782484356592,0,0,0.000,6.591,6.591,0.188,0.188,0.161,25.818,1218228
1782484356619,0,0,0.000,6.599,6.591,0.220,0.188,0.177,25.818,1218261
1782484356653,0,0,0.000,6.591,6.591,0.188,0.188,0.177,25.818,1218294
1782484356685,0,0,0.000,6.599,6.591,0.188,0.157,0.172,25.818,1218327
1782484356719,0,0,0.000,6.591,6.591,0.188,0.157,0.188,25.818,1218360
1782484356752,0,0,0.000,6.599,6.582,0.188,0.157,0.167,25.818,1218393
1782484356786,0,0,0.000,6.591,6.582,0.188,0.126,0.194,25.818,1218426
1782484356819,0,0,0.000,6.591,6.574,0.220,0.157,0.194,25.904,1218459
1782484356852,0,0,0.000,6.591,6.591,0.157,0.157,0.161,25.818,1218492
1782484356885,0,0,0.000,6.591,6.591,0.188,0.188,0.177,25.818,1218525
1782484356918,0,0,0.006,6.607,6.582,0.188,0.157,0.199,25.818,1218558
1782484356956,0,0,0.000,6.591,6.591,0.157,0.220,0.194,25.818,1218591
1782484356986,0,0,0.000,6.599,6.591,0.157,0.157,0.167,25.818,1218624
1782484357019,0,0,0.000,6.591,6.599,0.188,0.220,0.199,25.904,1218657
1782484357052,0,0,0.000,6.599,6.582,0.126,0.157,0.194,25.818,1218690
1782484357087,0,0,0.000,6.599,6.582,0.188,0.157,0.188,25.818,1218723
1782484357121,0,0,0.000,6.599,6.574,0.126,0.157,0.167,25.904,1218756
1782484357151,0,0,0.000,6.599,6.591,0.157,0.157,0.183,25.818,1218789
1782484357194,0,0,0.000,6.599,6.599,0.157,0.157,0.194,25.818,1218822
1782484357227,0,0,0.000,6.591,6.591,0.220,0.126,0.194,25.818,1218855
1782484357261,0,0,0.000,6.591,6.591,0.188,0.157,0.194,25.818,1218888
1782484357293,0,0,0.000,6.599,6.591,0.188,0.157,0.177,25.818,1218921
1782484357328,0,0,0.000,6.607,6.591,0.126,0.157,0.199,25.818,1218954
1782484357360,0,0,0.000,6.582,6.599,0.188,0.157,0.156,25.818,1218987
1782484357392,0,0,0.000,6.591,6.599,0.157,0.188,0.167,25.818,1219020
1782484357425,0,0,0.000,6.599,6.599,0.188,0.157,0.172,25.818,1219053
1782484357458,0,0,0.000,6.591,6.591,0.188,0.157,0.172,25.818,1219086
1782484357491,0,0,0.006,6.607,6.591,0.188,0.157,0.140,25.818,1219119
1782484357523,0,0,0.000,6.591,6.591,0.188,0.157,0.156,25.818,1219152
1782484357558,0,0,0.000,6.599,6.591,0.188,0.157,0.118,25.818,1219185
1782484357591,0,0,0.000,6.599,6.591,0.188,0.126,0.188,25.818,1219218
1782484357624,0,0,0.006,6.591,6.582,0.126,0.126,0.172,25.818,1219251
1782484357659,0,0,0.000,6.599,6.591,0.188,0.126,0.177,25.904,1219284
1782484357689,0,0,0.000,6.591,6.591,0.188,0.157,0.172,25.904,1219317
1782484357724,0,0,0.006,6.599,6.582,0.220,0.157,0.118,25.818,1219350
1782484357755,0,0,0.000,6.607,6.582,0.188,0.157,0.188,25.818,1219383
1782484357788,0,0,0.006,6.599,6.591,0.188,0.157,0.113,25.818,1219416
1782484357821,0,0,0.000,6.599,6.591,0.188,0.188,0.118,25.818,1219449
1782484357857,0,0,0.000,6.591,6.582,0.188,0.157,0.129,25.818,1219482
1782484357887,0,0,0.000,6.599,6.591,0.188,0.157,0.161,25.818,1219515
1782484357920,0,0,0.000,6.599,6.591,0.188,0.188,0.118,25.818,1219548
1782484357967,0,0,0.006,6.599,6.591,0.157,0.157,0.129,25.818,1219581
1782484357987,0,0,0.000,6.582,6.599,0.188,0.188,0.124,25.904,1219614
1782484358018,0,0,0.000,6.591,6.591,0.188,0.157,0.140,25.818,1219647
1782484358052,0,0,0.000,6.591,6.599,0.188,0.157,0.124,25.904,1219680
1782484358086,0,0,0.000,6.607,6.582,0.220,0.157,0.124,25.904,1219713
1782484358118,0,0,0.000,6.599,6.591,0.157,0.126,0.172,25.904,1219746
1782484358181,0,0,0.000,6.591,6.591,0.188,0.157,0.129,25.990,1219779
1782484358184,0,0,0.006,6.599,6.591,0.126,0.126,0.134,25.818,1219812
1782484358219,0,0,0.000,6.607,6.591,0.188,0.188,0.161,25.818,1219845
1782484358249,0,0,0.000,6.599,6.599,0.220,0.220,0.129,25.818,1219878
1782484358283,0,0,0.000,6.599,6.599,0.188,0.157,0.129,25.818,1219911
1782484358317,0,0,0.000,6.599,6.591,0.188,0.157,0.156,25.818,1219944
1782484358348,0,0,0.000,6.599,6.591,0.188,0.157,0.134,25.818,1219977
1782484358383,0,0,0.000,6.599,6.591,0.220,0.157,0.124,25.904,1220010
1782484358417,0,0,0.000,6.599,6.591,0.188,0.157,0.129,25.818,1220043
1782484358448,0,0,0.006,6.591,6.591,0.188,0.157,0.129,25.904,1220076
1782484358481,0,0,0.000,6.599,6.599,0.188,0.157,0.134,25.818,1220109
1782484358517,0,0,0.000,6.599,6.599,0.157,0.188,0.134,25.818,1220142
1782484358548,0,0,0.000,6.599,6.591,0.188,0.157,0.129,25.818,1220175
1782484358595,0,0,0.000,6.599,6.591,0.188,0.157,0.129,25.818,1220208
1782484358618,0,0,0.000,6.599,6.591,0.251,0.157,0.124,25.818,1220241
1782484358648,0,0,0.000,6.591,6.591,0.188,0.157,0.129,25.818,1220274
1782484358681,0,0,0.000,6.599,6.591,0.188,0.157,0.140,25.818,1220307
1782484358721,0,0,0.000,6.591,6.591,0.188,0.126,0.124,25.818,1220340
1782484358748,0,0,0.000,6.599,6.591,0.157,0.157,0.129,25.904,1220373
1782484358781,0,0,0.006,6.607,6.591,0.188,0.188,0.129,25.818,1220406
1782484358814,0,0,0.000,6.599,6.591,0.126,0.157,0.134,25.818,1220439
1782484358867,0,0,0.000,6.599,6.591,0.157,0.157,0.129,25.818,1220472
1782484358882,0,0,0.000,6.599,6.582,0.188,0.157,0.129,25.818,1220505
1782484358914,0,0,0.006,6.599,6.591,0.188,0.157,0.161,25.818,1220538
1782484358961,0,0,0.000,6.591,6.591,0.126,0.188,0.156,25.904,1220571
1782484358986,0,0,0.000,6.599,6.607,0.188,0.126,0.172,25.904,1220604
1782484359013,0,0,0.012,6.591,6.607,0.188,0.188,0.188,25.818,1220637
1782484359047,0,0,0.000,6.599,6.582,0.188,0.157,0.161,25.818,1220670
1782484359085,0,0,0.000,6.599,6.599,0.220,0.157,0.188,25.818,1220703
1782484359113,0,0,0.000,6.591,6.591,0.188,0.157,0.194,25.818,1220736
1782484359147,0,0,0.006,6.591,6.591,0.188,0.157,0.194,25.818,1220769
1782484359179,0,0,0.012,6.607,6.591,0.188,0.157,0.167,25.818,1220802
1782484359213,0,0,0.000,6.599,6.591,0.157,0.157,0.177,25.818,1220835
1782484359245,0,0,0.000,6.591,6.591,0.188,0.157,0.177,25.904,1220868
1782484359280,0,0,0.000,6.599,6.566,0.188,0.157,0.194,25.990,1220901
1782484359313,0,0,0.006,6.591,6.591,0.157,0.157,0.161,25.818,1220934
1782484359347,0,0,0.000,6.591,6.591,0.188,0.157,0.194,25.818,1220967
1782484359379,0,0,0.000,6.591,6.591,0.188,0.157,0.183,25.818,1221000
1782484359412,0,0,0.000,6.591,6.591,0.188,0.157,0.177,25.904,1221033
1782484359446,0,0,0.000,6.591,6.582,0.188,0.157,0.177,25.818,1221066
1782484359479,0,0,0.000,6.591,6.582,0.188,0.157,0.183,25.818,1221099
1782484359512,0,0,0.000,6.591,6.591,0.126,0.157,0.188,25.818,1221132
1782484359545,0,0,0.000,6.599,6.591,0.188,0.157,0.183,25.904,1221165
1782484359579,0,0,0.000,6.591,6.591,0.188,0.157,0.194,25.818,1221198
1782484359618,0,0,0.000,6.599,6.591,0.188,0.157,0.199,25.818,1221231
1782484359646,0,0,0.000,6.591,6.599,0.188,0.157,0.210,25.818,1221264
1782484359678,0,0,0.000,6.599,6.591,0.157,0.126,0.172,25.818,1221297
1782484359712,0,0,0.000,6.591,6.591,0.188,0.157,0.199,25.990,1221330
1782484359746,0,0,0.000,6.591,6.582,0.188,0.188,0.183,25.818,1221363
1782484359778,0,0,0.000,6.591,6.574,0.188,0.157,0.172,25.818,1221396
1782484359821,0,0,0.000,6.591,6.599,0.188,0.126,0.199,25.818,1221429
1782484359847,0,0,0.000,6.591,6.591,0.188,0.157,0.172,25.818,1221462
1782484359878,0,0,0.000,6.591,6.591,0.188,0.126,0.177,25.818,1221495
1782484359911,0,0,0.000,6.582,6.599,0.188,0.157,0.177,25.818,1221528
1782484359947,0,0,0.000,6.591,6.574,0.188,0.157,0.183,25.818,1221561
1782484359978,0,0,0.000,6.599,6.591,0.157,0.126,0.172,25.818,1221594
1782484360011,0,0,0.000,6.591,6.591,0.188,0.126,0.183,25.904,1221627
1782484360044,0,0,0.000,6.591,6.591,0.188,0.126,0.194,25.904,1221660
1782484360078,0,0,0.000,6.591,6.591,0.188,0.157,0.172,25.904,1221693
1782484360111,0,0,0.006,6.599,6.591,0.126,0.157,0.188,25.818,1221726
1782484360144,0,0,0.000,6.574,6.591,0.126,0.188,0.183,25.818,1221759
1782484360178,0,0,0.000,6.599,6.591,0.188,0.157,0.177,25.818,1221792
1782484360213,0,0,0.000,6.591,6.599,0.188,0.188,0.199,25.818,1221825
1782484360243,0,0,0.000,6.591,6.591,0.188,0.157,0.183,25.818,1221858
1782484360283,0,0,0.000,6.591,6.591,0.188,0.157,0.161,25.904,1221891
1782484360315,0,0,0.000,6.599,6.582,0.188,0.157,0.188,25.904,1221924
1782484360344,0,0,0.000,6.591,6.591,0.188,0.157,0.188,25.818,1221957
1782484360377,0,0,0.000,6.599,6.591,0.188,0.157,0.188,25.818,1221990
1782484360417,0,0,0.006,6.591,6.599,0.188,0.126,0.177,25.818,1222023
1782484360443,0,0,0.006,6.591,6.599,0.188,0.126,0.172,25.904,1222056
1782484360477,0,0,0.000,6.599,6.591,0.220,0.157,0.183,25.904,1222089
1782484360524,0,0,0.000,6.599,6.582,0.188,0.157,0.183,25.818,1222122
1782484360543,0,0,0.000,6.599,6.591,0.220,0.157,0.156,25.904,1222155
1782484360580,0,0,0.000,6.582,6.591,0.188,0.157,0.183,25.818,1222188
1782484360610,0,0,0.000,6.607,6.591,0.188,0.188,0.188,25.904,1222221
1782484360643,0,0,0.000,6.582,6.599,0.188,0.188,0.161,25.818,1222254
1782484360676,0,0,0.000,6.582,6.591,0.188,0.157,0.188,25.904,1222287
1782484360709,0,0,0.006,6.582,6.591,0.157,0.157,0.188,25.818,1222320
1782484360743,0,0,0.000,6.591,6.591,0.188,0.157,0.167,25.818,1222353
1782484360777,0,0,0.000,6.591,6.582,0.188,0.220,0.172,25.818,1222386
1782484360809,0,0,0.000,6.591,6.582,0.188,0.157,0.183,25.904,1222419
1782484360842,0,0,0.000,6.591,6.591,0.188,0.157,0.194,25.818,1222452
1782484360876,0,0,0.000,6.591,6.591,0.188,0.157,0.188,25.818,1222485
1782484360909,0,0,0.000,6.599,6.591,0.188,0.188,0.194,25.904,1222518
1782484360956,0,0,0.000,6.591,6.591,0.188,0.157,0.194,25.818,1222551
1782484360976,0,0,0.000,6.599,6.591,0.188,0.157,0.167,25.904,1222584
1782484361016,0,0,0.000,6.591,6.591,0.188,0.157,0.161,25.818,1222617
1782484361042,0,0,0.006,6.591,6.574,0.188,0.126,0.177,25.904,1222650
1782484361078,0,0,0.000,6.591,6.591,0.188,0.188,0.204,25.818,1222683
1782484361109,0,0,0.006,6.591,6.591,0.188,0.188,0.210,25.818,1222716
1782484361142,0,0,0.000,6.591,6.591,0.188,0.157,0.199,25.818,1222749
1782484361175,0,0,0.006,6.582,6.591,0.188,0.157,0.194,25.904,1222782
1782484361209,0,0,0.006,6.599,6.591,0.188,0.188,0.194,25.818,1222815
1782484361242,0,0,0.000,6.591,6.599,0.188,0.157,0.172,25.904,1222848
1782484361284,0,0,0.000,6.591,6.591,0.188,0.188,0.183,25.904,1222881
1782484361309,0,0,0.000,6.591,6.582,0.126,0.157,0.237,25.904,1222914
1782484361342,0,0,0.006,6.599,6.591,0.188,0.157,0.172,25.904,1222947
1782484361374,0,0,0.000,6.582,6.591,0.220,0.188,0.199,25.904,1222980
1782484361410,0,0,0.000,6.599,6.591,0.251,0.157,0.167,25.818,1223013
1782484361455,0,0,0.000,6.591,6.582,0.188,0.157,0.188,25.818,1223046
1782484361476,0,0,0.000,6.599,6.591,0.188,0.157,0.156,25.904,1223079
1782484361509,0,0,0.006,6.582,6.591,0.188,0.126,0.151,25.818,1223112
1782484361549,0,0,0.000,6.591,6.591,0.188,0.157,0.172,25.818,1223145
1782484361585,0,0,0.000,6.591,6.591,0.188,0.157,0.183,25.818,1223178
1782484361616,0,0,0.000,6.599,6.591,0.188,0.188,0.161,25.990,1223211
1782484361649,0,0,0.000,6.591,6.591,0.126,0.220,0.188,25.818,1223244
1782484361682,0,0,0.000,6.607,6.591,0.188,0.157,0.199,25.818,1223277
1782484361716,0,0,0.000,6.591,6.591,0.188,0.157,0.177,25.818,1223310
1782484361749,0,0,0.000,6.591,6.591,0.188,0.126,0.172,25.818,1223343
1782484361781,0,0,0.000,6.599,6.591,0.220,0.157,0.140,25.818,1223376
1782484361814,0,0,0.000,6.591,6.591,0.188,0.188,0.161,25.818,1223409
1782484361852,0,0,0.000,6.582,6.591,0.157,0.157,0.145,25.818,1223442
1782484361883,0,0,0.000,6.607,6.582,0.157,0.157,0.118,25.818,1223475
1782484361918,0,0,0.000,6.591,6.607,0.188,0.126,0.145,25.904,1223508
1782484361952,0,0,0.000,6.591,6.591,0.157,0.157,0.172,25.904,1223541
1782484361979,0,0,0.000,6.591,6.591,0.188,0.157,0.145,25.818,1223574
1782484362012,0,0,0.006,6.591,6.591,0.188,0.157,0.124,25.818,1223607
1782484362045,0,0,0.000,6.599,6.591,0.188,0.157,0.145,25.904,1223640
1782484362077,0,0,0.000,6.599,6.591,0.188,0.126,0.140,25.818,1223673
1782484362111,0,0,0.000,6.607,6.582,0.188,0.157,0.129,25.818,1223706
1782484362148,0,0,0.000,6.599,6.599,0.188,0.157,0.161,25.818,1223739
1782484362188,0,0,0.000,6.591,6.591,0.188,0.157,0.172,25.818,1223772
1782484362211,0,0,0.000,6.591,6.599,0.188,0.157,0.124,25.818,1223805
1782484362260,0,0,0.000,6.591,6.574,0.188,0.188,0.129,25.818,1223838
1782484362277,0,0,0.000,6.599,6.591,0.188,0.157,0.129,25.818,1223871
1782484362310,0,0,0.000,6.599,6.591,0.188,0.157,0.129,25.904,1223904
1782484362341,0,0,0.000,6.599,6.591,0.157,0.126,0.129,25.818,1223937
1782484362376,0,0,0.000,6.599,6.607,0.188,0.157,0.129,25.904,1223970
1782484362408,0,0,0.000,6.599,6.591,0.188,0.157,0.129,25.818,1224003
1782484362441,0,0,0.000,6.599,6.591,0.220,0.188,0.129,25.818,1224036
1782484362474,0,0,0.000,6.591,6.599,0.220,0.220,0.129,25.818,1224069
1782484362514,0,0,0.000,6.599,6.591,0.157,0.157,0.129,25.818,1224102
1782484362540,0,0,0.000,6.607,6.591,0.188,0.157,0.188,25.818,1224135
1782484362584,0,0,0.000,6.591,6.591,0.188,0.126,0.129,25.990,1224168
1782484362608,0,0,0.006,6.599,6.591,0.188,0.188,0.129,25.818,1224201
1782484362639,0,0,0.006,6.599,6.591,0.157,0.157,0.124,25.904,1224234
1782484362672,0,0,0.000,6.599,6.591,0.188,0.157,0.124,25.904,1224267
1782484362705,0,0,0.000,6.599,6.599,0.188,0.157,0.129,25.818,1224300
1782484362738,0,0,0.000,6.599,6.591,0.188,0.157,0.129,25.818,1224333
1782484362772,0,0,0.000,6.599,6.591,0.188,0.126,0.124,25.818,1224366
1782484362804,0,0,0.000,6.599,6.591,0.188,0.157,0.129,25.904,1224399
1782484362855,0,0,0.000,6.599,6.591,0.188,0.157,0.129,25.818,1224432
1782484362881,0,0,0.000,6.599,6.591,0.126,0.126,0.124,25.818,1224465
1782484362910,0,0,0.000,6.599,6.591,0.188,0.157,0.129,25.818,1224498
1782484362937,0,0,0.000,6.591,6.599,0.157,0.188,0.140,25.818,1224531
1782484362973,0,0,0.000,6.599,6.591,0.188,0.157,0.129,25.818,1224564
1782484363003,0,0,0.006,6.591,6.591,0.188,0.157,0.124,25.818,1224597
1782484363037,0,0,0.006,6.591,6.591,0.188,0.126,0.161,25.818,1224630
1782484363079,0,0,0.000,6.591,6.591,0.157,0.157,0.124,25.904,1224663
1782484363104,0,0,0.000,6.591,6.599,0.188,0.126,0.129,25.818,1224696
1782484363140,0,0,0.000,6.607,6.591,0.251,0.157,0.140,25.904,1224729
1782484363169,0,0,0.000,6.607,6.591,0.188,0.157,0.129,25.904,1224762
1782484363203,0,0,0.000,6.582,6.591,0.188,0.157,0.151,25.904,1224795
1782484363236,0,0,0.000,6.607,6.582,0.188,0.157,0.145,25.818,1224828
1782484363270,0,0,0.006,6.599,6.591,0.188,0.157,0.194,25.818,1224861
1782484363303,0,0,0.006,6.599,6.591,0.188,0.157,0.177,25.818,1224894
1782484363337,0,0,0.000,6.591,6.591,0.188,0.157,0.199,25.818,1224927
1782484363370,0,0,0.000,6.591,6.591,0.188,0.188,0.183,25.818,1224960
1782484363402,0,0,0.000,6.591,6.599,0.188,0.157,0.183,25.818,1224993
1782484363437,0,0,0.000,6.591,6.574,0.220,0.126,0.177,25.818,1225026
1782484363469,0,0,0.000,6.591,6.591,0.220,0.188,0.194,25.818,1225059
1782484363504,0,0,0.000,6.591,6.591,0.188,0.188,0.188,25.904,1225092
1782484363537,0,0,0.000,6.582,6.582,0.188,0.188,0.183,25.818,1225125
1782484363569,0,0,0.000,6.591,6.591,0.188,0.188,0.188,25.818,1225158
1782484363602,0,0,0.000,6.591,6.591,0.188,0.157,0.172,25.818,1225191
1782484363637,0,0,0.000,6.599,6.591,0.157,0.157,0.199,25.818,1225224
1782484363669,0,0,0.000,6.599,6.591,0.157,0.157,0.172,25.904,1225257
1782484363702,0,0,0.000,6.591,6.591,0.157,0.157,0.177,25.818,1225290
1782484363736,0,0,0.000,6.591,6.591,0.188,0.188,0.183,25.818,1225323
1782484363768,0,0,0.006,6.591,6.591,0.188,0.157,0.210,25.818,1225356
1782484363802,0,0,0.000,6.599,6.582,0.188,0.157,0.172,25.818,1225389
1782484363839,0,0,0.000,6.591,6.591,0.188,0.157,0.177,25.818,1225422
1782484363869,0,0,0.000,6.599,6.591,0.188,0.157,0.199,25.818,1225455
1782484363904,0,0,0.000,6.591,6.582,0.188,0.188,0.194,25.904,1225488
1782484363935,0,0,0.000,6.582,6.599,0.188,0.126,0.194,25.818,1225521
1782484363970,0,0,0.000,6.599,6.591,0.188,0.188,0.183,25.818,1225554
1782484364002,0,0,0.000,6.591,6.591,0.188,0.126,0.204,25.818,1225587
1782484364035,0,0,0.000,6.591,6.591,0.220,0.157,0.183,25.818,1225620
1782484364068,0,0,0.000,6.591,6.599,0.157,0.126,0.177,25.818,1225653
1782484364104,0,0,0.000,6.591,6.591,0.188,0.188,0.204,25.818,1225686
1782484364135,0,0,0.000,6.591,6.591,0.188,0.157,0.177,25.818,1225719
1782484364168,0,0,0.000,6.591,6.591,0.126,0.126,0.167,25.818,1225752
1782484364202,0,0,0.000,6.591,6.591,0.220,0.157,0.194,25.904,1225785
1782484364237,0,0,0.006,6.591,6.599,0.188,0.157,0.172,25.818,1225818
1782484364280,0,0,0.000,6.607,6.591,0.188,0.157,0.161,25.818,1225851
1782484364304,0,0,0.006,6.591,6.591,0.188,0.126,0.161,25.818,1225884
1782484364334,0,0,0.000,6.599,6.591,0.188,0.157,0.204,25.904,1225917
1782484364368,0,0,0.000,6.591,6.591,0.188,0.157,0.183,25.904,1225950
1782484364401,0,0,0.006,6.591,6.591,0.188,0.157,0.183,25.818,1225983
1782484364433,0,0,0.000,6.599,6.582,0.188,0.157,0.167,25.818,1226016
1782484364468,0,0,0.000,6.591,6.582,0.188,0.157,0.199,25.818,1226049
1782484364501,0,0,0.000,6.599,6.591,0.188,0.188,0.194,25.818,1226082
1782484364534,0,0,0.000,6.591,6.591,0.220,0.188,0.183,25.818,1226115
1782484364579,0,0,0.000,6.591,6.591,0.157,0.126,0.156,25.818,1226148
1782484364600,0,0,0.000,6.591,6.591,0.126,0.157,0.161,25.818,1226181
1782484364634,0,0,0.000,6.582,6.591,0.188,0.157,0.167,25.818,1226214
1782484364666,0,0,0.000,6.591,6.591,0.188,0.157,0.194,25.904,1226247
1782484364704,0,0,0.000,6.591,6.591,0.251,0.157,0.172,25.904,1226280
1782484364733,0,0,0.000,6.599,6.591,0.188,0.157,0.172,25.818,1226313
1782484364771,0,0,0.000,6.599,6.591,0.188,0.188,0.172,25.818,1226346
1782484364799,0,0,0.000,6.591,6.599,0.188,0.126,0.172,25.818,1226379
1782484364834,0,0,0.000,6.599,6.591,0.220,0.188,0.199,25.818,1226412
1782484364866,0,0,0.006,6.591,6.591,0.188,0.157,0.199,25.818,1226445
1782484364899,0,0,0.000,6.591,6.591,0.188,0.157,0.177,25.818,1226478
1782484364933,0,0,0.000,6.599,6.582,0.157,0.157,0.199,25.818,1226511
1782484364967,0,0,0.000,6.582,6.591,0.188,0.157,0.188,25.818,1226544
1782484365000,0,0,0.006,6.591,6.591,0.220,0.157,0.194,25.818,1226577
1782484365032,0,0,0.000,6.591,6.591,0.157,0.126,0.199,25.818,1226610
1782484365067,0,0,0.000,6.591,6.582,0.188,0.157,0.199,25.818,1226643
1782484365099,0,0,0.000,6.591,6.582,0.188,0.157,0.194,25.904,1226676
1782484365132,0,0,0.000,6.591,6.591,0.188,0.157,0.188,25.818,1226709
1782484365169,0,0,0.006,6.591,6.591,0.157,0.157,0.177,25.818,1226742
1782484365199,0,0,0.000,6.591,6.591,0.188,0.157,0.172,25.818,1226775
1782484365232,0,0,0.000,6.599,6.582,0.188,0.188,0.188,25.818,1226808
1782484365265,0,0,0.000,6.591,6.591,0.188,0.157,0.194,25.818,1226841
1782484365300,5,5,0.000,6.591,6.591,0.188,0.157,0.167,25.904,1226874
1782484365332,7,7,0.000,6.591,6.591,0.188,0.157,0.172,25.904,1226907
1782484365365,12,12,0.006,6.599,6.591,0.188,0.126,0.194,25.818,1226940
1782484365398,17,17,0.000,6.591,6.574,0.157,0.157,0.156,25.818,1226973
1782484365438,22,22,0.000,6.591,6.591,0.188,0.157,0.177,25.818,1227006
1782484365467,25,25,0.000,6.591,6.582,0.157,0.157,0.204,25.818,1227039
1782484365499,30,30,0.000,6.599,6.582,0.188,0.188,0.167,25.818,1227072
1782484365538,35,35,0.000,6.599,6.582,0.188,0.126,0.194,25.818,1227105
1782484365566,37,37,0.000,6.591,6.591,0.188,0.126,0.172,25.818,1227138
1782484365599,42,42,0.000,6.591,6.591,0.188,0.157,0.183,25.818,1227171
1782484365631,45,45,0.000,6.591,6.582,0.126,0.157,0.188,25.818,1227204
1782484365664,50,50,0.006,6.591,6.599,0.157,0.188,0.172,25.904,1227237
1782484365699,55,55,0.000,6.591,6.591,0.188,0.126,0.177,25.818,1227270
1782484365730,57,57,0.000,6.599,6.591,0.157,0.126,0.199,25.818,1227303
1782484365764,62,62,0.006,6.599,6.591,0.188,0.188,0.167,25.904,1227336
1782484365797,65,65,0.000,6.591,6.591,0.188,0.157,0.194,25.818,1227369
1782484365844,72,72,0.006,6.591,6.591,0.188,0.157,0.156,25.818,1227402
1782484365878,77,77,0.000,6.591,6.591,0.220,0.157,0.156,25.818,1227435
1782484365896,77,77,0.000,6.591,6.591,0.188,0.188,0.167,25.904,1227468
1782484365942,85,85,0.000,6.591,6.591,0.188,0.157,0.194,25.904,1227501
1782484365972,87,87,0.000,6.591,6.591,0.188,0.188,0.199,25.818,1227534
1782484366005,92,92,0.006,6.599,6.591,0.188,0.157,0.204,25.904,1227567
1782484366038,97,97,0.000,6.591,6.591,0.188,0.157,0.177,25.904,1227600
1782484366070,100,100,0.000,6.591,6.591,0.188,0.157,0.177,25.818,1227633
1782484366104,105,105,0.000,6.599,6.591,0.188,0.157,0.183,25.818,1227666
1782484366137,107,107,0.000,6.591,6.591,0.157,0.126,0.161,25.818,1227699
1782484366180,115,115,0.006,6.607,6.599,0.188,0.126,0.172,25.818,1227732
1782484366203,117,117,0.000,6.607,6.591,0.188,0.126,0.124,25.818,1227765
1782484366236,120,120,0.000,6.591,6.591,0.157,0.157,0.177,25.904,1227798
1782484366269,125,125,0.006,6.599,6.591,0.157,0.188,0.156,25.818,1227831
1782484366302,130,130,0.000,6.582,6.591,0.188,0.157,0.129,25.904,1227864
1782484366335,132,132,0.000,6.599,6.591,0.157,0.157,0.118,25.818,1227897
1782484366370,137,137,0.000,6.591,6.582,0.126,0.157,0.118,25.904,1227930
1782484366404,142,142,0.000,6.599,6.591,0.157,0.126,0.156,25.818,1227963
1782484366441,147,147,0.000,6.599,6.591,0.188,0.157,0.151,25.904,1227996
1782484366467,150,150,0.000,6.599,6.582,0.220,0.157,0.134,25.818,1228029
1782484366508,155,155,0.000,6.591,6.591,0.188,0.157,0.134,25.904,1228062
1782484366533,157,157,0.000,6.591,6.591,0.188,0.157,0.177,25.818,1228095
1782484366566,162,162,0.000,6.599,6.591,0.157,0.157,0.145,25.818,1228128
1782484366602,167,167,0.000,6.599,6.591,0.188,0.157,0.118,25.818,1228161
1782484366632,170,170,0.000,6.591,6.599,0.188,0.157,0.156,25.904,1228194
1782484366665,175,175,0.000,6.599,6.591,0.188,0.157,0.129,25.818,1228227
1782484366698,180,180,0.000,6.599,6.599,0.188,0.188,0.134,25.818,1228260
1782484366730,182,182,0.000,6.591,6.599,0.188,0.188,0.129,25.904,1228293
1782484366766,187,187,0.000,6.599,6.591,0.188,0.157,0.140,25.904,1228326
1782484366797,190,190,0.000,6.599,6.591,0.188,0.157,0.118,25.818,1228359
1782484366830,195,195,0.000,6.582,6.591,0.188,0.157,0.129,25.904,1228392
1782484366867,200,200,0.000,6.591,6.591,0.188,0.157,0.129,25.818,1228425
1782484366896,202,202,0.000,6.599,6.599,0.220,0.157,0.145,25.818,1228458
1782484366929,207,207,0.000,6.599,6.591,0.188,0.157,0.129,25.818,1228491
1782484366962,212,212,0.006,6.591,6.591,0.188,0.157,0.134,25.818,1228524
1782484366995,215,215,0.000,6.599,6.607,0.157,0.126,0.129,25.818,1228557
1782484367027,220,220,0.000,6.607,6.591,0.188,0.157,0.129,25.818,1228590
1782484367062,225,225,0.000,6.599,6.574,0.188,0.157,0.129,25.818,1228623
1782484367094,227,227,0.000,6.591,6.582,0.188,0.188,0.134,25.818,1228656
1782484367128,232,232,0.006,6.591,6.591,0.220,0.157,0.124,25.818,1228689
1782484367160,237,237,0.000,6.599,6.591,0.188,0.157,0.124,25.818,1228722
1782484367197,240,240,0.000,6.599,6.599,0.126,0.126,0.124,25.818,1228755
1782484367227,245,245,0.000,6.599,6.591,0.188,0.157,0.129,25.818,1228788
1782484367260,250,250,0.000,6.591,6.607,0.188,0.157,0.129,25.818,1228821
1782484367293,252,252,0.006,6.591,6.582,0.188,0.157,0.129,25.818,1228854
1782484367327,257,257,0.000,6.607,6.591,0.188,0.157,0.113,25.818,1228887
1782484367360,262,262,0.000,6.599,6.599,0.188,0.126,0.118,25.818,1228920
1782484367394,265,265,0.000,6.591,6.591,0.188,0.157,0.124,25.818,1228953
1782484367428,270,270,0.000,6.599,6.591,0.188,0.126,0.118,25.818,1228986
1782484367460,275,275,0.000,6.599,6.591,0.188,0.157,0.124,25.818,1229019
1782484367501,280,280,0.006,6.599,6.591,0.188,0.188,0.129,25.818,1229052
1782484367527,282,282,0.000,6.607,6.591,0.188,0.157,0.151,25.818,1229085
1782484367559,287,287,0.000,6.599,6.591,0.188,0.157,0.151,25.818,1229118
1782484367593,290,290,0.000,6.599,6.591,0.188,0.157,0.151,25.904,1229151
1782484367627,295,295,0.000,6.591,6.591,0.188,0.157,0.151,25.818,1229184
1782484367659,300,300,0.000,6.591,6.591,0.157,0.188,0.194,25.818,1229217
1782484367692,302,302,0.000,6.582,6.599,0.188,0.157,0.199,25.904,1229250
1782484367729,307,307,0.000,6.599,6.582,0.188,0.157,0.188,25.818,1229283
1782484367759,312,312,0.006,6.591,6.591,0.157,0.157,0.188,25.818,1229316
1782484367798,315,315,0.000,6.591,6.582,0.188,0.157,0.172,25.818,1229349
1782484367842,322,322,0.000,6.591,6.591,0.188,0.157,0.188,25.904,1229382
1782484367860,325,325,0.006,6.599,6.582,0.126,0.157,0.156,25.904,1229415
1782484367893,327,327,0.000,6.599,6.607,0.188,0.188,0.177,25.818,1229448
1782484367924,332,332,0.000,6.591,6.591,0.188,0.157,0.177,25.818,1229481
1782484367958,335,335,0.006,6.591,6.607,0.188,0.188,0.177,25.904,1229514
1782484368002,342,342,0.000,6.591,6.582,0.188,0.157,0.177,25.818,1229547
1782484368028,345,345,0.000,6.582,6.591,0.188,0.157,0.161,25.904,1229580
1782484368061,350,350,0.000,6.607,6.591,0.220,0.126,0.177,25.818,1229613
1782484368097,352,352,0.000,6.591,6.591,0.157,0.157,0.177,25.904,1229646
1782484368125,357,357,0.006,6.591,6.582,0.220,0.157,0.183,25.818,1229679
1782484368157,360,360,0.000,6.599,6.591,0.188,0.157,0.194,25.904,1229712
1782484368195,365,365,0.000,6.582,6.591,0.220,0.157,0.199,25.904,1229745
1782484368224,370,370,0.000,6.591,6.591,0.188,0.157,0.161,25.818,1229778
1782484368258,372,372,0.000,6.591,6.591,0.188,0.157,0.161,25.818,1229811
1782484368290,377,377,0.006,6.591,6.582,0.157,0.126,0.177,25.818,1229844
1782484368324,382,382,0.000,6.599,6.574,0.188,0.157,0.188,25.904,1229877
1782484368357,385,385,0.000,6.591,6.582,0.157,0.126,0.199,25.904,1229910
1782484368392,390,390,0.000,6.591,6.591,0.188,0.157,0.183,25.818,1229943
1782484368423,395,395,0.000,6.591,6.591,0.157,0.157,0.151,25.904,1229976
1782484368457,397,397,0.000,6.599,6.591,0.188,0.157,0.172,25.818,1230009
1782484368490,402,402,0.000,6.599,6.582,0.188,0.157,0.183,25.904,1230042
1782484368524,407,407,0.006,6.591,6.591,0.188,0.157,0.177,25.818,1230075
1782484368557,410,410,0.000,6.591,6.582,0.188,0.188,0.188,25.904,1230108
1782484368590,415,415,0.000,6.591,6.574,0.188,0.188,0.199,25.904,1230141
1782484368624,420,420,0.000,6.591,6.582,0.157,0.188,0.194,25.818,1230174
1782484368658,422,422,0.000,6.599,6.591,0.188,0.157,0.194,25.904,1230207
1782484368695,427,427,0.000,6.591,6.582,0.188,0.157,0.199,25.818,1230240
1782484368723,432,432,0.006,6.607,6.591,0.188,0.157,0.199,25.818,1230273
1782484368758,435,435,0.000,6.591,6.591,0.188,0.157,0.194,25.818,1230306
1782484368789,440,440,0.000,6.591,6.591,0.188,0.126,0.188,25.818,1230339
1782484368831,445,445,0.006,6.591,6.591,0.188,0.157,0.161,25.904,1230372
1782484368864,450,450,0.000,6.607,6.582,0.188,0.126,0.188,25.818,1230405
1782484368889,452,452,0.000,6.591,6.591,0.188,0.126,0.167,25.818,1230438
1782484368924,457,457,0.000,6.582,6.591,0.188,0.157,0.183,25.904,1230471
1782484368958,460,460,0.006,6.591,6.582,0.188,0.157,0.204,25.818,1230504
1782484368989,465,465,0.000,6.599,6.599,0.126,0.188,0.161,25.818,1230537
1782484369023,470,470,0.000,6.591,6.591,0.157,0.157,0.188,25.818,1230570
1782484369056,472,472,0.000,6.591,6.591,0.220,0.126,0.172,25.904,1230603
1782484369090,477,477,0.000,6.591,6.591,0.251,0.157,0.177,25.904,1230636
1782484369125,482,482,0.000,6.582,6.574,0.188,0.126,0.183,25.818,1230669
1782484369163,487,487,0.000,6.599,6.591,0.188,0.188,0.172,25.818,1230702
1782484369190,490,490,0.000,6.591,6.591,0.188,0.188,0.194,25.818,1230735
1782484369223,495,495,0.000,6.599,6.574,0.157,0.188,0.199,25.818,1230768
1782484369255,497,497,0.000,6.599,6.591,0.188,0.157,0.188,25.818,1230801
1782484369288,500,500,0.006,6.599,6.574,0.188,0.220,0.167,25.818,1230834
1782484369325,500,500,0.000,6.591,6.591,0.188,0.126,0.172,25.904,1230867
1782484369354,500,500,0.000,6.591,6.591,0.126,0.126,0.199,25.818,1230900
1782484369389,500,500,0.000,6.591,6.607,0.188,0.157,0.177,25.904,1230933
1782484369426,500,500,0.000,6.591,6.591,0.157,0.157,0.199,25.818,1230966
1782484369456,500,500,0.000,6.591,6.591,0.188,0.157,0.172,25.818,1230999
1782484369498,495,495,0.000,6.599,6.607,0.157,0.126,0.188,25.904,1231032
1782484369522,490,490,0.006,6.591,6.591,0.188,0.188,0.172,25.904,1231065
1782484369556,487,487,0.000,6.599,6.599,0.220,0.126,0.167,25.818,1231098
1782484369587,482,482,0.000,6.591,6.591,0.188,0.126,0.183,25.818,1231131
1782484369624,477,477,0.000,6.599,6.582,0.157,0.126,0.199,25.904,1231164
1782484369667,472,472,0.000,6.582,6.591,0.188,0.157,0.161,25.818,1231197
1782484369688,470,470,0.000,6.599,6.591,0.126,0.157,0.177,25.818,1231230
1782484369721,467,467,0.000,6.591,6.582,0.188,0.157,0.183,25.904,1231263
1782484369754,462,462,0.000,6.599,6.591,0.188,0.157,0.156,25.904,1231296
1782484369787,457,457,0.000,6.591,6.582,0.126,0.220,0.188,25.818,1231329
1782484369821,455,455,0.006,6.591,6.591,0.126,0.188,0.194,25.818,1231362
1782484369853,450,450,0.000,6.591,6.591,0.188,0.188,0.183,25.818,1231395
1782484369888,445,445,0.000,6.607,6.582,0.188,0.126,0.183,25.818,1231428
1782484369920,442,442,0.000,6.591,6.582,0.188,0.157,0.204,25.904,1231461
1782484369954,437,437,0.000,6.591,6.582,0.188,0.157,0.183,25.818,1231494
1782484369987,432,432,0.000,6.591,6.582,0.188,0.220,0.183,25.904,1231527
1782484370022,430,430,0.000,6.591,6.591,0.220,0.157,0.194,25.818,1231560
1782484370060,425,425,0.000,6.599,6.574,0.220,0.157,0.188,25.904,1231593
1782484370087,420,420,0.006,6.591,6.582,0.188,0.220,0.194,25.818,1231626
1782484370120,417,417,0.000,6.599,6.582,0.188,0.157,0.194,25.904,1231659
1782484370153,412,412,0.000,6.591,6.591,0.188,0.157,0.188,25.818,1231692
1782484370187,407,407,0.000,6.607,6.574,0.188,0.188,0.210,25.818,1231725
1782484370228,402,402,0.000,6.591,6.582,0.188,0.126,0.199,25.904,1231758
1782484370262,400,400,0.000,6.599,6.591,0.188,0.126,0.177,25.818,1231791
1782484370296,395,395,0.000,6.599,6.591,0.188,0.188,0.183,25.818,1231824
1782484370328,390,390,0.000,6.591,6.591,0.188,0.157,0.194,25.904,1231857
1782484370361,387,387,0.000,6.591,6.591,0.188,0.157,0.194,25.904,1231890
1782484370409,380,380,0.000,6.591,6.591,0.157,0.157,0.161,25.818,1231923
1782484370432,377,377,0.006,6.607,6.574,0.188,0.157,0.167,25.818,1231956
1782484370460,375,375,0.000,6.599,6.591,0.157,0.157,0.124,25.904,1231989
1782484370494,370,370,0.006,6.599,6.582,0.220,0.126,0.177,25.904,1232022
1782484370526,365,365,0.006,6.591,6.582,0.188,0.157,0.161,25.818,1232055
1782484370559,362,362,0.000,6.582,6.582,0.157,0.188,0.161,25.818,1232088
1782484370592,357,357,0.000,6.599,6.591,0.188,0.157,0.140,25.818,1232121
1782484370626,352,352,0.000,6.599,6.591,0.188,0.157,0.129,25.904,1232154
1782484370658,350,350,0.000,6.599,6.599,0.188,0.157,0.140,25.818,1232187
1782484370691,345,345,0.000,6.591,6.574,0.188,0.188,0.172,25.818,1232220
1782484370724,340,340,0.000,6.599,6.591,0.188,0.126,0.129,25.904,1232253
1782484370758,337,337,0.000,6.599,6.591,0.188,0.157,0.118,25.818,1232286
1782484370806,330,330,0.000,6.607,6.591,0.188,0.126,0.134,25.818,1232319
1782484370830,327,327,0.000,6.591,6.607,0.220,0.157,0.129,25.818,1232352
1782484370861,325,325,0.000,6.599,6.599,0.188,0.157,0.161,25.818,1232385
1782484370889,320,320,0.000,6.591,6.582,0.188,0.157,0.151,25.904,1232418
1782484370922,317,317,0.006,6.591,6.591,0.251,0.126,0.129,25.818,1232451
1782484370955,312,312,0.000,6.599,6.591,0.188,0.157,0.118,25.818,1232484
1782484370988,307,307,0.000,6.599,6.591,0.188,0.157,0.129,25.818,1232517
1782484371021,305,305,0.000,6.599,6.591,0.188,0.188,0.124,25.818,1232550
1782484371054,300,300,0.000,6.599,6.591,0.188,0.157,0.124,25.904,1232583
1782484371087,295,295,0.000,6.591,6.591,0.157,0.157,0.129,25.818,1232616
1782484371124,290,290,0.000,6.591,6.591,0.157,0.157,0.129,25.818,1232649
1782484371153,287,287,0.000,6.591,6.582,0.126,0.188,0.177,25.818,1232682
1782484371186,282,282,0.000,6.591,6.582,0.188,0.157,0.129,25.818,1232715
1782484371219,280,280,0.000,6.599,6.591,0.188,0.157,0.129,25.818,1232748
1782484371252,275,275,0.000,6.599,6.591,0.157,0.157,0.151,25.904,1232781
1782484371294,270,270,0.000,6.607,6.591,0.188,0.220,0.129,25.818,1232814
1782484371330,265,265,0.000,6.599,6.591,0.188,0.188,0.129,25.904,1232847
1782484371351,262,262,0.000,6.607,6.574,0.126,0.157,0.177,25.818,1232880
1782484371384,257,257,0.000,6.599,6.591,0.188,0.188,0.124,25.818,1232913
1782484371419,255,255,0.000,6.591,6.591,0.188,0.188,0.124,25.818,1232946
1782484371450,250,250,0.006,6.599,6.591,0.188,0.126,0.134,25.818,1232979
1782484371483,247,247,0.000,6.591,6.582,0.251,0.126,0.124,25.818,1233012
1782484371518,242,242,0.006,6.591,6.591,0.188,0.157,0.129,25.818,1233045
1782484371550,237,237,0.000,6.591,6.591,0.157,0.157,0.129,25.904,1233078
1782484371583,235,235,0.000,6.591,6.591,0.188,0.126,0.129,25.818,1233111
1782484371616,230,230,0.000,6.599,6.582,0.188,0.157,0.129,25.818,1233144
1782484371651,225,225,0.000,6.599,6.591,0.188,0.157,0.129,25.818,1233177
1782484371690,220,220,0.000,6.599,6.591,0.188,0.188,0.129,25.904,1233210
1782484371716,217,217,0.000,6.599,6.591,0.188,0.157,0.161,25.818,1233243
1782484371751,212,212,0.000,6.591,6.591,0.157,0.157,0.134,25.818,1233276
1782484371784,210,210,0.000,6.607,6.591,0.157,0.157,0.129,25.818,1233309
1782484371815,205,205,0.000,6.607,6.591,0.157,0.188,0.129,25.818,1233342
1782484371848,200,200,0.000,6.591,6.591,0.157,0.157,0.129,25.818,1233375
1782484371887,195,195,0.000,6.591,6.591,0.188,0.157,0.129,25.904,1233408
1782484371915,192,192,0.006,6.607,6.582,0.188,0.157,0.129,25.904,1233441
1782484371949,187,187,0.000,6.607,6.607,0.188,0.157,0.161,25.990,1233474
1782484371988,182,182,0.000,6.607,6.582,0.157,0.126,0.156,25.818,1233507
1782484372030,177,177,0.000,6.591,6.591,0.188,0.157,0.177,25.904,1233540
1782484372049,175,175,0.000,6.599,6.582,0.157,0.157,0.172,25.904,1233573
1782484372084,170,170,0.000,6.591,6.591,0.188,0.157,0.194,25.818,1233606
1782484372115,167,167,0.000,6.599,6.582,0.157,0.157,0.156,25.818,1233639
1782484372157,162,162,0.000,6.599,6.599,0.157,0.157,0.167,25.818,1233672
1782484372181,160,160,0.006,6.599,6.591,0.188,0.188,0.167,25.818,1233705
1782484372214,155,155,0.006,6.591,6.591,0.188,0.157,0.167,25.818,1233738
1782484372250,150,150,0.000,6.591,6.591,0.157,0.188,0.172,25.818,1233771
1782484372281,147,147,0.000,6.591,6.599,0.188,0.157,0.172,25.904,1233804
1782484372315,142,142,0.006,6.607,6.599,0.188,0.157,0.167,25.818,1233837
1782484372347,137,137,0.006,6.591,6.591,0.188,0.157,0.183,25.818,1233870
1782484372381,135,135,0.000,6.599,6.591,0.188,0.188,0.161,25.818,1233903
1782484372417,130,130,0.000,6.591,6.582,0.188,0.157,0.172,25.818,1233936
1782484372449,125,125,0.000,6.591,6.591,0.157,0.126,0.172,25.904,1233969
1782484372481,122,122,0.000,6.591,6.591,0.126,0.157,0.204,25.818,1234002
1782484372514,117,117,0.000,6.591,6.599,0.188,0.157,0.177,25.904,1234035
1782484372549,112,112,0.000,6.591,6.582,0.188,0.157,0.188,25.818,1234068
1782484372580,110,110,0.006,6.591,6.591,0.188,0.157,0.188,25.904,1234101
1782484372614,105,105,0.000,6.591,6.591,0.188,0.188,0.188,25.818,1234134
1782484372648,100,100,0.000,6.599,6.582,0.220,0.126,0.183,25.818,1234167
1782484372680,97,97,0.000,6.599,6.591,0.188,0.157,0.194,25.904,1234200
1782484372726,90,90,0.000,6.591,6.599,0.220,0.126,0.156,25.904,1234233
1782484372748,87,87,0.000,6.591,6.591,0.157,0.188,0.172,25.904,1234266
1782484372785,85,85,0.000,6.591,6.591,0.188,0.157,0.172,25.818,1234299
1782484372813,80,80,0.000,6.599,6.591,0.188,0.157,0.167,25.818,1234332
1782484372849,75,75,0.000,6.599,6.599,0.188,0.157,0.188,25.818,1234365
1782484372881,72,72,0.000,6.591,6.582,0.188,0.157,0.188,25.818,1234398
1782484372915,67,67,0.000,6.591,6.591,0.157,0.157,0.199,25.818,1234431
1782484372951,62,62,0.000,6.599,6.591,0.188,0.126,0.215,25.818,1234464
1782484372989,57,57,0.006,6.591,6.591,0.188,0.157,0.183,25.818,1234497
1782484373014,55,55,0.000,6.591,6.591,0.157,0.188,0.177,25.904,1234530
1782484373046,50,50,0.000,6.591,6.591,0.188,0.157,0.183,25.818,1234563
1782484373079,47,47,0.000,6.599,6.599,0.220,0.188,0.177,25.818,1234596
1782484373115,42,42,0.000,6.599,6.582,0.188,0.157,0.199,25.904,1234629
1782484373146,37,37,0.006,6.582,6.599,0.188,0.188,0.199,25.818,1234662
1782484373178,35,35,0.000,6.591,6.591,0.188,0.188,0.167,25.818,1234695
1782484373217,30,30,0.000,6.607,6.574,0.188,0.157,0.188,25.904,1234728
1782484373245,27,27,0.000,6.591,6.591,0.188,0.157,0.172,25.818,1234761
1782484373278,22,22,0.006,6.582,6.591,0.188,0.157,0.167,25.818,1234794
1782484373319,17,17,0.000,6.591,6.591,0.188,0.126,0.172,25.818,1234827
1782484373345,15,15,0.000,6.591,6.591,0.188,0.157,0.183,25.904,1234860
1782484373379,10,10,0.000,6.599,6.574,0.188,0.157,0.177,25.990,1234893
1782484373411,5,5,0.000,6.591,6.591,0.220,0.157,0.204,25.904,1234926
1782484373445,2,2,0.000,6.591,6.591,0.188,0.188,0.172,25.904,1234959
1782484373478,0,0,0.000,6.591,6.591,0.188,0.188,0.204,25.818,1234992
1782484373512,0,0,0.000,6.599,6.591,0.157,0.188,0.188,25.818,1235025
1782484373544,0,0,0.000,6.591,6.591,0.188,0.188,0.167,25.818,1235058
1782484373577,-2,-2,0.000,6.591,6.591,0.188,0.157,0.172,25.904,1235091
1782484373614,-7,-7,0.000,6.591,6.591,0.157,0.126,0.199,25.904,1235124
1782484373654,-12,-12,0.000,6.591,6.591,0.188,0.157,0.167,25.904,1235157
1782484373678,-15,-15,0.000,6.591,6.591,0.188,0.157,0.167,25.904,1235190
1782484373711,-20,-20,0.000,6.591,6.591,0.157,0.188,0.161,25.818,1235223
1782484373744,-22,-22,0.000,6.591,6.591,0.188,0.157,0.199,25.904,1235256
1782484373777,-27,-27,0.000,6.591,6.591,0.157,0.188,0.188,25.818,1235289
1782484373810,-32,-32,0.000,6.599,6.582,0.188,0.126,0.183,25.818,1235322
1782484373846,-35,-35,0.000,6.591,6.582,0.188,0.188,0.199,25.818,1235355
1782484373877,-40,-40,0.006,6.591,6.591,0.157,0.157,0.183,25.818,1235388
1782484373911,-45,-45,0.000,6.599,6.591,0.157,0.126,0.194,25.818,1235421
1782484373943,-47,-47,0.000,6.591,6.599,0.188,0.157,0.177,25.904,1235454
1782484373979,-52,-52,0.000,6.599,6.582,0.220,0.157,0.188,25.904,1235487
1782484374012,-57,-57,0.000,6.591,6.591,0.188,0.188,0.194,25.904,1235520
1782484374044,-60,-60,0.000,6.591,6.582,0.188,0.188,0.194,25.818,1235553
1782484374078,-65,-65,0.000,6.591,6.591,0.188,0.157,0.177,25.818,1235586
1782484374110,-70,-70,0.000,6.591,6.582,0.157,0.157,0.161,25.904,1235619
1782484374143,-72,-72,0.000,6.599,6.591,0.157,0.126,0.199,25.818,1235652
1782484374179,-77,-77,0.000,6.591,6.591,0.157,0.188,0.188,25.818,1235685
1782484374210,-82,-82,0.000,6.599,6.591,0.157,0.157,0.215,25.818,1235718
1782484374243,-85,-85,0.000,6.591,6.591,0.188,0.157,0.199,25.818,1235751
1782484374277,-90,-90,0.000,6.599,6.591,0.220,0.188,0.188,25.818,1235784
1782484374315,-95,-95,0.006,6.591,6.582,0.188,0.157,0.183,25.818,1235817
1782484374344,-97,-97,0.000,6.591,6.591,0.188,0.188,0.194,25.818,1235850
1782484374377,-102,-102,0.000,6.591,6.591,0.188,0.157,0.188,25.904,1235883
1782484374410,-107,-107,0.000,6.591,6.591,0.220,0.157,0.161,25.904,1235916
1782484374448,-112,-112,0.000,6.591,6.591,0.188,0.157,0.183,25.818,1235949
1782484374475,-115,-115,0.000,6.591,6.591,0.188,0.188,0.172,25.818,1235982
1782484374509,-120,-120,0.000,6.591,6.591,0.188,0.157,0.172,25.818,1236015
1782484374571,-127,-127,0.000,6.591,6.591,0.157,0.188,0.172,25.904,1236048
1782484374595,-130,-130,0.000,6.591,6.591,0.188,0.157,0.167,25.904,1236081
1782484374628,-135,-135,0.000,6.591,6.582,0.188,0.157,0.194,25.818,1236114
1782484374651,-137,-137,0.000,6.591,6.591,0.188,0.157,0.161,25.818,1236147
1782484374684,-140,-140,0.000,6.599,6.599,0.188,0.157,0.172,25.818,1236180
1782484374717,-145,-145,0.000,6.591,6.591,0.126,0.188,0.177,25.818,1236213
1782484374753,-150,-150,0.000,6.591,6.591,0.188,0.126,0.204,25.818,1236246
1782484374782,-152,-152,0.000,6.582,6.582,0.188,0.157,0.172,25.818,1236279
1782484374816,-157,-157,0.000,6.591,6.591,0.188,0.188,0.161,25.904,1236312
1782484374849,-162,-162,0.006,6.599,6.591,0.188,0.157,0.167,25.904,1236345
1782484374882,-165,-165,0.006,6.599,6.591,0.188,0.157,0.172,25.818,1236378
1782484374915,-170,-170,0.000,6.591,6.591,0.188,0.188,0.156,25.818,1236411
1782484374965,-175,-175,0.006,6.591,6.582,0.188,0.157,0.161,25.818,1236444
1782484374986,-177,-177,0.000,6.591,6.574,0.188,0.126,0.145,25.818,1236477
1782484375029,-185,-185,0.000,6.591,6.591,0.188,0.157,0.145,25.818,1236510
1782484375047,-185,-185,0.000,6.591,6.591,0.188,0.157,0.129,25.904,1236543
1782484375080,-190,-190,0.000,6.599,6.582,0.157,0.188,0.145,25.818,1236576
1782484375113,-195,-195,0.000,6.599,6.591,0.188,0.157,0.124,25.904,1236609
1782484375146,-197,-197,0.000,6.582,6.591,0.188,0.157,0.129,25.818,1236642
1782484375179,-202,-202,0.000,6.599,6.591,0.157,0.188,0.129,25.904,1236675
1782484375213,-207,-207,0.000,6.582,6.591,0.157,0.220,0.134,25.904,1236708
1782484375245,-210,-210,0.000,6.599,6.591,0.188,0.188,0.156,25.818,1236741
1782484375278,-215,-215,0.000,6.591,6.582,0.188,0.188,0.134,25.818,1236774
1782484375313,-220,-220,0.000,6.599,6.574,0.188,0.157,0.129,25.990,1236807
1782484375343,-222,-222,0.000,6.599,6.607,0.188,0.157,0.118,25.904,1236840
1782484375379,-227,-227,0.006,6.599,6.599,0.188,0.157,0.124,25.818,1236873
1782484375410,-232,-232,0.000,6.599,6.591,0.157,0.126,0.108,25.818,1236906
1782484375443,-235,-235,0.000,6.591,6.582,0.188,0.157,0.129,25.818,1236939
1782484375476,-240,-240,0.006,6.591,6.591,0.157,0.188,0.124,25.818,1236972
1782484375511,-245,-245,0.012,6.599,6.591,0.157,0.188,0.129,25.818,1237005
1782484375542,-247,-247,0.000,6.599,6.591,0.188,0.157,0.118,25.818,1237038
1782484375575,-252,-252,0.000,6.591,6.591,0.157,0.188,0.161,25.904,1237071
1782484375607,-255,-255,0.000,6.599,6.599,0.188,0.157,0.134,25.818,1237104
1782484375643,-260,-260,0.006,6.599,6.591,0.220,0.126,0.118,25.904,1237137
1782484375694,-267,-267,0.000,6.607,6.607,0.220,0.126,0.129,25.818,1237170
1782484375719,-270,-270,0.000,6.591,6.607,0.188,0.157,0.134,25.818,1237203
1782484375741,-272,-272,0.000,6.599,6.591,0.220,0.157,0.129,25.904,1237236
1782484375777,-277,-277,0.000,6.591,6.591,0.126,0.157,0.129,25.818,1237269
1782484375806,-280,-280,0.000,6.591,6.591,0.188,0.157,0.129,25.904,1237302
1782484375838,-285,-285,0.000,6.591,6.582,0.188,0.188,0.124,25.818,1237335
1782484375879,-290,-290,0.000,6.599,6.591,0.157,0.157,0.134,25.818,1237368
1782484375905,-292,-292,0.000,6.591,6.599,0.188,0.157,0.156,25.904,1237401
1782484375939,-297,-297,0.000,6.599,6.591,0.188,0.188,0.129,25.818,1237434
1782484375992,-305,-305,0.006,6.599,6.591,0.188,0.157,0.134,25.818,1237467
1782484376006,-305,-305,0.000,6.615,6.591,0.126,0.188,0.151,25.818,1237500
1782484376038,-310,-310,0.000,6.599,6.591,0.188,0.126,0.118,25.904,1237533
1782484376071,-315,-315,0.000,6.599,6.591,0.157,0.157,0.129,25.818,1237566
1782484376105,-317,-317,0.000,6.591,6.591,0.220,0.157,0.129,25.818,1237599
1782484376138,-322,-322,0.000,6.591,6.591,0.157,0.157,0.134,25.904,1237632
1782484376175,-327,-327,0.000,6.591,6.591,0.188,0.157,0.140,25.904,1237665
1782484376205,-330,-330,0.000,6.591,6.599,0.188,0.157,0.129,25.818,1237698
1782484376239,-335,-335,0.000,6.591,6.599,0.188,0.188,0.124,25.818,1237731
1782484376271,-340,-340,0.000,6.599,6.591,0.188,0.157,0.129,25.818,1237764
1782484376304,-342,-342,0.006,6.591,6.591,0.188,0.126,0.151,25.904,1237797
1782484376338,-347,-347,0.000,6.591,6.591,0.188,0.188,0.177,25.818,1237830
1782484376371,-352,-352,0.006,6.591,6.591,0.188,0.126,0.140,25.904,1237863
1782484376405,-355,-355,0.000,6.599,6.591,0.188,0.157,0.194,25.904,1237896
1782484376437,-360,-360,0.000,6.591,6.591,0.157,0.188,0.204,25.904,1237929
1782484376471,-365,-365,0.000,6.599,6.591,0.188,0.157,0.183,25.904,1237962
1782484376503,-367,-367,0.000,6.591,6.591,0.157,0.188,0.183,25.818,1237995
1782484376542,-372,-372,0.000,6.599,6.591,0.188,0.157,0.177,25.818,1238028
1782484376581,-377,-377,0.000,6.607,6.599,0.188,0.157,0.177,25.818,1238061
1782484376604,-380,-380,0.000,6.591,6.591,0.188,0.157,0.156,25.818,1238094
1782484376638,-385,-385,0.000,6.599,6.599,0.188,0.157,0.194,25.818,1238127
1782484376671,-390,-390,0.006,6.591,6.574,0.188,0.126,0.183,25.818,1238160
1782484376703,-392,-392,0.000,6.599,6.607,0.188,0.188,0.194,25.904,1238193
1782484376736,-397,-397,0.000,6.591,6.591,0.188,0.157,0.177,25.818,1238226
1782484376770,-400,-400,0.000,6.599,6.591,0.188,0.157,0.215,25.904,1238259
1782484376803,-405,-405,0.000,6.591,6.591,0.188,0.157,0.194,25.818,1238292
1782484376837,-410,-410,0.000,6.599,6.591,0.220,0.157,0.183,25.904,1238325
1782484376871,-415,-415,0.000,6.591,6.582,0.188,0.157,0.183,25.904,1238358
1782484376911,-417,-417,0.000,6.599,6.582,0.188,0.188,0.199,25.818,1238391
1782484376937,-422,-422,0.000,6.591,6.591,0.157,0.188,0.199,25.818,1238424
1782484376969,-425,-425,0.000,6.599,6.599,0.157,0.126,0.151,25.818,1238457
1782484377005,-430,-430,0.000,6.591,6.574,0.188,0.188,0.194,25.818,1238490
1782484377035,-435,-435,0.000,6.591,6.599,0.188,0.220,0.194,25.904,1238523
1782484377070,-437,-437,0.000,6.591,6.591,0.188,0.157,0.156,25.818,1238556
1782484377108,-442,-442,0.000,6.599,6.574,0.220,0.188,0.172,25.818,1238589
1782484377135,-447,-447,0.000,6.591,6.591,0.157,0.157,0.199,25.818,1238622
1782484377169,-450,-450,0.000,6.591,6.591,0.220,0.157,0.204,25.904,1238655
1782484377206,-455,-455,0.000,6.607,6.599,0.220,0.220,0.177,25.818,1238688
1782484377235,-460,-460,0.000,6.599,6.582,0.126,0.126,0.161,25.818,1238721
1782484377269,-462,-462,0.000,6.591,6.591,0.157,0.157,0.183,25.990,1238754
1782484377316,-470,-470,0.000,6.591,6.591,0.188,0.188,0.194,25.818,1238787
1782484377336,-472,-472,0.000,6.591,6.607,0.188,0.126,0.167,25.904,1238820
1782484377371,-475,-475,0.000,6.599,6.591,0.157,0.157,0.156,25.818,1238853
1782484377402,-480,-480,0.000,6.591,6.591,0.126,0.188,0.177,25.904,1238886
1782484377435,-485,-485,0.000,6.591,6.582,0.188,0.157,0.161,25.818,1238919
1782484377468,-487,-487,0.000,6.591,6.591,0.188,0.188,0.172,25.818,1238952
1782484377501,-492,-492,0.000,6.591,6.591,0.188,0.251,0.199,25.904,1238985
1782484377535,-497,-497,0.000,6.607,6.599,0.188,0.157,0.188,25.904,1239018
1782484377567,-500,-500,0.000,6.582,6.591,0.157,0.157,0.194,25.904,1239051
1782484377612,-500,-500,0.000,6.591,6.591,0.188,0.157,0.199,25.990,1239084
1782484377651,-500,-500,0.000,6.591,6.591,0.188,0.188,0.167,25.904,1239117
1782484377669,-500,-500,0.000,6.582,6.591,0.157,0.157,0.161,25.904,1239150
1782484377700,-500,-500,0.000,6.591,6.591,0.188,0.157,0.177,25.818,1239183
1782484377736,-500,-500,0.000,6.591,6.591,0.126,0.188,0.177,25.818,1239216
1782484377768,-497,-497,0.000,6.582,6.591,0.188,0.188,0.199,25.818,1239249
1782484377800,-492,-492,0.000,6.582,6.599,0.251,0.157,0.199,25.904,1239282
1782484377837,-487,-487,0.006,6.582,6.582,0.188,0.251,0.204,25.904,1239315
1782484377869,-485,-485,0.000,6.599,6.582,0.188,0.188,0.161,25.818,1239348
1782484377900,-480,-480,0.000,6.591,6.591,0.188,0.188,0.161,25.818,1239381
1782484377933,-475,-475,0.000,6.607,6.582,0.188,0.188,0.199,25.904,1239414
1782484377969,-472,-472,0.000,6.591,6.591,0.188,0.157,0.188,25.990,1239447
1782484378000,-467,-467,0.000,6.591,6.591,0.188,0.188,0.194,25.818,1239480
1782484378034,-462,-462,0.000,6.599,6.591,0.188,0.157,0.188,25.904,1239513
1782484378067,-460,-460,0.000,6.599,6.582,0.188,0.157,0.177,25.904,1239546
1782484378101,-455,-455,0.000,6.591,6.599,0.188,0.157,0.188,25.818,1239579
1782484378133,-450,-450,0.000,6.591,6.591,0.157,0.157,0.183,25.818,1239612
1782484378167,-447,-447,0.006,6.591,6.591,0.188,0.157,0.188,25.818,1239645
1782484378214,-440,-440,0.000,6.591,6.582,0.188,0.157,0.194,25.818,1239678
1782484378235,-437,-437,0.000,6.591,6.582,0.188,0.126,0.161,25.818,1239711
1782484378266,-435,-435,0.000,6.591,6.591,0.157,0.157,0.161,25.904,1239744
1782484378299,-430,-430,0.000,6.599,6.591,0.188,0.126,0.167,25.818,1239777
1782484378337,-425,-425,0.000,6.582,6.591,0.188,0.157,0.194,25.904,1239810
1782484378366,-422,-422,0.000,6.599,6.582,0.157,0.157,0.177,25.818,1239843
1782484378399,-417,-417,0.000,6.591,6.591,0.188,0.157,0.204,25.818,1239876
1782484378439,-412,-412,0.000,6.591,6.591,0.220,0.126,0.161,25.818,1239909
1782484378466,-410,-410,0.000,6.591,6.582,0.220,0.157,0.210,25.818,1239942
1782484378512,-405,-405,0.000,6.591,6.582,0.188,0.157,0.172,25.904,1239975
1782484378539,-400,-400,0.000,6.591,6.582,0.188,0.188,0.156,25.904,1240008
1782484378567,-397,-397,0.000,6.607,6.591,0.188,0.188,0.172,25.904,1240041
1782484378602,-392,-392,0.012,6.591,6.582,0.157,0.157,0.183,25.818,1240074
1782484378635,-387,-387,0.000,6.591,6.574,0.188,0.157,0.199,25.904,1240107
1782484378665,-385,-385,0.000,6.591,6.591,0.188,0.157,0.161,25.818,1240140
1782484378698,-380,-380,0.000,6.591,6.591,0.188,0.188,0.177,25.904,1240173
1782484378732,-377,-377,0.000,6.599,6.574,0.188,0.157,0.194,25.904,1240206
1782484378764,-372,-372,0.000,6.591,6.574,0.126,0.126,0.172,25.904,1240239
1782484378799,-367,-367,0.000,6.582,6.582,0.188,0.126,0.172,25.818,1240272
1782484378832,-365,-365,0.006,6.607,6.591,0.188,0.157,0.177,25.904,1240305
1782484378865,-360,-360,0.006,6.599,6.591,0.126,0.157,0.188,25.818,1240338
1782484378898,-355,-355,0.000,6.582,6.582,0.188,0.157,0.177,25.904,1240371
1782484378931,-352,-352,0.000,6.591,6.591,0.188,0.188,0.194,25.818,1240404
1782484378974,-345,-345,0.000,6.591,6.582,0.188,0.157,0.188,25.904,1240437
1782484379007,-342,-342,0.000,6.599,6.591,0.188,0.157,0.199,25.818,1240470
1782484379040,-337,-337,0.000,6.591,6.591,0.188,0.157,0.204,25.904,1240503
1782484379073,-335,-335,0.000,6.591,6.582,0.188,0.157,0.161,25.904,1240536
1782484379105,-330,-330,0.000,6.607,6.591,0.188,0.188,0.177,25.904,1240569
1782484379139,-325,-325,0.000,6.591,6.582,0.188,0.157,0.177,25.904,1240602
1782484379171,-322,-322,0.000,6.582,6.591,0.220,0.157,0.177,25.904,1240635
1782484379205,-317,-317,0.000,6.591,6.591,0.188,0.126,0.183,25.904,1240668
1782484379239,-312,-312,0.000,6.591,6.582,0.220,0.157,0.183,25.818,1240701
1782484379272,-310,-310,0.000,6.591,6.599,0.188,0.157,0.156,25.904,1240734
1782484379305,-305,-305,0.000,6.591,6.591,0.157,0.220,0.129,25.904,1240767
1782484379337,-300,-300,0.000,6.591,6.591,0.220,0.157,0.161,25.818,1240800
1782484379370,-297,-297,0.000,6.599,6.591,0.188,0.188,0.151,25.818,1240833
1782484379403,-292,-292,0.000,6.591,6.591,0.188,0.157,0.124,25.818,1240866
1782484379443,-287,-287,0.000,6.591,6.591,0.157,0.157,0.134,25.904,1240899
1782484379473,-285,-285,0.000,6.591,6.591,0.188,0.157,0.134,25.904,1240932
1782484379506,-280,-280,0.000,6.599,6.591,0.188,0.126,0.140,25.904,1240965
1782484379535,-275,-275,0.000,6.591,6.591,0.251,0.157,0.124,25.904,1240998
1782484379568,-272,-272,0.000,6.591,6.591,0.188,0.157,0.151,25.818,1241031
1782484379601,-267,-267,0.000,6.599,6.599,0.188,0.188,0.118,25.904,1241064
1782484379636,-262,-262,0.000,6.599,6.591,0.188,0.188,0.129,25.818,1241097
1782484379669,-260,-260,0.000,6.599,6.599,0.188,0.157,0.118,25.818,1241130
1782484379699,-255,-255,0.000,6.591,6.591,0.188,0.126,0.108,25.904,1241163
1782484379733,-252,-252,0.000,6.599,6.591,0.157,0.157,0.129,25.818,1241196
1782484379770,-247,-247,0.000,6.591,6.582,0.188,0.157,0.118,25.818,1241229
1782484379799,-242,-242,0.006,6.599,6.591,0.220,0.157,0.156,25.818,1241262
1782484379832,-240,-240,0.000,6.599,6.574,0.188,0.188,0.129,25.818,1241295
1782484379869,-235,-235,0.000,6.599,6.599,0.188,0.126,0.118,25.904,1241328
1782484379898,-230,-230,0.000,6.599,6.591,0.251,0.157,0.124,25.818,1241361
1782484379931,-227,-227,0.000,6.599,6.591,0.188,0.157,0.129,25.818,1241394
1782484379964,-222,-222,0.006,6.599,6.599,0.188,0.157,0.124,25.818,1241427
1782484379997,-217,-217,0.000,6.607,6.591,0.157,0.157,0.129,25.818,1241460
1782484380030,-215,-215,0.000,6.599,6.591,0.157,0.157,0.129,25.818,1241493
1782484380063,-210,-210,0.000,6.599,6.591,0.188,0.157,0.172,25.904,1241526
1782484380096,-205,-205,0.000,6.591,6.591,0.126,0.126,0.129,25.818,1241559
1782484380129,-202,-202,0.000,6.599,6.591,0.188,0.188,0.124,25.818,1241592
1782484380162,-197,-197,0.000,6.599,6.591,0.157,0.157,0.156,25.818,1241625
1782484380195,-192,-192,0.000,6.591,6.591,0.157,0.188,0.129,25.904,1241658
1782484380230,-190,-190,0.000,6.591,6.591,0.157,0.220,0.134,25.818,1241691
1782484380263,-185,-185,0.000,6.582,6.591,0.188,0.157,0.172,25.818,1241724
1782484380311,-180,-180,0.000,6.599,6.591,0.188,0.188,0.129,25.818,1241757
1782484380328,-177,-177,0.000,6.599,6.582,0.188,0.157,0.129,25.818,1241790
1782484380361,-172,-172,0.000,6.599,6.591,0.188,0.188,0.140,25.818,1241823
1782484380394,-170,-170,0.000,6.591,6.591,0.188,0.157,0.124,25.818,1241856
1782484380428,-165,-165,0.000,6.599,6.591,0.188,0.188,0.124,25.904,1241889
1782484380461,-160,-160,0.000,6.591,6.591,0.188,0.157,0.145,25.818,1241922
1782484380494,-157,-157,0.000,6.599,6.591,0.188,0.126,0.134,25.818,1241955
1782484380529,-152,-152,0.000,6.599,6.591,0.251,0.157,0.134,25.818,1241988
1782484380561,-147,-147,0.000,6.599,6.582,0.188,0.126,0.129,25.904,1242021
1782484380593,-145,-145,0.000,6.599,6.591,0.188,0.188,0.129,25.818,1242054
1782484380631,-140,-140,0.000,6.599,6.591,0.188,0.157,0.134,25.818,1242087
1782484380661,-135,-135,0.000,6.599,6.599,0.157,0.157,0.124,25.904,1242120
1782484380694,-132,-132,0.000,6.591,6.582,0.188,0.157,0.194,25.818,1242153
1782484380727,-127,-127,0.000,6.582,6.591,0.188,0.126,0.161,25.904,1242186
1782484380763,-122,-122,0.006,6.591,6.591,0.188,0.157,0.172,25.904,1242219
1782484380796,-117,-117,0.000,6.591,6.591,0.188,0.157,0.199,25.818,1242252
1782484380827,-115,-115,0.000,6.591,6.591,0.188,0.157,0.183,25.818,1242285
1782484380860,-110,-110,0.000,6.591,6.591,0.188,0.188,0.161,25.818,1242318
1782484380898,-105,-105,0.000,6.591,6.599,0.188,0.188,0.172,25.904,1242351
1782484380927,-102,-102,0.006,6.591,6.591,0.188,0.157,0.172,25.904,1242384
1782484380959,-97,-97,0.000,6.599,6.599,0.188,0.126,0.194,25.818,1242417
1782484380999,-92,-92,0.000,6.591,6.591,0.188,0.157,0.183,25.818,1242450
1782484381026,-90,-90,0.000,6.591,6.591,0.188,0.157,0.172,25.904,1242483
1782484381060,-85,-85,0.000,6.591,6.591,0.188,0.188,0.194,25.904,1242516
1782484381103,-80,-80,0.000,6.599,6.591,0.188,0.157,0.177,25.904,1242549
1782484381126,-77,-77,0.000,6.607,6.582,0.188,0.157,0.161,25.818,1242582
1782484381162,-72,-72,0.000,6.599,6.582,0.188,0.157,0.172,25.818,1242615
1782484381195,-70,-70,0.000,6.591,6.591,0.188,0.157,0.167,25.904,1242648
1782484381226,-65,-65,0.000,6.599,6.591,0.188,0.157,0.167,25.904,1242681
1782484381259,-60,-60,0.006,6.591,6.591,0.188,0.188,0.183,25.904,1242714
1782484381292,-57,-57,0.000,6.591,6.582,0.188,0.157,0.194,25.818,1242747
1782484381325,-52,-52,0.000,6.591,6.591,0.188,0.188,0.177,25.818,1242780
1782484381359,-47,-47,0.000,6.591,6.582,0.157,0.157,0.194,25.818,1242813
1782484381392,-45,-45,0.006,6.599,6.582,0.188,0.157,0.188,25.904,1242846
1782484381426,-40,-40,0.000,6.591,6.599,0.157,0.157,0.183,25.818,1242879
1782484381459,-35,-35,0.000,6.591,6.591,0.188,0.157,0.183,25.818,1242912
1782484381492,-32,-32,0.000,6.607,6.591,0.188,0.157,0.194,25.904,1242945
1782484381526,-27,-27,0.000,6.607,6.574,0.188,0.188,0.194,25.904,1242978
1782484381559,-22,-22,0.000,6.607,6.582,0.188,0.126,0.156,25.904,1243011
1782484381592,-20,-20,0.000,6.591,6.591,0.188,0.126,0.172,25.904,1243044
1782484381625,-15,-15,0.000,6.599,6.582,0.188,0.157,0.183,25.904,1243077
1782484381660,-10,-10,0.000,6.591,6.582,0.220,0.157,0.183,25.818,1243110
1782484381691,-7,-7,0.000,6.591,6.582,0.188,0.188,0.177,25.818,1243143
1782484381724,-2,-2,0.006,6.591,6.582,0.188,0.157,0.194,25.904,1243176
1782484381758,0,0,0.000,6.591,6.591,0.188,0.157,0.194,25.904,1243209
1782484381791,0,0,0.000,6.582,6.599,0.188,0.157,0.183,25.818,1243242
1782484381837,0,0,0.000,6.591,6.591,0.188,0.188,0.183,25.904,1243275
1782484381862,0,0,0.000,6.591,6.591,0.157,0.157,0.167,25.904,1243308
1782484381892,0,0,0.000,6.591,6.591,0.188,0.157,0.177,25.904,1243341
1782484381924,0,0,0.000,6.599,6.591,0.188,0.157,0.177,25.818,1243374
1782484381963,0,0,0.006,6.574,6.591,0.157,0.188,0.161,25.818,1243407
1782484381991,0,0,0.000,6.582,6.591,0.220,0.126,0.220,25.904,1243440
1782484382025,0,0,0.000,6.591,6.591,0.188,0.157,0.183,25.818,1243473
1782484382057,0,0,0.000,6.591,6.582,0.188,0.157,0.194,25.904,1243506
1782484382090,2,2,0.000,6.591,6.591,0.220,0.157,0.172,25.818,1243539
1782484382126,7,7,0.000,6.591,6.582,0.126,0.126,0.183,25.904,1243572
1782484382157,12,12,0.000,6.591,6.591,0.188,0.126,0.194,25.904,1243605
1782484382190,15,15,0.000,6.591,6.591,0.188,0.157,0.167,25.904,1243638
1782484382224,20,20,0.006,6.599,6.574,0.188,0.157,0.199,25.904,1243671
1782484382257,25,25,0.000,6.591,6.591,0.188,0.157,0.194,25.904,1243704
1782484382291,27,27,0.006,6.599,6.591,0.188,0.157,0.204,25.904,1243737
1782484382330,32,32,0.000,6.599,6.591,0.188,0.157,0.183,25.818,1243770
1782484382357,37,37,0.000,6.582,6.599,0.188,0.157,0.199,25.904,1243803
1782484382390,40,40,0.000,6.591,6.591,0.220,0.157,0.172,25.818,1243836
1782484382423,45,45,0.000,6.582,6.591,0.188,0.157,0.194,25.904,1243869
1782484382456,47,47,0.000,6.599,6.591,0.220,0.157,0.161,25.818,1243902
1782484382490,52,52,0.000,6.599,6.591,0.188,0.157,0.194,25.904,1243935
1782484382536,57,57,0.000,6.591,6.591,0.188,0.157,0.172,25.818,1243968
1782484382558,62,62,0.000,6.591,6.591,0.157,0.126,0.161,25.818,1244001
1782484382590,65,65,0.000,6.599,6.599,0.188,0.157,0.161,25.904,1244034
1782484382623,70,70,0.000,6.591,6.591,0.188,0.157,0.188,25.818,1244067
1782484382656,72,72,0.000,6.591,6.582,0.157,0.188,0.172,25.818,1244100
1782484382689,77,77,0.006,6.591,6.574,0.188,0.157,0.183,25.904,1244133
1782484382724,82,82,0.000,6.591,6.582,0.188,0.126,0.194,25.818,1244166
1782484382772,87,87,0.000,6.591,6.591,0.188,0.126,0.177,25.818,1244199
1782484382794,90,90,0.000,6.591,6.591,0.188,0.157,0.167,25.904,1244232
1782484382822,95,95,0.006,6.582,6.591,0.188,0.126,0.183,25.990,1244265
1782484382856,97,97,0.000,6.591,6.582,0.188,0.157,0.194,25.904,1244298
1782484382889,102,102,0.000,6.591,6.591,0.188,0.126,0.172,25.818,1244331
1782484382922,107,107,0.000,6.591,6.574,0.251,0.188,0.177,25.904,1244364
1782484382955,110,110,0.000,6.582,6.566,0.251,0.220,0.199,25.904,1244397
1782484382993,115,115,0.012,6.566,6.582,0.251,0.251,0.194,25.904,1244430
1782484383022,120,120,0.006,6.591,6.574,0.282,0.188,0.177,25.904,1244463
1782484383055,122,122,0.006,6.566,6.557,0.282,0.251,0.194,25.904,1244496
1782484383089,127,127,0.000,6.557,6.549,0.345,0.251,0.188,25.904,1244529
1782484383123,132,132,0.006,6.574,6.541,0.377,0.251,0.194,25.904,1244562
1782484383155,135,135,0.000,6.557,6.549,0.439,0.282,0.172,25.904,1244595
1782484383192,140,140,0.006,6.557,6.566,0.408,0.282,0.161,25.904,1244628
1782484383221,145,145,0.000,6.549,6.541,0.502,0.314,0.172,25.818,1244661
1782484383264,150,150,0.000,6.541,6.533,0.408,0.377,0.194,25.904,1244694
1782484383300,155,155,0.006,6.541,6.541,0.377,0.377,0.177,25.818,1244727
1782484383330,157,157,0.000,6.541,6.541,0.502,0.314,0.177,25.818,1244760
1782484383363,162,162,0.000,6.557,6.541,0.377,0.220,0.188,25.818,1244793
1782484383397,165,165,0.000,6.549,6.541,0.408,0.345,0.188,25.904,1244826
1782484383430,170,170,0.012,6.557,6.549,0.471,0.251,0.151,25.904,1244859
1782484383473,175,175,0.000,6.557,6.541,0.565,0.251,0.183,25.904,1244892
1782484383499,180,180,0.006,6.549,6.533,0.439,0.377,0.151,25.818,1244925
1782484383528,182,182,0.000,6.549,6.549,0.408,0.314,0.167,25.818,1244958
1782484383561,187,187,0.000,6.541,6.541,0.408,0.282,0.145,25.904,1244991
1782484383602,192,192,0.000,6.541,6.541,0.377,0.314,0.156,25.904,1245024
1782484383627,195,195,0.000,6.549,6.549,0.471,0.282,0.129,25.818,1245057
1782484383662,200,200,0.000,6.557,6.524,0.533,0.282,0.134,25.904,1245090
1782484383693,202,202,0.000,6.541,6.524,0.502,0.377,0.161,25.818,1245123
1782484383726,207,207,0.000,6.533,6.541,0.502,0.408,0.124,25.818,1245156
1782484383764,212,212,0.000,6.541,6.524,0.565,0.314,0.124,25.904,1245189
1782484383794,215,215,0.000,6.541,6.516,0.690,0.439,0.161,25.904,1245222
1782484383825,220,220,0.000,6.524,6.524,0.596,0.377,0.151,25.904,1245255
1782484383863,225,225,0.000,6.524,6.508,0.533,0.408,0.129,25.818,1245288
1782484383904,230,230,0.006,6.516,6.524,0.753,0.314,0.156,25.904,1245321
1782484383940,235,235,0.000,6.533,6.508,0.659,0.408,0.124,25.904,1245354
1782484383957,235,235,0.000,6.524,6.508,0.722,0.345,0.134,25.818,1245387
1782484383992,240,240,0.000,6.508,6.499,0.722,0.502,0.167,25.818,1245420
1782484384023,245,245,0.000,6.508,6.499,0.941,0.471,0.134,25.818,1245453
1782484384055,247,247,0.000,6.491,6.475,1.161,0.439,0.129,25.818,1245486
1782484384089,252,252,0.006,6.499,6.475,0.941,0.659,0.156,25.818,1245519
1782484384121,257,257,0.000,6.499,6.483,0.879,0.565,0.129,25.904,1245552
1782484384163,262,262,0.000,6.483,6.475,1.130,0.628,0.134,25.818,1245585
1782484384188,265,265,0.006,6.475,6.466,0.910,0.816,0.145,25.818,1245618
1782484384222,270,270,0.000,6.483,6.475,0.879,0.533,0.134,25.818,1245651
1782484384254,272,272,0.006,6.491,6.458,0.879,0.722,0.129,25.904,1245684
1782484384287,272,272,0.006,6.466,6.458,0.879,0.596,0.129,25.904,1245717
1782484384321,267,267,0.000,6.475,6.458,1.067,0.628,0.140,25.990,1245750
1782484384352,265,265,0.000,6.475,6.458,1.004,0.596,0.134,25.818,1245783
1782484384399,260,260,0.000,6.475,6.466,0.973,0.565,0.151,25.818,1245816
1782484384439,255,255,0.000,6.491,6.483,0.910,0.471,0.134,25.904,1245849
1782484384453,252,252,0.000,6.491,6.475,0.816,0.502,0.129,25.818,1245882
1782484384485,247,247,0.006,6.499,6.475,1.004,0.502,0.129,25.904,1245915
1782484384522,242,242,0.000,6.491,6.483,0.973,0.471,0.129,25.904,1245948
1782484384552,240,240,0.000,6.491,6.491,0.879,0.408,0.134,25.818,1245981
1782484384585,235,235,0.000,6.499,6.499,0.753,0.471,0.129,25.904,1246014
1782484384618,232,232,0.000,6.499,6.491,0.722,0.408,0.129,25.818,1246047
1782484384651,227,227,0.006,6.516,6.499,0.565,0.565,0.129,25.818,1246080
1782484384686,222,222,0.000,6.499,6.499,0.690,0.439,0.124,25.904,1246113
1782484384718,220,220,0.000,6.499,6.491,0.816,0.471,0.134,25.818,1246146
1782484384761,212,212,0.000,6.516,6.499,0.596,0.439,0.134,25.818,1246179
1782484384788,210,210,0.000,6.524,6.508,0.533,0.314,0.129,25.818,1246212
1782484384819,207,207,0.000,6.516,6.508,0.628,0.282,0.134,25.904,1246245
1782484384851,207,197,0.000,6.524,6.524,0.408,0.377,0.134,25.990,1246278
1782484384890,207,187,0.000,6.524,6.516,0.471,0.377,0.129,25.818,1246311
1782484384917,207,182,0.006,6.541,6.524,0.439,0.314,0.172,25.904,1246344
1782484384951,207,172,0.000,6.533,6.524,0.439,0.377,0.151,25.818,1246377
1782484384984,207,162,0.000,6.541,6.533,0.345,0.377,0.183,25.904,1246410
1782484385017,207,157,0.000,6.549,6.524,0.377,0.345,0.161,25.904,1246443
1782484385053,207,147,0.000,6.557,6.533,0.251,0.314,0.194,25.904,1246476
1782484385112,207,132,0.006,6.549,6.524,0.220,0.408,0.183,25.904,1246509
1782484385118,207,132,0.006,6.533,6.533,0.188,0.439,0.226,25.818,1246542
1782484385151,207,122,0.000,6.533,6.533,0.251,0.565,0.194,25.818,1246575
1782484385184,207,112,0.000,6.541,6.541,0.188,0.377,0.177,25.904,1246608
1782484385226,207,102,0.000,6.541,6.533,0.188,0.596,0.177,25.904,1246641
1782484385250,207,97,0.000,6.541,6.541,0.220,0.471,0.161,25.818,1246674
1782484385283,207,87,0.000,6.541,6.533,0.188,0.471,0.177,25.818,1246707
1782484385317,207,82,0.006,6.549,6.541,0.220,0.408,0.194,25.818,1246740
1782484385350,207,72,0.000,6.557,6.541,0.220,0.533,0.177,25.904,1246773
1782484385383,207,62,0.000,6.549,6.533,0.126,0.471,0.177,25.818,1246806
1782484385417,207,57,0.000,6.541,6.533,0.126,0.565,0.177,25.904,1246839
1782484385450,202,52,0.000,6.541,6.533,0.188,0.502,0.199,25.818,1246872
1782484385487,192,52,0.000,6.541,6.541,0.157,0.439,0.172,25.904,1246905
1782484385518,187,52,0.000,6.541,6.533,0.188,0.628,0.177,25.904,1246938
1782484385551,177,52,0.000,6.549,6.549,0.188,0.408,0.183,25.904,1246971
1782484385583,167,52,0.000,6.557,6.541,0.188,0.282,0.156,25.818,1247004
1782484385616,162,52,0.000,6.557,6.549,0.188,0.408,0.194,25.904,1247037
1782484385650,152,52,0.000,6.557,6.549,0.220,0.251,0.172,25.904,1247070
1782484385682,142,52,0.000,6.557,6.566,0.188,0.251,0.188,25.904,1247103
1782484385715,137,52,0.000,6.557,6.557,0.188,0.251,0.194,25.904,1247136
1782484385751,127,52,0.000,6.549,6.549,0.188,0.314,0.183,25.818,1247169
1782484385782,117,52,0.000,6.557,6.557,0.188,0.220,0.177,25.990,1247202
1782484385816,112,52,0.000,6.557,6.557,0.157,0.282,0.194,25.904,1247235
1782484385860,102,52,0.000,6.549,6.566,0.188,0.314,0.177,25.904,1247268
1782484385894,92,52,0.006,6.566,6.566,0.188,0.251,0.172,25.904,1247301
1782484385915,87,52,0.000,6.566,6.566,0.188,0.188,0.172,25.904,1247334
1782484385949,77,52,0.006,6.574,6.566,0.188,0.157,0.172,25.904,1247367
1782484385982,67,52,0.000,6.582,6.566,0.188,0.157,0.215,25.818,1247400
1782484386019,62,52,0.000,6.566,6.574,0.188,0.157,0.172,25.904,1247433
1782484386059,52,52,0.000,6.582,6.566,0.188,0.157,0.161,25.818,1247466
1782484386084,47,47,0.000,6.574,6.574,0.188,0.188,0.167,25.904,1247499
1782484386119,45,45,0.000,6.574,6.574,0.188,0.157,0.183,25.818,1247532
1782484386150,40,40,0.006,6.574,6.566,0.188,0.157,0.172,25.818,1247565
1782484386182,35,35,0.000,6.574,6.574,0.220,0.157,0.194,25.904,1247598
1782484386221,32,32,0.012,6.574,6.574,0.157,0.157,0.172,25.904,1247631
1782484386248,27,27,0.000,6.582,6.557,0.220,0.126,0.172,25.904,1247664
1782484386281,25,25,0.000,6.557,6.574,0.188,0.126,0.177,25.818,1247697
1782484386315,20,20,0.006,6.574,6.566,0.157,0.188,0.172,25.904,1247730
1782484386347,15,15,0.000,6.582,6.574,0.188,0.157,0.161,25.904,1247763
1782484386380,12,12,0.000,6.574,6.566,0.188,0.126,0.183,25.904,1247796
1782484386414,7,7,0.006,6.574,6.582,0.157,0.188,0.194,25.904,1247829
1782484386447,2,2,0.006,6.591,6.566,0.188,0.157,0.161,25.904,1247862
1782484386481,0,0,0.000,6.574,6.574,0.157,0.188,0.172,25.904,1247895
1782484386514,0,0,0.006,6.591,6.574,0.157,0.157,0.194,25.904,1247928
1782484386547,0,0,0.000,6.582,6.574,0.188,0.188,0.172,25.904,1247961
1782484386581,0,0,0.000,6.574,6.566,0.188,0.157,0.183,25.904,1247994
1782484386613,0,0,0.000,6.574,6.582,0.188,0.157,0.188,25.904,1248027
1782484386647,0,0,0.000,6.582,6.574,0.188,0.094,0.177,25.818,1248060
1782484386681,0,0,0.000,6.574,6.574,0.220,0.157,0.167,25.904,1248093
1782484386713,0,0,0.000,6.582,6.574,0.126,0.188,0.172,25.818,1248126
1782484386748,0,0,0.000,6.582,6.574,0.188,0.157,0.172,25.990,1248159
1782484386780,2,-2,0.000,6.582,6.574,0.188,0.157,0.188,25.904,1248192
1782484386814,7,-7,0.000,6.574,6.574,0.188,0.157,0.188,25.904,1248225
1782484386846,12,-12,0.000,6.574,6.582,0.188,0.126,0.194,25.904,1248258
1782484386883,17,-17,0.000,6.574,6.574,0.188,0.126,0.194,25.818,1248291
1782484386912,20,-20,0.000,6.582,6.566,0.157,0.126,0.194,25.904,1248324
1782484386946,25,-25,0.000,6.574,6.566,0.157,0.157,0.199,25.904,1248357
1782484386982,27,-27,0.006,6.574,6.574,0.188,0.157,0.194,25.904,1248390
1782484387013,32,-32,0.000,6.574,6.574,0.220,0.094,0.172,25.904,1248423
1782484387047,37,-37,0.000,6.574,6.574,0.188,0.157,0.177,25.818,1248456
1782484387083,42,-42,0.006,6.582,6.582,0.188,0.157,0.167,25.904,1248489
1782484387112,45,-45,0.000,6.566,6.574,0.188,0.157,0.172,25.904,1248522
1782484387147,50,-50,0.000,6.582,6.582,0.220,0.188,0.156,25.904,1248555
1782484387180,52,-52,0.000,6.582,6.574,0.188,0.157,0.161,25.990,1248588
1782484387212,57,-57,0.000,6.582,6.599,0.188,0.220,0.194,25.904,1248621
1782484387246,62,-62,0.000,6.582,6.582,0.188,0.188,0.183,25.818,1248654
1782484387278,65,-65,0.000,6.582,6.574,0.157,0.188,0.188,25.904,1248687
1782484387312,70,-70,0.000,6.591,6.574,0.188,0.157,0.161,25.818,1248720
1782484387349,75,-75,0.006,6.582,6.582,0.188,0.157,0.172,25.904,1248753
1782484387378,77,-77,0.000,6.582,6.574,0.188,0.157,0.177,25.904,1248786
1782484387411,82,-82,0.000,6.574,6.574,0.188,0.188,0.183,25.904,1248819
1782484387451,87,-87,0.000,6.582,6.582,0.126,0.157,0.194,25.904,1248852
1782484387480,90,-90,0.000,6.582,6.566,0.188,0.157,0.177,25.818,1248885
1782484387515,95,-95,0.006,6.582,6.574,0.188,0.157,0.188,25.904,1248918
1782484387554,100,-100,0.006,6.599,6.574,0.157,0.188,0.177,25.904,1248951
1782484387587,105,-105,0.000,6.591,6.566,0.188,0.157,0.172,25.904,1248984
1782484387624,110,-110,0.012,6.591,6.574,0.188,0.157,0.172,25.818,1249017
1782484387656,112,-112,0.000,6.574,6.566,0.188,0.251,0.167,25.904,1249050
1782484387690,117,-117,0.000,6.566,6.566,0.188,0.251,0.161,25.904,1249083
1782484387719,120,-120,0.000,6.566,6.566,0.220,0.251,0.167,25.904,1249116
1782484387759,125,-125,0.000,6.566,6.566,0.251,0.220,0.172,25.818,1249149
1782484387784,130,-130,0.000,6.566,6.557,0.251,0.220,0.177,25.904,1249182
1782484387817,132,-132,0.000,6.566,6.549,0.282,0.282,0.177,25.904,1249215
1782484387851,137,-137,0.000,6.549,6.549,0.314,0.314,0.151,25.904,1249248
1782484387884,142,-142,0.000,6.549,6.541,0.377,0.282,0.167,25.990,1249281
1782484387917,145,-145,0.006,6.549,6.524,0.377,0.471,0.129,25.904,1249314
1782484387949,150,-150,0.000,6.541,6.524,0.439,0.502,0.134,25.904,1249347
1782484387984,155,-155,0.000,6.524,6.508,0.439,0.659,0.151,25.818,1249380
1782484388015,157,-157,0.000,6.524,6.508,0.471,0.565,0.177,25.904,1249413
1782484388048,162,-162,0.012,6.508,6.491,0.628,0.659,0.129,25.904,1249446
1782484388082,165,-165,0.000,6.491,6.483,0.690,0.816,0.129,25.818,1249479
1782484388117,170,-170,0.000,6.499,6.483,0.847,0.471,0.140,25.904,1249512
1782484388148,175,-175,0.000,6.491,6.483,0.722,0.533,0.177,25.904,1249545
1782484388182,177,-177,0.000,6.491,6.491,0.784,0.502,0.134,25.904,1249578
1782484388214,182,-182,0.006,6.483,6.483,0.973,0.533,0.140,25.818,1249611
1782484388247,187,-187,0.000,6.475,6.450,1.224,0.565,0.129,25.818,1249644
1782484388280,190,-190,0.000,6.499,6.491,0.941,0.439,0.124,25.904,1249677
1782484388315,195,-195,0.000,6.508,6.491,0.690,0.471,0.129,25.818,1249710
1782484388345,200,-200,0.000,6.499,6.499,0.659,0.502,0.161,25.904,1249743
1782484388379,202,-202,0.006,6.516,6.499,0.502,0.502,0.124,25.904,1249776
1782484388420,207,-207,0.006,6.508,6.491,0.690,0.596,0.124,25.904,1249809
1782484388453,212,-212,0.006,6.508,6.491,0.659,0.596,0.129,25.904,1249842
1782484388478,215,-215,0.000,6.508,6.491,0.596,0.533,0.129,25.904,1249875
1782484388525,222,-222,0.000,6.499,6.483,0.784,0.596,0.134,25.904,1249908
1782484388544,222,-222,0.000,6.516,6.491,0.628,0.565,0.134,25.904,1249941
1782484388578,227,-227,0.000,6.499,6.483,0.784,0.565,0.134,25.818,1249974
1782484388613,232,-232,0.006,6.483,6.483,0.816,0.659,0.134,25.904,1250007
1782484388643,235,-235,0.000,6.483,6.475,0.941,0.628,0.124,25.904,1250040
1782484388679,240,-240,0.000,6.475,6.475,0.879,0.565,0.129,25.818,1250073
1782484388710,245,-245,0.000,6.466,6.458,0.816,0.753,0.129,25.904,1250106
1782484388742,247,-247,0.000,6.483,6.483,1.004,0.628,0.129,25.904,1250139
1782484388783,252,-252,0.000,6.458,6.458,0.879,0.816,0.129,25.904,1250172
1782484388824,257,-257,0.000,6.466,6.450,0.879,0.659,0.167,25.904,1250205
1782484388841,260,-260,0.000,6.458,6.450,0.910,0.722,0.134,25.904,1250238
1782484388874,265,-265,0.000,6.450,6.433,0.973,0.847,0.134,25.904,1250271
1782484388908,270,-270,0.000,6.458,6.425,1.161,0.753,0.140,25.904,1250304
1782484388941,272,-272,0.000,6.433,6.417,1.161,1.035,0.140,25.818,1250337
1782484388975,277,-277,0.006,6.425,6.408,1.381,0.847,0.129,25.818,1250370
1782484389007,282,-282,0.000,6.425,6.425,1.192,1.098,0.134,25.904,1250403
1782484389041,280,-280,0.000,6.425,6.408,0.941,1.098,0.129,25.904,1250436
1782484389074,275,-275,0.000,6.408,6.384,1.224,1.224,0.140,25.818,1250469
1782484389107,270,-270,0.000,6.417,6.392,1.349,1.035,0.140,25.904,1250502
1782484389141,267,-267,0.000,6.425,6.408,1.255,1.098,0.129,25.904,1250535
1782484389178,262,-262,0.000,6.433,6.425,0.941,1.004,0.140,25.904,1250568
1782484389207,257,-257,0.006,6.450,6.442,0.910,0.722,0.145,25.904,1250601
1782484389243,255,-255,0.000,6.433,6.433,0.816,0.784,0.134,25.904,1250634
1782484389282,250,-250,0.000,6.458,6.442,0.879,0.628,0.204,25.904,1250667
1782484389308,245,-245,0.000,6.450,6.433,1.098,0.690,0.172,25.904,1250700
1782484389343,242,-242,0.000,6.450,6.425,1.130,0.847,0.177,25.904,1250733
1782484389373,237,-237,0.000,6.466,6.458,0.784,0.784,0.183,25.904,1250766
1782484389406,232,-232,0.000,6.466,6.458,0.753,0.502,0.177,25.904,1250799
1782484389440,230,-230,0.000,6.466,6.450,0.753,0.784,0.204,25.904,1250832
1782484389473,225,-225,0.006,6.458,6.466,0.753,0.753,0.204,25.904,1250865
1782484389507,220,-220,0.000,6.475,6.466,0.628,0.565,0.183,25.904,1250898
1782484389541,217,-217,0.000,6.483,6.450,0.690,0.628,0.204,25.904,1250931
1782484389573,212,-212,0.000,6.483,6.466,0.596,0.533,0.204,25.904,1250964
1782484389606,207,-207,0.000,6.491,6.466,0.628,0.502,0.183,25.904,1250997
1782484389642,205,-205,0.000,6.491,6.475,0.628,0.439,0.177,25.904,1251030
1782484389673,200,-200,0.000,6.499,6.483,0.690,0.502,0.177,25.904,1251063
1782484389705,195,-195,0.000,6.491,6.483,0.502,0.471,0.194,25.904,1251096
1782484389739,192,-192,0.000,6.491,6.499,0.690,0.408,0.199,25.904,1251129
1782484389774,197,-197,0.000,6.491,6.483,0.596,0.471,0.204,25.990,1251162
1782484389807,202,-202,0.000,6.499,6.499,0.471,0.345,0.194,25.904,1251195
1782484389838,205,-205,0.000,6.491,6.483,0.628,0.533,0.183,25.904,1251228
1782484389872,210,-210,0.000,6.491,6.483,0.565,0.533,0.194,25.904,1251261
1782484389909,215,-215,0.000,6.491,6.483,0.533,0.502,0.172,25.904,1251294
1782484389938,217,-217,0.012,6.483,6.475,0.596,0.533,0.204,25.904,1251327
1782484389972,222,-222,0.000,6.483,6.466,0.596,0.659,0.161,25.818,1251360
1782484390016,227,-227,0.000,6.483,6.475,0.690,0.502,0.161,25.818,1251393
1782484390040,230,-230,0.000,6.458,6.458,0.847,0.659,0.161,25.904,1251426
1782484390071,235,-235,0.000,6.483,6.466,0.628,0.565,0.194,25.818,1251459
1782484390113,240,-240,0.000,6.466,6.458,0.847,0.628,0.177,25.818,1251492
1782484390138,242,-242,0.000,6.475,6.458,0.753,0.596,0.183,25.904,1251525
1782484390172,247,-247,0.006,6.475,6.450,0.816,0.816,0.210,25.904,1251558
1782484390205,250,-250,0.000,6.466,6.433,0.753,0.659,0.177,25.818,1251591
1782484390237,255,-255,0.000,6.466,6.450,0.722,0.722,0.161,25.818,1251624
1782484390271,260,-260,0.006,6.466,6.442,0.690,0.659,0.183,25.904,1251657
1782484390305,262,-262,0.000,6.433,6.417,1.224,0.784,0.199,25.904,1251690
1782484390338,267,-267,0.006,6.442,6.433,0.973,0.941,0.183,25.904,1251723
1782484390371,272,-272,0.006,6.433,6.425,0.910,0.816,0.172,25.904,1251756
1782484390408,267,-267,0.012,6.400,6.408,1.130,1.067,0.199,25.904,1251789
1782484390438,265,-265,0.000,6.417,6.400,0.941,1.035,0.183,25.904,1251822
1782484390474,260,-260,0.000,6.417,6.408,1.098,0.784,0.188,25.904,1251855
1782484390504,257,-257,0.000,6.442,6.417,1.035,0.816,0.199,25.818,1251888
1782484390537,252,-252,0.000,6.433,6.425,1.161,0.690,0.188,25.818,1251921
1782484390570,247,-247,0.000,6.450,6.433,0.753,0.659,0.204,25.904,1251954
1782484390604,245,-245,0.006,6.458,6.442,0.816,0.659,0.188,25.904,1251987
1782484390637,250,-250,0.000,6.466,6.442,0.784,0.659,0.172,25.904,1252020
1782484390671,255,-255,0.000,6.466,6.458,0.753,0.533,0.194,25.818,1252053
1782484390703,257,-257,0.000,6.450,6.442,1.067,0.659,0.194,25.904,1252086
1782484390736,262,-262,0.006,6.442,6.433,0.879,0.722,0.183,25.904,1252119
1782484390770,257,-257,0.000,6.433,6.417,0.941,1.035,0.194,25.904,1252152
1782484390808,252,-252,0.000,6.417,6.392,1.098,1.004,0.199,25.818,1252185
1782484390836,250,-250,0.000,6.442,6.408,0.910,0.941,0.199,25.904,1252218
1782484390872,245,-245,0.000,6.442,6.433,0.847,0.847,0.183,25.818,1252251
1782484390904,242,-242,0.000,6.450,6.442,0.816,0.690,0.194,25.904,1252284
1782484390937,237,-237,0.000,6.458,6.442,0.784,0.628,0.188,25.818,1252317
1782484390980,232,-232,0.000,6.442,6.433,0.753,0.816,0.215,25.818,1252350
1782484391004,230,-230,0.012,6.458,6.458,0.784,0.628,0.167,25.904,1252383
1782484391036,225,-225,0.000,6.442,6.433,0.910,0.847,0.183,25.904,1252416
1782484391069,220,-220,0.000,6.466,6.466,0.659,0.565,0.188,25.904,1252449
1782484391105,217,-217,0.000,6.458,6.458,0.816,0.533,0.199,25.904,1252482
1782484391141,212,-212,0.006,6.475,6.458,0.722,0.533,0.177,25.904,1252515
1782484391169,207,-207,0.000,6.466,6.458,0.690,0.596,0.215,25.990,1252548
1782484391202,205,-205,0.000,6.491,6.491,0.628,0.471,0.172,25.904,1252581
1782484391239,200,-200,0.000,6.475,6.483,0.628,0.471,0.177,25.818,1252614
1782484391269,195,-195,0.000,6.499,6.499,0.471,0.377,0.194,25.904,1252647
1782484391302,192,-192,0.000,6.483,6.475,0.628,0.408,0.199,25.818,1252680
1782484391342,187,-187,0.000,6.491,6.483,0.565,0.408,0.172,25.904,1252713
1782484391372,182,-182,0.000,6.491,6.483,0.502,0.439,0.210,25.904,1252746
1782484391405,180,-180,0.000,6.499,6.491,0.439,0.345,0.194,25.904,1252779
1782484391434,175,-175,0.000,6.516,6.508,0.345,0.408,0.194,25.904,1252812
1782484391469,170,-170,0.000,6.508,6.508,0.345,0.314,0.161,25.904,1252845
1782484391501,167,-167,0.000,6.508,6.491,0.377,0.377,0.172,25.904,1252878
1782484391535,162,-162,0.000,6.508,6.508,0.439,0.314,0.194,25.904,1252911
1782484391568,157,-157,0.000,6.508,6.499,0.408,0.314,0.161,25.904,1252944
1782484391601,155,-155,0.000,6.499,6.491,0.502,0.345,0.194,25.904,1252977
1782484391645,150,-150,0.000,6.499,6.491,0.596,0.314,0.172,25.904,1253010
1782484391676,145,-145,0.000,6.499,6.491,0.628,0.314,0.177,25.904,1253043
1782484391703,142,-142,0.000,6.491,6.483,0.628,0.345,0.210,25.904,1253076
1782484391735,137,-137,0.000,6.491,6.499,0.533,0.251,0.188,25.904,1253109
1782484391768,132,-132,0.000,6.508,6.491,0.439,0.377,0.183,25.990,1253142
1782484391800,130,-130,0.006,6.499,6.499,0.439,0.377,0.199,25.904,1253175
1782484391844,125,-125,0.000,6.508,6.508,0.345,0.314,0.188,25.818,1253208
1782484391867,120,-120,0.000,6.516,6.508,0.314,0.314,0.183,25.904,1253241
1782484391900,117,-117,0.000,6.524,6.524,0.282,0.282,0.177,25.904,1253274
1782484391943,112,-112,0.000,6.516,6.516,0.282,0.282,0.172,25.990,1253307
1782484391976,107,-107,0.000,6.524,6.524,0.282,0.220,0.194,25.904,1253340
1782484392009,102,-102,0.000,6.533,6.524,0.251,0.220,0.183,25.904,1253373
1782484392042,100,-100,0.000,6.533,6.533,0.282,0.251,0.177,25.904,1253406
1782484392078,95,-95,0.006,6.541,6.533,0.157,0.220,0.194,25.904,1253439
1782484392118,90,-90,0.000,6.541,6.541,0.188,0.251,0.134,25.990,1253472
1782484392141,87,-87,0.000,6.557,6.557,0.188,0.157,0.118,25.904,1253505
1782484392174,82,-82,0.000,6.549,6.549,0.188,0.157,0.183,25.904,1253538
1782484392210,77,-77,0.000,6.549,6.566,0.188,0.188,0.199,25.904,1253571
1782484392240,75,-75,0.000,6.557,6.557,0.188,0.157,0.156,25.904,1253604
1782484392273,70,-70,0.000,6.557,6.549,0.188,0.157,0.140,25.818,1253637
1782484392306,67,-67,0.000,6.566,6.549,0.220,0.157,0.118,25.904,1253670
1782484392339,62,-62,0.006,6.557,6.549,0.220,0.157,0.172,25.904,1253703
1782484392372,57,-57,0.000,6.557,6.549,0.188,0.157,0.134,25.990,1253736
1782484392409,52,-52,0.000,6.557,6.549,0.188,0.157,0.129,25.904,1253769
1782484392456,47,-47,0.000,6.566,6.557,0.157,0.188,0.140,25.904,1253802
1782484392471,45,-45,0.006,6.541,6.557,0.157,0.188,0.129,25.990,1253835
1782484392503,42,-42,0.000,6.557,6.566,0.188,0.157,0.118,25.904,1253868
1782484392538,37,-37,0.000,6.557,6.541,0.188,0.157,0.129,25.904,1253901
1782484392585,32,-32,0.006,6.557,6.574,0.188,0.157,0.172,25.990,1253934
1782484392608,27,-27,0.000,6.566,6.557,0.188,0.126,0.129,25.990,1253967
1782484392636,25,-25,0.006,6.557,6.557,0.188,0.126,0.156,25.904,1254000
1782484392673,20,-20,0.006,6.557,6.566,0.188,0.157,0.129,25.904,1254033
1782484392703,17,-17,0.000,6.557,6.557,0.188,0.126,0.161,25.904,1254066
1782484392734,12,-12,0.000,6.566,6.557,0.188,0.157,0.129,25.904,1254099
1782484392771,7,-7,0.006,6.566,6.566,0.188,0.188,0.129,25.990,1254132
1782484392805,5,-5,0.000,6.557,6.557,0.188,0.188,0.118,25.904,1254165
1782484392834,0,0,0.006,6.557,6.557,0.188,0.157,0.151,25.818,1254198
1782484392866,-2,2,0.000,6.566,6.557,0.188,0.188,0.129,25.818,1254231
1782484392899,-7,7,0.000,6.566,6.557,0.126,0.157,0.129,25.904,1254264
1782484392932,-12,12,0.000,6.574,6.557,0.188,0.157,0.129,25.904,1254297
1782484392966,-15,15,0.000,6.557,6.541,0.188,0.157,0.129,25.990,1254330
1782484392999,-20,20,0.006,6.566,6.557,0.188,0.157,0.129,25.990,1254363
1782484393032,-25,25,0.006,6.557,6.557,0.126,0.157,0.124,25.904,1254396
1782484393065,-27,27,0.000,6.566,6.557,0.188,0.157,0.129,25.904,1254429
1782484393098,-32,32,0.000,6.557,6.557,0.157,0.157,0.134,25.904,1254462
1782484393131,-37,37,0.006,6.566,6.557,0.126,0.188,0.129,25.904,1254495
1782484393164,-40,40,0.006,6.582,6.566,0.188,0.188,0.124,25.904,1254528
1782484393198,-45,45,0.000,6.557,6.566,0.251,0.126,0.140,25.904,1254561
1782484393231,-50,50,0.000,6.566,6.541,0.188,0.157,0.129,25.904,1254594
1782484393264,-52,52,0.000,6.566,6.557,0.188,0.157,0.124,25.904,1254627
1782484393298,-57,57,0.000,6.566,6.557,0.157,0.157,0.129,25.904,1254660
1782484393331,-62,62,0.000,6.566,6.574,0.126,0.157,0.129,25.904,1254693
1782484393364,-65,65,0.000,6.566,6.557,0.188,0.157,0.129,25.904,1254726
1782484393397,-70,70,0.006,6.566,6.557,0.126,0.126,0.118,25.904,1254759
1782484393432,-75,75,0.000,6.557,6.557,0.188,0.157,0.129,25.904,1254792
1782484393465,-77,77,0.006,6.574,6.566,0.126,0.157,0.129,25.904,1254825
1782484393497,-82,82,0.000,6.566,6.566,0.220,0.126,0.124,25.818,1254858
1782484393530,-87,87,0.000,6.566,6.566,0.188,0.157,0.129,25.990,1254891
1782484393563,-90,90,0.000,6.566,6.557,0.220,0.126,0.161,25.904,1254924
1782484393596,-95,95,0.000,6.557,6.557,0.188,0.157,0.145,25.904,1254957
1782484393630,-100,100,0.000,6.566,6.574,0.188,0.126,0.145,25.990,1254990
1782484393665,-102,102,0.000,6.557,6.557,0.188,0.157,0.194,25.990,1255023
1782484393698,-107,107,0.000,6.557,6.557,0.282,0.157,0.188,25.904,1255056
1782484393730,-112,112,0.000,6.549,6.541,0.188,0.251,0.161,25.904,1255089
1782484393763,-115,115,0.000,6.566,6.549,0.188,0.157,0.167,25.904,1255122
1782484393801,-120,120,0.000,6.557,6.549,0.220,0.188,0.172,25.904,1255155
1782484393829,-125,125,0.000,6.549,6.549,0.282,0.188,0.188,25.990,1255188
1782484393863,-127,127,0.000,6.533,6.533,0.377,0.282,0.172,25.904,1255221
1782484393903,-132,132,0.006,6.533,6.524,0.377,0.314,0.204,25.904,1255254
1782484393929,-135,135,0.000,6.524,6.508,0.502,0.345,0.194,25.904,1255287
1782484393963,-140,140,0.000,6.516,6.516,0.439,0.377,0.199,25.904,1255320
1782484394019,-147,147,0.000,6.516,6.508,0.502,0.439,0.161,25.904,1255353
1782484394030,-150,150,0.000,6.499,6.491,0.596,0.502,0.167,25.818,1255386
1782484394064,-152,152,0.000,6.499,6.491,0.753,0.502,0.199,25.904,1255419
1782484394096,-157,157,0.000,6.491,6.458,0.879,0.345,0.199,25.904,1255452
1782484394129,-160,160,0.000,6.483,6.466,0.753,0.690,0.161,25.818,1255485
1782484394162,-165,165,0.000,6.483,6.475,0.816,0.439,0.188,25.904,1255518
1782484394196,-170,170,0.000,6.466,6.450,1.098,0.565,0.183,25.904,1255551
1782484394230,-175,175,0.000,6.466,6.450,1.255,0.408,0.156,25.904,1255584
1782484394263,-177,177,0.000,6.466,6.458,1.098,0.408,0.210,25.904,1255617
1782484394294,-182,182,0.012,6.466,6.442,1.192,0.502,0.210,25.818,1255650
1782484394328,-185,185,0.006,6.475,6.475,0.941,0.502,0.172,25.818,1255683
1782484394362,-190,190,0.000,6.483,6.466,0.816,0.439,0.183,25.904,1255716
1782484394395,-195,195,0.000,6.491,6.483,0.628,0.408,0.183,25.904,1255749
1782484394428,-197,197,0.000,6.491,6.483,0.690,0.502,0.194,25.904,1255782
1782484394463,-202,202,0.000,6.491,6.483,0.690,0.502,0.204,25.904,1255815
1782484394494,-207,207,0.000,6.491,6.475,0.659,0.439,0.167,25.904,1255848
1782484394528,-210,210,0.000,6.491,6.466,0.753,0.345,0.194,25.990,1255881
1782484394564,-215,215,0.000,6.475,6.458,0.879,0.439,0.188,25.904,1255914
1782484394600,-220,220,0.000,6.466,6.458,0.784,0.565,0.199,25.990,1255947
1782484394629,-222,222,0.006,6.458,6.450,0.910,0.690,0.210,25.904,1255980
1782484394661,-227,227,0.000,6.458,6.450,0.879,0.565,0.194,25.904,1256013
1782484394695,-232,232,0.012,6.475,6.458,0.973,0.533,0.172,25.904,1256046
1782484394727,-235,235,0.000,6.458,6.442,1.004,0.659,0.194,25.990,1256079
1782484394763,-240,240,0.000,6.458,6.450,0.941,0.659,0.177,25.904,1256112
1782484394794,-245,245,0.000,6.450,6.450,1.004,0.722,0.172,25.904,1256145
1782484394827,-247,247,0.000,6.442,6.442,0.910,0.847,0.183,25.990,1256178
1782484394861,-252,252,0.000,6.450,6.425,1.098,0.690,0.199,25.904,1256211
1782484394908,-257,257,0.000,6.442,6.425,1.035,0.690,0.210,25.904,1256244
1782484394929,-260,260,0.006,6.433,6.425,1.067,0.784,0.161,25.990,1256277
1782484394968,-265,265,0.000,6.433,6.417,1.067,0.753,0.177,25.904,1256310
1782484395003,-270,270,0.000,6.442,6.408,1.004,0.941,0.199,25.904,1256343
1782484395029,-272,272,0.000,6.425,6.392,1.130,1.130,0.161,25.818,1256376
1782484395060,-277,277,0.000,6.408,6.392,1.192,0.847,0.188,25.904,1256409
1782484395100,-282,282,0.000,6.417,6.400,1.067,0.910,0.161,25.904,1256442
1782484395130,-285,285,0.006,6.408,6.400,1.130,1.004,0.177,25.990,1256475
1782484395160,-280,280,0.006,6.417,6.392,1.255,0.941,0.204,25.904,1256508
1782484395193,-275,275,0.006,6.392,6.375,1.286,1.255,0.188,25.904,1256541
1782484395233,-270,270,0.000,6.417,6.408,1.098,0.816,0.172,25.904,1256574
1782484395260,-267,267,0.006,6.425,6.417,0.879,0.816,0.199,25.904,1256607
1782484395292,-262,262,0.000,6.433,6.417,0.879,0.879,0.199,25.904,1256640
1782484395327,-260,260,0.000,6.425,6.400,1.035,0.879,0.194,25.990,1256673
1782484395359,-255,255,0.006,6.425,6.408,1.004,0.753,0.177,25.818,1256706
1782484395393,-250,250,0.000,6.433,6.425,0.910,0.879,0.177,25.818,1256739
1782484395426,-247,247,0.000,6.442,6.417,1.192,0.784,0.204,25.990,1256772
1782484395459,-242,242,0.006,6.433,6.408,1.286,0.690,0.183,25.904,1256805
1782484395492,-237,237,0.006,6.425,6.425,0.816,0.910,0.183,25.904,1256838
1782484395526,-235,235,0.000,6.442,6.442,0.910,0.502,0.172,25.904,1256871
1782484395559,-230,230,0.000,6.442,6.425,1.130,0.502,0.177,25.904,1256904
1782484395592,-225,225,0.006,6.458,6.450,0.690,0.502,0.194,25.904,1256937
1782484395625,-222,222,0.000,6.458,6.450,0.879,0.533,0.177,25.904,1256970
1782484395658,-217,217,0.000,6.466,6.450,0.690,0.659,0.172,25.904,1257003
1782484395692,-222,222,0.000,6.475,6.466,0.596,0.533,0.183,25.904,1257036
1782484395726,-225,225,0.000,6.466,6.458,0.753,0.502,0.194,25.990,1257069
1782484395759,-230,230,0.000,6.450,6.442,0.816,0.690,0.188,25.904,1257102
1782484395795,-235,235,0.006,6.458,6.458,0.690,0.628,0.183,25.818,1257135
1782484395827,-237,237,0.006,6.450,6.442,0.879,0.628,0.204,25.990,1257168
1782484395861,-242,242,0.000,6.442,6.442,0.973,0.628,0.172,25.904,1257201
1782484395896,-247,247,0.000,6.442,6.425,0.973,0.659,0.177,25.904,1257234
1782484395928,-250,250,0.000,6.458,6.433,0.753,0.722,0.188,25.904,1257267
1782484395958,-255,255,0.000,6.425,6.417,1.255,0.659,0.194,25.904,1257300
1782484395992,-260,260,0.012,6.433,6.408,1.192,0.753,0.183,25.990,1257333
1782484396024,-262,262,0.000,6.442,6.408,1.224,0.628,0.210,25.904,1257366
1782484396058,-267,267,0.012,6.425,6.400,0.973,0.847,0.177,25.904,1257399
1782484396093,-262,262,0.000,6.425,6.408,1.004,0.753,0.194,25.904,1257432
1782484396133,-257,257,0.012,6.425,6.408,0.973,0.910,0.177,25.904,1257465
1782484396166,-255,255,0.000,6.400,6.392,0.973,0.941,0.210,25.990,1257498
1782484396201,-250,250,0.006,6.417,6.400,1.067,0.784,0.183,25.990,1257531
1782484396233,-245,245,0.000,6.417,6.408,0.879,1.004,0.204,25.904,1257564
1782484396265,-242,242,0.000,6.433,6.417,0.973,0.722,0.204,25.818,1257597
1782484396299,-237,237,0.000,6.433,6.417,0.973,0.628,0.172,25.904,1257630
1782484396332,-235,235,0.006,6.433,6.417,1.192,0.596,0.161,25.904,1257663
1782484396365,-230,230,0.000,6.442,6.425,0.941,0.565,0.177,25.990,1257696
1782484396400,-225,225,0.006,6.442,6.425,1.067,0.628,0.161,25.904,1257729
1782484396431,-222,222,0.006,6.458,6.425,0.816,0.502,0.172,25.904,1257762
1782484396464,-217,217,0.000,6.458,6.442,0.784,0.502,0.177,25.904,1257795
1782484396496,-212,212,0.000,6.458,6.433,0.879,0.471,0.177,25.904,1257828
1782484396531,-210,210,0.000,6.466,6.442,0.690,0.439,0.145,25.904,1257861
1782484396565,-205,205,0.000,6.458,6.433,0.816,0.502,0.151,25.904,1257894
1782484396596,-200,200,0.000,6.458,6.458,0.816,0.471,0.172,25.818,1257927
1782484396629,-197,197,0.000,6.458,6.458,0.659,0.533,0.140,25.904,1257960
1782484396667,-192,192,0.000,6.466,6.450,0.659,0.533,0.134,25.904,1257993
1782484396697,-187,187,0.006,6.475,6.458,0.690,0.502,0.129,25.904,1258026
1782484396727,-185,185,0.006,6.466,6.458,0.596,0.471,0.161,25.904,1258059
1782484396760,-180,180,0.000,6.475,6.458,0.816,0.502,0.134,25.818,1258092
1782484396794,-175,175,0.000,6.483,6.458,0.596,0.439,0.129,25.904,1258125
1782484396827,-172,172,0.000,6.491,6.475,0.659,0.314,0.134,25.904,1258158
1782484396860,-167,167,0.000,6.491,6.483,0.533,0.345,0.134,25.904,1258191
1782484396893,-165,165,0.000,6.491,6.483,0.565,0.345,0.134,25.904,1258224
1782484396926,-160,160,0.000,6.491,6.491,0.628,0.377,0.134,25.904,1258257
1782484396960,-155,155,0.000,6.508,6.475,0.753,0.314,0.134,25.904,1258290
1782484396992,-152,152,0.000,6.491,6.483,0.628,0.314,0.129,25.904,1258323
1782484397035,-145,145,0.000,6.491,6.466,0.847,0.314,0.129,25.990,1258356
1782484397057,-142,142,0.000,6.475,6.475,0.753,0.377,0.129,25.904,1258389
1782484397091,-137,142,0.000,6.466,6.458,0.753,0.471,0.129,25.904,1258422
1782484397124,-127,142,0.006,6.458,6.450,0.690,0.596,0.145,25.990,1258455
1782484397157,-117,142,0.000,6.475,6.466,0.753,0.408,0.129,25.818,1258488
1782484397190,-112,142,0.000,6.483,6.475,0.722,0.345,0.134,25.818,1258521
1782484397223,-102,142,0.000,6.483,6.475,0.753,0.282,0.118,25.904,1258554
1782484397256,-92,142,0.000,6.491,6.475,0.722,0.282,0.134,25.990,1258587
1782484397289,-87,142,0.000,6.508,6.499,0.596,0.157,0.134,25.904,1258620
1782484397325,-77,142,0.006,6.499,6.483,0.722,0.126,0.134,25.990,1258653
1782484397357,-67,142,0.006,6.524,6.491,0.659,0.188,0.134,25.904,1258686
1782484397387,-62,142,0.000,6.508,6.499,0.628,0.157,0.129,25.990,1258719
1782484397421,-52,142,0.000,6.499,6.499,0.628,0.220,0.129,25.904,1258752
1782484397471,-42,142,0.000,6.499,6.491,0.690,0.188,0.124,25.990,1258785
1782484397492,-37,142,0.000,6.499,6.475,0.753,0.188,0.129,25.904,1258818
1782484397534,-22,142,0.000,6.491,6.483,0.753,0.188,0.140,25.990,1258851
1782484397553,-22,142,0.000,6.508,6.491,0.628,0.126,0.129,25.904,1258884
1782484397589,-12,142,0.006,6.508,6.508,0.628,0.188,0.134,25.904,1258917
1782484397621,-2,142,0.000,6.499,6.491,0.690,0.157,0.156,25.904,1258950
1782484397654,7,142,0.000,6.508,6.499,0.816,0.188,0.134,25.990,1258983
1782484397690,12,142,0.000,6.499,6.483,0.659,0.188,0.129,25.904,1259016
1782484397721,22,142,0.000,6.508,6.508,0.784,0.157,0.172,25.904,1259049
1782484397753,27,142,0.000,6.499,6.499,0.628,0.157,0.129,25.990,1259082
1782484397792,37,142,0.000,6.499,6.499,0.596,0.157,0.129,25.990,1259115
1782484397820,47,142,0.000,6.508,6.499,0.690,0.157,0.129,25.904,1259148
1782484397853,52,142,0.000,6.508,6.508,0.659,0.157,0.129,25.904,1259181
1782484397891,62,142,0.000,6.508,6.491,0.628,0.157,0.161,25.904,1259214
1782484397925,72,142,0.000,6.516,6.499,0.628,0.188,0.151,25.904,1259247
1782484397953,77,142,0.000,6.499,6.491,0.753,0.157,0.204,25.990,1259280
1782484397986,87,142,0.006,6.508,6.491,0.628,0.126,0.199,25.904,1259313
1782484398020,97,142,0.000,6.499,6.491,0.816,0.157,0.167,25.818,1259346
1782484398052,102,142,0.006,6.508,6.499,0.690,0.188,0.172,25.904,1259379
1782484398088,112,142,0.000,6.508,6.499,0.565,0.126,0.161,25.904,1259412
1782484398119,122,142,0.006,6.491,6.491,0.596,0.251,0.156,25.904,1259445
1782484398152,127,142,0.000,6.499,6.499,0.690,0.157,0.177,25.904,1259478
1782484398189,137,142,0.000,6.491,6.491,0.659,0.188,0.183,25.904,1259511
1782484398225,145,145,0.000,6.499,6.483,0.659,0.251,0.204,25.904,1259544
1782484398263,150,150,0.000,6.508,6.491,0.502,0.220,0.177,25.904,1259577
1782484398285,152,152,0.000,6.508,6.499,0.408,0.282,0.177,25.904,1259610
1782484398323,157,157,0.000,6.516,6.499,0.502,0.251,0.161,25.904,1259643
1782484398354,160,160,0.000,6.516,6.491,0.439,0.251,0.194,25.904,1259676
1782484398386,165,165,0.000,6.508,6.499,0.377,0.314,0.183,25.904,1259709
1782484398419,170,170,0.000,6.499,6.491,0.439,0.251,0.204,25.818,1259742
1782484398452,172,172,0.000,6.508,6.499,0.439,0.314,0.183,25.904,1259775
1782484398485,177,177,0.006,6.499,6.499,0.439,0.251,0.194,25.904,1259808
1782484398518,182,182,0.000,6.516,6.508,0.377,0.251,0.177,25.904,1259841
1782484398553,185,185,0.000,6.508,6.491,0.502,0.345,0.177,25.904,1259874
1782484398585,185,185,0.006,6.508,6.499,0.502,0.282,0.204,25.990,1259907
1782484398618,180,180,0.000,6.516,6.499,0.439,0.251,0.177,25.904,1259940
1782484398654,177,177,0.000,6.508,6.499,0.408,0.251,0.161,25.904,1259973
1782484398685,172,172,0.000,6.508,6.499,0.377,0.345,0.210,25.904,1260006
1782484398718,167,167,0.006,6.516,6.508,0.377,0.220,0.194,25.904,1260039
1782484398751,165,165,0.000,6.516,6.508,0.314,0.220,0.215,25.904,1260072
1782484398784,160,160,0.000,6.516,6.499,0.377,0.282,0.188,25.904,1260105
1782484398818,155,155,0.000,6.541,6.524,0.314,0.188,0.194,25.904,1260138
1782484398851,152,152,0.000,6.533,6.516,0.314,0.251,0.194,25.904,1260171
1782484398886,147,147,0.000,6.533,6.524,0.251,0.220,0.183,25.904,1260204
1782484398919,142,142,0.006,6.533,6.524,0.220,0.220,0.199,25.904,1260237
1782484398951,140,140,0.000,6.533,6.524,0.251,0.188,0.156,25.904,1260270
1782484398984,135,135,0.000,6.524,6.508,0.282,0.188,0.172,25.904,1260303
1782484399022,130,130,0.000,6.524,6.524,0.282,0.188,0.183,25.904,1260336
1782484399052,127,127,0.000,6.533,6.524,0.251,0.126,0.188,25.904,1260369
1782484399084,122,122,0.000,6.533,6.524,0.314,0.251,0.167,25.818,1260402
1782484399124,117,117,0.000,6.524,6.508,0.282,0.188,0.210,25.990,1260435
1782484399150,115,115,0.000,6.533,6.508,0.251,0.188,0.199,25.990,1260468
1782484399183,110,110,0.000,6.524,6.524,0.314,0.220,0.177,25.904,1260501
1782484399217,105,105,0.000,6.533,6.533,0.251,0.188,0.210,25.904,1260534
1782484399250,102,102,0.000,6.524,6.524,0.282,0.188,0.172,25.904,1260567
1782484399283,97,97,0.000,6.541,6.524,0.251,0.157,0.204,25.904,1260600
1782484399317,92,92,0.000,6.541,6.549,0.220,0.157,0.188,25.904,1260633
1782484399349,90,90,0.000,6.549,6.533,0.220,0.188,0.161,25.990,1260666
1782484399383,85,85,0.000,6.541,6.533,0.251,0.157,0.177,25.904,1260699
1782484399416,80,80,0.000,6.541,6.549,0.188,0.157,0.204,25.904,1260732
1782484399450,77,77,0.000,6.557,6.541,0.188,0.157,0.167,25.904,1260765
1782484399483,72,72,0.000,6.566,6.557,0.157,0.188,0.151,25.904,1260798
1782484399516,67,67,0.000,6.549,6.533,0.188,0.188,0.199,25.904,1260831
1782484399550,65,65,0.000,6.557,6.574,0.188,0.157,0.183,25.990,1260864
1782484399582,60,60,0.000,6.557,6.541,0.157,0.188,0.177,25.904,1260897
1782484399616,57,57,0.000,6.549,6.541,0.157,0.220,0.188,25.904,1260930
1782484399651,52,52,0.000,6.549,6.549,0.188,0.188,0.188,25.904,1260963
1782484399683,47,47,0.000,6.549,6.549,0.126,0.188,0.172,25.990,1260996
1782484399715,45,45,0.000,6.549,6.549,0.157,0.188,0.188,25.904,1261029
1782484399748,40,40,0.000,6.549,6.541,0.188,0.126,0.188,25.990,1261062
1782484399782,35,35,0.000,6.557,6.549,0.188,0.094,0.188,25.904,1261095
1782484399815,32,32,0.006,6.557,6.549,0.188,0.157,0.167,25.990,1261128
1782484399849,27,27,0.000,6.557,6.549,0.220,0.157,0.183,25.904,1261161
1782484399883,22,22,0.000,6.557,6.549,0.157,0.188,0.204,25.904,1261194
1782484399915,20,20,0.012,6.541,6.557,0.188,0.188,0.188,25.904,1261227
1782484399948,15,15,0.000,6.549,6.566,0.157,0.126,0.188,25.904,1261260
1782484399985,10,10,0.000,6.557,6.557,0.157,0.094,0.161,25.904,1261293
1782484400014,7,7,0.000,6.557,6.557,0.126,0.157,0.194,25.990,1261326
1782484400049,2,2,0.000,6.557,6.549,0.188,0.157,0.188,25.904,1261359
1782484400081,-2,-2,0.000,6.549,6.557,0.188,0.157,0.177,25.904,1261392
1782484400114,-5,-5,0.000,6.549,6.557,0.188,0.126,0.204,25.904,1261425
1782484400149,-10,-10,0.000,6.557,6.549,0.220,0.157,0.199,25.904,1261458
1782484400181,-15,-15,0.006,6.566,6.541,0.188,0.188,0.194,25.904,1261491
1782484400215,-17,-17,0.000,6.557,6.557,0.188,0.157,0.156,25.904,1261524
1782484400251,-22,-22,0.000,6.549,6.557,0.188,0.157,0.177,25.818,1261557
1782484400285,-27,-27,0.012,6.566,6.549,0.188,0.157,0.199,25.904,1261590
1782484400314,-30,-30,0.000,6.566,6.566,0.188,0.157,0.177,25.904,1261623
1782484400353,-35,-35,0.000,6.557,6.557,0.188,0.157,0.199,25.904,1261656
1782484400383,-40,-40,0.000,6.557,6.549,0.126,0.188,0.204,25.990,1261689
1782484400414,-42,-42,0.000,6.549,6.557,0.188,0.157,0.172,25.904,1261722
1782484400447,-47,-47,0.000,6.566,6.549,0.188,0.157,0.188,25.904,1261755
1782484400480,-52,-52,0.000,6.557,6.549,0.188,0.157,0.172,25.904,1261788
1782484400522,-57,-57,0.000,6.557,6.557,0.220,0.188,0.172,25.904,1261821
1782484400558,-62,-62,0.000,6.557,6.557,0.157,0.157,0.194,25.904,1261854
1782484400589,-65,-65,0.000,6.557,6.557,0.126,0.126,0.172,25.904,1261887
1782484400622,-70,-70,0.000,6.557,6.549,0.126,0.220,0.188,25.904,1261920
1782484400660,-75,-75,0.000,6.557,6.557,0.188,0.157,0.199,25.904,1261953
1782484400687,-77,-77,0.000,6.557,6.557,0.157,0.126,0.161,25.904,1261986
1782484400721,-82,-82,0.000,6.557,6.557,0.188,0.157,0.194,25.904,1262019
1782484400754,-85,-85,0.000,6.557,6.557,0.157,0.188,0.177,25.904,1262052
1782484400787,-90,-90,0.000,6.566,6.549,0.188,0.157,0.194,25.904,1262085
1782484400819,-95,-95,0.000,6.557,6.566,0.188,0.157,0.156,25.904,1262118
1782484400853,-97,-97,0.000,6.557,6.549,0.220,0.157,0.151,25.904,1262151
1782484400886,-102,-102,0.000,6.566,6.557,0.157,0.157,0.177,25.904,1262184
1782484400918,-107,-107,0.000,6.557,6.557,0.188,0.126,0.113,25.904,1262217
1782484400951,-110,-110,0.000,6.557,6.557,0.188,0.220,0.140,25.904,1262250
1782484400985,-115,-115,0.006,6.557,6.557,0.188,0.126,0.124,25.904,1262283
1782484401017,-120,-120,0.000,6.557,6.549,0.188,0.220,0.151,25.904,1262316
1782484401050,-122,-122,0.000,6.549,6.541,0.314,0.188,0.129,25.904,1262349
1782484401084,-127,-127,0.000,6.541,6.541,0.188,0.220,0.124,25.990,1262382
1782484401116,-130,-130,0.000,6.549,6.541,0.188,0.220,0.129,25.990,1262415
1782484401149,-135,-135,0.000,6.549,6.541,0.188,0.282,0.113,25.904,1262448
1782484401182,-140,-140,0.000,6.549,6.541,0.188,0.251,0.129,25.904,1262481
1782484401216,-142,-142,0.000,6.533,6.541,0.251,0.345,0.129,25.904,1262514
1782484401248,-147,-147,0.000,6.533,6.533,0.282,0.314,0.140,25.904,1262547
1782484401282,-152,-152,0.000,6.541,6.533,0.282,0.314,0.129,25.904,1262580
1782484401317,-155,-155,0.006,6.524,6.533,0.345,0.314,0.129,25.990,1262613
1782484401347,-160,-160,0.000,6.541,6.516,0.377,0.377,0.118,25.904,1262646
1782484401381,-165,-165,0.006,6.541,6.524,0.282,0.314,0.129,25.990,1262679
1782484401414,-167,-167,0.000,6.541,6.524,0.282,0.314,0.129,25.990,1262712
1782484401447,-172,-172,0.000,6.524,6.524,0.377,0.282,0.145,25.904,1262745
1782484401481,-177,-177,0.000,6.524,6.524,0.314,0.314,0.124,25.818,1262778
1782484401513,-180,-180,0.000,6.524,6.516,0.314,0.408,0.124,25.904,1262811
1782484401546,-185,-185,0.006,6.524,6.524,0.314,0.345,0.129,25.904,1262844
1782484401584,-190,-190,0.000,6.533,6.524,0.345,0.345,0.129,25.904,1262877
1782484401612,-192,-192,0.000,6.524,6.516,0.408,0.377,0.151,25.904,1262910
1782484401645,-197,-197,0.000,6.524,6.516,0.439,0.282,0.161,25.904,1262943
1782484401684,-202,-202,0.000,6.524,6.499,0.377,0.408,0.129,25.904,1262976
1782484401711,-205,-205,0.000,6.524,6.524,0.345,0.314,0.129,25.990,1263009
1782484401744,-210,-210,0.000,6.508,6.491,0.533,0.439,0.134,25.818,1263042
1782484401778,-212,-212,0.000,6.524,6.499,0.565,0.471,0.129,25.990,1263075
1782484401811,-217,-217,0.000,6.508,6.499,0.502,0.377,0.134,25.990,1263108
1782484401843,-222,-222,0.000,6.508,6.491,0.533,0.439,0.129,25.990,1263141
1782484401878,-225,-225,0.000,6.516,6.483,0.659,0.377,0.129,25.904,1263174
1782484401910,-230,-230,0.000,6.516,6.491,0.502,0.439,0.134,25.904,1263207
1782484401946,-235,-235,0.000,6.475,6.475,0.816,0.533,0.129,25.904,1263240
1782484401976,-237,-237,0.006,6.499,6.508,0.533,0.408,0.129,25.904,1263273
1782484402010,-242,-242,0.006,6.491,6.475,0.847,0.408,0.134,25.904,1263306
1782484402043,-247,-247,0.000,6.483,6.475,0.753,0.628,0.129,25.904,1263339
1782484402075,-250,-250,0.000,6.475,6.475,0.722,0.628,0.134,25.904,1263372
1782484402109,-255,-255,0.006,6.466,6.466,1.004,0.596,0.129,25.904,1263405
1782484402143,-260,-260,0.000,6.466,6.442,1.067,0.659,0.134,25.818,1263438
1782484402188,-265,-265,0.000,6.442,6.442,1.192,0.596,0.145,25.904,1263471
1782484402221,-270,-270,0.000,6.466,6.458,0.722,0.722,0.151,25.904,1263504
1782484402244,-272,-272,0.006,6.450,6.442,0.973,0.628,0.194,25.904,1263537
1782484402276,-275,-275,0.000,6.458,6.458,0.816,0.596,0.183,25.904,1263570
1782484402309,-280,-280,0.006,6.450,6.425,0.973,0.690,0.194,25.990,1263603
1782484402344,-285,-285,0.000,6.442,6.433,0.973,0.722,0.194,25.904,1263636
1782484402375,-287,-287,0.000,6.442,6.433,1.130,0.784,0.194,25.904,1263669
1782484402409,-292,-292,0.000,6.433,6.417,1.192,0.784,0.204,25.904,1263702
1782484402443,-297,-297,0.000,6.450,6.417,1.192,0.659,0.210,25.818,1263735
1782484402478,-300,-300,0.006,6.433,6.417,1.035,0.847,0.199,25.904,1263768
1782484402508,-305,-305,0.000,6.425,6.408,0.973,0.910,0.183,25.818,1263801
1782484402545,-310,-310,0.006,6.408,6.400,1.255,1.098,0.177,25.818,1263834
1782484402576,-312,-312,0.000,6.425,6.417,0.973,0.847,0.172,25.904,1263867
1782484402609,-312,-312,0.006,6.425,6.408,1.381,0.722,0.210,25.904,1263900
1782484402641,-307,-307,0.000,6.408,6.367,1.663,0.816,0.183,25.904,1263933
1782484402677,-305,-305,0.000,6.392,6.392,1.192,1.067,0.177,25.904,1263966
1782484402708,-300,-300,0.000,6.417,6.400,1.098,0.784,0.167,25.990,1263999
1782484402741,-295,-295,0.000,6.425,6.408,1.035,0.722,0.172,25.904,1264032
1782484402775,-292,-292,0.000,6.433,6.425,0.941,0.596,0.161,25.904,1264065
1782484402812,-287,-287,0.006,6.442,6.433,0.879,0.722,0.172,25.904,1264098
1782484402843,-282,-282,0.000,6.417,6.408,0.973,0.910,0.199,25.904,1264131
1782484402874,-280,-280,0.000,6.433,6.425,1.035,0.753,0.161,25.904,1264164
1782484402912,-275,-275,0.006,6.450,6.433,1.098,0.628,0.188,25.904,1264197
1782484402943,-270,-270,0.000,6.442,6.425,1.067,0.596,0.172,25.904,1264230
1782484402974,-267,-267,0.000,6.458,6.442,0.753,0.596,0.177,25.904,1264263
1782484403012,-262,-262,0.000,6.450,6.433,0.847,0.628,0.188,25.818,1264296
1782484403041,-257,-257,0.000,6.458,6.442,0.847,0.628,0.210,25.904,1264329
1782484403074,-255,-255,0.006,6.450,6.442,0.628,0.816,0.188,25.904,1264362
1782484403107,-250,-250,0.000,6.450,6.442,0.816,0.690,0.194,25.904,1264395
1782484403147,-245,-245,0.000,6.483,6.450,0.753,0.471,0.177,25.904,1264428
1782484403190,-240,-240,0.006,6.450,6.442,0.690,0.628,0.204,25.990,1264461
1782484403206,-237,-237,0.006,6.475,6.442,0.722,0.502,0.172,25.818,1264494
1782484403241,-232,-232,0.000,6.475,6.458,0.628,0.565,0.183,25.904,1264527
1782484403274,-230,-230,0.000,6.475,6.450,0.722,0.659,0.188,25.904,1264560
1782484403307,-225,-225,0.000,6.475,6.466,0.690,0.439,0.199,25.990,1264593
1782484403340,-222,-222,0.006,6.483,6.475,0.533,0.439,0.188,25.904,1264626
1782484403373,-217,-217,0.000,6.483,6.466,0.533,0.533,0.177,25.904,1264659
1782484403406,-212,-212,0.000,6.491,6.491,0.345,0.533,0.183,25.990,1264692
1782484403440,-215,-215,0.000,6.516,6.491,0.439,0.377,0.199,25.904,1264725
1782484403474,-220,-220,0.000,6.499,6.499,0.377,0.377,0.194,25.904,1264758
1782484403506,-225,-225,0.000,6.499,6.483,0.533,0.439,0.188,25.904,1264791
1782484403539,-227,-227,0.000,6.491,6.483,0.471,0.439,0.177,25.904,1264824
1782484403576,-232,-232,0.000,6.466,6.475,0.690,0.439,0.183,25.990,1264857
1782484403606,-237,-237,0.000,6.491,6.475,0.628,0.533,0.172,25.990,1264890
1782484403639,-240,-240,0.000,6.483,6.466,0.690,0.533,0.177,25.990,1264923
1782484403675,-245,-245,0.000,6.475,6.466,0.628,0.565,0.204,25.904,1264956
1782484403705,-240,-240,0.000,6.483,6.450,0.596,0.502,0.199,25.990,1264989
1782484403739,-237,-237,0.000,6.458,6.450,0.784,0.628,0.199,25.990,1265022
1782484403775,-230,-235,0.006,6.458,6.442,0.910,0.533,0.194,25.904,1265055
1782484403820,-220,-235,0.000,6.466,6.458,0.753,0.628,0.183,25.990,1265088
1782484403840,-215,-235,0.000,6.475,6.466,0.628,0.408,0.172,25.904,1265121
1782484403884,-200,-235,0.000,6.475,6.466,0.847,0.408,0.172,25.904,1265154
1782484403906,-195,-235,0.000,6.483,6.475,0.753,0.345,0.167,25.904,1265187
1782484403938,-190,-235,0.000,6.483,6.483,0.722,0.314,0.188,25.990,1265220
1782484403972,-180,-235,0.000,6.483,6.475,0.816,0.282,0.188,25.904,1265253
1782484404006,-170,-235,0.000,6.483,6.466,0.847,0.282,0.194,25.904,1265286
1782484404042,-160,-235,0.000,6.483,6.475,0.784,0.251,0.199,25.904,1265319
1782484404072,-155,-235,0.000,6.491,6.466,0.879,0.220,0.199,25.990,1265352
1782484404104,-145,-235,0.000,6.491,6.475,0.879,0.251,0.177,25.904,1265385
1782484404141,-135,-235,0.012,6.483,6.483,0.879,0.157,0.199,25.904,1265418
1782484404172,-130,-235,0.000,6.491,6.458,0.910,0.157,0.177,25.990,1265451
1782484404205,-120,-235,0.000,6.491,6.475,0.879,0.220,0.204,25.904,1265484
1782484404244,-110,-235,0.000,6.491,6.491,0.753,0.188,0.194,25.904,1265517
1782484404271,-105,-235,0.000,6.491,6.483,0.690,0.157,0.204,25.904,1265550
1782484404304,-95,-235,0.000,6.491,6.475,0.879,0.188,0.204,25.904,1265583
1782484404337,-90,-235,0.000,6.483,6.475,0.910,0.220,0.188,25.904,1265616
1782484404371,-90,-225,0.000,6.483,6.475,0.941,0.188,0.167,25.904,1265649
1782484404405,-90,-215,0.000,6.491,6.483,0.628,0.188,0.188,25.990,1265682
1782484404438,-90,-210,0.000,6.499,6.491,0.659,0.220,0.188,25.818,1265715
1782484404470,-90,-200,0.000,6.508,6.508,0.565,0.188,0.194,25.904,1265748
1782484404504,-90,-190,0.012,6.516,6.499,0.565,0.188,0.199,25.904,1265781
1782484404537,-90,-185,0.006,6.516,6.491,0.471,0.157,0.183,25.904,1265814
1782484404571,-90,-175,0.000,6.508,6.524,0.408,0.188,0.172,25.904,1265847
1782484404604,-90,-165,0.000,6.524,6.508,0.439,0.126,0.194,25.904,1265880
1782484404636,-90,-160,0.000,6.524,6.516,0.377,0.188,0.183,25.904,1265913
1782484404670,-90,-150,0.006,6.524,6.508,0.502,0.157,0.199,25.904,1265946
1782484404703,-90,-140,0.000,6.524,6.516,0.377,0.157,0.188,25.990,1265979
1782484404738,-90,-135,0.006,6.533,6.516,0.377,0.220,0.172,25.904,1266012
1782484404771,-90,-125,0.000,6.524,6.524,0.408,0.157,0.177,25.904,1266045
1782484404814,-90,-115,0.000,6.516,6.516,0.314,0.126,0.172,25.904,1266078
1782484404847,-90,-105,0.006,6.524,6.524,0.314,0.157,0.177,25.904,1266111
1782484404878,-90,-100,0.006,6.533,6.533,0.251,0.157,0.199,25.904,1266144
1782484404912,-90,-90,0.000,6.524,6.533,0.282,0.220,0.172,25.904,1266177
1782484404944,-90,-80,0.000,6.533,6.541,0.188,0.157,0.199,25.904,1266210
1782484404978,-90,-75,0.000,6.541,6.541,0.157,0.157,0.194,25.904,1266243
1782484405011,-90,-65,0.000,6.557,6.533,0.188,0.157,0.172,25.990,1266276
1782484405044,-90,-55,0.000,6.541,6.533,0.157,0.157,0.161,25.904,1266309
1782484405076,-90,-50,0.000,6.549,6.541,0.220,0.188,0.199,25.990,1266342
1782484405109,-90,-40,0.000,6.549,6.541,0.188,0.157,0.156,25.904,1266375
1782484405145,-90,-30,0.000,6.549,6.549,0.188,0.157,0.167,25.904,1266408
1782484405180,-90,-25,0.000,6.557,6.541,0.188,0.157,0.194,25.904,1266441
1782484405208,-90,-15,0.000,6.549,6.549,0.188,0.188,0.156,25.904,1266474
1782484405245,-90,-5,0.000,6.566,6.557,0.157,0.188,0.172,25.904,1266507
1782484405274,-90,0,0.000,6.557,6.549,0.188,0.157,0.140,25.904,1266540
1782484405310,-90,10,0.000,6.557,6.549,0.126,0.188,0.140,25.904,1266573
1782484405341,-90,15,0.000,6.557,6.557,0.126,0.188,0.156,25.904,1266606
1782484405373,-90,25,0.000,6.557,6.557,0.188,0.157,0.129,25.990,1266639
1782484405406,-90,35,0.000,6.557,6.557,0.188,0.157,0.134,25.904,1266672
1782484405440,-90,40,0.000,6.557,6.557,0.188,0.094,0.124,25.904,1266705
1782484405473,-90,50,0.000,6.557,6.549,0.157,0.157,0.124,25.904,1266738
1782484405506,-90,60,0.000,6.557,6.557,0.188,0.157,0.118,25.904,1266771
1782484405539,-90,65,0.000,6.549,6.533,0.188,0.126,0.161,25.990,1266804
1782484405575,-90,75,0.000,6.557,6.549,0.188,0.188,0.167,25.904,1266837
1782484405605,-90,85,0.000,6.549,6.549,0.220,0.220,0.140,25.904,1266870
1782484405637,-90,90,0.000,6.549,6.541,0.126,0.157,0.129,25.904,1266903
1782484405684,-97,97,0.000,6.557,6.541,0.188,0.188,0.129,25.904,1266936
1782484405703,-100,100,0.000,6.566,6.549,0.188,0.220,0.129,25.904,1266969
1782484405740,-102,102,0.000,6.566,6.557,0.188,0.188,0.124,25.904,1267002
1782484405770,-107,107,0.000,6.541,6.533,0.188,0.157,0.183,25.904,1267035
1782484405803,-110,110,0.000,6.557,6.557,0.188,0.126,0.124,25.904,1267068
1782484405835,-115,115,0.000,6.541,6.541,0.126,0.251,0.124,25.990,1267101
1782484405868,-120,120,0.006,6.549,6.541,0.251,0.220,0.129,25.818,1267134
1782484405902,-122,122,0.000,6.549,6.541,0.251,0.220,0.129,25.904,1267167
1782484405935,-127,127,0.000,6.541,6.533,0.282,0.220,0.129,25.904,1267200
1782484405968,-132,132,0.000,6.533,6.524,0.377,0.251,0.129,25.904,1267233
1782484406001,-135,135,0.000,6.524,6.516,0.345,0.282,0.129,25.904,1267266
1782484406034,-140,140,0.000,6.516,6.491,0.439,0.345,0.124,25.904,1267299
1782484406067,-145,145,0.000,6.499,6.491,0.533,0.471,0.129,25.904,1267332
1782484406101,-147,147,0.000,6.508,6.499,0.502,0.377,0.134,25.904,1267365
1782484406133,-152,152,0.000,6.499,6.483,0.596,0.377,0.129,25.904,1267398
1782484406167,-157,157,0.000,6.475,6.475,0.816,0.502,0.140,25.904,1267431
1782484406200,-160,160,0.000,6.483,6.466,0.722,0.439,0.140,25.904,1267464
1782484406234,-165,165,0.000,6.483,6.458,0.847,0.533,0.140,25.904,1267497
1782484406267,-170,170,0.000,6.475,6.458,0.973,0.439,0.129,25.904,1267530
1782484406301,-172,172,0.006,6.491,6.483,0.628,0.502,0.129,25.904,1267563
1782484406335,-177,177,0.000,6.491,6.483,0.533,0.439,0.140,25.904,1267596
1782484406367,-182,182,0.000,6.483,6.483,0.628,0.502,0.124,25.990,1267629
1782484406400,-185,185,0.000,6.499,6.491,0.502,0.408,0.118,25.904,1267662
1782484406445,-192,192,0.000,6.499,6.491,0.565,0.377,0.118,25.904,1267695
1782484406467,-195,195,0.000,6.483,6.491,0.628,0.533,0.124,25.904,1267728
1782484406507,-200,200,0.006,6.491,6.499,0.533,0.471,0.134,25.904,1267761
1782484406534,-202,202,0.000,6.491,6.483,0.596,0.533,0.188,25.904,1267794
1782484406568,-207,207,0.006,6.491,6.475,0.565,0.439,0.188,25.904,1267827
1782484406600,-210,210,0.000,6.483,6.475,0.690,0.439,0.156,25.990,1267860
1782484406633,-215,215,0.006,6.483,6.458,0.565,0.565,0.183,25.904,1267893
1782484406665,-220,220,0.000,6.483,6.466,0.690,0.471,0.177,25.990,1267926
1782484406703,-222,222,0.012,6.483,6.458,0.596,0.533,0.188,25.904,1267959
1782484406732,-227,227,0.006,6.475,6.458,0.816,0.659,0.194,25.904,1267992
1782484406765,-232,232,0.000,6.450,6.442,0.847,0.753,0.199,25.818,1268025
1782484406806,-237,237,0.000,6.458,6.450,0.816,0.659,0.188,25.904,1268058
1782484406833,-240,240,0.000,6.450,6.450,0.910,0.565,0.199,25.904,1268091
1782484406866,-245,245,0.000,6.442,6.442,0.847,0.690,0.167,25.990,1268124
1782484406898,-247,247,0.006,6.450,6.433,1.004,0.659,0.172,25.904,1268157
1782484406931,-252,252,0.000,6.433,6.425,1.130,0.628,0.183,25.904,1268190
1782484406965,-257,257,0.000,6.425,6.417,0.973,0.816,0.199,25.904,1268223
1782484406998,-255,255,0.000,6.433,6.425,1.004,0.690,0.194,25.990,1268256
1782484407032,-250,250,0.000,6.417,6.400,1.506,0.659,0.177,25.990,1268289
1782484407065,-245,245,0.000,6.425,6.417,1.255,0.784,0.215,25.904,1268322
1782484407098,-242,242,0.000,6.425,6.408,1.286,0.628,0.204,25.904,1268355
1782484407135,-237,237,0.000,6.433,6.425,0.941,0.753,0.172,25.990,1268388
1782484407167,-232,232,0.006,6.450,6.442,0.847,0.628,0.194,25.904,1268421
1782484407197,-230,230,0.000,6.442,6.433,0.753,0.596,0.199,25.904,1268454
1782484407230,-225,225,0.000,6.442,6.433,0.941,0.659,0.210,25.904,1268487
1782484407264,-222,222,0.000,6.450,6.442,1.004,0.565,0.204,25.904,1268520
1782484407297,-217,217,0.000,6.466,6.458,0.659,0.533,0.194,25.904,1268553
1782484407330,-215,210,0.006,6.475,6.458,0.628,0.502,0.188,25.904,1268586
1782484407365,-215,200,0.006,6.475,6.458,0.659,0.471,0.194,25.904,1268619
1782484407397,-215,195,0.006,6.475,6.442,0.659,0.565,0.183,25.904,1268652
1782484407431,-215,185,0.000,6.475,6.458,0.690,0.565,0.204,25.990,1268685
1782484407464,-215,180,0.000,6.483,6.475,0.439,0.690,0.199,25.990,1268718
1782484407496,-215,170,0.006,6.483,6.475,0.502,0.502,0.188,25.904,1268751
1782484407530,-215,160,0.000,6.483,6.475,0.533,0.596,0.177,25.904,1268784
1782484407566,-215,150,0.000,6.491,6.491,0.345,0.502,0.183,25.904,1268817
1782484407597,-215,145,0.000,6.491,6.475,0.408,0.565,0.177,25.904,1268850
1782484407629,-215,135,0.000,6.491,6.466,0.377,0.471,0.188,25.904,1268883
1782484407666,-215,125,0.000,6.508,6.491,0.314,0.439,0.199,25.990,1268916
1782484407701,-215,120,0.006,6.475,6.483,0.377,0.565,0.183,25.904,1268949
1782484407730,-215,110,0.000,6.475,6.466,0.377,0.690,0.204,25.904,1268982
1782484407764,-215,105,0.006,6.491,6.475,0.377,0.659,0.183,25.904,1269015
1782484407798,-215,95,0.006,6.491,6.483,0.314,0.533,0.199,25.904,1269048
1782484407830,-215,85,0.006,6.499,6.491,0.282,0.565,0.177,25.904,1269081
1782484407863,-215,80,0.000,6.491,6.491,0.314,0.659,0.194,25.904,1269114
1782484407896,-215,70,0.000,6.499,6.508,0.188,0.628,0.210,25.904,1269147
1782484407932,-215,60,0.000,6.508,6.508,0.188,0.502,0.194,25.904,1269180
1782484407962,-215,55,0.000,6.508,6.499,0.188,0.565,0.183,25.818,1269213
1782484407997,-215,45,0.000,6.508,6.499,0.188,0.596,0.172,25.904,1269246
1782484408032,-215,35,0.000,6.499,6.508,0.188,0.565,0.183,25.904,1269279
1782484408077,-215,25,0.000,6.499,6.499,0.126,0.565,0.172,25.904,1269312
1782484408096,-215,20,0.000,6.508,6.491,0.188,0.565,0.177,25.904,1269345
1782484408130,-215,10,0.000,6.508,6.491,0.188,0.659,0.194,25.990,1269378
1782484408162,-215,5,0.000,6.508,6.508,0.188,0.533,0.199,25.990,1269411
1782484408195,-215,-5,0.000,6.508,6.508,0.188,0.533,0.188,25.990,1269444
1782484408229,-215,-15,0.000,6.491,6.499,0.188,0.596,0.188,25.904,1269477
1782484408263,-215,-20,0.000,6.516,6.508,0.188,0.502,0.172,25.904,1269510
1782484408295,-215,-30,0.018,6.499,6.499,0.188,0.659,0.199,25.904,1269543
1782484408327,-215,-40,0.006,6.516,6.491,0.188,0.596,0.177,25.904,1269576
1782484408361,-210,-40,0.006,6.516,6.508,0.188,0.628,0.194,26.077,1269609
1782484408394,-200,-40,0.000,6.516,6.508,0.157,0.565,0.183,25.904,1269642
1782484408431,-190,-40,0.000,6.516,6.508,0.188,0.533,0.194,25.904,1269675
1782484408462,-185,-40,0.006,6.516,6.508,0.188,0.565,0.172,25.904,1269708
1782484408495,-175,-40,0.000,6.524,6.524,0.126,0.345,0.194,25.904,1269741
1782484408527,-165,-40,0.006,6.524,6.524,0.188,0.377,0.188,25.904,1269774
1782484408561,-160,-40,0.000,6.533,6.516,0.188,0.377,0.194,25.904,1269807
1782484408594,-150,-40,0.000,6.533,6.524,0.188,0.314,0.188,25.818,1269840
1782484408627,-140,-40,0.000,6.533,6.524,0.157,0.314,0.188,25.904,1269873
1782484408662,-135,-40,0.000,6.541,6.516,0.188,0.251,0.177,25.904,1269906
1782484408693,-125,-40,0.000,6.533,6.533,0.188,0.188,0.172,25.904,1269939
1782484408727,-115,-40,0.000,6.533,6.533,0.188,0.282,0.172,25.904,1269972
1782484408760,-110,-40,0.000,6.533,6.524,0.188,0.314,0.183,25.990,1270005
1782484408800,-100,-40,0.000,6.533,6.533,0.126,0.282,0.194,25.904,1270038
1782484408827,-90,-40,0.000,6.557,6.533,0.188,0.251,0.199,25.904,1270071
1782484408859,-90,-45,0.000,6.541,6.533,0.157,0.251,0.183,25.904,1270104
1782484408894,-90,-55,0.000,6.549,6.541,0.188,0.157,0.194,25.904,1270137
1782484408928,-90,-65,0.000,6.549,6.541,0.188,0.188,0.172,25.904,1270170
1782484408961,-90,-70,0.000,6.549,6.541,0.188,0.126,0.177,25.904,1270203
1782484409009,-90,-85,0.000,6.549,6.549,0.188,0.157,0.172,25.904,1270236
1782484409027,-90,-90,0.000,6.541,6.541,0.188,0.157,0.161,25.990,1270269
1782484409059,-92,-92,0.000,6.541,6.541,0.188,0.126,0.204,25.990,1270302
1782484409093,-97,-97,0.000,6.557,6.557,0.188,0.188,0.167,25.904,1270335
1782484409128,-102,-102,0.000,6.557,6.549,0.126,0.157,0.194,25.904,1270368
1782484409160,-105,-105,0.006,6.549,6.549,0.220,0.157,0.204,25.990,1270401
1782484409202,-110,-110,0.000,6.549,6.541,0.188,0.188,0.194,25.904,1270434
1782484409234,-115,-115,0.006,6.541,6.541,0.188,0.251,0.161,25.904,1270467
1782484409268,-120,-120,0.006,6.541,6.541,0.188,0.251,0.194,25.990,1270500
1782484409304,-122,-122,0.000,6.533,6.524,0.282,0.251,0.194,25.990,1270533
1782484409334,-127,-127,0.000,6.541,6.541,0.282,0.282,0.183,25.904,1270566
1782484409367,-132,-132,0.006,6.541,6.533,0.220,0.282,0.161,25.904,1270599
1782484409400,-135,-135,0.000,6.541,6.541,0.220,0.251,0.161,25.990,1270632
1782484409435,-140,-140,0.000,6.541,6.524,0.157,0.220,0.194,25.904,1270665
1782484409467,-142,-142,0.000,6.533,6.524,0.282,0.282,0.194,25.904,1270698
1782484409498,-147,-147,0.000,6.516,6.524,0.251,0.282,0.151,25.904,1270731
1782484409531,-152,-152,0.000,6.533,6.516,0.220,0.345,0.167,25.904,1270764
1782484409568,-157,-157,0.000,6.524,6.516,0.377,0.251,0.156,25.904,1270797
1782484409599,-160,-160,0.000,6.524,6.516,0.314,0.282,0.145,25.904,1270830
1782484409631,-165,-165,0.000,6.524,6.524,0.314,0.377,0.151,25.904,1270863
1782484409664,-167,-167,0.000,6.524,6.524,0.345,0.314,0.140,25.904,1270896
1782484409697,-172,-172,0.000,6.524,6.516,0.282,0.282,0.129,25.990,1270929
1782484409737,-177,-177,0.000,6.541,6.499,0.345,0.251,0.124,25.990,1270962
1782484409763,-180,-180,0.006,6.508,6.516,0.345,0.439,0.129,25.904,1270995
1782484409796,-185,-185,0.006,6.524,6.508,0.314,0.345,0.118,25.904,1271028
1782484409830,-190,-190,0.000,6.508,6.508,0.439,0.314,0.124,25.990,1271061
1782484409861,-192,-192,0.000,6.524,6.508,0.314,0.282,0.118,25.904,1271094
1782484409894,-197,-197,0.006,6.516,6.516,0.345,0.345,0.129,25.904,1271127
1782484409928,-202,-202,0.000,6.508,6.508,0.533,0.408,0.129,25.904,1271160
1782484409961,-205,-205,0.000,6.516,6.508,0.377,0.314,0.129,25.904,1271193
1782484409994,-210,-210,0.000,6.508,6.508,0.377,0.377,0.129,25.904,1271226
1782484410028,-215,-215,0.006,6.499,6.491,0.502,0.408,0.129,25.990,1271259
1782484410060,-212,-212,0.006,6.508,6.499,0.439,0.377,0.124,25.904,1271292
1782484410103,-207,-207,0.000,6.499,6.508,0.533,0.377,0.129,25.904,1271325
1782484410128,-202,-202,0.000,6.499,6.491,0.439,0.408,0.134,25.904,1271358
1782484410159,-200,-200,0.000,6.508,6.499,0.408,0.314,0.134,25.904,1271391
1782484410191,-195,-195,0.000,6.516,6.491,0.533,0.439,0.134,25.904,1271424
1782484410226,-192,-192,0.000,6.508,6.508,0.439,0.408,0.129,25.904,1271457
1782484410258,-187,-187,0.000,6.508,6.508,0.408,0.314,0.129,25.904,1271490
1782484410290,-182,-182,0.000,6.508,6.524,0.282,0.314,0.124,25.904,1271523
1782484410323,-180,-180,0.000,6.524,6.516,0.314,0.251,0.129,25.904,1271556
1782484410357,-175,-175,0.000,6.524,6.524,0.282,0.314,0.108,25.990,1271589
1782484410403,-170,-170,0.006,6.533,6.508,0.314,0.314,0.134,25.904,1271622
1782484410423,-167,-167,0.006,6.524,6.516,0.377,0.251,0.129,25.904,1271655
1782484410456,-162,-162,0.000,6.524,6.516,0.282,0.345,0.151,25.904,1271688
1782484410491,-157,-157,0.000,6.533,6.524,0.251,0.220,0.129,25.904,1271721
1782484410523,-155,-155,0.012,6.549,6.524,0.251,0.188,0.124,25.904,1271754
1782484410556,-150,-150,0.006,6.533,6.524,0.220,0.220,0.124,25.904,1271787
1782484410593,-145,-145,0.000,6.541,6.533,0.220,0.220,0.129,25.990,1271820
1782484410622,-140,-145,0.000,6.541,6.524,0.314,0.220,0.129,25.904,1271853
1782484410656,-130,-145,0.000,6.524,6.524,0.188,0.220,0.145,25.904,1271886
1782484410691,-120,-145,0.000,6.541,6.541,0.251,0.220,0.129,25.904,1271919
1782484410722,-115,-145,0.000,6.541,6.524,0.220,0.251,0.134,25.904,1271952
1782484410755,-105,-145,0.000,6.549,6.533,0.314,0.220,0.134,25.904,1271985
1782484410789,-95,-145,0.000,6.524,6.524,0.439,0.188,0.118,25.904,1272018
1782484410822,-90,-145,0.000,6.516,6.508,0.502,0.282,0.145,25.904,1272051
1782484410855,-80,-145,0.000,6.524,6.516,0.565,0.157,0.177,25.904,1272084
1782484410888,-75,-145,0.000,6.524,6.516,0.502,0.188,0.129,25.904,1272117
1782484410922,-65,-145,0.000,6.524,6.524,0.471,0.157,0.204,25.904,1272150
1782484410955,-55,-145,0.000,6.524,6.524,0.471,0.157,0.188,25.990,1272183
1782484410988,-50,-145,0.000,6.533,6.524,0.471,0.126,0.194,25.904,1272216
1782484411021,-40,-145,0.006,6.533,6.541,0.471,0.188,0.177,25.990,1272249
1782484411056,-30,-145,0.000,6.524,6.516,0.471,0.157,0.177,25.904,1272282
1782484411088,-25,-145,0.000,6.541,6.516,0.533,0.157,0.177,25.904,1272315
1782484411121,-15,-145,0.000,6.524,6.499,0.565,0.188,0.188,25.990,1272348
1782484411155,-5,-145,0.006,6.524,6.516,0.565,0.126,0.183,25.904,1272381
1782484411187,0,-145,0.000,6.524,6.516,0.533,0.157,0.183,25.818,1272414
1782484411221,10,-145,0.000,6.524,6.499,0.502,0.188,0.188,25.904,1272447
1782484411256,20,-145,0.000,6.524,6.508,0.502,0.157,0.183,25.904,1272480
1782484411288,25,-145,0.000,6.524,6.516,0.471,0.157,0.199,25.904,1272513
1782484411322,35,-145,0.006,6.524,6.524,0.502,0.157,0.161,25.904,1272546
1782484411358,45,-145,0.000,6.516,6.508,0.628,0.157,0.199,25.990,1272579
1782484411387,50,-145,0.000,6.524,6.524,0.502,0.157,0.194,25.990,1272612
1782484411420,60,-145,0.000,6.524,6.499,0.502,0.157,0.161,25.904,1272645
1782484411454,70,-145,0.000,6.524,6.508,0.565,0.157,0.204,25.990,1272678
1782484411487,75,-145,0.000,6.524,6.508,0.471,0.220,0.177,25.904,1272711
1782484411521,85,-145,0.000,6.524,6.516,0.471,0.157,0.204,25.904,1272744
1782484411556,95,-145,0.000,6.524,6.524,0.439,0.126,0.188,25.904,1272777
1782484411587,100,-145,0.000,6.524,6.516,0.502,0.157,0.194,25.990,1272810
1782484411620,110,-145,0.000,6.516,6.516,0.471,0.157,0.194,25.904,1272843
1782484411654,120,-145,0.000,6.516,6.499,0.439,0.251,0.183,25.904,1272876
1782484411688,125,-145,0.000,6.516,6.508,0.533,0.220,0.188,25.904,1272909
1782484411721,135,-145,0.000,6.524,6.508,0.502,0.220,0.161,25.990,1272942
1782484411753,145,-145,0.000,6.499,6.499,0.533,0.314,0.204,25.904,1272975
1782484411786,147,-147,0.000,6.508,6.491,0.502,0.377,0.161,25.904,1273008
1782484411822,152,-152,0.006,6.508,6.499,0.502,0.377,0.188,25.904,1273041
1782484411853,157,-157,0.000,6.508,6.499,0.439,0.408,0.199,25.904,1273074
1782484411886,160,-160,0.012,6.533,6.516,0.188,0.345,0.156,25.904,1273107
1782484411921,165,-165,0.000,6.533,6.524,0.188,0.471,0.194,25.990,1273140
1782484411955,170,-170,0.000,6.524,6.524,0.188,0.439,0.194,25.990,1273173
1782484411985,172,-172,0.006,6.524,6.524,0.188,0.408,0.194,25.904,1273206
1782484412022,177,-177,0.000,6.524,6.524,0.188,0.377,0.172,25.904,1273239
1782484412053,182,-182,0.006,6.524,6.516,0.188,0.502,0.177,25.904,1273272
1782484412087,185,-185,0.000,6.524,6.516,0.157,0.439,0.199,25.904,1273305
1782484412119,190,-190,0.000,6.524,6.516,0.251,0.502,0.199,25.818,1273338
1782484412152,195,-195,0.000,6.524,6.516,0.188,0.439,0.172,25.904,1273371
1782484412186,197,-197,0.006,6.524,6.516,0.220,0.471,0.194,25.904,1273404
1782484412219,202,-202,0.000,6.508,6.524,0.157,0.596,0.172,25.904,1273437
1782484412252,207,-207,0.000,6.524,6.516,0.188,0.565,0.161,25.818,1273470
1782484412286,210,-210,0.006,6.516,6.508,0.188,0.659,0.188,25.904,1273503
1782484412318,215,-215,0.006,6.533,6.516,0.188,0.471,0.183,25.904,1273536
1782484412352,220,-220,0.000,6.533,6.516,0.126,0.502,0.188,25.904,1273569
1782484412384,222,-222,0.000,6.499,6.499,0.126,0.753,0.194,25.904,1273602
1782484412418,227,-227,0.000,6.516,6.499,0.126,0.722,0.177,25.904,1273635
1782484412451,227,-227,0.000,6.508,6.499,0.188,0.659,0.172,25.904,1273668
1782484412487,225,-225,0.000,6.516,6.508,0.251,0.596,0.194,25.904,1273701
1782484412518,220,-220,0.000,6.516,6.499,0.188,0.690,0.172,25.904,1273734
1782484412552,215,-215,0.006,6.516,6.508,0.188,0.533,0.188,25.904,1273767
1782484412585,212,-212,0.006,6.508,6.533,0.188,0.408,0.172,25.904,1273800
1782484412617,207,-207,0.000,6.524,6.516,0.188,0.439,0.194,25.904,1273833
1782484412651,202,-202,0.000,6.533,6.524,0.188,0.471,0.194,25.904,1273866
1782484412684,200,-200,0.000,6.524,6.533,0.188,0.408,0.199,25.904,1273899
1782484412718,195,-195,0.000,6.541,6.516,0.188,0.628,0.194,25.904,1273932
1782484412751,190,-190,0.000,6.524,6.516,0.188,0.408,0.172,25.904,1273965
1782484412786,187,-187,0.000,6.524,6.516,0.188,0.471,0.183,25.990,1273998
1782484412817,182,-182,0.000,6.524,6.524,0.188,0.471,0.172,25.904,1274031
1782484412850,180,-180,0.000,6.524,6.508,0.157,0.471,0.183,25.904,1274064
1782484412884,175,-175,0.000,6.533,6.549,0.188,0.282,0.183,25.904,1274097
1782484412917,170,-170,0.006,6.533,6.541,0.188,0.314,0.172,25.904,1274130
1782484412951,165,-165,0.000,6.533,6.524,0.188,0.345,0.183,25.904,1274163
1782484412983,162,-162,0.000,6.524,6.516,0.188,0.314,0.199,25.818,1274196
1782484413020,157,-157,0.000,6.541,6.524,0.188,0.314,0.194,25.904,1274229
1782484413051,152,-152,0.000,6.541,6.533,0.188,0.314,0.177,25.904,1274262
1782484413089,150,-150,0.000,6.549,6.541,0.126,0.282,0.177,25.904,1274295
1782484413117,145,-145,0.000,6.533,6.541,0.157,0.251,0.161,25.904,1274328
1782484413153,140,-140,0.006,6.524,6.533,0.188,0.377,0.177,25.990,1274361
1782484413183,137,-137,0.000,6.524,6.533,0.251,0.282,0.172,25.904,1274394
1782484413216,132,-132,0.000,6.533,6.533,0.188,0.345,0.172,25.990,1274427
1782484413255,127,-127,0.000,6.524,6.524,0.188,0.377,0.194,25.904,1274460
1782484413283,125,-125,0.000,6.533,6.541,0.188,0.314,0.199,25.904,1274493
1782484413316,120,-120,0.000,6.524,6.524,0.251,0.377,0.194,25.904,1274526
1782484413354,115,-115,0.000,6.541,6.524,0.188,0.314,0.188,25.904,1274559
1782484413382,112,-112,0.000,6.541,6.533,0.220,0.251,0.167,25.818,1274592
1782484413416,107,-107,0.000,6.541,6.541,0.188,0.251,0.194,25.904,1274625
1782484413449,105,-105,0.000,6.541,6.533,0.188,0.251,0.167,25.904,1274658
1782484413492,97,-97,0.012,6.541,6.541,0.188,0.220,0.177,25.818,1274691
1782484413515,95,-95,0.000,6.549,6.541,0.188,0.251,0.177,25.904,1274724
1782484413562,90,-90,0.000,6.541,6.541,0.188,0.251,0.188,25.904,1274757
1782484413591,87,-87,0.006,6.557,6.549,0.188,0.157,0.172,25.904,1274790
1782484413623,82,-82,0.006,6.549,6.549,0.188,0.157,0.204,25.990,1274823
1782484413657,77,-77,0.000,6.557,6.549,0.220,0.220,0.177,25.990,1274856
1782484413691,72,-72,0.000,6.557,6.549,0.157,0.157,0.177,25.818,1274889
1782484413722,70,-70,0.000,6.557,6.549,0.157,0.188,0.140,25.904,1274922
1782484413756,65,-65,0.000,6.549,6.541,0.188,0.188,0.194,25.818,1274955
1782484413788,62,-62,0.006,6.557,6.549,0.188,0.188,0.156,25.904,1274988
1782484413821,57,-57,0.000,6.541,6.566,0.188,0.157,0.161,25.990,1275021
1782484413855,52,-52,0.006,6.541,6.557,0.126,0.157,0.145,25.904,1275054
1782484413889,50,-50,0.000,6.541,6.549,0.188,0.188,0.172,25.904,1275087
1782484413922,45,-45,0.000,6.557,6.557,0.157,0.188,0.145,25.990,1275120
1782484413954,40,-40,0.006,6.541,6.557,0.188,0.157,0.199,25.904,1275153
1782484413987,37,-37,0.006,6.557,6.557,0.157,0.220,0.151,25.904,1275186
1782484414021,32,-32,0.000,6.557,6.557,0.188,0.157,0.129,25.904,1275219
1782484414052,27,-27,0.000,6.566,6.557,0.188,0.126,0.156,25.904,1275252
1782484414085,25,-25,0.006,6.557,6.549,0.126,0.188,0.129,25.904,1275285
1782484414118,20,-20,0.000,6.557,6.557,0.188,0.157,0.129,25.990,1275318
1782484414151,17,-17,0.000,6.557,6.557,0.188,0.157,0.129,25.904,1275351
1782484414184,12,-12,0.000,6.557,6.557,0.220,0.157,0.129,25.904,1275384
1782484414220,7,-7,0.000,6.557,6.557,0.188,0.157,0.129,25.904,1275417
1782484414251,5,-5,0.006,6.566,6.557,0.220,0.188,0.145,25.904,1275450
1782484414287,0,0,0.000,6.574,6.557,0.188,0.157,0.124,25.904,1275483
1782484414317,-5,5,0.000,6.566,6.557,0.220,0.157,0.134,25.904,1275516
1782484414350,-7,7,0.000,6.557,6.557,0.251,0.157,0.134,25.904,1275549
1782484414383,-12,12,0.006,6.557,6.549,0.188,0.126,0.113,25.904,1275582
1782484414416,-17,17,0.000,6.566,6.557,0.188,0.157,0.118,25.904,1275615
1782484414448,-20,20,0.000,6.566,6.557,0.188,0.157,0.129,25.904,1275648
1782484414484,-25,25,0.000,6.557,6.574,0.126,0.188,0.156,25.904,1275681
1782484414515,-30,30,0.000,6.557,6.557,0.188,0.126,0.124,25.818,1275714
1782484414549,-32,32,0.000,6.566,6.549,0.157,0.188,0.124,25.818,1275747
1782484414586,-37,37,0.000,6.566,6.557,0.157,0.188,0.145,25.904,1275780
1782484414614,-42,42,0.000,6.566,6.549,0.157,0.188,0.151,25.990,1275813
1782484414646,-45,45,0.000,6.566,6.557,0.188,0.157,0.124,25.904,1275846
1782484414679,-50,50,0.006,6.557,6.557,0.157,0.126,0.156,25.990,1275879
1782484414714,-55,55,0.000,6.557,6.557,0.220,0.188,0.140,25.904,1275912
1782484414746,-57,57,0.000,6.566,6.582,0.157,0.157,0.129,25.904,1275945
1782484414778,-62,62,0.000,6.557,6.549,0.188,0.188,0.140,25.904,1275978
1782484414811,-65,65,0.000,6.566,6.557,0.188,0.126,0.134,25.990,1276011
1782484414845,-70,70,0.000,6.566,6.557,0.188,0.157,0.129,25.904,1276044
1782484414879,-75,75,0.000,6.557,6.557,0.188,0.126,0.124,25.904,1276077
1782484414912,-77,77,0.006,6.557,6.566,0.188,0.188,0.134,25.904,1276110
1782484414945,-82,82,0.006,6.574,6.557,0.157,0.157,0.129,25.904,1276143
1782484414981,-87,87,0.000,6.574,6.557,0.188,0.157,0.124,25.990,1276176
1782484415012,-90,90,0.006,6.566,6.557,0.188,0.188,0.129,25.904,1276209
1782484415045,-95,95,0.000,6.566,6.557,0.188,0.157,0.118,25.904,1276242
1782484415077,-100,100,0.000,6.566,6.557,0.188,0.157,0.129,25.904,1276275
1782484415111,-102,102,0.000,6.549,6.549,0.314,0.157,0.134,25.904,1276308
1782484415145,-107,107,0.000,6.557,6.549,0.282,0.157,0.129,25.904,1276341
1782484415177,-112,112,0.000,6.557,6.557,0.220,0.157,0.134,25.904,1276374
1782484415212,-115,115,0.000,6.549,6.549,0.188,0.251,0.134,25.904,1276407
1782484415244,-120,120,0.000,6.549,6.541,0.188,0.251,0.129,25.904,1276440
1782484415279,-125,125,0.000,6.549,6.566,0.251,0.188,0.199,25.990,1276473
1782484415311,-127,127,0.000,6.533,6.533,0.408,0.220,0.172,25.904,1276506
1782484415346,-132,132,0.000,6.533,6.524,0.377,0.251,0.194,25.904,1276539
1782484415377,-137,137,0.006,6.524,6.516,0.439,0.314,0.167,25.904,1276572
1782484415410,-140,140,0.000,6.508,6.491,0.502,0.439,0.210,25.904,1276605
1782484415444,-145,145,0.000,6.499,6.508,0.502,0.408,0.172,25.904,1276638
1782484415492,-150,150,0.000,6.499,6.491,0.565,0.471,0.194,25.904,1276671
1782484415514,-155,155,0.006,6.483,6.475,0.753,0.377,0.172,25.904,1276704
1782484415554,-160,160,0.000,6.483,6.475,0.784,0.471,0.183,25.904,1276737
1782484415580,-162,162,0.000,6.491,6.475,0.816,0.408,0.172,25.990,1276770
1782484415611,-165,165,0.000,6.475,6.450,1.067,0.439,0.167,25.904,1276803
1782484415643,-170,170,0.006,6.483,6.475,0.816,0.314,0.172,25.904,1276836
1782484415677,-175,175,0.000,6.475,6.458,1.035,0.439,0.167,25.904,1276869
1782484415713,-177,177,0.012,6.499,6.483,0.628,0.314,0.188,25.904,1276902
1782484415743,-182,182,0.000,6.491,6.483,0.659,0.439,0.177,25.904,1276935
1782484415776,-187,187,0.000,6.491,6.483,0.753,0.408,0.188,25.904,1276968
1782484415815,-192,192,0.000,6.483,6.475,0.659,0.533,0.188,25.904,1277001
1782484415843,-195,195,0.000,6.491,6.491,0.565,0.471,0.194,25.904,1277034
1782484415877,-200,200,0.006,6.491,6.483,0.628,0.471,0.177,25.904,1277067
1782484415909,-202,202,0.000,6.491,6.475,0.502,0.533,0.194,25.904,1277100
1782484415943,-207,207,0.000,6.491,6.483,0.533,0.408,0.172,25.990,1277133
1782484415976,-212,212,0.000,6.475,6.483,0.690,0.439,0.194,25.818,1277166
1782484416009,-215,215,0.000,6.475,6.466,0.753,0.471,0.183,25.904,1277199
1782484416043,-220,220,0.000,6.483,6.475,0.565,0.533,0.177,25.818,1277232
1782484416075,-225,225,0.000,6.475,6.458,0.816,0.596,0.194,25.904,1277265
1782484416109,-227,227,0.012,6.466,6.458,0.722,0.628,0.188,25.904,1277298
1782484416142,-222,222,0.000,6.458,6.458,0.690,0.628,0.177,25.904,1277331
1782484416175,-217,217,0.000,6.458,6.442,0.941,0.628,0.183,25.904,1277364
1782484416208,-215,215,0.006,6.458,6.442,0.722,0.690,0.183,25.990,1277397
1782484416243,-210,210,0.000,6.475,6.442,0.816,0.533,0.188,25.904,1277430
1782484416276,-205,205,0.000,6.475,6.458,0.816,0.533,0.172,25.818,1277463
1782484416315,-200,200,0.000,6.466,6.450,0.753,0.659,0.199,25.990,1277496
1782484416342,-197,197,0.000,6.483,6.475,0.690,0.471,0.188,25.904,1277529
1782484416387,-202,202,0.000,6.475,6.475,0.565,0.533,0.194,25.904,1277562
1782484416407,-205,205,0.006,6.491,6.491,0.596,0.408,0.172,25.904,1277595
1782484416441,-210,210,0.000,6.475,6.458,0.628,0.628,0.204,25.990,1277628
1782484416475,-215,215,0.000,6.466,6.458,0.659,0.596,0.204,25.904,1277661
1782484416508,-217,217,0.000,6.458,6.450,0.690,0.565,0.194,25.904,1277694
1782484416541,-222,222,0.000,6.483,6.442,0.690,0.659,0.194,25.904,1277727
1782484416577,-227,227,0.006,6.458,6.450,0.879,0.628,0.177,25.904,1277760
1782484416607,-230,230,0.000,6.458,6.433,0.941,0.690,0.177,25.904,1277793
1782484416646,-235,235,0.000,6.458,6.450,0.753,0.628,0.172,25.904,1277826
1782484416678,-240,240,0.000,6.458,6.442,0.816,0.628,0.210,25.904,1277859
1782484416707,-242,242,0.000,6.442,6.425,1.004,0.565,0.188,25.990,1277892
1782484416740,-247,247,0.000,6.450,6.433,1.004,0.690,0.204,25.904,1277925
1782484416773,-250,250,0.006,6.442,6.425,0.847,0.753,0.194,25.904,1277958
1782484416809,-255,255,0.000,6.425,6.408,1.381,0.659,0.210,25.904,1277991
1782484416840,-260,260,0.006,6.433,6.417,1.004,0.753,0.194,25.904,1278024
1782484416874,-262,262,0.012,6.425,6.425,1.004,0.628,0.199,25.904,1278057
1782484416906,-267,267,0.000,6.425,6.408,1.098,0.784,0.188,25.818,1278090
1782484416944,-272,272,0.000,6.425,6.417,1.192,0.816,0.194,25.904,1278123
1782484416979,-277,277,0.000,6.392,6.392,1.130,0.941,0.215,25.990,1278156
1782484417006,-280,280,0.006,6.392,6.392,1.286,0.816,0.172,25.904,1278189
1782484417044,-285,285,0.000,6.400,6.384,1.161,1.004,0.204,25.904,1278222
1782484417074,-287,287,0.000,6.392,6.375,1.412,1.004,0.167,25.904,1278255
1782484417112,-292,292,0.000,6.384,6.359,1.475,1.035,0.194,25.904,1278288
1782484417139,-292,292,0.006,6.384,6.367,1.286,1.035,0.204,25.904,1278321
1782484417173,-290,290,0.000,6.375,6.359,1.443,1.067,0.172,25.818,1278354
1782484417205,-285,285,0.000,6.375,6.367,1.318,1.098,0.194,25.904,1278387
1782484417239,-280,280,0.000,6.408,6.367,1.412,0.910,0.183,25.990,1278420
1782484417273,-277,277,0.006,6.392,6.384,1.004,1.067,0.172,25.904,1278453
1782484417306,-272,272,0.000,6.392,6.392,1.098,1.067,0.194,25.904,1278486
1782484417339,-267,267,0.000,6.384,6.367,1.255,1.035,0.183,25.990,1278519
1782484417372,-265,265,0.000,6.417,6.392,1.004,0.910,0.172,25.904,1278552
1782484417405,-260,260,0.000,6.400,6.408,1.130,0.784,0.177,25.990,1278585
1782484417439,-255,255,0.000,6.408,6.392,1.286,0.816,0.172,25.904,1278618
1782484417472,-252,252,0.000,6.408,6.400,1.286,0.784,0.188,25.904,1278651
1782484417505,-247,247,0.000,6.417,6.408,0.941,0.879,0.210,25.904,1278684
1782484417539,-242,242,0.000,6.425,6.408,1.067,0.628,0.177,25.904,1278717
1782484417573,-240,240,0.000,6.408,6.417,1.130,0.784,0.188,25.904,1278750
1782484417606,-235,235,0.000,6.433,6.417,0.847,0.690,0.194,25.904,1278783
1782484417647,-230,230,0.000,6.433,6.425,1.098,0.659,0.194,25.904,1278816
1782484417671,-227,227,0.000,6.442,6.442,0.941,0.502,0.167,25.818,1278849
1782484417705,-222,222,0.000,6.442,6.433,0.784,0.690,0.210,25.818,1278882
1782484417738,-217,217,0.000,6.442,6.458,0.784,0.565,0.194,25.904,1278915
1782484417772,-215,215,0.000,6.450,6.442,0.753,0.690,0.194,25.904,1278948
1782484417805,-210,210,0.000,6.466,6.450,0.628,0.471,0.194,25.904,1278981
1782484417839,-205,205,0.000,6.450,6.442,0.722,0.596,0.199,25.904,1279014
1782484417871,-202,202,0.000,6.442,6.450,0.784,0.377,0.188,25.990,1279047
1782484417907,-197,197,0.000,6.466,6.442,0.690,0.596,0.183,25.904,1279080
1782484417947,-192,192,0.006,6.475,6.450,0.690,0.471,0.194,25.904,1279113
1782484417992,-187,187,0.000,6.458,6.458,0.784,0.502,0.188,25.904,1279146
1782484418016,-185,185,0.000,6.475,6.475,0.565,0.377,0.172,25.904,1279179
1782484418046,-180,180,0.000,6.483,6.466,0.565,0.408,0.172,25.904,1279212
1782484418079,-175,175,0.006,6.475,6.475,0.628,0.408,0.204,25.904,1279245
1782484418112,-172,172,0.000,6.483,6.475,0.502,0.377,0.194,25.904,1279278
1782484418144,-167,167,0.000,6.491,6.483,0.471,0.377,0.161,25.904,1279311
1782484418178,-162,162,0.000,6.483,6.483,0.596,0.439,0.183,25.904,1279344
1782484418213,-160,160,0.000,6.491,6.475,0.533,0.345,0.194,25.904,1279377
1782484418243,-155,155,0.000,6.491,6.483,0.502,0.282,0.124,25.904,1279410
1782484418291,-150,150,0.000,6.499,6.491,0.471,0.314,0.161,25.904,1279443
1782484418316,-147,147,0.000,6.491,6.483,0.533,0.345,0.129,25.904,1279476
1782484418343,-142,142,0.000,6.491,6.483,0.596,0.282,0.134,25.990,1279509
1782484418379,-137,137,0.000,6.483,6.466,0.690,0.345,0.134,25.904,1279542
1782484418409,-135,135,0.000,6.475,6.466,0.722,0.345,0.145,25.904,1279575
1782484418441,-130,130,0.000,6.499,6.491,0.659,0.314,0.129,25.904,1279608
1782484418478,-125,125,0.000,6.491,6.499,0.659,0.282,0.129,25.904,1279641
1782484418508,-122,122,0.000,6.508,6.491,0.533,0.314,0.134,25.904,1279674
1782484418540,-117,117,0.000,6.499,6.491,0.502,0.314,0.129,25.818,1279707
1782484418590,-112,112,0.000,6.516,6.508,0.377,0.251,0.129,25.904,1279740
1782484418608,-110,110,0.000,6.516,6.499,0.314,0.220,0.124,25.904,1279773
1782484418641,-105,105,0.000,6.508,6.508,0.282,0.251,0.145,25.904,1279806
1782484418673,-102,102,0.006,6.524,6.516,0.282,0.282,0.129,25.904,1279839
1782484418706,-97,97,0.000,6.516,6.508,0.251,0.251,0.129,25.904,1279872
1782484418738,-92,92,0.006,6.524,6.524,0.251,0.157,0.124,25.904,1279905
1782484418772,-90,90,0.000,6.541,6.524,0.282,0.188,0.129,25.990,1279938
1782484418805,-85,85,0.012,6.524,6.541,0.251,0.188,0.118,25.904,1279971
1782484418838,-80,80,0.000,6.549,6.533,0.220,0.157,0.129,25.904,1280004
1782484418870,-77,77,0.000,6.541,6.533,0.188,0.157,0.124,25.904,1280037
1782484418904,-72,72,0.000,6.541,6.541,0.188,0.157,0.134,25.904,1280070
1782484418938,-70,70,0.000,6.549,6.541,0.157,0.188,0.129,25.904,1280103
1782484418969,-65,65,0.000,6.549,6.541,0.188,0.188,0.129,25.904,1280136
1782484419004,-60,60,0.006,6.549,6.541,0.188,0.188,0.129,25.904,1280169
1782484419035,-57,57,0.000,6.541,6.524,0.188,0.126,0.134,25.904,1280202
1782484419068,-52,52,0.000,6.566,6.549,0.188,0.157,0.129,26.077,1280235
1782484419101,-47,47,0.000,6.533,6.541,0.188,0.157,0.129,25.904,1280268
1782484419135,-45,45,0.000,6.524,6.549,0.188,0.157,0.124,25.990,1280301
1782484419168,-40,40,0.000,6.557,6.533,0.188,0.157,0.134,25.990,1280334
1782484419211,-35,35,0.000,6.541,6.541,0.220,0.157,0.124,25.904,1280367
1782484419237,-32,32,0.000,6.549,6.541,0.157,0.157,0.129,25.990,1280400
1782484419268,-27,27,0.000,6.549,6.541,0.157,0.157,0.129,25.990,1280433
1782484419301,-22,22,0.000,6.549,6.541,0.188,0.157,0.129,25.904,1280466
1782484419334,-20,20,0.000,6.549,6.541,0.126,0.188,0.129,25.904,1280499
1782484419368,-15,15,0.000,6.541,6.541,0.220,0.157,0.129,25.904,1280532
1782484419401,-10,10,0.000,6.549,6.541,0.188,0.157,0.124,25.904,1280565
1782484419434,-7,7,0.000,6.566,6.557,0.188,0.188,0.129,25.990,1280598
1782484419467,-2,2,0.000,6.549,6.541,0.188,0.157,0.156,25.904,1280631
1782484419503,2,-2,0.000,6.549,6.541,0.157,0.157,0.134,25.904,1280664
1782484419534,5,-5,0.000,6.549,6.541,0.188,0.157,0.113,25.904,1280697
1782484419567,10,-10,0.000,6.549,6.549,0.188,0.188,0.151,25.904,1280730
1782484419605,15,-15,0.000,6.557,6.541,0.188,0.157,0.134,25.904,1280763
1782484419635,17,-17,0.000,6.557,6.533,0.157,0.188,0.134,25.904,1280796
1782484419668,22,-22,0.006,6.566,6.549,0.157,0.157,0.172,25.904,1280829
1782484419706,27,-27,0.000,6.549,6.541,0.188,0.157,0.188,25.904,1280862
1782484419737,30,-30,0.006,6.549,6.541,0.188,0.157,0.172,25.904,1280895
1782484419766,35,-35,0.006,6.541,6.557,0.188,0.188,0.194,25.904,1280928
1782484419800,40,-40,0.012,6.549,6.557,0.188,0.126,0.177,25.990,1280961
1782484419833,42,-42,0.000,6.574,6.549,0.188,0.188,0.156,25.904,1280994
1782484419867,47,-47,0.000,6.557,6.549,0.220,0.220,0.194,25.904,1281027
1782484419900,52,-52,0.006,6.566,6.541,0.188,0.157,0.172,25.818,1281060
1782484419933,55,-55,0.000,6.549,6.541,0.126,0.157,0.172,25.904,1281093
1782484419967,60,-60,0.000,6.557,6.541,0.188,0.126,0.167,25.904,1281126
1782484420002,65,-65,0.000,6.549,6.557,0.188,0.157,0.188,25.990,1281159
1782484420033,67,-67,0.000,6.557,6.549,0.188,0.157,0.167,25.904,1281192
1782484420065,72,-72,0.006,6.557,6.557,0.157,0.188,0.183,25.904,1281225
1782484420100,77,-77,0.000,6.557,6.541,0.188,0.157,0.183,25.904,1281258
1782484420132,80,-80,0.000,6.557,6.541,0.188,0.157,0.183,25.904,1281291
1782484420165,85,-85,0.000,6.549,6.541,0.188,0.157,0.199,25.990,1281324
1782484420206,90,-90,0.000,6.557,6.549,0.188,0.126,0.188,25.904,1281357
1782484420238,92,-92,0.000,6.541,6.541,0.188,0.157,0.167,25.904,1281390
1782484420266,97,-97,0.000,6.549,6.541,0.188,0.188,0.177,25.904,1281423
1782484420308,102,-102,0.000,6.557,6.549,0.188,0.157,0.156,25.904,1281456
1782484420332,105,-105,0.000,6.549,6.557,0.188,0.126,0.172,25.904,1281489
1782484420365,110,-110,0.000,6.541,6.533,0.188,0.188,0.199,25.904,1281522
1782484420400,115,-115,0.000,6.549,6.549,0.188,0.188,0.194,25.904,1281555
1782484420432,117,-117,0.000,6.533,6.533,0.251,0.220,0.172,25.904,1281588
1782484420468,122,-122,0.000,6.533,6.549,0.188,0.188,0.188,25.990,1281621
1782484420499,125,-125,0.000,6.524,6.524,0.251,0.157,0.177,25.904,1281654
1782484420531,130,-130,0.000,6.524,6.524,0.220,0.282,0.167,25.990,1281687
1782484420568,135,-135,0.000,6.541,6.524,0.188,0.314,0.199,25.904,1281720
1782484420598,137,-137,0.000,6.516,6.499,0.314,0.377,0.177,25.818,1281753
1782484420632,142,-142,0.000,6.508,6.508,0.314,0.439,0.194,25.818,1281786
1782484420664,147,-147,0.000,6.508,6.499,0.471,0.408,0.183,25.904,1281819
1782484420699,150,-150,0.000,6.499,6.516,0.533,0.345,0.183,25.904,1281852
1782484420731,155,-155,0.000,6.508,6.508,0.471,0.377,0.188,25.904,1281885
1782484420764,160,-160,0.000,6.491,6.483,0.533,0.439,0.167,25.904,1281918
1782484420798,162,-162,0.006,6.483,6.483,0.596,0.502,0.183,25.904,1281951
1782484420833,167,-167,0.006,6.458,6.475,0.722,0.502,0.188,25.904,1281984
1782484420864,172,-172,0.000,6.483,6.475,0.753,0.471,0.199,25.904,1282017
1782484420897,175,-175,0.000,6.466,6.458,0.910,0.502,0.183,25.904,1282050
1782484420935,180,-180,0.000,6.475,6.458,0.816,0.471,0.194,25.904,1282083
1782484420964,185,-185,0.000,6.458,6.442,1.192,0.471,0.199,25.904,1282116
1782484420997,187,-187,0.000,6.491,6.450,0.659,0.471,0.199,25.904,1282149
1782484421034,192,-192,0.000,6.466,6.475,0.784,0.533,0.199,25.904,1282182
1782484421063,187,-187,0.000,6.475,6.458,0.784,0.408,0.194,25.904,1282215
1782484421097,185,-185,0.000,6.475,6.475,0.784,0.533,0.194,25.904,1282248
1782484421130,180,-180,0.000,6.491,6.475,0.471,0.471,0.194,25.904,1282281
1782484421164,175,-175,0.000,6.499,6.491,0.502,0.377,0.167,25.904,1282314
1782484421197,172,-172,0.000,6.508,6.491,0.439,0.314,0.194,25.904,1282347
1782484421230,167,-167,0.000,6.508,6.491,0.502,0.377,0.194,25.904,1282380
1782484421263,162,-162,0.000,6.499,6.491,0.439,0.345,0.172,25.904,1282413
1782484421296,160,-160,0.000,6.516,6.499,0.533,0.282,0.177,25.904,1282446
1782484421330,155,-155,0.000,6.491,6.483,0.596,0.377,0.167,25.990,1282479
1782484421362,150,-150,0.000,6.499,6.491,0.596,0.282,0.194,25.904,1282512
1782484421396,147,-147,0.000,6.491,6.483,0.565,0.408,0.177,25.904,1282545
1782484421429,152,-152,0.000,6.491,6.483,0.533,0.408,0.194,25.904,1282578
1782484421463,157,-157,0.000,6.491,6.475,0.471,0.502,0.194,25.904,1282611
1782484421496,160,-160,0.000,6.491,6.475,0.533,0.439,0.188,25.904,1282644
1782484421532,165,-165,0.006,6.483,6.475,0.659,0.439,0.172,25.904,1282677
1782484421562,170,-170,0.000,6.475,6.458,0.690,0.439,0.204,25.990,1282710
1782484421606,175,-175,0.000,6.483,6.466,0.753,0.408,0.161,25.904,1282743
1782484421629,177,-177,0.000,6.466,6.450,1.067,0.408,0.177,25.904,1282776
1782484421662,182,-182,0.000,6.458,6.450,0.941,0.439,0.177,25.904,1282809
1782484421695,185,-185,0.000,6.442,6.442,1.161,0.439,0.177,25.904,1282842
1782484421728,190,-190,0.000,6.450,6.442,1.224,0.439,0.194,25.904,1282875
1782484421762,195,-195,0.000,6.450,6.433,0.941,0.471,0.188,25.904,1282908
1782484421797,197,-197,0.000,6.458,6.450,0.816,0.533,0.199,25.904,1282941
1782484421828,202,-202,0.006,6.466,6.458,0.722,0.565,0.188,25.904,1282974
1782484421872,207,-207,0.000,6.475,6.466,0.690,0.439,0.167,25.904,1283007
1782484421916,212,-212,0.000,6.466,6.458,0.722,0.565,0.172,25.904,1283040
1782484421929,215,-215,0.000,6.483,6.458,0.816,0.533,0.183,25.818,1283073
1782484421961,220,-220,0.000,6.466,6.450,0.628,0.722,0.183,25.990,1283106
1782484421994,222,-222,0.000,6.466,6.433,0.941,0.690,0.177,25.904,1283139
1782484422029,217,-217,0.000,6.458,6.458,0.659,0.596,0.199,25.904,1283172
1782484422071,212,-212,0.000,6.466,6.450,0.722,0.659,0.183,25.904,1283205
1782484422111,207,-207,0.000,6.458,6.442,0.941,0.565,0.177,25.904,1283238
1782484422128,205,-205,0.000,6.475,6.466,0.628,0.565,0.161,25.904,1283271
1782484422164,200,-200,0.000,6.466,6.450,0.784,0.565,0.204,25.904,1283304
1782484422195,197,-197,0.000,6.491,6.483,0.502,0.408,0.199,25.904,1283337
1782484422236,192,-192,0.000,6.475,6.466,0.533,0.502,0.204,25.990,1283370
1782484422269,187,-187,0.000,6.483,6.475,0.502,0.439,0.161,25.990,1283403
1782484422302,182,-182,0.006,6.483,6.491,0.502,0.408,0.177,25.818,1283436
1782484422338,180,-180,0.000,6.491,6.483,0.533,0.377,0.183,25.990,1283469
1782484422370,175,-175,0.000,6.483,6.491,0.345,0.439,0.188,25.990,1283502
1782484422402,172,-172,0.000,6.499,6.475,0.471,0.314,0.161,25.904,1283535
1782484422435,167,-167,0.006,6.499,6.491,0.408,0.408,0.199,25.904,1283568
1782484422471,165,-160,0.000,6.491,6.483,0.565,0.345,0.172,25.904,1283601
1782484422502,165,-155,0.000,6.491,6.499,0.502,0.377,0.151,25.904,1283634
1782484422534,165,-145,0.000,6.499,6.491,0.565,0.314,0.134,25.904,1283667
1782484422573,165,-135,0.006,6.499,6.508,0.439,0.282,0.172,25.990,1283700
1782484422599,165,-130,0.000,6.508,6.499,0.439,0.314,0.129,25.990,1283733
1782484422632,165,-120,0.000,6.499,6.491,0.408,0.471,0.151,25.904,1283766
1782484422665,165,-110,0.000,6.491,6.483,0.439,0.533,0.118,25.904,1283799
1782484422698,165,-105,0.000,6.499,6.491,0.251,0.533,0.129,25.904,1283832
1782484422731,165,-95,0.000,6.499,6.499,0.345,0.471,0.124,25.904,1283865
1782484422765,165,-85,0.000,6.508,6.499,0.345,0.471,0.129,25.904,1283898
1782484422798,165,-80,0.006,6.508,6.524,0.188,0.502,0.167,25.904,1283931
1782484422831,165,-70,0.000,6.508,6.499,0.251,0.659,0.129,25.990,1283964
1782484422864,165,-65,0.006,6.516,6.499,0.188,0.502,0.118,25.904,1283997
1782484422896,165,-55,0.000,6.524,6.499,0.188,0.471,0.124,25.818,1284030
1782484422931,165,-45,0.000,6.516,6.516,0.188,0.502,0.124,25.818,1284063
1782484422962,165,-40,0.012,6.541,6.541,0.157,0.377,0.134,25.818,1284096
1782484422996,165,-30,0.000,6.524,6.524,0.220,0.282,0.161,25.904,1284129
1782484423032,165,-20,0.000,6.516,6.524,0.188,0.377,0.124,25.904,1284162
1782484423061,165,-15,0.000,6.533,6.516,0.188,0.345,0.167,25.904,1284195
1782484423095,165,-5,0.000,6.524,6.524,0.188,0.345,0.161,25.904,1284228
1782484423128,165,5,0.000,6.516,6.508,0.188,0.408,0.129,26.077,1284261
1782484423161,165,10,0.000,6.524,6.533,0.126,0.314,0.134,26.077,1284294
1782484423205,165,20,0.000,6.533,6.524,0.157,0.345,0.167,25.904,1284327
1782484423248,165,35,0.000,6.533,6.524,0.157,0.345,0.129,25.904,1284360
1782484423267,165,40,0.006,6.524,6.508,0.094,0.439,0.129,25.904,1284393
1782484423293,165,45,0.000,6.524,6.533,0.157,0.377,0.129,25.904,1284426
1782484423326,165,55,0.000,6.533,6.516,0.126,0.408,0.124,25.904,1284459
1782484423358,160,55,0.000,6.541,6.524,0.188,0.345,0.129,25.904,1284492
1782484423393,150,55,0.000,6.533,6.541,0.188,0.314,0.129,25.904,1284525
1782484423424,145,55,0.000,6.524,6.533,0.188,0.345,0.129,25.904,1284558
1782484423458,135,55,0.006,6.541,6.524,0.188,0.282,0.129,25.904,1284591
1782484423500,125,55,0.000,6.549,6.524,0.188,0.251,0.134,25.904,1284624
1782484423539,115,55,0.000,6.533,6.533,0.188,0.251,0.129,25.904,1284657
1782484423557,110,55,0.000,6.524,6.524,0.188,0.282,0.129,25.904,1284690
1782484423598,100,55,0.000,6.541,6.524,0.188,0.282,0.129,25.904,1284723
1782484423623,95,55,0.000,6.541,6.533,0.188,0.251,0.167,25.904,1284756
1782484423657,85,55,0.000,6.541,6.524,0.220,0.251,0.140,25.904,1284789
1782484423705,75,55,0.000,6.557,6.549,0.188,0.157,0.129,25.904,1284822
1782484423727,70,55,0.006,6.557,6.541,0.188,0.157,0.129,25.904,1284855
1782484423768,55,55,0.000,6.541,6.541,0.188,0.126,0.124,25.904,1284888
1782484423791,52,52,0.000,6.541,6.557,0.188,0.157,0.118,25.990,1284921
1782484423823,50,50,0.000,6.549,6.549,0.157,0.157,0.129,25.904,1284954
1782484423857,45,45,0.000,6.549,6.541,0.126,0.157,0.129,25.904,1284987
1782484423890,40,40,0.000,6.557,6.549,0.157,0.157,0.134,25.904,1285020
1782484423923,37,37,0.000,6.549,6.541,0.188,0.188,0.134,25.904,1285053
1782484423957,32,32,0.000,6.549,6.549,0.188,0.126,0.199,25.904,1285086
1782484423989,27,27,0.000,6.566,6.549,0.188,0.188,0.194,25.904,1285119
1782484424023,25,25,0.000,6.557,6.541,0.188,0.157,0.194,25.904,1285152
1782484424057,20,20,0.012,6.549,6.549,0.188,0.157,0.194,25.990,1285185
1782484424090,15,15,0.000,6.557,6.557,0.188,0.157,0.194,25.990,1285218
1782484424123,12,12,0.006,6.557,6.541,0.188,0.157,0.194,25.990,1285251
1782484424156,7,7,0.000,6.557,6.549,0.188,0.126,0.188,25.904,1285284
1782484424189,2,2,0.006,6.566,6.549,0.126,0.126,0.194,25.818,1285317
1782484424223,0,0,0.000,6.549,6.541,0.157,0.188,0.188,25.904,1285350
1782484424258,-5,-5,0.000,6.549,6.541,0.188,0.126,0.172,25.904,1285383
1782484424289,-10,-10,0.000,6.549,6.541,0.157,0.126,0.183,25.904,1285416
1782484424323,-12,-12,0.000,6.557,6.557,0.188,0.157,0.161,25.904,1285449
1782484424357,-17,-17,0.000,6.549,6.557,0.188,0.157,0.188,25.904,1285482
1782484424409,-25,-25,0.000,6.549,6.533,0.188,0.157,0.194,25.904,1285515
1782484424434,-27,-27,0.000,6.549,6.557,0.188,0.157,0.172,25.904,1285548
1782484424459,-30,-30,0.006,6.541,6.549,0.188,0.157,0.167,25.904,1285581
1782484424489,-35,-35,0.000,6.557,6.549,0.157,0.188,0.172,25.990,1285614
1782484424522,-37,-37,0.000,6.557,6.549,0.157,0.157,0.188,25.904,1285647
1782484424567,-42,-42,0.000,6.549,6.549,0.220,0.188,0.199,25.904,1285680
1782484424588,-45,-45,0.000,6.557,6.549,0.188,0.157,0.161,25.904,1285713
1782484424623,-50,-50,0.006,6.549,6.557,0.157,0.157,0.172,25.990,1285746
1782484424655,-55,-55,0.006,6.557,6.549,0.188,0.157,0.210,25.904,1285779
1782484424687,-57,-57,0.000,6.566,6.557,0.188,0.188,0.161,25.904,1285812
1782484424725,-62,-62,0.006,6.549,6.541,0.220,0.157,0.188,25.904,1285845
1782484424755,-67,-67,0.000,6.557,6.549,0.188,0.188,0.194,25.904,1285878
1782484424788,-70,-70,0.000,6.557,6.549,0.251,0.188,0.183,25.990,1285911
1782484424829,-77,-77,0.000,6.557,6.541,0.188,0.188,0.194,25.904,1285944
1782484424872,-82,-82,0.000,6.566,6.557,0.157,0.188,0.199,25.990,1285977
1782484424912,-87,-87,0.000,6.566,6.557,0.188,0.157,0.172,25.818,1286010
1782484424925,-87,-87,0.000,6.566,6.566,0.188,0.157,0.161,25.904,1286043
1782484424954,-92,-92,0.012,6.566,6.549,0.220,0.157,0.188,25.904,1286076
1782484424987,-95,-95,0.006,6.557,6.549,0.188,0.188,0.199,25.904,1286109
1782484425021,-100,-100,0.000,6.557,6.533,0.220,0.157,0.188,25.904,1286142
1782484425054,-105,-105,0.000,6.574,6.549,0.188,0.157,0.161,25.904,1286175
1782484425088,-107,-107,0.000,6.549,6.557,0.157,0.157,0.204,25.904,1286208
1782484425120,-112,-112,0.000,6.557,6.549,0.157,0.126,0.204,25.904,1286241
1782484425164,-117,-117,0.000,6.557,6.541,0.188,0.251,0.172,25.904,1286274
1782484425191,-122,-122,0.000,6.541,6.533,0.251,0.251,0.167,25.904,1286307
1782484425221,-125,-125,0.000,6.541,6.541,0.282,0.220,0.177,25.904,1286340
1782484425253,-130,-130,0.000,6.533,6.516,0.220,0.157,0.183,25.818,1286373
1782484425287,-132,-132,0.006,6.549,6.524,0.220,0.251,0.188,25.904,1286406
1782484425338,-140,-140,0.000,6.541,6.516,0.314,0.282,0.199,25.818,1286439
1782484425358,-142,-142,0.000,6.524,6.524,0.314,0.251,0.161,25.818,1286472
1782484425391,-147,-147,0.000,6.533,6.524,0.345,0.220,0.151,25.990,1286505
1782484425420,-150,-150,0.000,6.533,6.524,0.314,0.282,0.167,25.904,1286538
1782484425453,-155,-155,0.000,6.524,6.516,0.282,0.345,0.172,25.904,1286571
1782484425486,-157,-157,0.000,6.524,6.516,0.282,0.314,0.194,25.990,1286604
1782484425520,-162,-162,0.006,6.533,6.524,0.314,0.314,0.183,25.990,1286637
1782484425553,-167,-167,0.006,6.524,6.516,0.345,0.251,0.172,25.904,1286670
1782484425586,-170,-170,0.000,6.516,6.516,0.314,0.314,0.199,25.904,1286703
1782484425619,-165,-165,0.000,6.524,6.516,0.345,0.251,0.199,25.904,1286736
1782484425652,-160,-160,0.000,6.516,6.508,0.377,0.282,0.194,25.904,1286769
1782484425688,-157,-157,0.000,6.524,6.524,0.251,0.345,0.199,25.904,1286802
1782484425723,-152,-152,0.000,6.524,6.533,0.314,0.314,0.172,25.904,1286835
1782484425754,-147,-147,0.000,6.533,6.549,0.220,0.188,0.177,25.990,1286868
1782484425786,-145,-145,0.000,6.533,6.524,0.251,0.251,0.172,25.904,1286901
1782484425819,-140,-140,0.000,6.541,6.524,0.251,0.251,0.194,25.904,1286934
1782484425855,-135,-135,0.000,6.524,6.541,0.157,0.220,0.177,25.904,1286967
1782484425885,-132,-132,0.006,6.541,6.533,0.220,0.220,0.188,25.904,1287000
1782484425920,-127,-127,0.006,6.549,6.533,0.251,0.251,0.204,25.904,1287033
1782484425953,-122,-122,0.000,6.524,6.549,0.220,0.188,0.177,25.990,1287066
1782484425985,-120,-120,0.000,6.541,6.516,0.251,0.220,0.194,25.904,1287099
1782484426018,-115,-115,0.000,6.541,6.533,0.220,0.251,0.172,25.904,1287132
1782484426062,-110,-110,0.000,6.533,6.541,0.251,0.251,0.188,25.904,1287165
1782484426086,-107,-107,0.000,6.533,6.541,0.251,0.220,0.183,25.904,1287198
1782484426122,-102,-102,0.000,6.533,6.533,0.314,0.251,0.194,25.904,1287231
1782484426166,-97,-97,0.000,6.549,6.541,0.188,0.251,0.188,25.904,1287264
1782484426185,-95,-95,0.000,6.557,6.541,0.188,0.157,0.172,25.990,1287297
1782484426219,-90,-90,0.000,6.557,6.549,0.188,0.157,0.194,25.904,1287330
1782484426251,-85,-85,0.000,6.557,6.549,0.188,0.157,0.183,25.818,1287363
1782484426285,-82,-82,0.000,6.557,6.566,0.157,0.157,0.172,25.904,1287396
1782484426318,-77,-77,0.000,6.557,6.549,0.126,0.157,0.210,25.990,1287429
1782484426351,-72,-72,0.000,6.557,6.549,0.188,0.157,0.204,25.904,1287462
1782484426384,-70,-70,0.000,6.557,6.557,0.188,0.157,0.167,25.904,1287495
1782484426418,-75,-75,0.000,6.541,6.549,0.188,0.157,0.194,25.904,1287528
1782484426454,-80,-80,0.000,6.557,6.557,0.188,0.157,0.167,25.904,1287561
1782484426487,-82,-82,0.000,6.557,6.549,0.126,0.126,0.183,25.904,1287594
1782484426526,-87,-87,0.006,6.557,6.566,0.188,0.157,0.183,25.904,1287627
1782484426563,-92,-92,0.000,6.549,6.549,0.188,0.126,0.172,25.904,1287660
1782484426593,-97,-97,0.000,6.557,6.549,0.188,0.094,0.177,25.904,1287693
1782484426625,-100,-100,0.000,6.549,6.557,0.188,0.188,0.167,25.904,1287726
1782484426658,-105,-105,0.000,6.557,6.557,0.188,0.126,0.183,25.904,1287759
1782484426692,-110,-110,0.000,6.566,6.549,0.188,0.126,0.194,25.904,1287792
1782484426724,-112,-112,0.000,6.566,6.557,0.251,0.188,0.161,25.904,1287825
1782484426764,-117,-117,0.000,6.557,6.549,0.188,0.251,0.156,25.904,1287858
1782484426791,-122,-122,0.006,6.541,6.533,0.314,0.220,0.124,25.904,1287891
1782484426826,-125,-125,0.000,6.541,6.533,0.220,0.314,0.194,25.904,1287924
1782484426856,-130,-130,0.012,6.541,6.524,0.251,0.251,0.129,25.904,1287957
1782484426889,-127,-127,0.000,6.541,6.533,0.282,0.282,0.129,25.904,1287990
1782484426922,-122,-122,0.000,6.533,6.533,0.251,0.251,0.118,25.818,1288023
1782484426955,-117,-117,0.006,6.524,6.533,0.314,0.251,0.151,25.990,1288056
1782484426990,-115,-115,0.000,6.549,6.533,0.251,0.314,0.124,25.904,1288089
1782484427033,-107,-107,0.000,6.533,6.533,0.251,0.282,0.161,25.904,1288122
1782484427055,-105,-105,0.000,6.549,6.541,0.314,0.251,0.129,25.904,1288155
1782484427088,-102,-102,0.006,6.541,6.541,0.251,0.220,0.124,25.904,1288188
1782484427122,-97,-97,0.012,6.549,6.533,0.251,0.220,0.129,25.990,1288221
1782484427154,-92,-92,0.000,6.557,6.557,0.188,0.188,0.129,25.904,1288254
1782484427187,-90,-90,0.000,6.574,6.549,0.126,0.157,0.134,25.904,1288287
1782484427220,-85,-85,0.000,6.557,6.541,0.157,0.126,0.124,25.904,1288320
1782484427253,-80,-80,0.006,6.557,6.566,0.220,0.251,0.140,25.904,1288353
1782484427286,-77,-77,0.000,6.566,6.557,0.188,0.126,0.134,25.904,1288386
1782484427319,-72,-72,0.000,6.557,6.557,0.188,0.157,0.129,25.904,1288419
1782484427352,-70,-70,0.006,6.574,6.557,0.188,0.157,0.129,25.990,1288452
1782484427387,-65,-65,0.000,6.557,6.557,0.188,0.126,0.129,25.904,1288485
1782484427420,-60,-60,0.000,6.566,6.566,0.188,0.157,0.129,25.990,1288518
1782484427452,-57,-57,0.000,6.566,6.549,0.251,0.157,0.129,25.904,1288551
1782484427489,-52,-52,0.000,6.557,6.557,0.188,0.157,0.134,25.904,1288584
1782484427517,-47,-47,0.006,6.557,6.541,0.188,0.157,0.145,25.904,1288617
1782484427549,-45,-45,0.000,6.566,6.557,0.188,0.157,0.124,25.904,1288650
1782484427582,-40,-40,0.000,6.557,6.557,0.157,0.126,0.124,25.904,1288683
1782484427616,-35,-35,0.006,6.549,6.557,0.188,0.157,0.129,25.904,1288716
1782484427649,-32,-32,0.000,6.574,6.557,0.188,0.157,0.129,25.904,1288749
1782484427682,-27,-27,0.000,6.566,6.557,0.188,0.188,0.124,25.904,1288782
1782484427717,-22,-22,0.000,6.557,6.557,0.188,0.157,0.129,25.990,1288815
1782484427749,-20,-20,0.000,6.566,6.557,0.157,0.126,0.129,25.990,1288848
1782484427786,-15,-15,0.000,6.566,6.557,0.188,0.188,0.129,25.904,1288881
1782484427829,-10,-10,0.000,6.566,6.557,0.157,0.157,0.113,25.904,1288914
1782484427847,-7,-7,0.000,6.549,6.557,0.188,0.188,0.129,25.904,1288947
1782484427881,-2,-2,0.006,6.566,6.566,0.157,0.094,0.129,25.904,1288980
1782484427914,0,0,0.000,6.566,6.557,0.188,0.126,0.129,25.990,1289013
1782484427948,0,0,0.012,6.574,6.566,0.188,0.157,0.118,25.904,1289046
1782484427980,0,0,0.000,6.557,6.557,0.188,0.157,0.118,25.990,1289079
1782484428014,0,0,0.000,6.566,6.557,0.188,0.157,0.129,25.904,1289112
1782484428047,0,0,0.006,6.566,6.557,0.188,0.157,0.134,25.904,1289145
1782484428080,0,0,0.000,6.557,6.549,0.188,0.157,0.161,25.904,1289178
1782484428114,0,0,0.000,6.566,6.557,0.157,0.188,0.124,25.990,1289211
1782484428149,0,0,0.000,6.582,6.557,0.188,0.157,0.129,25.904,1289244
1782484428180,0,0,0.000,6.566,6.557,0.188,0.126,0.172,25.818,1289277
1782484428213,0,0,0.000,6.574,6.557,0.188,0.188,0.145,25.904,1289310
1782484428249,0,0,0.000,6.566,6.557,0.188,0.157,0.188,25.818,1289343
1782484428280,0,0,0.000,6.557,6.566,0.188,0.188,0.177,25.904,1289376
1782484428314,0,0,0.000,6.574,6.566,0.188,0.126,0.188,25.904,1289409
1782484428346,0,0,0.000,6.557,6.566,0.188,0.157,0.183,25.904,1289442
1782484428380,0,0,0.000,6.566,6.557,0.188,0.157,0.177,25.904,1289475
1782484428419,0,0,0.000,6.557,6.566,0.188,0.126,0.172,25.904,1289508
1782484428462,0,0,0.000,6.557,6.541,0.157,0.188,0.194,25.990,1289541
1782484428482,0,0,0.000,6.566,6.574,0.188,0.157,0.172,25.904,1289574
1782484428514,0,0,0.000,6.557,6.557,0.188,0.157,0.204,25.904,1289607
1782484428546,0,0,0.000,6.557,6.557,0.157,0.157,0.199,25.904,1289640
1782484428579,0,0,0.000,6.557,6.557,0.188,0.157,0.156,25.904,1289673
1782484428617,0,0,0.000,6.566,6.557,0.188,0.126,0.188,25.904,1289706
1782484428657,0,0,0.000,6.557,6.557,0.188,0.126,0.177,25.990,1289739
1782484428678,0,0,0.006,6.566,6.557,0.188,0.157,0.172,25.904,1289772
1782484428718,0,0,0.000,6.566,6.557,0.188,0.188,0.177,25.904,1289805
1782484428745,0,0,0.000,6.566,6.557,0.188,0.157,0.194,25.818,1289838
1782484428779,0,0,0.000,6.574,6.557,0.157,0.188,0.199,25.990,1289871
1782484428812,0,0,0.000,6.566,6.549,0.188,0.157,0.188,25.904,1289904
1782484428845,0,0,0.000,6.566,6.566,0.157,0.157,0.161,25.990,1289937
1782484428878,0,0,0.000,6.566,6.557,0.188,0.157,0.172,25.818,1289970
1782484428912,0,0,0.000,6.557,6.557,0.220,0.188,0.183,25.904,1290003
1782484428945,0,0,0.000,6.566,6.557,0.220,0.157,0.167,25.904,1290036
1782484428978,0,0,0.000,6.574,6.557,0.188,0.188,0.210,25.904,1290069
1782484429012,0,0,0.000,6.566,6.557,0.220,0.126,0.177,25.904,1290102
1782484429045,0,0,0.000,6.566,6.557,0.251,0.157,0.156,25.904,1290135
1782484429080,0,0,0.000,6.566,6.566,0.188,0.188,0.161,25.904,1290168
1782484429111,0,0,0.012,6.566,6.557,0.220,0.188,0.194,25.904,1290201
1782484429145,0,0,0.000,6.566,6.557,0.157,0.188,0.177,25.904,1290234
1782484429177,0,0,0.000,6.557,6.557,0.188,0.188,0.215,25.904,1290267
1782484429213,0,0,0.000,6.566,6.557,0.188,0.157,0.194,25.904,1290300
1782484429244,0,0,0.000,6.557,6.566,0.188,0.126,0.177,25.904,1290333
1782484429279,0,0,0.000,6.557,6.557,0.157,0.157,0.183,25.904,1290366
1782484429312,0,0,0.000,6.557,6.557,0.188,0.220,0.172,25.904,1290399
1782484429345,0,0,0.000,6.566,6.557,0.188,0.126,0.167,25.904,1290432
1782484429379,0,0,0.000,6.566,6.557,0.157,0.188,0.172,25.990,1290465
1782484429414,0,0,0.000,6.566,6.566,0.220,0.157,0.177,25.904,1290498
1782484429444,0,0,0.000,6.557,6.557,0.188,0.157,0.177,25.904,1290531
1782484429480,0,0,0.006,6.574,6.557,0.188,0.220,0.183,25.904,1290564
1782484429511,0,0,0.000,6.566,6.557,0.188,0.157,0.167,25.904,1290597
1782484429545,0,0,0.000,6.574,6.557,0.188,0.157,0.167,25.904,1290630
1782484429579,0,0,0.000,6.557,6.557,0.188,0.157,0.183,25.904,1290663
1782484429610,0,0,0.006,6.566,6.557,0.188,0.157,0.194,25.904,1290696
1782484429643,0,0,0.000,6.557,6.557,0.188,0.157,0.204,25.990,1290729
1782484429677,0,0,0.000,6.566,6.566,0.188,0.188,0.199,25.904,1290762
1782484429710,0,0,0.000,6.566,6.566,0.220,0.157,0.183,25.904,1290795
1782484429757,0,0,0.000,6.566,6.557,0.188,0.188,0.194,25.904,1290828
1782484429785,0,0,0.000,6.557,6.549,0.220,0.126,0.172,25.904,1290861
1782484429814,0,0,0.000,6.566,6.549,0.188,0.157,0.253,25.904,1290894
1782484429845,0,0,0.012,6.566,6.566,0.188,0.157,0.204,25.904,1290927
1782484429876,0,0,0.000,6.566,6.557,0.188,0.126,0.188,25.904,1290960
1782484429910,0,0,0.000,6.566,6.557,0.188,0.188,0.161,25.818,1290993
1782484429948,0,0,0.000,6.574,6.557,0.188,0.157,0.172,25.904,1291026
1782484429977,0,0,0.000,6.566,6.566,0.188,0.157,0.172,25.904,1291059
1782484430009,0,0,0.000,6.557,6.557,0.188,0.157,0.199,25.904,1291092
1782484430049,0,0,0.000,6.557,6.557,0.157,0.220,0.177,25.904,1291125
1782484430092,0,0,0.000,6.566,6.557,0.126,0.188,0.172,25.904,1291158
1782484430110,0,0,0.000,6.566,6.557,0.188,0.157,0.167,25.990,1291191
1782484430143,0,0,0.000,6.566,6.557,0.188,0.188,0.172,25.904,1291224
1782484430176,0,0,0.000,6.566,6.557,0.188,0.157,0.161,25.904,1291257
1782484430209,0,0,0.000,6.566,6.557,0.188,0.188,0.177,25.904,1291290
1782484430254,0,0,0.000,6.566,6.566,0.220,0.157,0.172,25.904,1291323
1782484430279,0,0,0.000,6.566,6.557,0.188,0.220,0.172,25.990,1291356
1782484430322,0,0,0.000,6.566,6.557,0.188,0.188,0.188,25.904,1291389
1782484430342,0,0,0.006,6.574,6.549,0.188,0.126,0.167,25.904,1291422
1782484430375,0,0,0.000,6.557,6.549,0.188,0.157,0.172,25.904,1291455
1782484430410,0,0,0.000,6.566,6.557,0.188,0.126,0.194,25.904,1291488
1782484430442,0,0,0.000,6.574,6.557,0.157,0.157,0.199,25.904,1291521
1782484430475,0,0,0.000,6.566,6.574,0.220,0.126,0.199,25.904,1291554
1782484430509,0,0,0.000,6.574,6.557,0.188,0.157,0.183,25.990,1291587
1782484430541,0,0,0.000,6.557,6.574,0.220,0.126,0.199,25.904,1291620
1782484430575,0,0,0.000,6.557,6.574,0.157,0.126,0.177,25.904,1291653
1782484430610,0,0,0.000,6.557,6.557,0.220,0.220,0.177,25.904,1291686
1782484430652,0,0,0.000,6.566,6.557,0.188,0.157,0.194,25.990,1291719
1782484430675,0,0,0.000,6.574,6.574,0.220,0.157,0.161,25.904,1291752
1782484430709,0,0,0.000,6.574,6.566,0.188,0.157,0.183,25.904,1291785
1782484430741,0,0,0.012,6.574,6.566,0.188,0.157,0.188,25.904,1291818
1782484430774,0,0,0.000,6.566,6.566,0.188,0.126,0.194,25.904,1291851
1782484430817,0,0,0.000,6.574,6.574,0.188,0.157,0.194,25.904,1291884
1782484430849,0,0,0.006,6.566,6.566,0.188,0.157,0.194,25.904,1291917
1782484430882,0,0,0.000,6.557,6.566,0.157,0.157,0.172,25.904,1291950
1782484430915,0,0,0.000,6.566,6.566,0.157,0.157,0.194,25.904,1291983
1782484430949,0,0,0.000,6.566,6.566,0.188,0.157,0.172,25.904,1292016
1782484430993,0,0,0.006,6.566,6.549,0.126,0.188,0.183,25.904,1292049
1782484431016,0,0,0.000,6.557,6.566,0.188,0.188,0.151,25.990,1292082
1782484431048,0,0,0.006,6.557,6.557,0.188,0.188,0.161,25.904,1292115
1782484431080,0,0,0.000,6.566,6.566,0.188,0.157,0.194,25.818,1292148
1782484431128,0,0,0.000,6.557,6.557,0.188,0.157,0.140,25.904,1292181
1782484431146,0,0,0.000,6.566,6.566,0.188,0.157,0.129,25.904,1292214
1782484431180,0,0,0.000,6.566,6.566,0.188,0.126,0.113,25.904,1292247
1782484431212,0,0,0.000,6.582,6.557,0.188,0.157,0.145,25.818,1292280
1782484431245,0,0,0.000,6.574,6.557,0.188,0.157,0.134,25.990,1292313
1782484431279,0,0,0.000,6.566,6.566,0.188,0.157,0.124,25.904,1292346
1782484431311,0,0,0.000,6.566,6.574,0.188,0.188,0.134,25.904,1292379
1782484431346,0,0,0.000,6.574,6.566,0.188,0.157,0.129,25.990,1292412
1782484431381,0,0,0.000,6.574,6.566,0.220,0.126,0.156,25.904,1292445
1782484431423,0,0,0.006,6.566,6.574,0.188,0.126,0.140,25.904,1292478
1782484431448,0,0,0.000,6.574,6.566,0.157,0.157,0.129,25.904,1292511
1782484431482,0,0,0.000,6.566,6.566,0.188,0.157,0.161,25.904,1292544
1782484431509,0,0,0.000,6.566,6.566,0.188,0.157,0.156,25.904,1292577
1782484431542,0,0,0.000,6.574,6.557,0.188,0.188,0.134,25.904,1292610
1782484431575,0,0,0.000,6.574,6.566,0.188,0.157,0.134,25.904,1292643
1782484431609,0,0,0.006,6.574,6.574,0.220,0.157,0.118,25.904,1292676
1782484431641,0,0,0.000,6.574,6.566,0.188,0.157,0.134,25.904,1292709
1782484431700,0,0,0.000,6.582,6.566,0.188,0.188,0.134,25.904,1292742
1782484431723,0,0,0.000,6.557,6.566,0.188,0.157,0.108,25.904,1292775
1782484431760,0,0,0.000,6.566,6.557,0.220,0.157,0.129,25.904,1292808
1782484431773,0,0,0.000,6.566,6.574,0.188,0.157,0.129,25.904,1292841
1782484431807,0,0,0.000,6.574,6.566,0.157,0.126,0.113,25.904,1292874
1782484431840,0,0,0.000,6.574,6.557,0.251,0.126,0.129,25.904,1292907
1782484431872,0,0,0.006,6.557,6.566,0.188,0.157,0.124,25.990,1292940
1782484431910,0,0,0.000,6.574,6.566,0.188,0.188,0.156,25.904,1292973
1782484431945,0,0,0.006,6.574,6.566,0.188,0.157,0.118,25.904,1293006
1782484431971,0,0,0.006,6.582,6.566,0.220,0.157,0.118,25.904,1293039
1782484432005,0,0,0.000,6.574,6.566,0.188,0.157,0.134,25.904,1293072
1782484432038,0,0,0.006,6.582,6.574,0.220,0.220,0.129,25.904,1293105
1782484432070,0,0,0.006,6.574,6.566,0.188,0.126,0.129,25.990,1293138
1782484432105,0,0,0.000,6.566,6.557,0.188,0.188,0.172,25.904,1293171
1782484432140,0,0,0.000,6.574,6.574,0.188,0.157,0.124,25.904,1293204
1782484432171,0,0,0.000,6.566,6.574,0.188,0.094,0.124,25.904,1293237
1782484432204,0,0,0.000,6.566,6.566,0.126,0.126,0.145,25.904,1293270
1782484432241,0,0,0.000,6.574,6.582,0.188,0.157,0.129,25.904,1293303
1782484432270,0,0,0.000,6.566,6.566,0.188,0.157,0.129,25.904,1293336
1782484432305,0,0,0.000,6.574,6.566,0.188,0.220,0.156,25.904,1293369
1782484432337,0,0,0.006,6.566,6.557,0.188,0.157,0.129,25.818,1293402
1782484432373,0,0,0.000,6.574,6.557,0.126,0.157,0.129,25.904,1293435
1782484432405,0,0,0.000,6.582,6.566,0.188,0.188,0.124,25.904,1293468
1782484432437,0,0,0.000,6.557,6.566,0.188,0.157,0.129,25.904,1293501
1782484432470,0,0,0.000,6.557,6.566,0.188,0.157,0.156,25.904,1293534
1782484432507,0,0,0.000,6.582,6.566,0.188,0.126,0.161,25.904,1293567
1782484432537,0,0,0.000,6.566,6.574,0.188,0.157,0.194,25.818,1293600
1782484432570,0,0,0.000,6.574,6.566,0.188,0.157,0.177,25.818,1293633
1782484432605,0,0,0.000,6.574,6.566,0.188,0.157,0.188,25.904,1293666
1782484432637,0,0,0.000,6.574,6.574,0.188,0.157,0.177,25.818,1293699
1782484432671,0,0,0.000,6.574,6.566,0.157,0.157,0.172,25.904,1293732
1782484432703,0,0,0.006,6.566,6.557,0.188,0.157,0.156,25.990,1293765
1782484432736,0,0,0.000,6.574,6.574,0.188,0.126,0.156,25.904,1293798
1782484432770,0,0,0.000,6.582,6.566,0.157,0.157,0.172,25.990,1293831
1782484432803,0,0,0.000,6.574,6.566,0.188,0.157,0.177,25.990,1293864
1782484432836,0,0,0.000,6.574,6.549,0.220,0.220,0.172,25.990,1293897
1782484432869,0,0,0.000,6.549,6.566,0.188,0.157,0.199,25.904,1293930
1782484432902,0,0,0.000,6.557,6.557,0.188,0.157,0.210,25.904,1293963
1782484432936,0,0,0.006,6.566,6.566,0.126,0.188,0.167,25.904,1293996
1782484432969,0,0,0.000,6.574,6.557,0.188,0.157,0.177,25.904,1294029
1782484433015,0,0,0.006,6.566,6.566,0.188,0.188,0.188,25.904,1294062
1782484433036,0,0,0.000,6.574,6.566,0.188,0.188,0.167,25.990,1294095
1782484433077,0,0,0.000,6.566,6.566,0.157,0.157,0.167,25.904,1294128
1782484433102,0,0,0.000,6.574,6.566,0.188,0.188,0.172,25.904,1294161
1782484433136,0,0,0.000,6.574,6.566,0.188,0.157,0.194,25.904,1294194
1782484433170,0,0,0.000,6.591,6.566,0.188,0.126,0.194,25.990,1294227
1782484433202,0,0,0.000,6.557,6.549,0.188,0.157,0.194,25.904,1294260
1782484433236,0,0,0.000,6.566,6.566,0.126,0.157,0.188,25.904,1294293
1782484433268,0,0,0.000,6.566,6.566,0.188,0.157,0.183,25.904,1294326
1782484433316,0,0,0.000,6.574,6.566,0.188,0.157,0.183,25.818,1294359
1782484433337,0,0,0.000,6.574,6.557,0.188,0.157,0.167,25.904,1294392
1782484433370,0,0,0.000,6.566,6.557,0.188,0.157,0.194,25.904,1294425
1782484433401,0,0,0.000,6.566,6.557,0.188,0.126,0.167,25.904,1294458
1782484433436,0,0,0.000,6.574,6.557,0.157,0.157,0.199,25.904,1294491
1782484433471,0,0,0.000,6.574,6.566,0.126,0.157,0.177,25.990,1294524
1782484433503,0,0,0.006,6.574,6.557,0.126,0.157,0.172,25.904,1294557
1782484433536,0,0,0.000,6.566,6.566,0.157,0.157,0.161,25.904,1294590
1782484433574,0,0,0.000,6.574,6.566,0.188,0.157,0.167,25.904,1294623
1782484433605,0,0,0.000,6.557,6.566,0.188,0.157,0.215,25.904,1294656
1782484433635,0,0,0.000,6.566,6.566,0.188,0.157,0.172,25.904,1294689
1782484433668,0,0,0.000,6.557,6.566,0.188,0.126,0.194,25.904,1294722
1782484433701,0,0,0.006,6.574,6.566,0.188,0.157,0.215,25.904,1294755
1782484433736,0,0,0.000,6.574,6.566,0.188,0.157,0.199,25.904,1294788
1782484433767,0,0,0.000,6.566,6.566,0.188,0.157,0.177,25.904,1294821
1782484433800,0,0,0.000,6.566,6.566,0.157,0.157,0.172,25.904,1294854
1782484433835,0,0,0.000,6.574,6.557,0.188,0.188,0.183,25.904,1294887
1782484433868,0,0,0.006,6.574,6.566,0.188,0.157,0.199,25.904,1294920
1782484433900,0,0,0.000,6.566,6.549,0.188,0.157,0.177,25.990,1294953
1782484433940,0,0,0.000,6.574,6.574,0.220,0.157,0.177,25.904,1294986
1782484433968,0,0,0.000,6.557,6.557,0.188,0.157,0.188,25.904,1295019
1782484434000,0,0,0.006,6.574,6.574,0.188,0.188,0.172,25.904,1295052
1782484434033,0,0,0.012,6.566,6.557,0.157,0.126,0.199,25.818,1295085
1782484434067,0,0,0.000,6.591,6.566,0.188,0.188,0.156,25.904,1295118
1782484434100,0,0,0.000,6.574,6.582,0.157,0.188,0.183,25.818,1295151
1782484434133,0,0,0.006,6.574,6.566,0.220,0.188,0.194,25.904,1295184
1782484434166,0,0,0.000,6.574,6.566,0.188,0.157,0.161,25.904,1295217
1782484434200,0,0,0.000,6.574,6.566,0.126,0.126,0.183,25.904,1295250
1782484434234,0,0,0.000,6.566,6.566,0.188,0.126,0.172,25.990,1295283
1782484434268,0,0,0.000,6.591,6.566,0.188,0.094,0.177,25.990,1295316
1782484434301,0,0,0.000,6.566,6.566,0.188,0.157,0.194,25.818,1295349
1782484434341,0,0,0.000,6.574,6.566,0.188,0.157,0.194,25.904,1295382
1782484434366,0,0,0.000,6.574,6.566,0.126,0.220,0.226,25.904,1295415
1782484434399,0,0,0.000,6.582,6.566,0.188,0.157,0.188,25.904,1295448
1782484434433,0,0,0.006,6.574,6.557,0.188,0.157,0.183,25.990,1295481
1782484434466,0,0,0.000,6.582,6.574,0.157,0.157,0.177,25.818,1295514
1782484434500,0,0,0.000,6.566,6.566,0.188,0.188,0.194,25.818,1295547
1782484434532,0,0,0.000,6.557,6.574,0.188,0.157,0.204,25.904,1295580
1782484434566,0,0,0.000,6.574,6.574,0.157,0.126,0.177,25.904,1295613
1782484434599,0,0,0.000,6.574,6.566,0.188,0.157,0.194,25.904,1295646
1782484434632,0,0,0.000,6.574,6.566,0.188,0.157,0.177,25.904,1295679
1782484434674,0,0,0.000,6.574,6.557,0.188,0.157,0.156,25.904,1295712
1782484434702,0,0,0.000,6.574,6.566,0.188,0.188,0.161,25.990,1295745
1782484434732,0,0,0.000,6.566,6.574,0.157,0.157,0.177,25.904,1295778
1782484434765,0,0,0.000,6.566,6.574,0.126,0.157,0.194,25.904,1295811
1782484434802,0,0,0.000,6.566,6.566,0.188,0.157,0.172,25.990,1295844
1782484434832,0,0,0.000,6.566,6.574,0.188,0.251,0.199,25.904,1295877
1782484434866,0,0,0.000,6.574,6.566,0.188,0.157,0.194,25.904,1295910
