t_unix_ms,l,r,v_cell_1,v_bat,v_q,i_esc_1,i_esc_2,i_sys,temp_c,uptime_ms
1782481342825,0,0,0.000,6.615,6.615,0.220,0.157,0.177,25.990,562155
1782481342857,0,0,0.000,6.624,6.615,0.188,0.157,0.161,25.990,562188
1782481342893,0,0,0.000,6.624,6.615,0.188,0.157,0.183,25.990,562221
1782481342924,0,0,0.000,6.624,6.607,0.157,0.157,0.161,25.990,562254
1782481342958,0,0,0.000,6.615,6.615,0.188,0.157,0.183,25.990,562287
1782481342991,0,0,0.000,6.607,6.607,0.188,0.188,0.177,25.990,562320
1782481343024,0,0,0.000,6.615,6.615,0.188,0.157,0.194,25.990,562353
1782481343058,0,0,0.000,6.615,6.615,0.188,0.157,0.177,25.990,562386
1782481343090,0,0,0.000,6.615,6.615,0.188,0.157,0.172,25.990,562419
1782481343124,0,0,0.000,6.615,6.607,0.188,0.157,0.188,25.990,562452
1782481343157,0,0,0.000,6.615,6.615,0.188,0.157,0.183,25.990,562485
1782481343191,0,0,0.000,6.615,6.624,0.188,0.157,0.194,25.990,562518
1782481343223,0,0,0.000,6.624,6.624,0.188,0.157,0.156,25.990,562551
1782481343257,0,0,0.000,6.615,6.615,0.188,0.157,0.183,25.990,562584
1782481343291,0,0,0.000,6.615,6.607,0.157,0.157,0.172,25.990,562617
1782481343324,0,0,0.006,6.624,6.607,0.188,0.188,0.188,25.990,562650
1782481343358,0,0,0.000,6.624,6.624,0.157,0.126,0.183,25.990,562683
1782481343391,0,0,0.000,6.615,6.607,0.188,0.157,0.194,25.990,562716
1782481343423,0,0,0.000,6.607,6.615,0.188,0.157,0.199,25.990,562749
1782481343456,0,0,0.000,6.615,6.615,0.188,0.157,0.177,25.990,562782
1782481343494,0,0,0.000,6.615,6.615,0.157,0.157,0.188,25.990,562815
1782481343522,0,0,0.000,6.624,6.615,0.188,0.157,0.172,25.990,562848
1782481343570,0,0,0.000,6.624,6.615,0.188,0.188,0.188,25.990,562881
1782481343591,0,0,0.000,6.624,6.615,0.220,0.157,0.156,25.990,562914
1782481343626,0,0,0.000,6.615,6.615,0.188,0.157,0.183,25.990,562947
1782481343656,0,0,0.000,6.615,6.607,0.188,0.188,0.194,25.990,562980
1782481343689,0,0,0.000,6.615,6.607,0.188,0.157,0.183,25.990,563013
1782481343722,0,0,0.000,6.624,6.615,0.188,0.157,0.156,25.990,563046
1782481343755,0,0,0.000,6.624,6.615,0.188,0.188,0.183,25.990,563079
1782481343803,0,0,0.000,6.615,6.624,0.188,0.157,0.188,25.990,563112
1782481343831,0,0,0.000,6.624,6.615,0.188,0.126,0.167,25.990,563145
1782481343864,0,0,0.000,6.615,6.615,0.188,0.157,0.177,25.990,563178
1782481343903,0,0,0.000,6.615,6.615,0.188,0.126,0.194,25.990,563211
1782481343930,0,0,0.000,6.624,6.615,0.188,0.157,0.172,25.990,563244
1782481343969,0,0,0.000,6.615,6.615,0.188,0.157,0.188,25.990,563277
1782481343996,0,0,0.006,6.624,6.615,0.157,0.157,0.215,26.077,563310
1782481344037,0,0,0.000,6.624,6.615,0.188,0.157,0.177,25.990,563343
1782481344062,0,0,0.000,6.624,6.607,0.188,0.157,0.172,25.990,563376
1782481344095,0,0,0.000,6.615,6.615,0.188,0.157,0.167,26.077,563409
1782481344129,0,0,0.000,6.615,6.615,0.188,0.126,0.161,25.990,563442
1782481344161,0,0,0.000,6.624,6.615,0.188,0.188,0.134,25.990,563475
1782481344194,0,0,0.000,6.624,6.624,0.157,0.157,0.145,25.990,563508
1782481344227,0,0,0.000,6.624,6.615,0.188,0.157,0.140,25.990,563541
1782481344260,0,0,0.000,6.624,6.615,0.188,0.157,0.129,25.990,563574
1782481344293,0,0,0.000,6.624,6.615,0.188,0.126,0.151,25.990,563607
1782481344326,0,0,0.000,6.615,6.615,0.188,0.157,0.124,25.990,563640
1782481344359,0,0,0.000,6.624,6.615,0.188,0.126,0.156,25.990,563673
1782481344392,0,0,0.006,6.632,6.624,0.188,0.157,0.124,25.990,563706
1782481344428,0,0,0.000,6.624,6.615,0.188,0.188,0.124,25.990,563739
1782481344459,0,0,0.000,6.624,6.615,0.188,0.157,0.156,25.990,563772
1782481344491,0,0,0.000,6.624,6.615,0.157,0.157,0.151,25.990,563805
1782481344524,0,0,0.000,6.615,6.624,0.157,0.157,0.124,25.990,563838
1782481344557,0,0,0.000,6.624,6.624,0.188,0.157,0.129,25.990,563871
1782481344590,0,0,0.000,6.624,6.624,0.188,0.157,0.118,25.990,563904
1782481344623,0,0,0.000,6.632,6.615,0.188,0.157,0.118,25.990,563937
1782481344657,0,0,0.000,6.624,6.615,0.157,0.157,0.129,25.990,563970
1782481344689,0,0,0.000,6.624,6.615,0.157,0.157,0.124,25.990,564003
1782481344742,0,0,0.000,6.624,6.615,0.188,0.157,0.129,25.990,564036
1782481344756,0,0,0.000,6.624,6.624,0.157,0.157,0.129,25.990,564069
1782481344791,0,0,0.000,6.615,6.624,0.188,0.157,0.113,25.990,564102
1782481344826,0,0,0.000,6.624,6.624,0.188,0.157,0.129,25.990,564135
1782481344854,0,0,0.000,6.624,6.615,0.188,0.157,0.161,25.990,564168
1782481344887,0,0,0.000,6.624,6.624,0.188,0.157,0.161,26.077,564201
1782481344924,0,0,0.000,6.624,6.624,0.188,0.157,0.124,25.990,564234
1782481344953,0,0,0.000,6.624,6.624,0.188,0.157,0.124,25.990,564267
1782481344987,0,0,0.000,6.624,6.615,0.188,0.157,0.156,25.990,564300
1782481345019,0,0,0.000,6.624,6.615,0.188,0.157,0.124,25.990,564333
1782481345052,0,0,0.000,6.624,6.624,0.188,0.157,0.124,25.990,564366
1782481345086,0,0,0.000,6.624,6.615,0.188,0.157,0.161,25.990,564399
1782481345119,0,0,0.000,6.624,6.624,0.188,0.157,0.124,25.990,564432
1782481345152,0,0,0.000,6.624,6.624,0.188,0.157,0.124,25.990,564465
1782481345185,0,0,0.000,6.624,6.615,0.188,0.188,0.129,25.990,564498
1782481345222,0,0,0.000,6.624,6.624,0.188,0.157,0.129,25.990,564531
1782481345252,0,0,0.000,6.624,6.615,0.220,0.188,0.134,25.990,564564
1782481345285,0,0,0.000,6.615,6.624,0.188,0.157,0.140,25.990,564597
1782481345318,0,0,0.000,6.624,6.632,0.188,0.157,0.129,25.990,564630
1782481345351,0,0,0.000,6.624,6.615,0.188,0.157,0.124,25.990,564663
1782481345385,0,0,0.000,6.624,6.624,0.188,0.157,0.124,25.990,564696
1782481345418,0,0,0.000,6.624,6.624,0.188,0.157,0.129,25.990,564729
1782481345453,0,0,0.000,6.624,6.615,0.188,0.157,0.129,25.990,564762
1782481345484,0,0,0.000,6.624,6.624,0.188,0.157,0.124,25.990,564795
1782481345518,0,0,0.000,6.624,6.624,0.188,0.126,0.151,25.990,564828
1782481345554,0,0,0.000,6.632,6.615,0.188,0.157,0.140,25.990,564861
1782481345586,0,0,0.000,6.615,6.615,0.157,0.157,0.194,25.990,564894
1782481345621,0,0,0.000,6.624,6.615,0.188,0.157,0.194,25.990,564927
1782481345650,0,0,0.000,6.624,6.615,0.157,0.157,0.199,25.990,564960
1782481345684,0,0,0.000,6.624,6.615,0.220,0.157,0.183,25.990,564993
1782481345717,0,0,0.000,6.624,6.615,0.188,0.157,0.194,25.990,565026
1782481345751,0,0,0.000,6.632,6.607,0.188,0.157,0.194,25.990,565059
1782481345784,0,0,0.000,6.615,6.615,0.188,0.188,0.161,25.990,565092
1782481345817,0,0,0.000,6.615,6.615,0.157,0.157,0.172,25.990,565125
1782481345851,0,0,0.000,6.624,6.607,0.188,0.157,0.177,25.990,565158
1782481345884,0,0,0.000,6.615,6.624,0.188,0.157,0.172,25.990,565191
1782481345917,0,0,0.000,6.615,6.615,0.188,0.157,0.161,25.990,565224
1782481345957,0,0,0.000,6.632,6.615,0.188,0.157,0.151,25.990,565257
1782481345983,0,0,0.000,6.624,6.615,0.188,0.188,0.183,25.990,565290
1782481346016,0,0,0.000,6.615,6.615,0.188,0.188,0.177,25.990,565323
1782481346055,0,0,0.000,6.615,6.615,0.220,0.188,0.167,25.990,565356
1782481346084,0,0,0.000,6.615,6.615,0.188,0.157,0.183,25.990,565389
1782481346117,0,0,0.000,6.624,6.615,0.188,0.188,0.194,25.990,565422
1782481346156,0,0,0.000,6.624,6.615,0.188,0.188,0.194,25.990,565455
1782481346184,0,0,0.000,6.624,6.607,0.157,0.157,0.177,26.077,565488
1782481346216,0,0,0.000,6.624,6.607,0.188,0.157,0.172,25.990,565521
1782481346249,0,0,0.000,6.615,6.607,0.188,0.157,0.194,25.990,565554
1782481346284,0,0,0.000,6.624,6.607,0.188,0.157,0.156,25.990,565587
1782481346316,0,0,0.000,6.615,6.615,0.220,0.157,0.204,25.990,565620
1782481346358,0,0,0.000,6.615,6.607,0.188,0.157,0.183,25.990,565653
1782481346385,0,0,0.000,6.624,6.615,0.188,0.157,0.167,25.990,565686
1782481346428,0,0,0.000,6.615,6.607,0.188,0.188,0.194,25.990,565719
1782481346449,0,0,0.000,6.624,6.615,0.188,0.126,0.134,25.990,565752
1782481346482,0,0,0.006,6.624,6.615,0.188,0.188,0.161,25.990,565785
1782481346515,0,0,0.006,6.615,6.624,0.188,0.157,0.188,25.990,565818
1782481346548,0,0,0.000,6.624,6.615,0.220,0.157,0.172,25.990,565851
1782481346582,0,0,0.000,6.624,6.615,0.188,0.157,0.177,25.990,565884
1782481346615,0,0,0.000,6.615,6.607,0.157,0.188,0.172,25.990,565917
1782481346648,0,0,0.000,6.615,6.615,0.188,0.126,0.172,25.990,565950
1782481346682,0,0,0.000,6.624,6.607,0.188,0.188,0.199,25.990,565983
1782481346715,0,0,0.000,6.615,6.615,0.188,0.157,0.194,25.990,566016
1782481346747,0,0,0.000,6.624,6.615,0.188,0.157,0.172,25.990,566049
1782481346785,0,0,0.000,6.615,6.615,0.188,0.157,0.161,25.990,566082
1782481346814,0,0,0.000,6.615,6.615,0.220,0.157,0.167,25.990,566115
1782481346859,0,0,0.000,6.624,6.624,0.188,0.157,0.156,25.990,566148
1782481346887,0,0,0.000,6.624,6.615,0.157,0.157,0.161,25.990,566181
1782481346924,0,0,0.000,6.615,6.615,0.188,0.188,0.188,25.990,566214
1782481346948,0,0,0.000,6.615,6.615,0.188,0.188,0.172,25.990,566247
1782481346981,0,0,0.000,6.615,6.615,0.188,0.157,0.172,25.990,566280
1782481347014,0,0,0.000,6.624,6.615,0.188,0.157,0.194,25.990,566313
1782481347047,0,0,0.000,6.615,6.615,0.188,0.157,0.177,25.990,566346
1782481347080,0,0,0.000,6.624,6.615,0.188,0.157,0.183,25.990,566379
1782481347113,0,0,0.000,6.615,6.624,0.188,0.157,0.161,25.990,566412
1782481347147,0,0,0.000,6.615,6.615,0.188,0.157,0.194,25.990,566445
1782481347181,0,0,0.000,6.624,6.615,0.157,0.157,0.194,25.990,566478
1782481347213,0,0,0.000,6.615,6.607,0.188,0.188,0.183,25.990,566511
1782481347247,0,0,0.006,6.615,6.615,0.188,0.157,0.161,25.990,566544
1782481347283,0,0,0.000,6.624,6.624,0.188,0.157,0.194,25.990,566577
1782481347313,0,0,0.000,6.624,6.615,0.157,0.188,0.188,26.077,566610
1782481347346,0,0,0.000,6.624,6.607,0.157,0.157,0.194,25.990,566643
1782481347382,0,0,0.006,6.624,6.607,0.157,0.157,0.188,25.990,566676
1782481347414,0,0,0.000,6.615,6.615,0.188,0.157,0.194,25.990,566709
1782481347446,0,0,0.000,6.615,6.615,0.157,0.157,0.172,25.990,566742
1782481347480,0,0,0.000,6.615,6.607,0.188,0.126,0.183,25.990,566775
1782481347512,0,0,0.000,6.624,6.615,0.188,0.157,0.161,25.990,566808
1782481347546,0,0,0.000,6.615,6.607,0.157,0.157,0.183,25.990,566841
1782481347579,0,0,0.000,6.607,6.615,0.188,0.157,0.183,25.990,566874
1782481347613,0,0,0.000,6.615,6.615,0.188,0.157,0.177,26.077,566907
1782481347646,0,0,0.000,6.615,6.615,0.188,0.157,0.172,25.990,566940
1782481347693,0,0,0.006,6.615,6.607,0.188,0.157,0.194,25.990,566973
1782481347715,0,0,0.000,6.624,6.624,0.188,0.157,0.156,25.990,567006
1782481347744,0,0,0.000,6.624,6.607,0.188,0.157,0.167,25.990,567039
1782481347780,0,0,0.000,6.615,6.615,0.188,0.157,0.188,25.990,567072
1782481347813,0,0,0.000,6.624,6.615,0.188,0.126,0.194,25.990,567105
1782481347845,0,0,0.000,6.615,6.615,0.188,0.157,0.194,25.990,567138
1782481347878,0,0,0.000,6.615,6.615,0.188,0.157,0.199,25.990,567171
1782481347911,0,0,0.000,6.624,6.615,0.188,0.157,0.188,25.990,567204
1782481347945,0,0,0.000,6.624,6.607,0.188,0.157,0.177,25.990,567237
1782481347982,0,0,0.000,6.624,6.615,0.188,0.157,0.177,25.990,567270
1782481348013,0,0,0.000,6.624,6.615,0.188,0.157,0.167,25.990,567303
1782481348044,0,0,0.006,6.615,6.615,0.188,0.157,0.172,25.990,567336
1782481348078,0,0,0.000,6.624,6.615,0.188,0.157,0.172,25.990,567369
1782481348110,0,0,0.000,6.615,6.615,0.157,0.188,0.199,25.990,567402
1782481348144,0,0,0.000,6.615,6.615,0.188,0.157,0.172,25.990,567435
1782481348177,0,0,0.000,6.615,6.615,0.188,0.157,0.188,25.990,567468
1782481348210,0,0,0.000,6.615,6.615,0.188,0.157,0.172,25.990,567501
1782481348253,0,0,0.000,6.615,6.615,0.188,0.157,0.188,25.990,567534
1782481348278,0,0,0.000,6.615,6.607,0.188,0.157,0.194,25.990,567567
1782481348322,0,0,0.000,6.624,6.615,0.188,0.188,0.172,25.990,567600
1782481348353,0,0,0.000,6.624,6.615,0.188,0.157,0.172,25.990,567633
1782481348386,0,0,0.000,6.615,6.607,0.157,0.157,0.183,25.990,567666
1782481348418,0,0,0.000,6.615,6.615,0.157,0.188,0.194,25.990,567699
1782481348451,0,0,0.000,6.615,6.615,0.188,0.157,0.183,25.990,567732
1782481348487,0,0,0.000,6.615,6.607,0.188,0.157,0.199,25.990,567765
1782481348517,0,0,0.000,6.624,6.624,0.188,0.157,0.161,25.990,567798
1782481348550,0,0,0.000,6.624,6.615,0.188,0.188,0.145,25.990,567831
1782481348583,0,0,0.000,6.624,6.615,0.188,0.157,0.167,25.990,567864
1782481348616,0,0,0.000,6.615,6.615,0.188,0.157,0.134,25.990,567897
1782481348649,0,0,0.000,6.624,6.615,0.188,0.157,0.177,25.990,567930
1782481348682,0,0,0.000,6.624,6.615,0.188,0.157,0.108,25.990,567963
1782481348717,0,0,0.000,6.607,6.615,0.188,0.157,0.151,25.990,567996
1782481348748,0,0,0.000,6.624,6.624,0.188,0.157,0.167,25.990,568029
1782481348781,0,0,0.000,6.624,6.615,0.188,0.157,0.118,25.990,568062
1782481348820,0,0,0.000,6.624,6.615,0.188,0.157,0.118,25.990,568095
1782481348847,0,0,0.000,6.624,6.624,0.157,0.157,0.129,25.990,568128
1782481348880,0,0,0.000,6.624,6.615,0.157,0.157,0.134,25.990,568161
1782481348913,0,0,0.000,6.624,6.615,0.188,0.157,0.124,25.990,568194
1782481348946,0,0,0.000,6.624,6.615,0.188,0.157,0.124,25.990,568227
1782481348979,2,2,0.000,6.624,6.624,0.188,0.157,0.129,25.990,568260
1782481349013,7,7,0.006,6.624,6.624,0.188,0.157,0.124,25.990,568293
1782481349045,10,10,0.000,6.624,6.624,0.157,0.157,0.124,25.990,568326
1782481349078,15,15,0.000,6.624,6.615,0.188,0.157,0.113,25.990,568359
1782481349111,20,20,0.000,6.624,6.624,0.188,0.157,0.124,25.990,568392
1782481349144,22,22,0.000,6.624,6.624,0.188,0.157,0.124,25.990,568425
1782481349177,27,27,0.000,6.624,6.615,0.188,0.188,0.156,25.990,568458
1782481349212,32,32,0.006,6.615,6.615,0.188,0.157,0.129,25.990,568491
1782481349244,35,35,0.000,6.624,6.624,0.188,0.157,0.129,25.990,568524
1782481349278,40,40,0.000,6.624,6.615,0.188,0.157,0.140,25.990,568557
1782481349309,45,45,0.000,6.624,6.615,0.188,0.157,0.129,25.990,568590
1782481349344,47,47,0.000,6.624,6.624,0.188,0.157,0.129,25.990,568623
1782481349375,52,52,0.000,6.624,6.615,0.188,0.157,0.161,25.990,568656
1782481349408,57,57,0.000,6.624,6.624,0.157,0.157,0.129,25.990,568689
1782481349449,62,62,0.000,6.624,6.624,0.188,0.157,0.124,25.990,568722
1782481349474,65,65,0.000,6.615,6.615,0.188,0.157,0.129,25.990,568755
1782481349508,70,70,0.000,6.615,6.624,0.188,0.157,0.129,25.990,568788
1782481349541,72,72,0.000,6.624,6.615,0.220,0.126,0.129,25.990,568821
1782481349573,77,77,0.000,6.624,6.615,0.188,0.188,0.129,25.990,568854
1782481349607,80,80,0.000,6.624,6.615,0.188,0.157,0.129,25.990,568887
1782481349639,85,85,0.000,6.632,6.624,0.188,0.157,0.129,25.990,568920
1782481349675,90,90,0.000,6.624,6.624,0.157,0.188,0.129,25.990,568953
1782481349707,92,92,0.000,6.632,6.615,0.220,0.157,0.124,25.990,568986
1782481349742,97,97,0.000,6.624,6.624,0.188,0.157,0.124,25.990,569019
1782481349772,102,102,0.000,6.615,6.615,0.220,0.157,0.129,25.990,569052
1782481349807,105,105,0.000,6.607,6.607,0.251,0.157,0.124,25.990,569085
1782481349843,110,110,0.000,6.599,6.591,0.220,0.251,0.124,25.990,569118
1782481349872,115,115,0.000,6.607,6.591,0.220,0.220,0.129,25.990,569151
1782481349906,117,117,0.000,6.599,6.599,0.251,0.220,0.124,26.077,569184
1782481349945,122,122,0.000,6.591,6.591,0.282,0.220,0.129,25.990,569217
1782481349979,127,127,0.000,6.582,6.574,0.377,0.251,0.145,25.990,569250
1782481350005,130,130,0.000,6.574,6.566,0.377,0.251,0.140,25.990,569283
1782481350039,135,135,0.000,6.574,6.566,0.471,0.220,0.151,25.990,569316
1782481350072,140,140,0.000,6.566,6.549,0.502,0.314,0.140,25.990,569349
1782481350107,142,142,0.000,6.549,6.541,0.565,0.345,0.188,25.990,569382
1782481350138,147,147,0.000,6.541,6.533,0.565,0.314,0.183,25.990,569415
1782481350172,152,152,0.000,6.549,6.541,0.533,0.282,0.172,25.990,569448
1782481350205,155,155,0.000,6.574,6.557,0.377,0.314,0.172,25.990,569481
1782481350238,160,160,0.000,6.549,6.549,0.439,0.345,0.183,25.990,569514
1782481350272,165,165,0.000,6.574,6.557,0.314,0.345,0.161,25.990,569547
1782481350305,167,167,0.000,6.557,6.557,0.471,0.314,0.172,25.990,569580
1782481350338,172,172,0.000,6.557,6.549,0.439,0.345,0.194,25.990,569613
1782481350371,177,177,0.000,6.557,6.557,0.471,0.282,0.199,25.990,569646
1782481350405,180,180,0.000,6.557,6.541,0.502,0.314,0.172,25.990,569679
1782481350437,185,185,0.000,6.557,6.557,0.439,0.282,0.188,26.077,569712
1782481350471,180,180,0.000,6.557,6.549,0.439,0.314,0.177,25.990,569745
1782481350504,177,177,0.000,6.533,6.524,0.596,0.408,0.204,25.990,569778
1782481350537,182,182,0.000,6.541,6.541,0.533,0.314,0.199,25.990,569811
1782481350575,187,187,0.000,6.566,6.557,0.439,0.251,0.194,25.990,569844
1782481350604,190,190,0.000,6.549,6.541,0.502,0.282,0.183,25.990,569877
1782481350637,195,195,0.000,6.549,6.541,0.439,0.314,0.161,26.077,569910
1782481350670,200,200,0.000,6.533,6.533,0.565,0.408,0.183,25.990,569943
1782481350705,202,202,0.000,6.533,6.516,0.565,0.345,0.188,25.990,569976
1782481350737,207,207,0.006,6.533,6.524,0.565,0.408,0.199,25.990,570009
1782481350770,212,212,0.006,6.524,6.516,0.690,0.377,0.194,25.990,570042
1782481350803,215,215,0.000,6.524,6.508,0.596,0.502,0.194,25.990,570075
1782481350836,220,220,0.000,6.524,6.508,0.722,0.439,0.177,25.990,570108
1782481350870,225,225,0.000,6.516,6.508,0.628,0.408,0.194,25.990,570141
1782481350903,227,227,0.000,6.516,6.508,0.628,0.314,0.167,25.990,570174
1782481350937,232,232,0.006,6.508,6.491,0.690,0.502,0.172,25.990,570207
1782481350970,237,237,0.000,6.508,6.491,0.753,0.439,0.194,26.077,570240
1782481351007,240,240,0.000,6.491,6.483,0.690,0.565,0.199,25.990,570273
1782481351036,245,245,0.000,6.508,6.499,0.690,0.439,0.172,25.990,570306
1782481351073,250,250,0.000,6.491,6.475,0.690,0.596,0.183,25.990,570339
1782481351103,252,252,0.000,6.483,6.475,0.816,0.533,0.204,25.990,570372
1782481351136,257,257,0.000,6.466,6.458,0.879,0.659,0.204,25.990,570405
1782481351174,262,262,0.000,6.458,6.442,0.816,0.816,0.172,25.990,570438
1782481351202,265,265,0.000,6.450,6.433,1.067,0.659,0.194,25.990,570471
1782481351241,270,270,0.006,6.442,6.425,0.847,0.753,0.177,26.077,570504
1782481351269,272,272,0.000,6.450,6.433,0.879,0.690,0.177,25.990,570537
1782481351302,277,277,0.000,6.433,6.417,1.161,0.753,0.183,25.990,570570
1782481351335,282,282,0.006,6.433,6.417,0.879,0.879,0.188,25.990,570603
1782481351368,285,285,0.000,6.442,6.433,0.973,0.628,0.183,25.990,570636
1782481351405,290,290,0.000,6.425,6.417,1.098,0.847,0.177,25.990,570669
1782481351435,295,295,0.000,6.425,6.408,1.067,0.753,0.172,25.990,570702
1782481351468,297,297,0.000,6.425,6.408,1.067,0.784,0.172,25.990,570735
1782481351501,302,302,0.000,6.408,6.392,1.130,0.816,0.172,25.990,570768
1782481351537,307,307,0.000,6.400,6.375,1.130,1.004,0.210,25.990,570801
1782481351570,307,307,0.000,6.408,6.392,1.004,1.035,0.199,25.990,570834
1782481351601,305,305,0.000,6.400,6.384,1.098,0.910,0.183,25.990,570867
1782481351637,300,300,0.000,6.392,6.375,1.161,1.130,0.183,25.990,570900
1782481351667,297,297,0.000,6.408,6.392,1.098,0.816,0.194,25.990,570933
1782481351702,292,292,0.000,6.425,6.408,1.004,0.784,0.177,25.990,570966
1782481351734,287,287,0.000,6.417,6.408,1.004,0.879,0.215,25.990,570999
1782481351775,282,282,0.000,6.417,6.408,1.255,0.690,0.177,25.990,571032
1782481351803,280,280,0.000,6.425,6.400,1.192,0.722,0.199,26.077,571065
1782481351833,275,275,0.000,6.450,6.433,1.004,0.628,0.172,25.990,571098
1782481351868,272,272,0.000,6.425,6.408,1.255,0.690,0.199,25.990,571131
1782481351904,267,267,0.000,6.442,6.425,0.910,0.659,0.172,25.990,571164
1782481351934,262,262,0.000,6.458,6.442,0.847,0.659,0.177,25.990,571197
1782481351966,260,260,0.000,6.458,6.442,0.879,0.596,0.177,25.990,571230
1782481352002,255,255,0.000,6.450,6.442,0.910,0.596,0.194,25.990,571263
1782481352034,250,250,0.000,6.458,6.442,0.941,0.533,0.194,25.990,571296
1782481352068,247,247,0.000,6.466,6.458,0.816,0.533,0.194,25.990,571329
1782481352100,247,247,0.000,6.466,6.458,0.910,0.533,0.210,25.990,571362
1782481352133,252,252,0.000,6.466,6.458,0.910,0.471,0.161,25.990,571395
1782481352166,255,255,0.000,6.475,6.458,0.879,0.471,0.194,25.990,571428
1782481352199,260,260,0.000,6.466,6.450,0.879,0.502,0.199,26.077,571461
1782481352233,265,265,0.000,6.458,6.450,0.847,0.565,0.172,25.990,571494
1782481352266,267,267,0.000,6.442,6.425,1.004,0.565,0.183,25.990,571527
1782481352301,272,272,0.000,6.433,6.417,1.130,0.690,0.204,25.990,571560
1782481352333,277,277,0.000,6.433,6.408,0.879,0.879,0.204,25.990,571593
1782481352367,280,280,0.000,6.425,6.408,1.098,0.722,0.183,25.990,571626
1782481352403,285,285,0.000,6.442,6.425,0.941,0.659,0.188,25.990,571659
1782481352433,290,290,0.000,6.425,6.400,1.098,0.784,0.183,25.990,571692
1782481352466,292,292,0.000,6.417,6.400,1.067,0.784,0.183,25.990,571725
1782481352506,297,297,0.000,6.400,6.392,1.255,0.816,0.188,25.990,571758
1782481352536,302,302,0.000,6.400,6.384,1.098,1.004,0.177,25.990,571791
1782481352565,300,300,0.006,6.392,6.375,1.098,1.004,0.172,25.990,571824
1782481352599,295,295,0.000,6.392,6.375,1.130,0.816,0.188,25.990,571857
1782481352636,290,290,0.000,6.384,6.367,1.318,0.973,0.177,25.990,571890
1782481352665,287,287,0.000,6.392,6.375,1.130,0.847,0.177,25.990,571923
1782481352698,282,282,0.000,6.400,6.384,1.161,0.879,0.177,26.077,571956
1782481352731,280,280,0.000,6.408,6.400,1.255,0.784,0.172,25.990,571989
1782481352774,272,272,0.000,6.425,6.417,0.941,0.690,0.167,25.990,572022
1782481352798,270,270,0.000,6.425,6.417,1.098,0.690,0.199,25.990,572055
1782481352840,265,265,0.000,6.425,6.408,1.130,0.753,0.210,26.077,572088
1782481352873,260,260,0.000,6.442,6.442,0.784,0.690,0.167,25.990,572121
1782481352933,252,252,0.000,6.458,6.450,0.816,0.565,0.194,25.990,572154
1782481352941,252,252,0.000,6.458,6.450,0.879,0.502,0.156,25.990,572187
1782481352974,247,247,0.006,6.450,6.442,1.067,0.502,0.172,26.077,572220
1782481353005,245,245,0.006,6.458,6.458,0.816,0.565,0.134,26.077,572253
1782481353038,240,240,0.000,6.458,6.442,0.816,0.628,0.204,26.077,572286
1782481353071,237,237,0.000,6.475,6.458,0.753,0.439,0.151,25.990,572319
1782481353104,232,232,0.000,6.466,6.450,0.690,0.596,0.161,25.990,572352
1782481353137,227,227,0.000,6.466,6.458,0.847,0.471,0.140,25.990,572385
1782481353170,225,225,0.006,6.475,6.466,0.847,0.439,0.156,25.990,572418
1782481353204,220,220,0.000,6.483,6.466,0.753,0.408,0.161,26.077,572451
1782481353237,215,215,0.000,6.483,6.475,0.690,0.471,0.151,25.990,572484
1782481353274,210,210,0.000,6.499,6.491,0.565,0.377,0.167,25.990,572517
1782481353302,207,207,0.000,6.516,6.508,0.502,0.377,0.177,25.990,572550
1782481353338,202,202,0.000,6.508,6.508,0.565,0.345,0.129,25.990,572583
1782481353368,200,200,0.000,6.508,6.499,0.628,0.408,0.167,25.990,572616
1782481353402,195,195,0.000,6.524,6.516,0.502,0.345,0.129,26.077,572649
1782481353435,190,190,0.000,6.524,6.508,0.502,0.345,0.113,25.990,572682
1782481353468,187,187,0.000,6.524,6.516,0.533,0.314,0.129,25.990,572715
1782481353500,182,182,0.000,6.524,6.516,0.533,0.282,0.134,25.990,572748
1782481353533,177,177,0.000,6.533,6.524,0.408,0.282,0.129,25.990,572781
1782481353566,175,175,0.000,6.541,6.524,0.502,0.282,0.140,25.990,572814
1782481353599,170,170,0.000,6.533,6.524,0.439,0.251,0.129,25.990,572847
1782481353632,167,167,0.000,6.549,6.541,0.439,0.220,0.129,25.990,572880
1782481353665,162,162,0.000,6.541,6.533,0.377,0.251,0.129,25.990,572913
1782481353698,157,157,0.000,6.549,6.541,0.377,0.251,0.129,25.990,572946
1782481353736,152,152,0.000,6.557,6.533,0.345,0.251,0.129,25.990,572979
1782481353764,150,150,0.000,6.557,6.541,0.314,0.220,0.134,25.990,573012
1782481353800,145,145,0.000,6.557,6.549,0.314,0.220,0.129,25.990,573045
1782481353831,142,142,0.000,6.557,6.549,0.282,0.220,0.129,25.990,573078
1782481353863,137,137,0.000,6.566,6.557,0.282,0.220,0.118,26.077,573111
1782481353896,132,132,0.000,6.566,6.566,0.282,0.188,0.124,25.990,573144
1782481353930,130,130,0.000,6.557,6.549,0.314,0.188,0.124,25.990,573177
1782481353962,125,125,0.000,6.557,6.557,0.345,0.188,0.124,25.990,573210
1782481353995,120,120,0.006,6.557,6.549,0.377,0.220,0.129,25.990,573243
1782481354028,117,117,0.006,6.566,6.541,0.345,0.220,0.129,25.990,573276
1782481354061,112,112,0.000,6.549,6.541,0.377,0.251,0.113,26.077,573309
1782481354095,107,107,0.000,6.574,6.557,0.314,0.188,0.124,25.990,573342
1782481354128,105,105,0.000,6.566,6.557,0.314,0.220,0.129,25.990,573375
1782481354161,100,100,0.000,6.574,6.566,0.251,0.188,0.156,25.990,573408
1782481354199,95,95,0.000,6.566,6.566,0.251,0.188,0.124,25.990,573441
1782481354228,92,92,0.006,6.566,6.566,0.251,0.188,0.113,25.990,573474
1782481354261,87,87,0.000,6.574,6.566,0.251,0.157,0.151,25.990,573507
1782481354294,85,85,0.000,6.591,6.591,0.188,0.188,0.129,25.990,573540
1782481354327,80,80,0.000,6.591,6.599,0.188,0.126,0.129,25.990,573573
1782481354362,75,75,0.000,6.591,6.591,0.188,0.157,0.161,25.990,573606
1782481354393,72,72,0.000,6.607,6.599,0.188,0.157,0.129,25.990,573639
1782481354427,67,67,0.000,6.591,6.591,0.188,0.188,0.129,25.990,573672
1782481354460,62,62,0.000,6.599,6.591,0.188,0.157,0.129,25.990,573705
1782481354494,60,60,0.000,6.591,6.591,0.188,0.157,0.129,25.990,573738
1782481354536,52,52,0.000,6.599,6.591,0.188,0.188,0.129,25.990,573771
1782481354566,50,50,0.000,6.591,6.591,0.188,0.157,0.167,25.990,573804
1782481354597,45,45,0.000,6.599,6.599,0.188,0.157,0.151,25.990,573837
1782481354627,42,42,0.000,6.591,6.591,0.188,0.188,0.199,25.990,573870
1782481354660,37,37,0.006,6.591,6.591,0.188,0.220,0.188,25.990,573903
1782481354693,35,35,0.000,6.591,6.591,0.188,0.157,0.177,25.990,573936
1782481354726,30,30,0.000,6.591,6.591,0.188,0.157,0.177,25.990,573969
1782481354760,25,25,0.000,6.591,6.599,0.157,0.157,0.177,25.990,574002
1782481354797,20,20,0.000,6.591,6.582,0.126,0.157,0.199,25.990,574035
1782481354825,17,17,0.000,6.591,6.591,0.188,0.157,0.161,25.990,574068
1782481354876,10,10,0.000,6.591,6.607,0.188,0.157,0.151,26.077,574101
1782481354893,10,10,0.000,6.599,6.591,0.188,0.188,0.151,26.077,574134
1782481354934,5,5,0.000,6.591,6.591,0.126,0.157,0.177,26.077,574167
1782481354963,0,0,0.000,6.591,6.591,0.188,0.188,0.177,26.077,574200
1782481354992,0,0,0.006,6.599,6.574,0.188,0.157,0.188,25.990,574233
1782481355026,0,0,0.000,6.607,6.599,0.188,0.157,0.183,25.990,574266
1782481355080,0,0,0.000,6.599,6.591,0.188,0.157,0.156,25.990,574299
1782481355093,0,0,0.000,6.607,6.599,0.188,0.126,0.151,25.990,574332
1782481355124,0,0,0.000,6.591,6.591,0.188,0.157,0.188,25.990,574365
1782481355158,0,0,0.000,6.607,6.591,0.188,0.126,0.194,25.990,574398
1782481355191,0,0,0.000,6.599,6.599,0.188,0.157,0.156,25.990,574431
1782481355224,0,0,0.000,6.599,6.582,0.188,0.157,0.194,25.990,574464
1782481355258,0,0,0.000,6.591,6.582,0.188,0.157,0.194,26.077,574497
1782481355291,0,0,0.000,6.599,6.591,0.188,0.157,0.161,26.077,574530
1782481355325,0,0,0.000,6.599,6.591,0.157,0.157,0.188,25.990,574563
1782481355357,0,0,0.000,6.599,6.591,0.188,0.157,0.177,26.077,574596
1782481355391,0,0,0.000,6.591,6.591,0.157,0.157,0.177,25.990,574629
1782481355425,0,0,0.000,6.599,6.591,0.188,0.157,0.194,26.077,574662
1782481355458,0,0,0.000,6.599,6.591,0.157,0.157,0.194,25.990,574695
1782481355491,0,0,0.000,6.591,6.591,0.188,0.157,0.177,26.077,574728
1782481355524,0,0,0.000,6.599,6.591,0.188,0.157,0.183,25.990,574761
1782481355557,0,0,0.000,6.599,6.591,0.157,0.220,0.172,26.077,574794
1782481355591,0,0,0.000,6.599,6.599,0.188,0.157,0.194,25.990,574827
1782481355624,0,0,0.000,6.591,6.591,0.188,0.126,0.204,25.990,574860
1782481355656,0,0,0.006,6.607,6.599,0.220,0.126,0.183,25.990,574893
1782481355693,0,0,0.000,6.607,6.591,0.188,0.188,0.194,25.990,574926
1782481355723,0,0,0.000,6.591,6.591,0.188,0.126,0.199,25.990,574959
1782481355757,0,0,0.000,6.591,6.591,0.188,0.188,0.172,26.077,574992
1782481355795,0,0,0.000,6.599,6.591,0.188,0.157,0.194,25.990,575025
1782481355825,0,0,0.000,6.599,6.591,0.188,0.157,0.199,26.077,575058
1782481355857,0,0,0.000,6.599,6.607,0.188,0.188,0.156,25.990,575091
1782481355890,0,0,0.006,6.599,6.582,0.188,0.157,0.183,25.990,575124
1782481355931,0,0,0.006,6.599,6.582,0.188,0.157,0.177,25.990,575157
1782481355956,0,0,0.000,6.599,6.599,0.188,0.157,0.194,25.990,575190
1782481355990,0,0,0.000,6.599,6.591,0.188,0.157,0.177,25.990,575223
1782481356022,0,0,0.000,6.607,6.591,0.188,0.157,0.156,25.990,575256
1782481356056,0,0,0.000,6.591,6.591,0.188,0.157,0.183,25.990,575289
1782481356091,0,0,0.000,6.599,6.591,0.188,0.188,0.188,25.990,575322
1782481356122,0,0,0.000,6.599,6.591,0.188,0.157,0.177,26.077,575355
1782481356156,0,0,0.000,6.599,6.591,0.157,0.188,0.188,25.990,575388
1782481356193,0,0,0.000,6.599,6.591,0.188,0.157,0.177,25.990,575421
1782481356223,0,0,0.000,6.607,6.591,0.188,0.157,0.172,25.990,575454
1782481356255,0,0,0.000,6.599,6.591,0.188,0.157,0.167,26.077,575487
1782481356294,0,0,0.000,6.607,6.599,0.188,0.157,0.194,26.077,575520
1782481356322,0,0,0.000,6.591,6.591,0.188,0.157,0.194,26.077,575553
1782481356355,0,0,0.000,6.599,6.591,0.188,0.188,0.204,25.990,575586
1782481356388,0,0,0.000,6.591,6.599,0.126,0.126,0.177,25.990,575619
1782481356421,0,0,0.000,6.599,6.599,0.157,0.157,0.161,25.990,575652
1782481356454,0,0,0.000,6.599,6.599,0.188,0.157,0.177,25.990,575685
1782481356487,0,0,0.006,6.599,6.591,0.188,0.157,0.167,25.990,575718
1782481356521,0,0,0.000,6.599,6.591,0.188,0.188,0.161,25.990,575751
1782481356554,0,0,0.000,6.599,6.599,0.188,0.126,0.177,25.990,575784
1782481356588,0,0,0.000,6.599,6.591,0.220,0.157,0.172,25.990,575817
1782481356621,0,0,0.000,6.591,6.591,0.188,0.157,0.172,26.077,575850
1782481356654,0,0,0.000,6.599,6.591,0.188,0.157,0.188,25.990,575883
1782481356687,0,0,0.000,6.591,6.607,0.188,0.157,0.199,25.990,575916
1782481356720,0,0,0.000,6.599,6.591,0.188,0.157,0.188,25.990,575949
1782481356754,0,0,0.000,6.607,6.599,0.188,0.157,0.194,25.990,575982
1782481356787,0,0,0.000,6.607,6.599,0.188,0.157,0.194,26.077,576015
1782481356821,-2,-2,0.000,6.599,6.591,0.188,0.157,0.199,25.990,576048
1782481356854,-5,-5,0.000,6.599,6.591,0.188,0.126,0.161,25.990,576081
1782481356887,-10,-10,0.000,6.615,6.591,0.188,0.157,0.183,25.990,576114
1782481356922,-15,-15,0.000,6.599,6.607,0.188,0.157,0.194,26.077,576147
1782481356953,-17,-17,0.000,6.591,6.599,0.188,0.157,0.188,25.990,576180
1782481356987,-22,-22,0.000,6.591,6.591,0.157,0.157,0.172,25.990,576213
1782481357024,-27,-27,0.000,6.599,6.599,0.188,0.188,0.194,25.990,576246
1782481357054,-30,-30,0.000,6.599,6.591,0.157,0.188,0.188,25.990,576279
1782481357086,-35,-35,0.000,6.599,6.591,0.188,0.188,0.188,25.990,576312
1782481357120,-40,-40,0.000,6.607,6.591,0.157,0.157,0.183,25.990,576345
1782481357152,-42,-42,0.000,6.599,6.591,0.188,0.188,0.183,25.990,576378
1782481357186,-47,-47,0.000,6.599,6.591,0.157,0.188,0.167,25.990,576411
1782481357219,-52,-52,0.006,6.599,6.607,0.188,0.157,0.194,25.990,576444
1782481357253,-55,-55,0.000,6.599,6.599,0.188,0.157,0.167,25.990,576477
1782481357295,-60,-60,0.000,6.615,6.591,0.188,0.157,0.183,25.990,576510
1782481357320,-65,-65,0.000,6.599,6.591,0.188,0.126,0.194,25.990,576543
1782481357361,-70,-70,0.000,6.607,6.591,0.188,0.157,0.188,25.990,576576
1782481357405,-75,-75,0.000,6.591,6.607,0.220,0.157,0.188,25.990,576609
1782481357427,-77,-77,0.000,6.607,6.599,0.188,0.157,0.156,26.077,576642
1782481357460,-82,-82,0.006,6.599,6.599,0.157,0.188,0.183,25.990,576675
1782481357493,-85,-85,0.006,6.607,6.599,0.157,0.188,0.177,25.990,576708
1782481357566,-95,-95,0.000,6.607,6.591,0.220,0.157,0.194,26.077,576741
1782481357568,-95,-95,0.000,6.599,6.599,0.188,0.157,0.167,26.077,576774
1782481357592,-97,-97,0.000,6.599,6.599,0.188,0.157,0.167,25.990,576807
1782481357627,-102,-102,0.000,6.599,6.599,0.188,0.157,0.161,25.990,576840
1782481357658,-107,-107,0.000,6.607,6.599,0.188,0.188,0.151,25.990,576873
1782481357691,-110,-110,0.012,6.599,6.599,0.188,0.157,0.161,26.077,576906
1782481357729,-115,-115,0.000,6.591,6.591,0.188,0.188,0.151,26.077,576939
1782481357757,-117,-117,0.006,6.599,6.599,0.188,0.157,0.124,25.990,576972
1782481357790,-122,-122,0.000,6.582,6.574,0.220,0.251,0.156,25.990,577005
1782481357830,-127,-127,0.000,6.591,6.574,0.188,0.282,0.145,25.990,577038
1782481357857,-130,-130,0.000,6.591,6.582,0.188,0.251,0.134,25.990,577071
1782481357889,-135,-135,0.012,6.582,6.574,0.220,0.314,0.151,26.077,577104
1782481357922,-140,-140,0.000,6.566,6.557,0.314,0.282,0.129,26.077,577137
1782481357955,-142,-142,0.000,6.566,6.557,0.314,0.314,0.129,25.990,577170
1782481357988,-147,-147,0.000,6.549,6.549,0.439,0.408,0.113,26.077,577203
1782481358021,-152,-152,0.000,6.524,6.524,0.408,0.502,0.188,25.990,577236
1782481358055,-155,-155,0.000,6.541,6.533,0.502,0.282,0.124,25.990,577269
1782481358087,-160,-160,0.000,6.533,6.516,0.628,0.314,0.145,25.990,577302
1782481358137,-165,-165,0.000,6.524,6.516,0.565,0.408,0.129,25.990,577335
1782481358154,-167,-167,0.000,6.549,6.541,0.377,0.282,0.151,25.990,577368
1782481358186,-172,-172,0.000,6.557,6.549,0.345,0.345,0.134,26.077,577401
1782481358221,-177,-177,0.000,6.557,6.549,0.314,0.345,0.129,26.077,577434
1782481358253,-180,-180,0.000,6.557,6.541,0.377,0.345,0.124,25.990,577467
1782481358296,-185,-185,0.000,6.549,6.541,0.377,0.314,0.134,25.990,577500
1782481358318,-187,-187,0.000,6.549,6.541,0.377,0.377,0.129,25.990,577533
1782481358357,-192,-192,0.006,6.557,6.533,0.471,0.282,0.129,25.990,577566
1782481358388,-197,-197,0.006,6.549,6.541,0.502,0.314,0.134,26.077,577599
1782481358417,-200,-200,0.000,6.549,6.533,0.408,0.314,0.145,25.990,577632
1782481358450,-205,-205,0.000,6.541,6.524,0.439,0.408,0.118,25.990,577665
1782481358484,-210,-210,0.000,6.533,6.533,0.439,0.471,0.134,25.990,577698
1782481358516,-212,-212,0.000,6.533,6.524,0.502,0.377,0.129,26.077,577731
1782481358549,-217,-217,0.000,6.533,6.516,0.596,0.471,0.129,26.077,577764
1782481358582,-222,-222,0.000,6.524,6.508,0.565,0.377,0.129,25.990,577797
1782481358615,-225,-225,0.000,6.533,6.516,0.502,0.439,0.134,25.990,577830
1782481358650,-230,-230,0.000,6.499,6.491,0.628,0.565,0.118,26.077,577863
1782481358681,-235,-235,0.000,6.499,6.491,0.690,0.439,0.134,25.990,577896
1782481358715,-237,-237,0.000,6.491,6.475,0.722,0.565,0.129,25.990,577929
1782481358752,-242,-242,0.000,6.491,6.483,0.628,0.533,0.156,25.990,577962
1782481358784,-247,-247,0.006,6.499,6.483,0.784,0.471,0.124,26.077,577995
1782481358814,-250,-250,0.000,6.491,6.475,0.753,0.565,0.134,25.990,578028
1782481358854,-255,-255,0.000,6.475,6.466,0.784,0.596,0.156,25.990,578061
1782481358883,-260,-260,0.000,6.442,6.433,0.941,0.816,0.156,25.990,578094
1782481358914,-262,-262,0.000,6.450,6.433,0.973,0.690,0.124,25.990,578127
1782481358948,-267,-267,0.000,6.450,6.425,0.816,0.879,0.161,25.990,578160
1782481358981,-270,-270,0.006,6.450,6.425,0.910,0.879,0.129,25.990,578193
1782481359027,-277,-277,0.000,6.450,6.433,0.816,0.753,0.129,26.077,578226
1782481359048,-280,-280,0.000,6.433,6.417,0.847,0.784,0.129,25.990,578259
1782481359082,-285,-285,0.000,6.425,6.408,1.224,0.722,0.167,25.990,578292
1782481359114,-287,-287,0.000,6.425,6.400,1.067,1.004,0.151,25.990,578325
1782481359162,-295,-295,0.000,6.408,6.392,1.286,0.784,0.183,25.990,578358
1782481359181,-295,-295,0.000,6.400,6.392,1.192,1.004,0.177,25.990,578391
1782481359213,-300,-300,0.000,6.400,6.384,1.318,0.753,0.199,26.077,578424
1782481359247,-305,-305,0.000,6.392,6.375,1.255,1.004,0.204,25.990,578457
1782481359280,-307,-307,0.000,6.408,6.392,1.004,0.910,0.194,25.990,578490
1782481359313,-312,-312,0.000,6.400,6.367,1.318,0.847,0.199,25.990,578523
1782481359346,-317,-317,0.006,6.384,6.367,1.381,0.941,0.215,25.990,578556
1782481359380,-320,-320,0.000,6.367,6.342,1.098,1.067,0.194,25.990,578589
1782481359413,-325,-325,0.000,6.367,6.350,1.255,0.941,0.210,26.077,578622
1782481359447,-325,-325,0.000,6.359,6.359,1.255,1.130,0.199,25.990,578655
1782481359482,-322,-322,0.000,6.375,6.359,1.224,1.004,0.167,26.077,578688
1782481359517,-317,-317,0.000,6.359,6.342,1.224,1.098,0.199,26.077,578721
1782481359547,-312,-312,0.000,6.359,6.350,1.381,1.035,0.215,25.990,578754
1782481359580,-310,-310,0.000,6.400,6.384,1.098,0.784,0.194,25.990,578787
1782481359614,-305,-305,0.000,6.400,6.384,1.130,0.941,0.183,25.990,578820
1782481359647,-300,-300,0.000,6.400,6.392,1.130,0.753,0.177,25.990,578853
1782481359680,-297,-297,0.000,6.400,6.375,1.067,1.004,0.210,25.990,578886
1782481359712,-292,-292,0.000,6.408,6.392,1.098,0.784,0.199,25.990,578919
1782481359747,-287,-287,0.000,6.408,6.392,1.004,0.879,0.194,25.990,578952
1782481359784,-285,-285,0.000,6.425,6.425,0.941,0.753,0.172,26.077,578985
1782481359812,-280,-280,0.000,6.442,6.417,0.847,0.784,0.177,25.990,579018
1782481359846,-275,-275,0.000,6.417,6.417,1.098,0.690,0.210,26.077,579051
1782481359879,-272,-272,0.000,6.442,6.433,0.847,0.659,0.194,25.990,579084
1782481359912,-267,-267,0.000,6.442,6.433,0.816,0.596,0.204,25.990,579117
1782481359945,-265,-265,0.000,6.442,6.425,0.816,0.628,0.177,25.990,579150
1782481359986,-257,-257,0.000,6.450,6.442,0.816,0.565,0.167,25.990,579183
1782481360014,-255,-255,0.000,6.442,6.433,0.722,0.816,0.237,26.077,579216
1782481360045,-252,-252,0.000,6.442,6.433,0.816,0.628,0.167,25.990,579249
1782481360083,-247,-247,0.006,6.466,6.450,0.628,0.690,0.194,26.077,579282
1782481360112,-242,-242,0.000,6.466,6.458,0.690,0.565,0.172,26.077,579315
1782481360145,-240,-240,0.000,6.483,6.466,0.565,0.596,0.172,25.990,579348
1782481360185,-235,-235,0.000,6.483,6.475,0.565,0.502,0.194,26.077,579381
1782481360212,-230,-230,0.000,6.499,6.483,0.533,0.408,0.199,25.990,579414
1782481360245,-227,-227,0.000,6.475,6.475,0.565,0.565,0.194,26.077,579447
1782481360278,-222,-222,0.000,6.475,6.466,0.628,0.502,0.183,25.990,579480
1782481360311,-217,-217,0.000,6.508,6.499,0.471,0.439,0.161,25.990,579513
1782481360344,-215,-215,0.000,6.491,6.483,0.659,0.377,0.215,26.077,579546
1782481360380,-210,-210,0.000,6.508,6.508,0.565,0.345,0.183,26.077,579579
1782481360412,-205,-205,0.000,6.508,6.499,0.439,0.471,0.167,25.990,579612
1782481360444,-202,-202,0.000,6.524,6.516,0.408,0.282,0.199,25.990,579645
1782481360477,-197,-197,0.000,6.491,6.491,0.439,0.533,0.177,25.990,579678
1782481360511,-192,-192,0.000,6.533,6.516,0.314,0.314,0.194,26.077,579711
1782481360543,-190,-190,0.000,6.516,6.508,0.439,0.408,0.204,25.990,579744
1782481360577,-185,-185,0.000,6.508,6.508,0.377,0.439,0.177,26.077,579777
1782481360611,-180,-180,0.000,6.533,6.524,0.377,0.282,0.204,25.990,579810
1782481360643,-177,-177,0.006,6.541,6.524,0.345,0.251,0.194,26.077,579843
1782481360687,-172,-172,0.000,6.533,6.524,0.282,0.345,0.172,25.990,579876
1782481360715,-167,-167,0.000,6.541,6.541,0.314,0.282,0.161,25.990,579909
1782481360743,-165,-165,0.000,6.541,6.533,0.251,0.314,0.177,25.990,579942
1782481360776,-160,-160,0.000,6.549,6.549,0.282,0.282,0.194,26.077,579975
1782481360812,-155,-155,0.000,6.557,6.541,0.314,0.282,0.183,25.990,580008
1782481360843,-152,-152,0.006,6.533,6.557,0.314,0.251,0.194,26.077,580041
1782481360876,-147,-147,0.000,6.557,6.541,0.282,0.251,0.172,26.077,580074
1782481360910,-142,-142,0.000,6.557,6.541,0.251,0.251,0.194,25.990,580107
1782481360942,-140,-140,0.000,6.549,6.541,0.314,0.251,0.194,26.077,580140
1782481360976,-135,-135,0.000,6.549,6.541,0.314,0.220,0.194,25.990,580173
1782481361009,-130,-130,0.000,6.541,6.541,0.314,0.282,0.188,25.990,580206
1782481361043,-127,-127,0.006,6.557,6.549,0.314,0.251,0.172,26.077,580239
1782481361076,-122,-122,0.000,6.541,6.541,0.282,0.314,0.183,26.077,580272
1782481361109,-117,-117,0.000,6.557,6.541,0.251,0.251,0.172,25.990,580305
1782481361148,-115,-115,0.000,6.557,6.549,0.251,0.251,0.161,26.077,580338
1782481361175,-110,-110,0.000,6.557,6.557,0.220,0.251,0.199,26.077,580371
1782481361209,-105,-105,0.000,6.557,6.557,0.220,0.220,0.215,26.077,580404
1782481361242,-102,-102,0.000,6.566,6.541,0.251,0.251,0.199,26.077,580437
1782481361276,-97,-97,0.000,6.574,6.566,0.188,0.188,0.194,26.077,580470
1782481361308,-95,-95,0.000,6.574,6.566,0.188,0.220,0.188,26.077,580503
1782481361343,-90,-90,0.000,6.591,6.574,0.188,0.157,0.188,26.077,580536
1782481361375,-85,-85,0.000,6.582,6.582,0.188,0.126,0.172,26.077,580569
1782481361409,-80,-80,0.000,6.591,6.582,0.188,0.157,0.194,26.077,580602
1782481361452,-75,-75,0.000,6.574,6.574,0.157,0.157,0.172,26.077,580635
1782481361474,-72,-72,0.000,6.582,6.566,0.188,0.157,0.167,26.077,580668
1782481361508,-70,-70,0.000,6.582,6.574,0.188,0.188,0.194,25.990,580701
1782481361542,-65,-65,0.000,6.591,6.582,0.188,0.157,0.194,26.077,580734
1782481361575,-60,-60,0.000,6.599,6.591,0.188,0.126,0.177,26.077,580767
1782481361617,-55,-55,0.000,6.591,6.574,0.188,0.157,0.204,26.077,580800
1782481361642,-52,-52,0.000,6.591,6.582,0.126,0.157,0.161,25.990,580833
1782481361674,-47,-47,0.000,6.574,6.591,0.188,0.126,0.172,26.077,580866
1782481361707,-45,-45,0.000,6.591,6.582,0.188,0.157,0.188,25.990,580899
1782481361740,-40,-40,0.000,6.582,6.582,0.188,0.126,0.167,26.077,580932
1782481361773,-35,-35,0.000,6.591,6.574,0.188,0.157,0.199,26.077,580965
1782481361820,-30,-30,0.000,6.591,6.591,0.157,0.157,0.188,26.077,580998
1782481361849,-27,-27,0.000,6.591,6.582,0.157,0.157,0.183,26.077,581031
1782481361882,-22,-22,0.000,6.591,6.582,0.188,0.188,0.177,26.077,581064
1782481361915,-17,-17,0.000,6.591,6.591,0.188,0.157,0.188,26.077,581097
1782481361948,-15,-15,0.000,6.582,6.582,0.188,0.220,0.188,26.077,581130
1782481361981,-10,-10,0.000,6.599,6.591,0.188,0.157,0.172,26.077,581163
1782481362014,-5,-5,0.006,6.591,6.591,0.188,0.157,0.188,25.990,581196
1782481362047,-2,-2,0.000,6.591,6.582,0.188,0.157,0.177,26.077,581229
1782481362082,2,-2,0.000,6.591,6.582,0.188,0.188,0.183,25.990,581262
1782481362113,7,-7,0.000,6.591,6.591,0.157,0.188,0.151,26.077,581295
1782481362146,10,-10,0.006,6.599,6.591,0.188,0.188,0.151,25.990,581328
1782481362179,15,-15,0.000,6.599,6.591,0.157,0.157,0.124,26.077,581361
1782481362212,20,-20,0.000,6.591,6.591,0.188,0.157,0.145,26.077,581394
1782481362247,22,-22,0.000,6.599,6.591,0.188,0.157,0.124,25.990,581427
1782481362278,27,-27,0.000,6.591,6.591,0.188,0.157,0.172,25.990,581460
1782481362312,32,-32,0.000,6.591,6.591,0.157,0.157,0.134,26.077,581493
1782481362344,35,-35,0.000,6.599,6.599,0.188,0.188,0.129,26.077,581526
1782481362386,40,-40,0.000,6.607,6.607,0.188,0.157,0.140,26.077,581559
1782481362410,42,-42,0.000,6.599,6.591,0.188,0.157,0.129,25.990,581592
1782481362444,47,-47,0.000,6.591,6.582,0.220,0.157,0.118,25.990,581625
1782481362476,52,-52,0.000,6.591,6.591,0.188,0.126,0.129,26.077,581658
1782481362509,55,-55,0.000,6.599,6.591,0.188,0.126,0.129,26.077,581691
1782481362545,60,-60,0.000,6.599,6.599,0.188,0.126,0.124,26.077,581724
1782481362575,65,-65,0.000,6.591,6.591,0.188,0.157,0.151,26.077,581757
1782481362608,67,-67,0.000,6.591,6.591,0.188,0.188,0.124,26.077,581790
1782481362644,72,-72,0.000,6.599,6.591,0.157,0.188,0.113,26.077,581823
1782481362674,77,-77,0.000,6.591,6.591,0.188,0.157,0.156,26.077,581856
1782481362716,82,-82,0.000,6.599,6.591,0.157,0.157,0.124,26.077,581889
1782481362745,85,-85,0.000,6.599,6.582,0.188,0.188,0.124,26.077,581922
1782481362782,90,-90,0.000,6.591,6.591,0.188,0.157,0.151,25.990,581955
1782481362806,92,-92,0.000,6.599,6.591,0.188,0.188,0.124,25.990,581988
1782481362839,97,-97,0.000,6.599,6.591,0.126,0.220,0.156,26.077,582021
1782481362874,102,-102,0.000,6.607,6.599,0.188,0.157,0.134,26.077,582054
1782481362905,105,-105,0.000,6.599,6.591,0.188,0.157,0.118,26.077,582087
1782481362939,110,-110,0.000,6.574,6.582,0.188,0.282,0.161,26.077,582120
1782481362971,112,-112,0.000,6.591,6.582,0.188,0.220,0.129,25.990,582153
1782481363004,117,-117,0.000,6.591,6.591,0.188,0.188,0.124,26.077,582186
1782481363037,122,-122,0.000,6.574,6.566,0.251,0.251,0.129,26.077,582219
1782481363071,125,-125,0.006,6.574,6.566,0.251,0.251,0.124,25.990,582252
1782481363104,130,-130,0.000,6.557,6.557,0.251,0.314,0.129,26.077,582285
1782481363136,135,-135,0.000,6.557,6.549,0.314,0.345,0.124,26.077,582318
1782481363170,137,-137,0.000,6.557,6.549,0.314,0.314,0.118,26.077,582351
1782481363203,142,-142,0.006,6.541,6.541,0.345,0.345,0.129,26.077,582384
1782481363238,147,-147,0.000,6.524,6.516,0.408,0.565,0.129,26.077,582417
1782481363271,150,-150,0.000,6.516,6.499,0.471,0.502,0.129,25.990,582450
1782481363304,155,-155,0.000,6.508,6.508,0.502,0.502,0.124,25.990,582483
1782481363336,160,-160,0.000,6.499,6.499,0.628,0.439,0.129,26.077,582516
1782481363373,165,-165,0.006,6.508,6.508,0.533,0.408,0.124,26.077,582549
1782481363403,167,-167,0.000,6.499,6.483,0.690,0.439,0.134,26.077,582582
1782481363436,172,-172,0.000,6.475,6.466,0.910,0.471,0.134,26.077,582615
1782481363469,175,-175,0.000,6.491,6.491,0.816,0.439,0.134,26.077,582648
1782481363502,180,-180,0.000,6.499,6.483,0.628,0.502,0.118,26.077,582681
1782481363536,185,-185,0.000,6.499,6.491,0.659,0.439,0.194,26.077,582714
1782481363569,187,-187,0.006,6.516,6.499,0.439,0.439,0.151,26.077,582747
1782481363602,192,-192,0.000,6.508,6.499,0.596,0.471,0.183,26.077,582780
1782481363636,197,-197,0.000,6.499,6.491,0.596,0.628,0.199,26.077,582813
1782481363670,200,-200,0.000,6.499,6.491,0.439,0.533,0.183,26.077,582846
1782481363703,205,-205,0.000,6.516,6.508,0.471,0.439,0.156,26.077,582879
1782481363735,210,-210,0.000,6.491,6.483,0.596,0.533,0.188,26.077,582912
1782481363771,212,-212,0.000,6.499,6.499,0.502,0.502,0.172,25.990,582945
1782481363801,217,-217,0.000,6.483,6.475,0.565,0.565,0.204,26.077,582978
1782481363835,222,-222,0.000,6.483,6.475,0.596,0.565,0.177,26.077,583011
1782481363871,225,-225,0.000,6.491,6.466,0.502,0.659,0.194,26.077,583044
1782481363902,230,-230,0.000,6.483,6.475,0.533,0.565,0.183,26.077,583077
1782481363935,235,-235,0.000,6.475,6.458,0.596,0.722,0.199,26.077,583110
1782481363974,240,-240,0.006,6.483,6.466,0.565,0.596,0.161,26.077,583143
1782481364003,242,-242,0.000,6.475,6.458,0.690,0.628,0.177,26.077,583176
1782481364035,247,-247,0.000,6.458,6.466,0.847,0.628,0.204,26.077,583209
1782481364068,250,-250,0.000,6.466,6.450,0.690,0.690,0.183,25.990,583242
1782481364102,255,-255,0.000,6.450,6.433,0.722,0.941,0.172,26.077,583275
1782481364135,260,-260,0.000,6.450,6.417,0.659,0.722,0.177,25.990,583308
1782481364167,262,-262,0.000,6.442,6.425,0.722,0.816,0.194,26.077,583341
1782481364201,267,-267,0.000,6.442,6.425,0.816,0.816,0.156,26.077,583374
1782481364234,272,-272,0.000,6.408,6.400,0.753,1.130,0.199,26.077,583407
1782481364267,275,-275,0.006,6.417,6.384,1.035,0.816,0.194,25.990,583440
1782481364301,280,-280,0.000,6.425,6.408,0.847,0.847,0.183,26.077,583473
1782481364334,285,-285,0.000,6.417,6.400,0.910,0.784,0.199,26.077,583506
1782481364367,287,-287,0.000,6.408,6.392,0.910,0.816,0.210,26.077,583539
1782481364400,292,-292,0.006,6.400,6.384,0.941,1.130,0.183,26.077,583572
1782481364434,295,-295,0.000,6.417,6.400,0.941,1.004,0.172,25.990,583605
1782481364467,300,-300,0.000,6.392,6.367,1.067,0.910,0.177,26.077,583638
1782481364501,305,-305,0.000,6.384,6.367,1.004,0.973,0.194,25.990,583671
1782481364533,307,-307,0.000,6.375,6.342,1.255,1.067,0.215,26.077,583704
1782481364566,312,-312,0.000,6.375,6.359,1.004,1.067,0.204,25.990,583737
1782481364602,317,-317,0.000,6.375,6.359,1.004,1.098,0.199,26.077,583770
1782481364633,320,-320,0.000,6.359,6.350,1.098,1.130,0.183,26.077,583803
1782481364667,325,-325,0.000,6.359,6.342,1.035,1.381,0.194,26.077,583836
1782481364704,330,-330,0.000,6.359,6.334,1.067,1.286,0.172,26.077,583869
1782481364733,332,-332,0.000,6.359,6.334,1.161,1.255,0.204,26.077,583902
1782481364766,337,-337,0.000,6.342,6.342,1.286,1.035,0.183,26.077,583935
1782481364800,342,-342,0.000,6.326,6.309,1.506,1.224,0.204,26.077,583968
1782481364833,345,-345,0.000,6.342,6.326,1.192,1.255,0.226,26.077,584001
1782481364866,350,-350,0.000,6.326,6.309,1.192,1.255,0.215,26.077,584034
1782481364900,355,-355,0.000,6.317,6.292,1.569,1.286,0.199,26.077,584067
1782481364932,357,-357,0.000,6.317,6.301,1.255,1.349,0.167,25.990,584100
1782481364965,362,-362,0.000,6.326,6.309,1.192,1.475,0.177,26.077,584133
1782481365001,367,-367,0.000,6.334,6.301,1.192,1.412,0.199,26.077,584166
1782481365033,370,-370,0.000,6.292,6.268,1.694,1.412,0.194,26.077,584199
1782481365065,375,-375,0.000,6.309,6.276,1.318,1.475,0.194,26.077,584232
1782481365101,370,-370,0.000,6.309,6.292,1.381,1.412,0.199,25.990,584265
1782481365131,367,-367,0.000,6.301,6.276,1.412,1.569,0.199,26.077,584298
1782481365164,362,-362,0.000,6.309,6.292,1.349,1.286,0.194,26.077,584331
1782481365204,357,-357,0.000,6.326,6.292,1.381,1.349,0.210,26.077,584364
1782481365231,355,-355,0.006,6.317,6.292,1.632,1.161,0.183,26.077,584397
1782481365265,350,-350,0.000,6.309,6.301,1.192,1.255,0.194,26.077,584430
1782481365302,345,-345,0.000,6.326,6.317,1.255,1.318,0.204,26.077,584463
1782481365332,342,-342,0.000,6.326,6.309,1.224,1.349,0.183,26.077,584496
1782481365364,337,-337,0.000,6.334,6.317,1.224,1.192,0.204,26.077,584529
1782481365397,335,-335,0.000,6.342,6.326,1.130,1.255,0.188,26.077,584562
1782481365432,330,-330,0.006,6.367,6.334,1.130,1.161,0.177,26.077,584595
1782481365464,325,-325,0.000,6.350,6.334,1.004,1.381,0.204,26.077,584628
1782481365497,322,-322,0.000,6.359,6.342,1.035,1.161,0.199,25.990,584661
1782481365532,317,-317,0.000,6.367,6.350,1.004,1.161,0.167,26.077,584694
1782481365565,312,-312,0.006,6.359,6.342,1.224,1.130,0.177,26.077,584727
1782481365597,310,-310,0.000,6.384,6.359,1.130,0.910,0.177,26.077,584760
1782481365631,305,-305,0.000,6.384,6.367,0.973,0.910,0.156,26.077,584793
1782481365664,300,-300,0.000,6.384,6.367,0.910,1.004,0.183,26.077,584826
1782481365698,295,-295,0.000,6.375,6.350,0.973,1.035,0.194,26.077,584859
1782481365730,292,-292,0.000,6.367,6.350,1.130,1.004,0.172,26.077,584892
1782481365766,287,-287,0.000,6.384,6.384,0.973,0.910,0.204,26.077,584925
1782481365797,285,-285,0.000,6.375,6.384,0.973,0.847,0.194,26.077,584958
1782481365831,280,-280,0.000,6.408,6.384,0.941,0.910,0.194,25.990,584991
1782481365864,275,-275,0.000,6.408,6.400,0.847,0.784,0.188,26.077,585024
1782481365896,272,-272,0.000,6.400,6.392,0.722,1.098,0.194,26.077,585057
1782481365933,267,-267,0.006,6.408,6.384,0.941,1.004,0.194,26.077,585090
1782481365963,262,-262,0.000,6.408,6.392,0.879,0.784,0.177,26.077,585123
1782481365996,260,-260,0.000,6.442,6.425,0.690,0.659,0.194,26.077,585156
1782481366036,255,-255,0.006,6.417,6.400,0.784,0.941,0.194,25.990,585189
1782481366063,250,-250,0.000,6.433,6.425,0.659,0.628,0.204,26.077,585222
1782481366097,247,-247,0.000,6.433,6.442,0.628,0.784,0.183,26.077,585255
1782481366129,242,-242,0.000,6.433,6.425,0.753,0.753,0.188,26.077,585288
1782481366162,237,-237,0.000,6.442,6.433,0.628,0.659,0.177,26.077,585321
1782481366196,235,-235,0.000,6.433,6.433,0.847,0.596,0.183,25.990,585354
1782481366241,227,-227,0.000,6.458,6.442,0.565,0.659,0.183,26.077,585387
1782481366280,222,-222,0.000,6.458,6.442,0.565,0.659,0.177,26.077,585420
1782481366304,220,-220,0.006,6.450,6.442,0.690,0.502,0.172,26.077,585453
1782481366356,215,-215,0.000,6.466,6.458,0.502,0.533,0.183,26.077,585486
1782481366377,212,-212,0.006,6.483,6.458,0.471,0.565,0.172,26.077,585519
1782481366403,207,-207,0.000,6.491,6.475,0.502,0.471,0.151,26.077,585552
1782481366437,205,-205,0.000,6.475,6.458,0.502,0.565,0.194,26.077,585585
1782481366469,200,-200,0.000,6.483,6.475,0.439,0.439,0.199,26.077,585618
1782481366502,195,-195,0.000,6.499,6.483,0.439,0.471,0.156,26.077,585651
1782481366538,192,-192,0.000,6.491,6.466,0.502,0.502,0.156,26.077,585684
1782481366569,187,-187,0.000,6.499,6.499,0.345,0.377,0.129,26.077,585717
1782481366601,182,-182,0.000,6.499,6.483,0.439,0.502,0.156,26.077,585750
1782481366638,180,-180,0.000,6.508,6.499,0.314,0.471,0.151,26.077,585783
1782481366667,175,-175,0.000,6.508,6.508,0.377,0.377,0.124,26.077,585816
1782481366700,170,-170,0.000,6.516,6.508,0.345,0.314,0.118,26.077,585849
1782481366739,165,-165,0.000,6.533,6.508,0.377,0.377,0.118,26.077,585882
1782481366766,162,-162,0.006,6.524,6.524,0.314,0.314,0.140,26.077,585915
1782481366799,157,-157,0.000,6.524,6.524,0.282,0.314,0.118,26.077,585948
1782481366832,155,-155,0.000,6.533,6.524,0.345,0.314,0.118,26.077,585981
1782481366867,150,-150,0.000,6.516,6.516,0.314,0.345,0.129,26.077,586014
1782481366898,147,-147,0.000,6.533,6.524,0.314,0.314,0.145,26.077,586047
1782481366931,142,-142,0.000,6.524,6.516,0.345,0.377,0.118,26.077,586080
1782481366965,137,-137,0.000,6.516,6.508,0.377,0.345,0.129,26.077,586113
1782481366998,135,-135,0.000,6.491,6.475,0.439,0.471,0.129,26.077,586146
1782481367030,130,-130,0.000,6.499,6.491,0.377,0.533,0.140,26.077,586179
1782481367063,125,-125,0.000,6.508,6.491,0.377,0.408,0.124,26.077,586212
1782481367097,122,-122,0.000,6.524,6.524,0.314,0.282,0.129,26.077,586245
1782481367129,117,-117,0.000,6.533,6.516,0.314,0.314,0.161,26.077,586278
1782481367162,112,-112,0.000,6.533,6.533,0.251,0.314,0.134,26.077,586311
1782481367195,110,-110,0.000,6.541,6.533,0.220,0.220,0.134,26.163,586344
1782481367228,105,-105,0.000,6.541,6.541,0.282,0.251,0.161,26.077,586377
1782481367264,100,-100,0.000,6.557,6.549,0.251,0.251,0.118,26.077,586410
1782481367294,97,-97,0.000,6.566,6.557,0.188,0.251,0.134,26.077,586443
1782481367327,92,-92,0.000,6.566,6.549,0.220,0.282,0.156,26.077,586476
1782481367361,87,-87,0.000,6.566,6.574,0.188,0.188,0.129,26.077,586509
1782481367394,85,-85,0.000,6.574,6.574,0.188,0.188,0.129,26.077,586542
1782481367427,80,-80,0.006,6.574,6.574,0.188,0.157,0.129,26.077,586575
1782481367459,77,-77,0.000,6.574,6.574,0.188,0.157,0.129,26.077,586608
1782481367492,72,-72,0.006,6.582,6.574,0.188,0.157,0.129,26.077,586641
1782481367525,67,-67,0.000,6.582,6.574,0.157,0.126,0.124,26.077,586674
1782481367559,65,-65,0.000,6.574,6.574,0.188,0.157,0.129,26.077,586707
1782481367592,60,-60,0.000,6.574,6.574,0.157,0.157,0.124,26.077,586740
1782481367625,55,-55,0.000,6.591,6.582,0.188,0.157,0.129,26.077,586773
1782481367676,50,-50,0.000,6.591,6.566,0.157,0.157,0.129,26.163,586806
1782481367692,47,-47,0.000,6.574,6.574,0.188,0.157,0.177,26.077,586839
1782481367725,42,-42,0.000,6.582,6.574,0.157,0.188,0.129,26.077,586872
1782481367764,37,-37,0.000,6.582,6.574,0.188,0.157,0.129,26.077,586905
1782481367791,35,-35,0.000,6.574,6.574,0.188,0.157,0.145,26.077,586938
1782481367825,30,-30,0.000,6.591,6.574,0.188,0.157,0.129,26.077,586971
1782481367862,27,-27,0.000,6.591,6.574,0.188,0.157,0.129,26.163,587004
1782481367892,22,-22,0.000,6.591,6.574,0.188,0.157,0.129,26.077,587037
1782481367924,17,-17,0.000,6.582,6.574,0.188,0.157,0.118,26.077,587070
1782481367968,12,-12,0.000,6.599,6.582,0.188,0.157,0.129,26.077,587103
1782481367991,10,-10,0.000,6.582,6.566,0.188,0.157,0.183,26.077,587136
1782481368024,5,-5,0.006,6.582,6.582,0.157,0.157,0.129,26.077,587169
1782481368057,2,-2,0.000,6.582,6.574,0.188,0.157,0.199,26.077,587202
1782481368092,-2,2,0.000,6.582,6.574,0.188,0.157,0.177,26.077,587235
1782481368127,-7,7,0.006,6.582,6.574,0.188,0.157,0.183,26.077,587268
1782481368157,-10,10,0.006,6.574,6.582,0.157,0.157,0.172,26.077,587301
1782481368190,-15,15,0.000,6.582,6.574,0.188,0.157,0.161,26.077,587334
1782481368224,-20,20,0.000,6.582,6.574,0.188,0.126,0.167,26.077,587367
1782481368257,-22,22,0.000,6.574,6.566,0.188,0.157,0.183,26.077,587400
1782481368290,-27,27,0.000,6.566,6.574,0.188,0.157,0.194,26.077,587433
1782481368323,-30,30,0.000,6.582,6.574,0.188,0.126,0.172,26.077,587466
1782481368357,-35,35,0.000,6.574,6.574,0.188,0.188,0.194,26.077,587499
1782481368391,-40,40,0.000,6.591,6.582,0.220,0.188,0.183,26.077,587532
1782481368423,-42,42,0.000,6.582,6.574,0.188,0.157,0.172,26.077,587565
1782481368456,-47,47,0.006,6.574,6.582,0.220,0.188,0.167,26.077,587598
1782481368493,-52,52,0.000,6.574,6.574,0.188,0.157,0.177,26.077,587631
1782481368523,-55,55,0.000,6.574,6.574,0.188,0.188,0.210,26.077,587664
1782481368555,-60,60,0.000,6.582,6.574,0.157,0.157,0.167,26.077,587697
1782481368589,-65,65,0.000,6.582,6.574,0.188,0.157,0.161,26.077,587730
1782481368622,-67,67,0.000,6.574,6.566,0.188,0.126,0.199,26.077,587763
1782481368656,-72,72,0.006,6.582,6.574,0.188,0.157,0.199,26.077,587796
1782481368689,-77,77,0.000,6.574,6.566,0.188,0.188,0.194,26.077,587829
1782481368722,-80,80,0.006,6.591,6.574,0.188,0.188,0.156,26.077,587862
1782481368755,-85,85,0.000,6.582,6.574,0.188,0.157,0.172,26.077,587895
1782481368789,-90,90,0.000,6.582,6.566,0.188,0.188,0.194,26.163,587928
1782481368821,-92,92,0.000,6.582,6.574,0.188,0.157,0.188,26.077,587961
1782481368859,-97,97,0.000,6.582,6.574,0.188,0.157,0.188,26.077,587994
1782481368890,-102,102,0.000,6.574,6.582,0.188,0.157,0.161,26.077,588027
1782481368932,-107,107,0.000,6.566,6.557,0.251,0.157,0.177,26.077,588060
1782481368955,-110,110,0.000,6.582,6.582,0.251,0.157,0.156,26.077,588093
1782481368992,-115,115,0.006,6.566,6.566,0.188,0.220,0.156,26.077,588126
1782481369021,-117,117,0.000,6.566,6.557,0.188,0.157,0.188,26.077,588159
1782481369054,-122,122,0.000,6.566,6.557,0.251,0.157,0.194,25.990,588192
1782481369094,-127,127,0.000,6.549,6.541,0.314,0.251,0.188,26.077,588225
1782481369121,-130,130,0.000,6.541,6.524,0.377,0.314,0.177,26.077,588258
1782481369154,-135,135,0.000,6.524,6.516,0.439,0.314,0.167,26.077,588291
1782481369187,-140,140,0.000,6.516,6.508,0.533,0.377,0.199,26.077,588324
1782481369223,-142,142,0.000,6.508,6.491,0.596,0.408,0.177,26.077,588357
1782481369254,-147,147,0.006,6.483,6.466,0.722,0.502,0.199,26.077,588390
1782481369288,-152,152,0.000,6.483,6.475,0.628,0.565,0.172,26.077,588423
1782481369321,-155,155,0.000,6.475,6.466,0.784,0.502,0.177,26.077,588456
1782481369354,-160,160,0.000,6.466,6.466,0.565,0.628,0.172,26.077,588489
1782481369387,-165,165,0.000,6.491,6.491,0.377,0.471,0.177,26.077,588522
1782481369422,-167,167,0.000,6.524,6.508,0.377,0.314,0.172,26.077,588555
1782481369453,-172,172,0.000,6.508,6.499,0.439,0.439,0.172,26.077,588588
1782481369487,-177,177,0.000,6.508,6.491,0.502,0.471,0.172,26.077,588621
1782481369520,-180,180,0.000,6.499,6.499,0.471,0.408,0.194,26.077,588654
1782481369559,-185,185,0.000,6.508,6.499,0.439,0.439,0.167,26.077,588687
1782481369588,-190,190,0.006,6.508,6.499,0.439,0.408,0.194,26.077,588720
1782481369622,-192,192,0.000,6.516,6.508,0.408,0.439,0.204,26.077,588753
1782481369653,-197,197,0.000,6.499,6.483,0.471,0.502,0.194,26.077,588786
1782481369686,-202,202,0.000,6.499,6.491,0.471,0.502,0.177,26.077,588819
1782481369722,-205,205,0.000,6.499,6.491,0.533,0.439,0.199,26.077,588852
1782481369752,-210,210,0.000,6.491,6.483,0.502,0.533,0.204,26.077,588885
1782481369788,-210,210,0.000,6.483,6.475,0.596,0.565,0.177,26.077,588918
1782481369826,-205,205,0.000,6.483,6.466,0.628,0.565,0.204,26.077,588951
1782481369853,-202,202,0.000,6.491,6.458,0.596,0.596,0.177,26.077,588984
1782481369885,-197,197,0.000,6.491,6.475,0.471,0.565,0.183,26.077,589017
1782481369918,-195,195,0.006,6.516,6.491,0.502,0.439,0.199,26.077,589050
1782481369952,-190,190,0.000,6.516,6.508,0.502,0.314,0.183,26.077,589083
1782481369985,-187,187,0.000,6.524,6.499,0.439,0.345,0.183,26.077,589116
1782481370019,-182,182,0.000,6.508,6.499,0.408,0.377,0.177,26.077,589149
1782481370052,-177,177,0.006,6.533,6.508,0.439,0.377,0.161,26.077,589182
1782481370085,-175,175,0.000,6.499,6.508,0.439,0.377,0.199,26.077,589215
1782481370120,-170,170,0.000,6.524,6.516,0.345,0.408,0.188,26.077,589248
1782481370152,-165,165,0.000,6.524,6.516,0.345,0.408,0.183,26.077,589281
1782481370184,-162,162,0.000,6.533,6.516,0.408,0.314,0.194,26.077,589314
1782481370221,-157,157,0.000,6.516,6.508,0.408,0.377,0.172,25.990,589347
1782481370251,-152,152,0.000,6.524,6.516,0.314,0.377,0.188,26.077,589380
1782481370284,-150,150,0.006,6.524,6.516,0.408,0.377,0.188,26.077,589413
1782481370323,-145,145,0.000,6.524,6.524,0.377,0.345,0.177,26.077,589446
1782481370351,-140,140,0.000,6.524,6.508,0.345,0.377,0.188,26.077,589479
1782481370385,-137,137,0.000,6.516,6.508,0.471,0.345,0.167,26.077,589512
1782481370417,-132,132,0.000,6.499,6.491,0.628,0.345,0.204,26.077,589545
1782481370452,-127,127,0.000,6.508,6.491,0.502,0.408,0.172,26.077,589578
1782481370485,-125,125,0.000,6.499,6.491,0.565,0.377,0.172,26.077,589611
1782481370528,-117,117,0.000,6.516,6.508,0.439,0.314,0.183,26.077,589644
1782481370550,-115,115,0.000,6.533,6.524,0.345,0.251,0.156,26.077,589677
1782481370583,-112,112,0.000,6.524,6.516,0.377,0.282,0.183,26.077,589710
1782481370620,-107,107,0.000,6.541,6.533,0.314,0.251,0.172,26.077,589743
1782481370651,-102,102,0.000,6.541,6.541,0.251,0.282,0.156,26.077,589776
1782481370684,-100,100,0.000,6.557,6.557,0.251,0.251,0.161,26.077,589809
1782481370716,-95,95,0.000,6.557,6.549,0.251,0.188,0.199,26.077,589842
1782481370759,-90,90,0.006,6.557,6.574,0.251,0.157,0.172,26.077,589875
1782481370792,-85,85,0.000,6.574,6.566,0.251,0.157,0.188,25.990,589908
1782481370825,-82,82,0.000,6.582,6.574,0.188,0.188,0.188,26.077,589941
1782481370858,-77,77,0.000,6.574,6.574,0.188,0.157,0.183,26.077,589974
1782481370891,-72,72,0.000,6.574,6.582,0.188,0.157,0.194,26.077,590007
1782481370937,-67,67,0.000,6.574,6.582,0.188,0.157,0.172,26.077,590040
1782481370960,-65,65,0.000,6.582,6.574,0.188,0.188,0.151,26.077,590073
1782481370999,-60,60,0.006,6.582,6.582,0.188,0.157,0.113,26.077,590106
1782481371023,-57,57,0.000,6.591,6.582,0.188,0.157,0.113,26.077,590139
1782481371057,-52,52,0.000,6.582,6.574,0.188,0.188,0.177,26.077,590172
1782481371090,-50,50,0.000,6.591,6.582,0.188,0.157,0.167,26.077,590205
1782481371122,-45,45,0.000,6.582,6.574,0.157,0.157,0.167,26.077,590238
1782481371156,-40,40,0.000,6.582,6.574,0.188,0.188,0.129,26.077,590271
1782481371188,-37,37,0.000,6.582,6.574,0.157,0.157,0.151,26.077,590304
1782481371221,-32,32,0.006,6.582,6.582,0.188,0.157,0.113,26.077,590337
1782481371262,-27,27,0.000,6.591,6.582,0.188,0.157,0.129,26.077,590370
1782481371287,-25,25,0.000,6.591,6.582,0.188,0.157,0.129,26.077,590403
1782481371320,-20,20,0.000,6.591,6.582,0.220,0.157,0.129,26.077,590436
1782481371353,-17,17,0.000,6.591,6.574,0.188,0.157,0.124,26.077,590469
1782481371386,-12,12,0.000,6.591,6.574,0.188,0.157,0.118,26.077,590502
1782481371419,-7,7,0.000,6.591,6.591,0.188,0.157,0.129,26.077,590535
1782481371453,-5,5,0.000,6.591,6.582,0.188,0.157,0.129,26.163,590568
1782481371490,0,0,0.000,6.599,6.582,0.188,0.188,0.151,26.077,590601
1782481371518,0,0,0.000,6.591,6.582,0.188,0.188,0.151,26.077,590634
1782481371554,0,0,0.006,6.591,6.582,0.188,0.157,0.129,26.077,590667
1782481371584,0,0,0.000,6.591,6.591,0.157,0.157,0.156,25.990,590700
1782481371617,0,0,0.000,6.591,6.591,0.188,0.157,0.129,26.077,590733
1782481371654,0,0,0.000,6.591,6.574,0.188,0.157,0.118,26.077,590766
1782481371684,0,0,0.000,6.591,6.582,0.157,0.157,0.151,26.077,590799
1782481371716,0,0,0.006,6.591,6.582,0.188,0.157,0.129,26.077,590832
1782481371749,0,0,0.000,6.599,6.582,0.188,0.157,0.124,26.077,590865
1782481371783,0,0,0.000,6.591,6.582,0.188,0.157,0.124,26.077,590898
1782481371818,0,0,0.000,6.599,6.591,0.188,0.157,0.134,25.990,590931
1782481371848,0,0,0.000,6.591,6.591,0.220,0.157,0.129,26.077,590964
1782481371881,0,0,0.000,6.599,6.574,0.188,0.157,0.129,26.077,590997
1782481371914,0,0,0.000,6.591,6.591,0.188,0.188,0.129,26.077,591030
1782481371947,0,0,0.000,6.591,6.591,0.157,0.157,0.129,26.077,591063
1782481371982,0,0,0.000,6.582,6.591,0.188,0.157,0.129,26.077,591096
1782481372016,0,0,0.000,6.591,6.582,0.188,0.157,0.140,26.077,591129
1782481372046,0,0,0.000,6.591,6.591,0.188,0.157,0.129,26.077,591162
1782481372079,0,0,0.000,6.591,6.591,0.157,0.157,0.124,26.077,591195
1782481372116,0,0,0.000,6.591,6.591,0.188,0.126,0.124,26.077,591228
1782481372146,0,0,0.006,6.599,6.591,0.188,0.188,0.118,25.990,591261
1782481372179,0,0,0.000,6.591,6.582,0.188,0.157,0.129,26.077,591294
1782481372212,0,0,0.000,6.591,6.591,0.188,0.188,0.129,26.077,591327
1782481372246,0,0,0.000,6.591,6.599,0.157,0.157,0.129,26.077,591360
1782481372282,0,0,0.000,6.591,6.591,0.188,0.157,0.124,26.077,591393
1782481372312,0,0,0.000,6.591,6.591,0.188,0.126,0.129,26.077,591426
1782481372346,0,0,0.000,6.591,6.591,0.188,0.157,0.129,25.990,591459
1782481372379,0,0,0.000,6.582,6.591,0.188,0.157,0.129,26.077,591492
1782481372412,0,0,0.000,6.599,6.591,0.188,0.126,0.124,26.077,591525
1782481372445,0,0,0.000,6.591,6.591,0.188,0.157,0.129,25.990,591558
1782481372479,0,0,0.000,6.591,6.591,0.188,0.126,0.129,26.077,591591
1782481372512,0,0,0.000,6.591,6.591,0.188,0.157,0.151,26.077,591624
1782481372545,0,0,0.000,6.582,6.582,0.188,0.157,0.134,26.077,591657
1782481372578,0,0,0.000,6.599,6.582,0.126,0.188,0.199,26.077,591690
1782481372614,0,0,0.000,6.591,6.591,0.188,0.157,0.172,26.077,591723
1782481372645,0,0,0.000,6.574,6.591,0.188,0.126,0.188,26.077,591756
1782481372680,0,0,0.000,6.599,6.582,0.188,0.157,0.183,26.077,591789
1782481372712,0,0,0.000,6.591,6.582,0.157,0.157,0.188,26.077,591822
1782481372744,0,0,0.000,6.591,6.582,0.188,0.188,0.177,26.077,591855
1782481372781,0,0,0.000,6.591,6.582,0.157,0.157,0.183,26.077,591888
1782481372811,0,0,0.000,6.591,6.582,0.188,0.157,0.177,26.077,591921
1782481372844,0,0,0.000,6.591,6.582,0.220,0.157,0.194,26.077,591954
1782481372883,0,0,0.000,6.591,6.591,0.188,0.126,0.199,26.163,591987
1782481372910,0,0,0.000,6.591,6.582,0.188,0.188,0.172,26.077,592020
1782481372944,0,0,0.000,6.591,6.591,0.188,0.157,0.172,26.077,592053
1782481372977,0,0,0.000,6.591,6.582,0.188,0.157,0.172,26.077,592086
1782481373013,0,0,0.000,6.591,6.591,0.188,0.157,0.167,26.077,592119
1782481373043,0,0,0.006,6.591,6.582,0.157,0.126,0.177,26.077,592152
1782481373076,0,0,0.000,6.591,6.591,0.188,0.126,0.177,26.077,592185
1782481373110,0,0,0.000,6.591,6.591,0.157,0.157,0.167,26.077,592218
1782481373143,0,0,0.000,6.591,6.591,0.220,0.157,0.172,26.077,592251
1782481373177,0,0,0.000,6.599,6.591,0.188,0.157,0.194,26.077,592284
1782481373211,0,0,0.000,6.591,6.591,0.188,0.157,0.172,26.077,592317
1782481373244,0,0,0.000,6.591,6.591,0.188,0.126,0.172,25.990,592350
1782481373276,0,0,0.000,6.591,6.582,0.188,0.157,0.194,26.077,592383
1782481373310,0,0,0.000,6.591,6.582,0.188,0.157,0.183,26.077,592416
1782481373343,0,0,0.000,6.599,6.599,0.188,0.126,0.172,26.077,592449
1782481373375,0,0,0.000,6.591,6.582,0.157,0.188,0.177,26.077,592482
1782481373410,0,0,0.000,6.591,6.582,0.188,0.157,0.183,26.077,592515
1782481373443,0,0,0.000,6.591,6.591,0.188,0.157,0.172,26.077,592548
1782481373476,0,0,0.000,6.591,6.591,0.188,0.157,0.183,25.990,592581
1782481373511,0,0,0.000,6.591,6.582,0.126,0.157,0.188,26.077,592614
1782481373543,0,0,0.006,6.591,6.591,0.188,0.157,0.183,25.990,592647
1782481373575,0,0,0.000,6.582,6.574,0.188,0.157,0.204,26.077,592680
1782481373608,0,0,0.006,6.591,6.582,0.188,0.157,0.188,26.077,592713
1782481373642,0,0,0.000,6.599,6.591,0.220,0.126,0.194,25.990,592746
1782481373676,0,0,0.006,6.591,6.591,0.188,0.188,0.188,26.077,592779
1782481373716,0,0,0.000,6.599,6.591,0.157,0.157,0.188,26.077,592812
1782481373741,0,0,0.000,6.591,6.582,0.188,0.157,0.161,26.077,592845
1782481373775,0,0,0.000,6.591,6.591,0.188,0.188,0.194,26.077,592878
1782481373808,0,0,0.000,6.591,6.591,0.188,0.157,0.188,26.077,592911
1782481373842,0,0,0.000,6.591,6.591,0.188,0.188,0.161,26.077,592944
1782481373875,0,0,0.000,6.591,6.591,0.220,0.157,0.172,26.077,592977
1782481373922,0,0,0.000,6.599,6.591,0.188,0.157,0.177,25.990,593010
1782481373941,0,0,0.006,6.599,6.599,0.188,0.188,0.161,26.077,593043
1782481373974,0,0,0.000,6.591,6.591,0.188,0.157,0.188,26.077,593076
1782481374011,0,0,0.000,6.591,6.582,0.188,0.157,0.188,26.077,593109
1782481374041,0,0,0.000,6.591,6.599,0.188,0.157,0.188,26.077,593142
1782481374074,0,0,0.000,6.599,6.582,0.188,0.157,0.161,26.077,593175
1782481374114,0,0,0.000,6.591,6.582,0.188,0.157,0.177,26.163,593208
1782481374141,0,0,0.000,6.599,6.591,0.188,0.157,0.199,26.077,593241
1782481374174,0,0,0.000,6.591,6.591,0.188,0.157,0.194,26.077,593274
1782481374207,0,0,0.000,6.591,6.591,0.188,0.157,0.194,26.077,593307
1782481374240,0,0,0.006,6.599,6.591,0.188,0.188,0.204,26.077,593340
1782481374273,0,0,0.000,6.591,6.582,0.188,0.157,0.194,26.077,593373
1782481374307,0,0,0.000,6.591,6.582,0.188,0.157,0.188,26.077,593406
1782481374340,0,0,0.000,6.599,6.582,0.188,0.188,0.177,26.077,593439
1782481374374,0,0,0.000,6.607,6.582,0.188,0.157,0.199,26.077,593472
1782481374406,0,0,0.000,6.599,6.591,0.188,0.157,0.194,26.077,593505
1782481374440,0,0,0.000,6.599,6.591,0.157,0.220,0.172,26.077,593538
1782481374473,0,0,0.000,6.599,6.591,0.188,0.157,0.177,26.077,593571
1782481374506,0,0,0.000,6.591,6.591,0.220,0.157,0.199,26.077,593604
1782481374539,0,0,0.000,6.591,6.591,0.188,0.188,0.172,26.077,593637
1782481374572,0,0,0.000,6.599,6.591,0.188,0.157,0.199,26.077,593670
1782481374606,0,0,0.000,6.599,6.591,0.188,0.157,0.177,26.077,593703
1782481374639,0,0,0.000,6.582,6.599,0.188,0.188,0.183,26.077,593736
1782481374672,0,0,0.000,6.599,6.591,0.188,0.157,0.183,26.077,593769
1782481374713,0,0,0.000,6.599,6.599,0.188,0.157,0.167,26.077,593802
1782481374740,0,0,0.000,6.599,6.599,0.157,0.157,0.220,26.077,593835
1782481374772,0,0,0.006,6.591,6.591,0.157,0.157,0.183,26.077,593868
1782481374805,0,0,0.000,6.599,6.591,0.220,0.188,0.194,26.077,593901
1782481374842,0,0,0.000,6.599,6.582,0.157,0.157,0.188,26.077,593934
1782481374872,0,0,0.000,6.591,6.599,0.188,0.157,0.177,26.077,593967
1782481374905,0,0,0.000,6.591,6.591,0.126,0.188,0.194,25.990,594000
1782481374938,0,0,0.000,6.599,6.591,0.188,0.157,0.183,26.077,594033
1782481374972,0,0,0.000,6.591,6.591,0.188,0.188,0.188,26.077,594066
1782481375020,0,0,0.000,6.599,6.582,0.188,0.188,0.172,26.077,594099
1782481375039,0,0,0.000,6.599,6.591,0.188,0.188,0.156,26.077,594132
1782481375072,0,0,0.000,6.599,6.591,0.188,0.126,0.183,26.077,594165
1782481375104,0,0,0.000,6.599,6.591,0.188,0.157,0.194,26.077,594198
1782481375138,0,0,0.000,6.591,6.591,0.157,0.157,0.188,26.077,594231
1782481375171,0,0,0.000,6.599,6.591,0.188,0.157,0.161,26.077,594264
1782481375205,0,0,0.000,6.607,6.599,0.188,0.126,0.177,26.077,594297
1782481375240,0,0,0.000,6.591,6.591,0.188,0.157,0.177,26.077,594330
1782481375281,0,0,0.000,6.599,6.599,0.157,0.188,0.177,26.077,594363
1782481375314,0,0,0.000,6.591,6.591,0.157,0.188,0.204,26.077,594396
1782481375346,0,0,0.000,6.591,6.582,0.188,0.188,0.194,25.990,594429
1782481375379,0,0,0.000,6.599,6.582,0.188,0.188,0.177,26.077,594462
1782481375412,0,0,0.000,6.591,6.591,0.188,0.157,0.194,26.077,594495
1782481375445,0,0,0.000,6.599,6.591,0.188,0.157,0.188,26.077,594528
1782481375478,0,0,0.000,6.599,6.591,0.157,0.157,0.199,26.077,594561
1782481375512,0,0,0.000,6.599,6.591,0.220,0.157,0.167,26.077,594594
1782481375548,0,0,0.000,6.591,6.591,0.188,0.157,0.188,26.077,594627
1782481375579,0,0,0.000,6.599,6.591,0.220,0.157,0.140,26.077,594660
1782481375610,0,0,0.000,6.607,6.599,0.188,0.220,0.172,26.077,594693
1782481375648,0,0,0.000,6.599,6.591,0.188,0.157,0.161,25.990,594726
1782481375676,0,0,0.000,6.607,6.591,0.157,0.157,0.151,26.077,594759
1782481375709,0,0,0.000,6.599,6.582,0.188,0.157,0.140,26.077,594792
1782481375742,0,0,0.000,6.599,6.591,0.188,0.157,0.124,25.990,594825
1782481375775,0,0,0.000,6.599,6.599,0.188,0.157,0.151,26.077,594858
1782481375808,0,0,0.000,6.599,6.599,0.157,0.157,0.124,26.077,594891
1782481375841,0,0,0.000,6.599,6.591,0.188,0.157,0.124,26.077,594924
1782481375874,0,0,0.000,6.615,6.591,0.188,0.157,0.156,26.077,594957
1782481375907,0,0,0.000,6.599,6.599,0.188,0.188,0.129,26.077,594990
1782481375940,0,0,0.000,6.607,6.607,0.188,0.157,0.134,26.077,595023
1782481375976,0,0,0.000,6.607,6.591,0.188,0.157,0.156,26.077,595056
1782481376006,0,0,0.000,6.599,6.591,0.188,0.157,0.151,26.077,595089
1782481376040,0,0,0.000,6.599,6.599,0.188,0.157,0.129,26.077,595122
1782481376072,0,0,0.000,6.599,6.599,0.188,0.157,0.151,26.077,595155
1782481376105,0,0,0.000,6.599,6.599,0.188,0.157,0.129,26.077,595188
1782481376138,0,0,0.000,6.607,6.599,0.188,0.157,0.124,26.077,595221
1782481376173,0,0,0.006,6.607,6.599,0.188,0.157,0.134,26.077,595254
1782481376204,0,0,0.000,6.591,6.599,0.188,0.157,0.134,25.990,595287
1782481376237,0,0,0.006,6.615,6.591,0.157,0.157,0.129,26.077,595320
1782481376275,0,0,0.000,6.599,6.599,0.188,0.188,0.129,26.077,595353
1782481376314,0,0,0.000,6.607,6.591,0.220,0.157,0.145,26.077,595386
1782481376336,0,0,0.000,6.599,6.591,0.157,0.157,0.129,26.077,595419
1782481376369,0,0,0.000,6.607,6.599,0.157,0.157,0.129,25.990,595452
1782481376410,0,0,0.000,6.599,6.599,0.188,0.157,0.129,26.077,595485
1782481376435,0,0,0.006,6.599,6.599,0.157,0.188,0.129,26.077,595518
1782481376471,0,0,0.000,6.591,6.615,0.188,0.188,0.124,26.077,595551
1782481376503,0,0,0.000,6.599,6.599,0.188,0.157,0.129,26.077,595584
1782481376534,0,0,0.000,6.599,6.599,0.188,0.157,0.124,26.077,595617
1782481376570,0,0,0.000,6.599,6.599,0.188,0.188,0.124,26.077,595650
1782481376600,0,0,0.006,6.607,6.599,0.188,0.188,0.129,26.077,595683
1782481376638,0,0,0.000,6.607,6.599,0.188,0.157,0.124,26.077,595716
1782481376673,0,0,0.000,6.607,6.599,0.188,0.157,0.129,26.077,595749
1782481376700,0,0,0.000,6.599,6.591,0.188,0.188,0.156,26.077,595782
1782481376733,0,0,0.000,6.599,6.591,0.188,0.157,0.124,26.077,595815
1782481376766,0,0,0.006,6.607,6.599,0.157,0.126,0.124,26.077,595848
1782481376801,0,0,0.000,6.599,6.607,0.157,0.126,0.124,25.990,595881
1782481376834,0,0,0.000,6.599,6.599,0.188,0.157,0.129,26.077,595914
1782481376867,0,0,0.000,6.607,6.599,0.188,0.188,0.129,26.077,595947
1782481376899,0,0,0.000,6.607,6.599,0.157,0.188,0.129,26.077,595980
1782481376933,0,0,0.000,6.599,6.599,0.188,0.157,0.129,26.077,596013
1782481376966,0,0,0.000,6.591,6.599,0.157,0.157,0.129,25.990,596046
1782481377010,0,0,0.000,6.607,6.582,0.188,0.157,0.129,26.077,596079
1782481377033,0,0,0.000,6.607,6.591,0.188,0.157,0.145,26.077,596112
1782481377066,0,0,0.000,6.607,6.599,0.188,0.188,0.129,26.077,596145
1782481377099,0,0,0.000,6.599,6.607,0.188,0.188,0.172,26.077,596178
1782481377142,0,0,0.000,6.599,6.599,0.188,0.157,0.183,26.077,596211
1782481377167,0,0,0.000,6.607,6.591,0.188,0.157,0.172,26.077,596244
1782481377199,0,0,0.006,6.591,6.591,0.188,0.188,0.188,26.077,596277
1782481377232,0,0,0.000,6.599,6.591,0.220,0.188,0.188,26.077,596310
1782481377265,0,0,0.000,6.599,6.591,0.188,0.157,0.188,26.077,596343
1782481377299,0,0,0.000,6.599,6.599,0.188,0.157,0.199,26.077,596376
1782481377332,0,0,0.000,6.607,6.599,0.188,0.157,0.161,26.077,596409
1782481377365,0,0,0.000,6.599,6.591,0.188,0.157,0.177,25.990,596442
1782481377402,0,0,0.000,6.591,6.599,0.188,0.157,0.194,26.077,596475
1782481377432,0,0,0.000,6.599,6.591,0.188,0.188,0.188,26.077,596508
1782481377465,0,0,0.000,6.599,6.591,0.188,0.157,0.210,25.990,596541
1782481377498,0,0,0.000,6.607,6.599,0.126,0.188,0.204,26.077,596574
1782481377532,0,0,0.000,6.599,6.591,0.188,0.157,0.183,26.077,596607
1782481377564,0,0,0.000,6.599,6.599,0.220,0.157,0.172,26.077,596640
1782481377597,0,0,0.000,6.599,6.591,0.188,0.157,0.177,26.077,596673
1782481377631,0,0,0.000,6.599,6.607,0.188,0.157,0.161,26.077,596706
1782481377664,0,0,0.000,6.591,6.591,0.188,0.126,0.172,26.077,596739
1782481377698,0,0,0.000,6.599,6.591,0.220,0.157,0.188,26.077,596772
1782481377731,0,0,0.006,6.607,6.607,0.188,0.188,0.199,26.077,596805
1782481377765,0,0,0.006,6.591,6.599,0.188,0.126,0.188,25.990,596838
1782481377801,0,0,0.000,6.607,6.599,0.188,0.157,0.199,26.077,596871
1782481377830,0,0,0.000,6.599,6.591,0.188,0.126,0.188,26.077,596904
1782481377864,0,0,0.000,6.607,6.615,0.188,0.157,0.194,26.077,596937
1782481377902,0,0,0.000,6.591,6.599,0.188,0.157,0.183,26.077,596970
1782481377931,0,0,0.006,6.591,6.599,0.188,0.188,0.188,26.077,597003
1782481377963,0,0,0.000,6.591,6.599,0.188,0.188,0.177,25.990,597036
1782481378009,0,0,0.000,6.599,6.591,0.188,0.157,0.183,26.077,597069
1782481378030,0,0,0.000,6.599,6.599,0.188,0.157,0.161,26.077,597102
1782481378064,0,0,0.000,6.599,6.591,0.157,0.157,0.188,26.077,597135
1782481378096,0,0,0.000,6.591,6.599,0.188,0.157,0.194,26.077,597168
1782481378129,0,0,0.000,6.599,6.599,0.188,0.157,0.156,25.990,597201
1782481378163,0,0,0.000,6.607,6.599,0.188,0.157,0.167,26.077,597234
1782481378196,0,0,0.000,6.599,6.591,0.188,0.157,0.188,26.077,597267
1782481378229,0,0,0.000,6.607,6.599,0.188,0.126,0.172,26.077,597300
1782481378262,0,0,0.000,6.599,6.591,0.157,0.220,0.172,26.077,597333
1782481378301,0,0,0.006,6.599,6.591,0.188,0.126,0.161,26.077,597366
1782481378342,0,0,0.000,6.599,6.599,0.188,0.157,0.167,25.990,597399
1782481378363,0,0,0.000,6.591,6.599,0.188,0.188,0.161,25.990,597432
1782481378396,0,0,0.000,6.599,6.591,0.188,0.157,0.183,26.077,597465
1782481378429,0,0,0.000,6.607,6.591,0.157,0.157,0.188,26.077,597498
1782481378464,0,0,0.000,6.607,6.599,0.188,0.157,0.167,26.077,597531
1782481378496,0,0,0.006,6.599,6.599,0.188,0.157,0.188,26.077,597564
1782481378530,0,0,0.000,6.599,6.599,0.157,0.157,0.172,26.077,597597
1782481378566,0,0,0.000,6.599,6.591,0.188,0.157,0.199,26.077,597630
1782481378595,0,0,0.000,6.599,6.599,0.188,0.157,0.161,26.077,597663
1782481378631,0,0,0.000,6.591,6.599,0.188,0.126,0.177,26.077,597696
1782481378666,0,0,0.000,6.607,6.599,0.126,0.157,0.177,26.077,597729
1782481378695,0,0,0.000,6.591,6.591,0.188,0.157,0.188,26.077,597762
1782481378728,0,0,0.000,6.591,6.582,0.188,0.126,0.188,26.077,597795
1782481378763,0,0,0.000,6.599,6.607,0.188,0.157,0.161,26.077,597828
1782481378794,0,0,0.000,6.607,6.599,0.157,0.188,0.167,25.990,597861
1782481378828,0,0,0.006,6.599,6.599,0.188,0.157,0.188,26.077,597894
1782481378861,0,0,0.000,6.599,6.599,0.188,0.126,0.172,26.077,597927
1782481378894,0,0,0.000,6.599,6.599,0.188,0.188,0.177,26.077,597960
1782481378928,0,0,0.000,6.599,6.599,0.157,0.188,0.194,26.077,597993
1782481378960,0,0,0.000,6.599,6.599,0.188,0.157,0.167,26.077,598026
1782481378994,0,0,0.000,6.607,6.599,0.188,0.126,0.194,26.077,598059
1782481379030,0,0,0.000,6.607,6.599,0.188,0.188,0.177,26.077,598092
1782481379061,0,0,0.000,6.599,6.599,0.188,0.188,0.177,26.077,598125
1782481379093,0,0,0.000,6.607,6.599,0.188,0.157,0.161,26.077,598158
1782481379130,0,0,0.000,6.599,6.599,0.188,0.126,0.188,26.077,598191
1782481379160,0,0,0.000,6.599,6.599,0.157,0.188,0.183,26.077,598224
1782481379194,0,0,0.000,6.599,6.591,0.188,0.188,0.183,25.990,598257
1782481379233,0,0,0.000,6.599,6.599,0.188,0.188,0.177,25.990,598290
1782481379260,0,0,0.006,6.591,6.599,0.188,0.157,0.183,26.077,598323
1782481379293,0,0,0.000,6.607,6.599,0.188,0.126,0.177,26.077,598356
1782481379330,0,0,0.000,6.599,6.599,0.188,0.157,0.188,26.077,598389
1782481379361,0,0,0.000,6.607,6.599,0.188,0.157,0.183,26.077,598422
1782481379393,0,0,0.006,6.607,6.599,0.157,0.157,0.177,26.077,598455
1782481379427,0,0,0.006,6.607,6.607,0.188,0.157,0.188,26.077,598488
1782481379459,0,0,0.000,6.599,6.599,0.157,0.188,0.161,26.077,598521
1782481379493,0,0,0.000,6.607,6.599,0.157,0.157,0.172,26.077,598554
1782481379526,0,0,0.000,6.591,6.591,0.188,0.126,0.188,25.990,598587
1782481379564,0,0,0.000,6.607,6.591,0.157,0.188,0.183,26.077,598620
1782481379593,0,0,0.000,6.599,6.599,0.220,0.157,0.199,26.077,598653
1782481379625,0,0,0.000,6.591,6.607,0.188,0.126,0.194,26.077,598686
1782481379668,0,0,0.000,6.599,6.599,0.188,0.157,0.177,26.077,598719
1782481379694,0,0,0.000,6.599,6.607,0.188,0.220,0.161,26.077,598752
1782481379726,0,0,0.000,6.599,6.599,0.188,0.157,0.172,26.077,598785
1782481379759,0,0,0.000,6.615,6.599,0.188,0.157,0.177,26.077,598818
1782481379801,0,0,0.000,6.599,6.599,0.188,0.157,0.204,26.077,598851
1782481379834,0,0,0.000,6.607,6.599,0.188,0.157,0.194,26.077,598884
1782481379868,-2,2,0.000,6.599,6.599,0.188,0.188,0.199,26.077,598917
1782481379900,-7,7,0.000,6.607,6.599,0.157,0.157,0.161,26.077,598950
1782481379933,-12,12,0.000,6.599,6.599,0.188,0.157,0.183,26.077,598983
1782481379966,-15,15,0.000,6.624,6.607,0.188,0.157,0.199,26.077,599016
1782481380001,-20,20,0.000,6.599,6.599,0.220,0.157,0.172,26.077,599049
1782481380032,-25,25,0.000,6.607,6.599,0.188,0.157,0.151,26.077,599082
1782481380065,-27,27,0.000,6.599,6.607,0.188,0.157,0.188,26.077,599115
1782481380099,-32,32,0.000,6.599,6.599,0.188,0.157,0.188,26.077,599148
1782481380131,-35,35,0.006,6.607,6.607,0.188,0.157,0.145,26.077,599181
1782481380167,-40,40,0.000,6.615,6.599,0.188,0.157,0.156,25.990,599214
1782481380197,-45,45,0.000,6.607,6.599,0.188,0.157,0.129,26.077,599247
1782481380234,-50,50,0.000,6.591,6.599,0.126,0.188,0.134,26.077,599280
1782481380277,-55,55,0.000,6.607,6.599,0.188,0.188,0.134,26.077,599313
1782481380296,-57,57,0.006,6.615,6.599,0.188,0.157,0.140,25.990,599346
1782481380329,-60,60,0.000,6.607,6.607,0.188,0.157,0.118,26.077,599379
1782481380362,-65,65,0.000,6.607,6.599,0.126,0.157,0.134,26.077,599412
1782481380395,-70,70,0.000,6.599,6.607,0.188,0.157,0.129,26.077,599445
1782481380428,-72,72,0.000,6.607,6.599,0.188,0.157,0.129,26.077,599478
1782481380469,-77,77,0.000,6.624,6.607,0.157,0.157,0.129,26.077,599511
1782481380494,-82,82,0.000,6.607,6.607,0.188,0.188,0.129,26.077,599544
1782481380527,-85,85,0.000,6.607,6.607,0.157,0.126,0.129,26.077,599577
1782481380563,-90,90,0.000,6.607,6.607,0.188,0.157,0.129,26.077,599610
1782481380593,-95,95,0.000,6.607,6.591,0.188,0.126,0.145,26.077,599643
1782481380626,-97,97,0.000,6.607,6.607,0.188,0.157,0.129,26.077,599676
1782481380666,-102,102,0.000,6.599,6.599,0.188,0.157,0.124,26.077,599709
1782481380692,-105,105,0.000,6.599,6.591,0.220,0.157,0.140,26.077,599742
1782481380725,-110,110,0.000,6.591,6.591,0.282,0.157,0.140,26.077,599775
1782481380758,-115,115,0.000,6.582,6.582,0.220,0.188,0.129,26.077,599808
1782481380791,-117,117,0.006,6.582,6.574,0.220,0.220,0.140,26.077,599841
1782481380824,-122,122,0.000,6.574,6.574,0.314,0.188,0.129,26.077,599874
1782481380857,-127,127,0.006,6.557,6.557,0.345,0.251,0.118,26.077,599907
1782481380893,-132,132,0.000,6.566,6.549,0.377,0.314,0.129,26.077,599940
1782481380923,-135,135,0.000,6.541,6.533,0.439,0.314,0.134,26.077,599973
1782481380956,-140,140,0.000,6.533,6.524,0.471,0.502,0.124,26.077,600006
1782481380990,-142,142,0.000,6.533,6.508,0.502,0.408,0.129,26.077,600039
1782481381024,-147,147,0.000,6.508,6.508,0.565,0.439,0.129,26.077,600072
1782481381055,-142,142,0.000,6.508,6.499,0.565,0.533,0.129,26.077,600105
1782481381089,-140,140,0.000,6.508,6.499,0.753,0.377,0.134,26.077,600138
1782481381122,-135,135,0.000,6.508,6.508,0.784,0.408,0.113,26.077,600171
1782481381155,-130,130,0.000,6.533,6.533,0.502,0.377,0.124,26.077,600204
1782481381191,-127,127,0.000,6.533,6.524,0.502,0.408,0.124,26.077,600237
1782481381221,-122,122,0.000,6.541,6.541,0.439,0.251,0.161,26.077,600270
1782481381255,-117,117,0.000,6.557,6.541,0.439,0.220,0.134,26.077,600303
1782481381306,-112,112,0.000,6.549,6.541,0.408,0.314,0.129,26.077,600336
1782481381335,-107,107,0.000,6.566,6.557,0.345,0.188,0.145,26.077,600369
1782481381354,-105,105,0.000,6.574,6.557,0.314,0.251,0.129,26.077,600402
1782481381388,-102,102,0.000,6.574,6.566,0.282,0.188,0.129,26.077,600435
1782481381421,-97,97,0.000,6.574,6.566,0.282,0.220,0.151,26.077,600468
1782481381454,-92,92,0.000,6.591,6.582,0.251,0.157,0.129,26.077,600501
1782481381488,-90,90,0.000,6.591,6.591,0.251,0.188,0.129,26.077,600534
1782481381520,-85,85,0.000,6.615,6.599,0.251,0.157,0.129,26.077,600567
1782481381555,-80,80,0.000,6.615,6.591,0.188,0.157,0.151,26.077,600600
1782481381595,-75,75,0.000,6.607,6.591,0.188,0.157,0.140,26.077,600633
1782481381620,-72,72,0.000,6.599,6.599,0.188,0.157,0.194,26.077,600666
1782481381654,-75,75,0.000,6.599,6.599,0.188,0.157,0.194,26.077,600699
1782481381690,-80,80,0.000,6.591,6.599,0.220,0.157,0.183,26.077,600732
1782481381720,-85,85,0.000,6.607,6.591,0.188,0.157,0.177,26.077,600765
1782481381754,-87,87,0.000,6.599,6.599,0.188,0.157,0.199,25.990,600798
1782481381793,-92,92,0.000,6.599,6.599,0.188,0.157,0.194,26.077,600831
1782481381819,-97,97,0.000,6.599,6.591,0.188,0.157,0.177,26.077,600864
1782481381854,-100,100,0.000,6.607,6.591,0.188,0.157,0.194,26.077,600897
1782481381886,-105,105,0.000,6.591,6.582,0.251,0.157,0.177,26.077,600930
1782481381921,-110,110,0.000,6.582,6.574,0.220,0.220,0.161,26.077,600963
1782481381953,-112,112,0.000,6.574,6.574,0.251,0.188,0.194,26.077,600996
1782481381986,-117,117,0.000,6.574,6.557,0.282,0.220,0.167,26.077,601029
1782481382019,-122,122,0.000,6.566,6.566,0.314,0.251,0.172,26.077,601062
1782481382053,-125,125,0.000,6.574,6.549,0.314,0.188,0.194,26.077,601095
1782481382086,-130,130,0.000,6.574,6.557,0.314,0.251,0.167,26.077,601128
1782481382120,-135,135,0.000,6.541,6.524,0.408,0.345,0.188,26.077,601161
1782481382152,-137,137,0.006,6.541,6.524,0.502,0.408,0.161,26.077,601194
1782481382185,-142,142,0.000,6.541,6.533,0.533,0.282,0.188,26.077,601227
1782481382219,-147,147,0.000,6.516,6.508,0.628,0.377,0.188,26.077,601260
1782481382253,-150,150,0.000,6.508,6.499,0.596,0.533,0.167,26.077,601293
1782481382286,-155,155,0.000,6.491,6.483,0.628,0.565,0.183,26.077,601326
1782481382319,-155,155,0.000,6.508,6.499,0.439,0.565,0.199,26.077,601359
1782481382351,-152,152,0.000,6.524,6.499,0.408,0.533,0.204,26.077,601392
1782481382385,-147,147,0.000,6.524,6.499,0.439,0.439,0.194,25.990,601425
1782481382420,-142,142,0.000,6.533,6.524,0.439,0.345,0.188,26.077,601458
1782481382451,-140,140,0.000,6.557,6.541,0.314,0.282,0.167,26.077,601491
1782481382484,-135,135,0.006,6.549,6.541,0.314,0.282,0.199,26.077,601524
1782481382521,-130,130,0.000,6.557,6.541,0.345,0.188,0.199,26.077,601557
1782481382552,-127,127,0.000,6.541,6.541,0.408,0.314,0.204,26.077,601590
1782481382585,-122,122,0.000,6.533,6.524,0.471,0.345,0.172,26.077,601623
1782481382618,-117,117,0.000,6.549,6.541,0.408,0.345,0.177,26.077,601656
1782481382651,-115,115,0.000,6.557,6.533,0.408,0.314,0.220,26.077,601689
1782481382684,-110,110,0.000,6.549,6.549,0.345,0.251,0.194,26.077,601722
1782481382718,-105,105,0.006,6.566,6.557,0.314,0.188,0.188,26.077,601755
1782481382751,-102,102,0.000,6.566,6.557,0.282,0.251,0.156,26.077,601788
1782481382784,-97,97,0.000,6.574,6.557,0.251,0.251,0.188,25.990,601821
1782481382819,-92,92,0.000,6.591,6.574,0.251,0.157,0.188,26.077,601854
1782481382850,-90,90,0.000,6.599,6.591,0.220,0.157,0.172,26.077,601887
1782481382884,-85,85,0.000,6.582,6.574,0.220,0.157,0.183,25.990,601920
1782481382919,-80,80,0.000,6.599,6.591,0.188,0.188,0.183,26.077,601953
1782481382950,-82,82,0.000,6.599,6.591,0.188,0.157,0.161,26.077,601986
1782481382983,-87,87,0.000,6.599,6.591,0.188,0.157,0.177,26.077,602019
1782481383021,-92,92,0.000,6.599,6.599,0.157,0.157,0.188,26.077,602052
1782481383051,-95,95,0.006,6.599,6.591,0.188,0.157,0.177,26.077,602085
1782481383083,-100,100,0.000,6.607,6.591,0.220,0.188,0.183,26.077,602118
1782481383123,-105,105,0.000,6.582,6.566,0.251,0.157,0.188,26.077,602151
1782481383150,-107,107,0.000,6.582,6.582,0.251,0.157,0.204,26.077,602184
1782481383183,-112,112,0.000,6.582,6.582,0.251,0.157,0.183,26.077,602217
1782481383216,-117,117,0.000,6.566,6.566,0.251,0.282,0.183,26.077,602250
1782481383249,-120,120,0.000,6.582,6.566,0.314,0.220,0.161,26.077,602283
1782481383283,-125,125,0.000,6.574,6.566,0.251,0.251,0.194,25.990,602316
1782481383315,-127,127,0.000,6.557,6.549,0.314,0.282,0.177,26.077,602349
1782481383350,-132,132,0.000,6.557,6.549,0.345,0.282,0.177,26.077,602382
1782481383382,-137,137,0.000,6.541,6.541,0.471,0.314,0.194,25.990,602415
1782481383415,-140,140,0.006,6.533,6.524,0.502,0.377,0.194,26.077,602448
1782481383451,-135,135,0.000,6.533,6.524,0.502,0.345,0.172,25.990,602481
1782481383482,-130,130,0.006,6.516,6.516,0.565,0.439,0.177,26.077,602514
1782481383516,-127,127,0.000,6.533,6.508,0.502,0.345,0.188,26.077,602547
1782481383559,-120,120,0.000,6.524,6.524,0.533,0.377,0.194,26.077,602580
1782481383582,-117,117,0.000,6.541,6.533,0.439,0.282,0.156,26.077,602613
1782481383615,-115,115,0.000,6.549,6.541,0.408,0.251,0.172,26.077,602646
1782481383649,-110,110,0.000,6.549,6.541,0.345,0.251,0.188,26.077,602679
1782481383681,-105,105,0.000,6.566,6.557,0.251,0.251,0.172,26.077,602712
1782481383719,-100,100,0.000,6.566,6.557,0.251,0.220,0.188,26.077,602745
1782481383751,-97,97,0.000,6.574,6.566,0.220,0.220,0.188,26.077,602778
1782481383781,-92,92,0.000,6.582,6.582,0.220,0.157,0.172,26.077,602811
1782481383815,-90,90,0.000,6.591,6.574,0.220,0.188,0.161,26.077,602844
1782481383848,-85,85,0.000,6.582,6.574,0.251,0.157,0.177,26.077,602877
1782481383883,-80,80,0.000,6.591,6.591,0.188,0.188,0.188,26.077,602910
1782481383914,-77,77,0.000,6.591,6.591,0.220,0.126,0.194,26.077,602943
1782481383948,-72,72,0.000,6.591,6.591,0.188,0.157,0.194,25.990,602976
1782481383980,-72,72,0.000,6.599,6.591,0.188,0.157,0.172,26.077,603009
1782481384014,-75,75,0.000,6.599,6.591,0.188,0.157,0.188,25.990,603042
1782481384048,-80,80,0.000,6.599,6.591,0.188,0.157,0.172,26.077,603075
1782481384080,-85,85,0.000,6.599,6.591,0.188,0.157,0.161,26.077,603108
1782481384114,-87,87,0.000,6.599,6.591,0.157,0.188,0.194,26.077,603141
1782481384148,-92,92,0.000,6.599,6.591,0.126,0.188,0.194,26.077,603174
1782481384180,-97,97,0.000,6.599,6.591,0.188,0.157,0.194,26.077,603207
1782481384214,-100,100,0.000,6.599,6.591,0.188,0.157,0.172,26.077,603240
1782481384256,-105,105,0.000,6.599,6.591,0.188,0.188,0.183,26.077,603273
1782481384289,-110,110,0.006,6.591,6.582,0.251,0.126,0.188,26.077,603306
1782481384322,-115,115,0.000,6.591,6.574,0.251,0.157,0.167,26.077,603339
1782481384356,-117,117,0.006,6.574,6.557,0.251,0.188,0.194,26.077,603372
1782481384388,-122,122,0.006,6.574,6.574,0.345,0.220,0.194,26.077,603405
1782481384429,-117,117,0.000,6.574,6.566,0.282,0.251,0.188,25.990,603438
1782481384457,-115,115,0.006,6.557,6.549,0.345,0.314,0.161,26.077,603471
1782481384491,-110,110,0.006,6.557,6.557,0.345,0.251,0.161,26.077,603504
1782481384528,-105,105,0.000,6.574,6.557,0.314,0.251,0.124,26.077,603537
1782481384570,-100,100,0.000,6.574,6.566,0.314,0.220,0.118,26.077,603570
1782481384587,-97,97,0.000,6.574,6.566,0.282,0.282,0.129,26.077,603603
1782481384619,-92,92,0.000,6.566,6.557,0.251,0.220,0.183,26.077,603636
1782481384660,-87,87,0.000,6.582,6.582,0.251,0.157,0.151,26.077,603669
1782481384686,-85,85,0.000,6.591,6.582,0.251,0.188,0.118,26.077,603702
1782481384718,-80,80,0.000,6.591,6.599,0.188,0.157,0.151,26.077,603735
1782481384751,-77,77,0.000,6.591,6.591,0.188,0.157,0.151,26.077,603768
1782481384784,-72,72,0.000,6.599,6.591,0.188,0.157,0.118,26.077,603801
1782481384825,-67,67,0.000,6.607,6.599,0.157,0.157,0.118,25.990,603834
1782481384850,-65,65,0.000,6.599,6.599,0.188,0.157,0.167,26.077,603867
1782481384883,-60,60,0.000,6.607,6.599,0.188,0.157,0.113,26.077,603900
1782481384916,-57,57,0.000,6.599,6.599,0.188,0.188,0.129,26.077,603933
1782481384949,-52,52,0.000,6.607,6.599,0.157,0.157,0.161,26.077,603966
1782481384983,-47,47,0.000,6.599,6.599,0.188,0.157,0.124,25.990,603999
1782481385015,-45,45,0.000,6.607,6.607,0.188,0.157,0.118,25.990,604032
1782481385048,-40,40,0.006,6.607,6.599,0.188,0.188,0.124,26.077,604065
1782481385082,-35,35,0.000,6.607,6.599,0.157,0.157,0.124,26.077,604098
1782481385114,-32,32,0.000,6.607,6.599,0.157,0.126,0.124,26.077,604131
1782481385148,-27,27,0.000,6.607,6.599,0.188,0.157,0.129,26.077,604164
1782481385186,-22,22,0.000,6.607,6.599,0.220,0.157,0.124,26.077,604197
1782481385219,-20,20,0.000,6.599,6.599,0.188,0.126,0.145,26.077,604230
1782481385246,-15,15,0.000,6.607,6.607,0.188,0.126,0.156,25.990,604263
1782481385279,-12,12,0.000,6.599,6.591,0.188,0.157,0.129,26.077,604296
1782481385326,-5,5,0.000,6.615,6.615,0.188,0.157,0.124,26.077,604329
1782481385345,-2,2,0.000,6.607,6.599,0.188,0.157,0.129,26.077,604362
1782481385380,0,0,0.000,6.607,6.599,0.188,0.157,0.129,26.077,604395
1782481385417,0,0,0.000,6.615,6.599,0.188,0.157,0.124,26.077,604428
1782481385444,0,0,0.000,6.599,6.607,0.188,0.157,0.124,26.077,604461
1782481385479,0,0,0.000,6.607,6.599,0.188,0.157,0.129,26.077,604494
1782481385510,0,0,0.006,6.607,6.599,0.126,0.157,0.129,26.077,604527
1782481385544,0,0,0.000,6.607,6.607,0.188,0.157,0.129,26.077,604560
1782481385581,0,0,0.006,6.607,6.599,0.188,0.157,0.129,26.077,604593
1782481385610,0,0,0.000,6.599,6.599,0.188,0.157,0.129,26.077,604626
1782481385643,-5,5,0.000,6.599,6.599,0.126,0.188,0.129,26.077,604659
1782481385687,-10,10,0.000,6.599,6.599,0.188,0.157,0.129,26.077,604692
1782481385710,-12,12,0.000,6.607,6.607,0.157,0.188,0.113,26.077,604725
1782481385742,-17,17,0.000,6.607,6.599,0.220,0.157,0.129,26.077,604758
1782481385782,-22,22,0.000,6.607,6.607,0.188,0.157,0.124,26.077,604791
1782481385810,-25,25,0.000,6.607,6.599,0.188,0.157,0.194,26.077,604824
1782481385843,-30,30,0.000,6.607,6.599,0.188,0.157,0.129,26.077,604857
1782481385876,-32,32,0.000,6.607,6.599,0.188,0.157,0.124,26.077,604890
1782481385910,-37,37,0.000,6.607,6.599,0.188,0.126,0.129,26.077,604923
1782481385943,-42,42,0.000,6.615,6.591,0.188,0.157,0.118,25.990,604956
1782481385976,-45,45,0.000,6.607,6.599,0.188,0.157,0.167,25.990,604989
1782481386011,-40,40,0.000,6.599,6.599,0.188,0.157,0.172,26.077,605022
1782481386042,-40,40,0.000,6.607,6.591,0.188,0.157,0.145,26.077,605055
1782481386075,-42,42,0.000,6.607,6.599,0.157,0.157,0.204,26.077,605088
1782481386109,-47,47,0.000,6.607,6.599,0.157,0.126,0.199,26.077,605121
1782481386142,-52,52,0.000,6.607,6.599,0.188,0.157,0.167,26.077,605154
1782481386175,-55,55,0.000,6.599,6.599,0.188,0.188,0.177,26.077,605187
1782481386209,-60,60,0.006,6.599,6.599,0.188,0.157,0.183,25.990,605220
1782481386241,-57,57,0.000,6.615,6.607,0.188,0.157,0.177,25.990,605253
1782481386275,-52,52,0.000,6.607,6.591,0.220,0.157,0.172,26.077,605286
1782481386311,-52,52,0.000,6.599,6.591,0.188,0.157,0.194,25.990,605319
1782481386341,-55,55,0.000,6.599,6.599,0.188,0.157,0.199,26.077,605352
1782481386375,-60,60,0.000,6.607,6.599,0.188,0.157,0.177,26.077,605385
1782481386407,-65,65,0.000,6.599,6.599,0.157,0.188,0.172,26.077,605418
1782481386441,-67,67,0.000,6.591,6.599,0.188,0.188,0.183,26.077,605451
1782481386474,-72,72,0.000,6.599,6.599,0.188,0.157,0.172,26.077,605484
1782481386508,-77,77,0.000,6.591,6.591,0.220,0.157,0.194,26.077,605517
1782481386553,-82,82,0.000,6.607,6.599,0.188,0.126,0.172,26.077,605550
1782481386574,-85,85,0.000,6.615,6.599,0.188,0.157,0.177,26.077,605583
1782481386608,-90,90,0.000,6.599,6.599,0.188,0.157,0.172,26.077,605616
1782481386640,-92,92,0.006,6.607,6.591,0.188,0.157,0.156,26.077,605649
1782481386674,-97,97,0.000,6.607,6.607,0.188,0.157,0.177,26.077,605682
1782481386708,-102,102,0.000,6.599,6.599,0.188,0.157,0.204,26.077,605715
1782481386742,-105,105,0.000,6.591,6.582,0.251,0.188,0.199,26.077,605748
1782481386779,-110,110,0.000,6.591,6.591,0.251,0.188,0.177,26.077,605781
1782481386810,-115,115,0.000,6.574,6.574,0.251,0.251,0.177,26.077,605814
1782481386847,-120,120,0.000,6.582,6.566,0.282,0.251,0.194,25.990,605847
1782481386874,-122,122,0.000,6.574,6.566,0.282,0.220,0.177,26.077,605880
1782481386913,-117,117,0.006,6.566,6.566,0.314,0.220,0.194,26.077,605913
1782481386940,-115,115,0.000,6.557,6.549,0.377,0.251,0.194,26.077,605946
1782481386973,-110,110,0.000,6.557,6.541,0.377,0.282,0.183,26.077,605979
1782481387006,-105,105,0.000,6.566,6.566,0.282,0.251,0.188,26.077,606012
1782481387040,-102,102,0.000,6.566,6.566,0.314,0.220,0.161,26.077,606045
1782481387072,-97,97,0.000,6.574,6.566,0.251,0.282,0.177,26.077,606078
1782481387106,-92,92,0.000,6.599,6.574,0.251,0.220,0.199,25.990,606111
1782481387139,-90,90,0.000,6.591,6.591,0.282,0.157,0.161,26.077,606144
1782481387172,-85,85,0.000,6.591,6.582,0.251,0.157,0.194,25.990,606177
1782481387206,-80,80,0.000,6.607,6.599,0.188,0.157,0.199,26.077,606210
1782481387240,-77,77,0.000,6.607,6.607,0.188,0.157,0.161,26.077,606243
1782481387273,-72,72,0.000,6.591,6.599,0.157,0.157,0.204,26.077,606276
1782481387306,-67,67,0.000,6.599,6.599,0.188,0.157,0.183,26.077,606309
1782481387339,-65,65,0.000,6.607,6.599,0.188,0.157,0.199,26.077,606342
1782481387374,-60,60,0.000,6.599,6.591,0.157,0.157,0.172,26.077,606375
1782481387406,-55,55,0.000,6.615,6.607,0.220,0.188,0.194,26.077,606408
1782481387441,-52,52,0.006,6.607,6.599,0.188,0.157,0.161,26.077,606441
1782481387472,-47,47,0.000,6.607,6.599,0.188,0.157,0.177,26.077,606474
1782481387505,-42,42,0.000,6.607,6.607,0.188,0.126,0.172,26.077,606507
1782481387540,-40,40,0.000,6.607,6.591,0.188,0.157,0.188,25.990,606540
1782481387571,-35,35,0.000,6.607,6.599,0.188,0.157,0.183,26.077,606573
1782481387605,-30,30,0.000,6.607,6.599,0.188,0.188,0.183,26.077,606606
1782481387638,-27,27,0.000,6.599,6.607,0.188,0.157,0.183,26.077,606639
1782481387672,-22,22,0.000,6.607,6.599,0.188,0.157,0.194,26.077,606672
1782481387705,-17,17,0.000,6.607,6.599,0.157,0.188,0.194,26.077,606705
1782481387738,-15,15,0.000,6.591,6.599,0.188,0.157,0.177,26.077,606738
1782481387771,-12,7,0.000,6.599,6.599,0.188,0.157,0.183,26.077,606771
1782481387805,-12,-2,0.006,6.599,6.599,0.188,0.157,0.183,26.077,606804
1782481387847,-12,-12,0.000,6.599,6.615,0.188,0.157,0.183,26.077,606837
1782481387871,-15,-15,0.006,6.599,6.599,0.157,0.126,0.161,26.077,606870
1782481387904,-17,-17,0.000,6.607,6.599,0.188,0.157,0.172,26.077,606903
1782481387938,-22,-22,0.000,6.607,6.599,0.188,0.157,0.199,26.077,606936
1782481387971,-27,-27,0.006,6.607,6.599,0.188,0.188,0.172,26.077,606969
1782481388004,-30,-30,0.000,6.607,6.599,0.157,0.188,0.183,26.077,607002
1782481388040,-35,-35,0.000,6.607,6.599,0.188,0.157,0.188,26.077,607035
1782481388072,-40,-40,0.000,6.599,6.591,0.157,0.157,0.177,26.077,607068
1782481388104,-42,-42,0.000,6.607,6.599,0.126,0.157,0.177,26.077,607101
1782481388141,-47,-47,0.000,6.607,6.599,0.188,0.157,0.188,25.990,607134
1782481388171,-52,-52,0.000,6.607,6.591,0.188,0.157,0.183,26.077,607167
1782481388203,-55,-55,0.000,6.607,6.599,0.188,0.188,0.194,25.990,607200
1782481388243,-60,-60,0.000,6.607,6.599,0.157,0.157,0.183,26.077,607233
1782481388270,-65,-65,0.006,6.591,6.599,0.188,0.126,0.199,26.077,607266
1782481388303,-67,-67,0.000,6.599,6.591,0.188,0.157,0.177,26.077,607299
1782481388336,-62,-62,0.000,6.599,6.599,0.220,0.157,0.199,26.077,607332
1782481388369,-57,-57,0.000,6.607,6.599,0.188,0.157,0.172,26.077,607365
1782481388403,-55,-55,0.000,6.607,6.599,0.188,0.157,0.177,26.077,607398
1782481388440,-50,-50,0.000,6.607,6.607,0.188,0.188,0.183,26.077,607431
1782481388485,-45,-45,0.000,6.607,6.599,0.188,0.157,0.167,26.077,607464
1782481388503,-42,-42,0.000,6.607,6.599,0.188,0.157,0.156,26.077,607497
1782481388536,-37,-37,0.000,6.607,6.599,0.188,0.157,0.188,26.077,607530
1782481388571,-32,-32,0.000,6.599,6.599,0.157,0.157,0.188,26.077,607563
1782481388602,-30,-30,0.000,6.607,6.599,0.157,0.157,0.167,26.077,607596
1782481388635,-25,-25,0.000,6.615,6.599,0.188,0.157,0.183,26.077,607629
1782481388674,-20,-20,0.006,6.599,6.591,0.126,0.157,0.177,26.077,607662
1782481388710,-15,-15,0.000,6.607,6.607,0.188,0.157,0.177,26.077,607695
1782481388744,-12,-12,0.000,6.607,6.607,0.188,0.157,0.172,25.990,607728
1782481388777,-7,-7,0.000,6.607,6.599,0.188,0.157,0.183,26.077,607761
1782481388811,-2,-2,0.000,6.607,6.599,0.188,0.157,0.194,26.077,607794
1782481388843,0,0,0.000,6.607,6.599,0.188,0.188,0.194,25.990,607827
1782481388876,0,0,0.000,6.607,6.599,0.188,0.157,0.188,25.990,607860
1782481388910,0,0,0.000,6.615,6.591,0.188,0.157,0.172,26.077,607893
1782481388942,0,0,0.000,6.599,6.599,0.188,0.157,0.161,25.990,607926
1782481388975,0,0,0.000,6.607,6.599,0.188,0.220,0.177,25.990,607959
1782481389008,0,0,0.000,6.607,6.591,0.188,0.157,0.161,26.077,607992
1782481389041,0,0,0.000,6.607,6.607,0.188,0.126,0.172,26.077,608025
1782481389077,0,0,0.000,6.607,6.607,0.188,0.157,0.124,26.077,608058
1782481389107,0,0,0.000,6.607,6.607,0.157,0.188,0.140,25.990,608091
1782481389140,0,0,0.000,6.607,6.599,0.188,0.157,0.167,26.077,608124
1782481389173,0,0,0.000,6.599,6.607,0.188,0.157,0.124,26.077,608157
1782481389206,0,0,0.000,6.607,6.607,0.157,0.157,0.124,26.077,608190
1782481389239,0,0,0.000,6.607,6.607,0.188,0.157,0.145,26.077,608223
1782481389272,0,0,0.000,6.607,6.607,0.188,0.188,0.129,26.077,608256
1782481389305,0,0,0.006,6.607,6.607,0.188,0.188,0.129,26.077,608289
1782481389338,0,0,0.006,6.607,6.607,0.157,0.188,0.177,25.990,608322
1782481389371,0,0,0.000,6.615,6.607,0.188,0.157,0.129,25.990,608355
1782481389404,0,0,0.006,6.615,6.599,0.188,0.157,0.124,26.077,608388
1782481389437,0,0,0.000,6.607,6.607,0.188,0.188,0.129,25.990,608421
1782481389486,0,0,0.012,6.607,6.607,0.188,0.157,0.124,26.077,608454
1782481389503,0,0,0.000,6.607,6.607,0.188,0.157,0.129,26.077,608487
1782481389536,0,0,0.000,6.615,6.599,0.157,0.157,0.151,26.077,608520
1782481389574,0,0,0.006,6.607,6.607,0.220,0.157,0.129,26.077,608553
1782481389602,0,0,0.006,6.615,6.607,0.188,0.157,0.156,25.990,608586
1782481389635,0,0,0.000,6.607,6.615,0.188,0.188,0.129,26.077,608619
1782481389669,0,0,0.000,6.624,6.607,0.220,0.157,0.124,26.077,608652
1782481389703,0,0,0.000,6.607,6.607,0.188,0.188,0.129,26.077,608685
1782481389734,0,0,0.000,6.615,6.607,0.157,0.188,0.129,26.077,608718
1782481389767,0,0,0.000,6.607,6.591,0.188,0.157,0.129,26.077,608751
1782481389800,0,0,0.000,6.599,6.607,0.188,0.157,0.129,26.077,608784
1782481389833,0,0,0.000,6.624,6.599,0.188,0.157,0.124,26.077,608817
1782481389866,0,0,0.000,6.607,6.615,0.188,0.157,0.124,26.077,608850
1782481389899,0,0,0.000,6.615,6.607,0.188,0.157,0.129,26.077,608883
1782481389933,0,0,0.000,6.615,6.607,0.188,0.157,0.124,26.077,608916
1782481389965,0,0,0.000,6.607,6.607,0.188,0.188,0.124,25.990,608949
1782481389999,0,0,0.006,6.615,6.607,0.188,0.157,0.129,26.077,608982
1782481390031,0,0,0.000,6.615,6.607,0.188,0.188,0.124,26.077,609015
1782481390065,0,0,0.000,6.615,6.599,0.188,0.157,0.124,26.077,609048
1782481390100,0,0,0.000,6.607,6.607,0.157,0.188,0.124,26.077,609081
1782481390133,0,0,0.000,6.607,6.607,0.188,0.126,0.124,26.077,609114
1782481390165,0,0,0.000,6.615,6.607,0.188,0.157,0.134,26.077,609147
1782481390201,0,0,0.000,6.615,6.607,0.126,0.157,0.129,26.077,609180
1782481390232,0,0,0.000,6.615,6.615,0.188,0.157,0.124,26.077,609213
1782481390264,0,0,0.000,6.607,6.607,0.157,0.188,0.129,26.077,609246
1782481390298,0,0,0.000,6.615,6.607,0.126,0.157,0.129,26.077,609279
1782481390331,0,0,0.000,6.599,6.599,0.188,0.157,0.129,25.990,609312
1782481390364,0,0,0.000,6.607,6.615,0.188,0.157,0.124,26.077,609345
1782481390397,0,0,0.000,6.607,6.615,0.188,0.220,0.129,26.077,609378
1782481390431,0,0,0.000,6.607,6.607,0.157,0.157,0.156,26.077,609411
1782481390464,0,0,0.000,6.607,6.607,0.157,0.157,0.140,26.077,609444
1782481390498,0,0,0.000,6.607,6.607,0.188,0.157,0.194,25.990,609477
1782481390531,0,0,0.000,6.607,6.607,0.188,0.157,0.194,26.077,609510
1782481390563,0,0,0.000,6.607,6.607,0.188,0.157,0.177,26.077,609543
1782481390599,-2,2,0.000,6.624,6.599,0.188,0.157,0.177,25.990,609576
1782481390630,-7,7,0.000,6.599,6.591,0.188,0.188,0.183,26.077,609609
1782481390664,-10,10,0.000,6.607,6.607,0.188,0.157,0.183,26.077,609642
1782481390704,-15,15,0.000,6.607,6.599,0.157,0.157,0.188,25.990,609675
1782481390732,-20,20,0.000,6.615,6.599,0.188,0.157,0.188,26.077,609708
1782481390763,-22,22,0.000,6.607,6.599,0.188,0.126,0.194,26.077,609741
1782481390803,-27,27,0.000,6.599,6.599,0.157,0.157,0.183,26.077,609774
1782481390829,-32,32,0.000,6.607,6.599,0.157,0.157,0.188,25.990,609807
1782481390862,-35,35,0.000,6.615,6.607,0.188,0.157,0.194,26.077,609840
1782481390896,-40,40,0.000,6.607,6.607,0.188,0.157,0.188,26.077,609873
1782481390932,-45,45,0.006,6.615,6.599,0.188,0.157,0.151,26.077,609906
1782481390963,-47,47,0.000,6.599,6.599,0.188,0.157,0.172,26.077,609939
1782481390996,-52,52,0.000,6.607,6.599,0.220,0.157,0.167,26.077,609972
1782481391029,-57,57,0.000,6.607,6.607,0.188,0.157,0.183,25.990,610005
1782481391071,-62,62,0.000,6.607,6.599,0.188,0.188,0.161,26.077,610038
1782481391111,-67,67,0.000,6.607,6.607,0.188,0.188,0.172,25.990,610071
1782481391129,-67,67,0.000,6.607,6.607,0.188,0.157,0.156,26.077,610104
1782481391163,-72,72,0.000,6.607,6.607,0.188,0.188,0.177,26.077,610137
1782481391196,-77,77,0.000,6.607,6.607,0.157,0.157,0.199,26.077,610170
1782481391229,-80,80,0.000,6.607,6.607,0.188,0.188,0.183,25.990,610203
1782481391263,-85,85,0.000,6.607,6.591,0.157,0.126,0.183,26.077,610236
1782481391295,-90,90,0.000,6.607,6.599,0.188,0.157,0.183,26.077,610269
1782481391329,-92,92,0.000,6.607,6.607,0.188,0.157,0.199,26.077,610302
1782481391361,-97,97,0.000,6.599,6.591,0.220,0.157,0.172,26.077,610335
1782481391407,-102,102,0.006,6.615,6.607,0.157,0.126,0.177,25.990,610368
1782481391440,-107,107,0.000,6.591,6.591,0.220,0.188,0.161,26.077,610401
1782481391461,-110,110,0.000,6.591,6.582,0.251,0.157,0.161,26.077,610434
1782481391495,-115,115,0.000,6.591,6.591,0.251,0.188,0.156,26.077,610467
1782481391527,-117,117,0.000,6.582,6.574,0.251,0.220,0.172,26.077,610500
1782481391562,-122,122,0.000,6.574,6.566,0.314,0.220,0.183,25.990,610533
1782481391595,-127,127,0.000,6.574,6.557,0.345,0.220,0.183,26.077,610566
1782481391628,-130,130,0.000,6.557,6.557,0.314,0.314,0.177,26.077,610599
1782481391661,-130,130,0.000,6.566,6.557,0.345,0.251,0.204,26.077,610632
1782481391699,-125,125,0.000,6.549,6.533,0.502,0.314,0.194,26.077,610665
1782481391732,-120,120,0.000,6.541,6.524,0.502,0.377,0.172,26.077,610698
1782481391763,-117,117,0.000,6.541,6.541,0.439,0.345,0.167,26.077,610731
1782481391794,-112,112,0.000,6.557,6.557,0.345,0.282,0.177,26.077,610764
1782481391828,-110,110,0.000,6.566,6.557,0.377,0.251,0.194,26.077,610797
1782481391861,-105,105,0.000,6.566,6.557,0.314,0.251,0.194,26.077,610830
1782481391894,-100,100,0.000,6.574,6.566,0.251,0.220,0.183,26.077,610863
1782481391936,-95,95,0.000,6.574,6.566,0.251,0.251,0.188,26.077,610896
1782481391961,-92,92,0.000,6.591,6.574,0.251,0.157,0.156,26.077,610929
1782481391994,-87,87,0.000,6.591,6.591,0.251,0.126,0.199,26.077,610962
1782481392027,-85,85,0.000,6.591,6.582,0.282,0.157,0.183,26.077,610995
1782481392060,-80,80,0.006,6.607,6.599,0.188,0.126,0.161,25.990,611028
1782481392094,-75,75,0.000,6.607,6.599,0.188,0.157,0.188,25.990,611061
1782481392126,-72,72,0.000,6.607,6.607,0.157,0.157,0.199,25.990,611094
1782481392161,-72,72,0.000,6.607,6.599,0.188,0.157,0.226,26.077,611127
1782481392193,-77,77,0.006,6.607,6.599,0.188,0.126,0.172,26.077,611160
1782481392226,-80,80,0.000,6.607,6.607,0.188,0.157,0.199,26.077,611193
1782481392259,-85,85,0.000,6.624,6.607,0.188,0.157,0.172,26.077,611226
1782481392294,-90,90,0.000,6.615,6.599,0.188,0.157,0.188,25.990,611259
1782481392326,-92,92,0.000,6.607,6.599,0.188,0.188,0.194,25.990,611292
1782481392360,-97,97,0.006,6.607,6.607,0.188,0.157,0.167,26.077,611325
1782481392393,-102,102,0.000,6.615,6.607,0.188,0.157,0.172,26.077,611358
1782481392425,-105,105,0.000,6.591,6.591,0.251,0.157,0.194,26.077,611391
1782481392459,-110,110,0.000,6.591,6.591,0.220,0.157,0.172,25.990,611424
1782481392494,-115,115,0.000,6.591,6.591,0.251,0.188,0.177,26.077,611457
1782481392525,-117,117,0.006,6.582,6.566,0.282,0.251,0.199,26.077,611490
1782481392559,-122,122,0.000,6.574,6.574,0.314,0.188,0.172,25.990,611523
1782481392591,-127,127,0.006,6.574,6.574,0.282,0.251,0.199,26.077,611556
1782481392625,-130,130,0.000,6.566,6.557,0.377,0.251,0.172,26.077,611589
1782481392660,-125,125,0.000,6.549,6.541,0.377,0.345,0.183,25.990,611622
1782481392692,-120,120,0.000,6.557,6.541,0.439,0.282,0.161,26.077,611655
1782481392725,-117,117,0.000,6.549,6.541,0.439,0.282,0.177,26.077,611688
1782481392762,-112,112,0.000,6.557,6.541,0.439,0.251,0.177,25.990,611721
1782481392792,-107,107,0.000,6.574,6.557,0.345,0.251,0.172,26.077,611754
1782481392824,-105,105,0.000,6.574,6.557,0.314,0.220,0.172,26.077,611787
1782481392858,-100,100,0.000,6.574,6.574,0.282,0.220,0.194,26.077,611820
1782481392891,-97,97,0.000,6.574,6.574,0.251,0.251,0.194,26.077,611853
1782481392924,-92,92,0.000,6.574,6.574,0.251,0.188,0.183,25.990,611886
1782481392957,-87,87,0.000,6.591,6.599,0.220,0.157,0.188,26.077,611919
1782481392991,-85,85,0.006,6.599,6.591,0.157,0.157,0.161,26.077,611952
1782481393024,-80,80,0.000,6.599,6.599,0.188,0.157,0.161,26.077,611985
1782481393070,-75,75,0.000,6.607,6.599,0.220,0.157,0.161,26.077,612018
1782481393100,-70,70,0.000,6.607,6.599,0.126,0.157,0.151,26.077,612051
1782481393123,-67,67,0.000,6.607,6.599,0.188,0.157,0.156,26.077,612084
1782481393166,-62,62,0.006,6.607,6.599,0.188,0.157,0.172,26.077,612117
1782481393199,-57,57,0.000,6.607,6.599,0.157,0.157,0.188,26.077,612150
1782481393232,-55,55,0.000,6.615,6.607,0.188,0.157,0.177,26.077,612183
1782481393265,-50,50,0.000,6.599,6.607,0.188,0.126,0.177,26.077,612216
1782481393298,-45,45,0.000,6.599,6.599,0.157,0.157,0.161,26.077,612249
1782481393331,-42,42,0.000,6.607,6.599,0.126,0.126,0.188,26.077,612282
1782481393364,-37,37,0.000,6.607,6.591,0.188,0.157,0.161,26.077,612315
1782481393397,-32,32,0.006,6.599,6.599,0.188,0.126,0.194,26.077,612348
1782481393430,-30,30,0.000,6.607,6.599,0.188,0.157,0.172,26.077,612381
1782481393466,-25,25,0.000,6.607,6.607,0.188,0.157,0.140,25.990,612414
1782481393496,-20,20,0.000,6.607,6.607,0.220,0.157,0.129,26.077,612447
1782481393529,-17,17,0.000,6.607,6.607,0.188,0.157,0.140,26.077,612480
1782481393568,-12,12,0.000,6.607,6.607,0.188,0.157,0.145,26.077,612513
1782481393609,-7,7,0.000,6.607,6.599,0.188,0.188,0.145,26.077,612546
1782481393628,-5,5,0.000,6.607,6.607,0.188,0.188,0.129,26.077,612579
1782481393661,0,0,0.000,6.607,6.599,0.188,0.157,0.129,26.077,612612
1782481393694,0,0,0.000,6.607,6.607,0.157,0.157,0.129,26.077,612645
1782481393727,0,0,0.000,6.615,6.607,0.188,0.157,0.134,25.990,612678
1782481393760,0,0,0.000,6.599,6.607,0.157,0.157,0.129,26.077,612711
1782481393794,0,0,0.006,6.615,6.607,0.188,0.188,0.129,25.990,612744
1782481393826,0,0,0.000,6.615,6.607,0.188,0.188,0.124,26.077,612777
1782481393859,0,0,0.006,6.624,6.599,0.188,0.157,0.129,26.077,612810
1782481393892,0,0,0.000,6.607,6.607,0.188,0.157,0.118,25.990,612843
1782481393927,0,0,0.000,6.607,6.615,0.188,0.157,0.124,26.077,612876
1782481393958,0,0,0.006,6.607,6.607,0.188,0.157,0.124,26.077,612909
1782481393992,0,0,0.000,6.607,6.607,0.188,0.157,0.124,26.077,612942
1782481394024,0,0,0.000,6.607,6.607,0.220,0.157,0.161,26.077,612975
1782481394057,0,0,0.000,6.599,6.607,0.157,0.157,0.118,25.990,613008
1782481394093,0,0,0.006,6.615,6.607,0.220,0.126,0.129,26.077,613041
1782481394123,-2,2,0.000,6.615,6.615,0.188,0.157,0.129,26.077,613074
1782481394156,-7,7,0.000,6.607,6.607,0.188,0.157,0.129,25.990,613107
1782481394189,-10,10,0.000,6.607,6.615,0.188,0.157,0.129,26.077,613140
1782481394222,-15,15,0.000,6.607,6.607,0.188,0.157,0.124,26.077,613173
1782481394255,-20,20,0.006,6.607,6.607,0.188,0.157,0.129,26.077,613206
1782481394288,-22,22,0.000,6.599,6.607,0.188,0.157,0.129,25.990,613239
1782481394321,-27,27,0.000,6.615,6.607,0.188,0.157,0.124,26.077,613272
1782481394354,-30,30,0.000,6.607,6.599,0.188,0.157,0.129,26.077,613305
1782481394388,-35,35,0.006,6.615,6.607,0.188,0.157,0.124,26.077,613338
1782481394421,-40,40,0.006,6.607,6.607,0.188,0.188,0.129,26.077,613371
1782481394454,-42,42,0.000,6.607,6.607,0.188,0.157,0.129,25.990,613404
1782481394489,-47,47,0.006,6.607,6.607,0.220,0.157,0.129,26.077,613437
1782481394520,-52,52,0.000,6.624,6.607,0.188,0.157,0.134,26.077,613470
1782481394553,-55,55,0.000,6.607,6.607,0.188,0.157,0.129,26.077,613503
1782481394587,-60,60,0.000,6.615,6.607,0.188,0.157,0.129,25.990,613536
1782481394620,-65,65,0.000,6.615,6.615,0.188,0.126,0.118,26.077,613569
1782481394653,-67,67,0.000,6.615,6.607,0.188,0.157,0.124,26.077,613602
1782481394694,-72,72,0.000,6.607,6.607,0.157,0.157,0.113,26.077,613635
1782481394720,-77,77,0.000,6.615,6.607,0.188,0.157,0.129,26.077,613668
1782481394753,-80,80,0.000,6.615,6.615,0.188,0.157,0.129,25.990,613701
1782481394786,-85,85,0.000,6.599,6.599,0.188,0.188,0.134,26.077,613734
1782481394820,-90,90,0.000,6.607,6.607,0.157,0.188,0.151,26.077,613767
1782481394852,-92,92,0.000,6.607,6.615,0.188,0.157,0.140,25.990,613800
1782481394886,-97,97,0.000,6.607,6.599,0.157,0.188,0.172,25.990,613833
1782481394921,-102,102,0.000,6.615,6.607,0.188,0.157,0.172,26.077,613866
1782481394956,-105,105,0.000,6.607,6.582,0.220,0.188,0.177,25.990,613899
1782481395001,-112,112,0.000,6.599,6.591,0.251,0.157,0.172,26.077,613932
1782481395019,-115,115,0.000,6.582,6.582,0.251,0.220,0.156,26.077,613965
1782481395053,-117,117,0.006,6.582,6.574,0.314,0.251,0.177,26.077,613998
1782481395085,-122,122,0.000,6.591,6.582,0.251,0.220,0.188,26.077,614031
1782481395119,-120,120,0.000,6.574,6.566,0.314,0.220,0.188,26.077,614064
1782481395152,-115,115,0.006,6.566,6.557,0.345,0.314,0.172,26.077,614097
1782481395186,-110,110,0.006,6.557,6.541,0.377,0.220,0.172,25.990,614130
1782481395220,-105,105,0.000,6.574,6.574,0.282,0.251,0.156,26.077,614163
1782481395252,-102,102,0.006,6.582,6.574,0.251,0.188,0.177,26.077,614196
1782481395285,-97,97,0.000,6.574,6.574,0.220,0.220,0.199,26.077,614229
1782481395321,-92,92,0.000,6.591,6.582,0.251,0.220,0.194,26.077,614262
1782481395352,-90,90,0.000,6.599,6.591,0.251,0.188,0.183,26.077,614295
1782481395384,-85,85,0.000,6.591,6.591,0.251,0.157,0.194,26.077,614328
1782481395418,-82,82,0.000,6.599,6.607,0.188,0.157,0.183,26.077,614361
1782481395451,-87,87,0.000,6.607,6.599,0.188,0.157,0.194,25.990,614394
1782481395485,-92,92,0.000,6.615,6.607,0.157,0.157,0.183,26.077,614427
1782481395518,-95,95,0.006,6.607,6.607,0.188,0.157,0.194,25.990,614460
1782481395551,-100,100,0.006,6.607,6.607,0.188,0.157,0.156,26.077,614493
1782481395584,-105,105,0.006,6.599,6.582,0.251,0.126,0.210,26.077,614526
1782481395618,-107,107,0.000,6.599,6.591,0.251,0.157,0.172,26.077,614559
1782481395651,-112,112,0.000,6.582,6.599,0.251,0.157,0.177,25.990,614592
1782481395684,-117,117,0.000,6.582,6.566,0.251,0.251,0.194,26.077,614625
1782481395720,-122,122,0.000,6.574,6.566,0.314,0.282,0.199,26.077,614658
1782481395751,-125,125,0.000,6.566,6.557,0.345,0.251,0.188,26.077,614691
1782481395784,-130,130,0.006,6.557,6.549,0.314,0.282,0.188,26.077,614724
1782481395821,-135,135,0.000,6.557,6.541,0.377,0.282,0.183,25.990,614757
1782481395851,-137,137,0.000,6.557,6.541,0.471,0.282,0.188,26.077,614790
1782481395884,-137,137,0.006,6.549,6.541,0.439,0.282,0.177,25.990,614823
1782481395923,-132,132,0.000,6.524,6.524,0.565,0.471,0.183,26.077,614856
1782481395951,-130,130,0.000,6.541,6.524,0.502,0.345,0.183,26.077,614889
1782481395983,-125,125,0.000,6.541,6.533,0.471,0.314,0.194,25.990,614922
1782481396017,-122,122,0.000,6.533,6.524,0.502,0.345,0.183,26.077,614955
1782481396055,-117,117,0.000,6.541,6.533,0.502,0.314,0.161,26.077,614988
1782481396083,-112,112,0.000,6.557,6.557,0.345,0.282,0.188,26.077,615021
1782481396116,-110,110,0.000,6.582,6.566,0.345,0.188,0.177,26.077,615054
1782481396150,-105,105,0.000,6.574,6.566,0.282,0.157,0.156,26.077,615087
1782481396183,-100,100,0.006,6.574,6.574,0.251,0.220,0.194,26.077,615120
1782481396216,-97,97,0.000,6.574,6.574,0.251,0.220,0.188,26.077,615153
1782481396251,-92,92,0.000,6.591,6.582,0.220,0.157,0.167,26.077,615186
1782481396282,-87,87,0.000,6.599,6.582,0.220,0.157,0.194,26.077,615219
1782481396325,-82,82,0.000,6.591,6.582,0.251,0.157,0.183,26.077,615252
1782481396372,-77,77,0.000,6.607,6.599,0.188,0.157,0.172,25.990,615285
1782481396383,-75,75,0.000,6.607,6.599,0.188,0.157,0.161,26.077,615318
1782481396416,-72,72,0.000,6.607,6.599,0.188,0.157,0.199,26.077,615351
1782481396450,-67,67,0.000,6.607,6.591,0.188,0.157,0.194,25.990,615384
1782481396482,-62,62,0.000,6.607,6.607,0.157,0.157,0.194,26.077,615417
1782481396515,-60,60,0.000,6.615,6.599,0.188,0.157,0.177,26.077,615450
1782481396552,-55,55,0.000,6.599,6.599,0.188,0.126,0.183,26.077,615483
1782481396582,-50,50,0.000,6.607,6.607,0.188,0.157,0.177,25.990,615516
1782481396615,-47,47,0.006,6.607,6.599,0.188,0.157,0.188,26.077,615549
1782481396654,-42,42,0.000,6.599,6.599,0.126,0.188,0.167,26.077,615582
1782481396689,-37,37,0.000,6.599,6.591,0.188,0.157,0.194,26.077,615615
1782481396715,-35,35,0.000,6.607,6.591,0.188,0.126,0.188,26.077,615648
1782481396749,-30,30,0.000,6.591,6.599,0.188,0.157,0.194,26.077,615681
1782481396781,-25,25,0.000,6.607,6.599,0.157,0.157,0.172,26.077,615714
1782481396814,-22,22,0.000,6.607,6.607,0.157,0.126,0.177,26.077,615747
1782481396851,-17,17,0.006,6.607,6.599,0.126,0.126,0.172,26.077,615780
1782481396881,-15,15,0.000,6.599,6.599,0.188,0.157,0.167,26.077,615813
1782481396915,-10,10,0.000,6.607,6.607,0.188,0.157,0.194,26.077,615846
1782481396950,-5,5,0.006,6.615,6.599,0.188,0.157,0.194,25.990,615879
1782481396981,-2,2,0.000,6.607,6.599,0.188,0.157,0.199,26.077,615912
1782481397014,0,0,0.000,6.607,6.599,0.188,0.157,0.194,26.077,615945
1782481397051,0,0,0.000,6.607,6.599,0.157,0.188,0.188,26.077,615978
1782481397080,0,0,0.006,6.607,6.599,0.188,0.188,0.194,26.077,616011
1782481397114,0,0,0.000,6.607,6.599,0.188,0.157,0.188,26.077,616044
1782481397152,0,0,0.000,6.599,6.599,0.157,0.188,0.183,26.077,616077
1782481397181,0,0,0.000,6.615,6.591,0.188,0.157,0.194,26.077,616110
1782481397214,0,0,0.000,6.607,6.599,0.188,0.157,0.194,25.990,616143
1782481397254,0,0,0.000,6.607,6.599,0.188,0.157,0.167,26.077,616176
1782481397281,0,0,0.000,6.615,6.599,0.188,0.157,0.210,26.077,616209
1782481397314,0,0,0.000,6.599,6.599,0.188,0.126,0.194,26.077,616242
1782481397346,0,0,0.000,6.607,6.599,0.188,0.157,0.188,25.990,616275
1782481397381,0,0,0.000,6.607,6.599,0.188,0.126,0.161,25.990,616308
1782481397413,0,0,0.000,6.607,6.615,0.157,0.157,0.183,26.077,616341
1782481397461,0,0,0.000,6.607,6.599,0.188,0.188,0.188,25.990,616374
1782481397489,0,0,0.000,6.615,6.607,0.188,0.157,0.161,26.077,616407
1782481397522,0,0,0.000,6.607,6.599,0.157,0.188,0.183,26.077,616440
1782481397561,0,0,0.000,6.607,6.599,0.220,0.157,0.194,26.077,616473
1782481397588,0,0,0.000,6.607,6.607,0.188,0.157,0.167,26.077,616506
1782481397621,0,0,0.000,6.607,6.607,0.188,0.157,0.167,26.077,616539
1782481397665,0,0,0.006,6.607,6.599,0.188,0.157,0.210,26.077,616572
1782481397688,0,0,0.000,6.624,6.599,0.188,0.220,0.118,26.077,616605
1782481397720,0,0,0.000,6.607,6.599,0.188,0.157,0.183,26.077,616638
1782481397753,0,0,0.000,6.607,6.607,0.188,0.188,0.167,26.077,616671
1782481397787,0,0,0.000,6.607,6.607,0.188,0.157,0.167,26.077,616704
1782481397819,0,0,0.000,6.607,6.599,0.188,0.188,0.140,25.990,616737
1782481397852,0,0,0.000,6.607,6.607,0.188,0.188,0.161,26.077,616770
1782481397885,0,0,0.000,6.615,6.607,0.157,0.126,0.124,25.990,616803
1782481397918,0,0,0.000,6.607,6.607,0.188,0.157,0.113,25.990,616836
1782481397951,0,0,0.000,6.615,6.615,0.188,0.157,0.113,26.077,616869
1782481397992,0,0,0.000,6.607,6.607,0.188,0.157,0.129,25.990,616902
1782481398018,0,0,0.000,6.615,6.607,0.157,0.126,0.129,26.077,616935
1782481398050,0,0,0.000,6.607,6.607,0.188,0.188,0.156,26.077,616968
1782481398083,0,0,0.000,6.615,6.607,0.188,0.157,0.124,25.990,617001
1782481398116,0,0,0.000,6.615,6.607,0.188,0.157,0.134,26.077,617034
1782481398149,0,0,0.000,6.615,6.607,0.188,0.157,0.129,26.077,617067
1782481398182,0,0,0.000,6.607,6.615,0.188,0.126,0.124,25.990,617100
1782481398215,0,0,0.000,6.624,6.607,0.157,0.157,0.129,26.077,617133
1782481398248,0,0,0.000,6.607,6.607,0.188,0.157,0.129,26.077,617166
1782481398292,0,0,0.000,6.607,6.607,0.188,0.157,0.118,26.077,617199
1782481398314,0,0,0.000,6.607,6.607,0.188,0.188,0.129,26.077,617232
1782481398347,0,0,0.000,6.607,6.607,0.188,0.157,0.129,25.990,617265
1782481398381,0,0,0.000,6.607,6.607,0.188,0.157,0.156,26.077,617298
1782481398413,0,0,0.000,6.615,6.599,0.188,0.188,0.124,26.077,617331
1782481398446,0,0,0.000,6.615,6.607,0.157,0.157,0.124,26.077,617364
1782481398485,0,0,0.000,6.607,6.607,0.220,0.126,0.151,26.077,617397
1782481398512,0,0,0.006,6.624,6.607,0.188,0.126,0.151,25.990,617430
1782481398545,0,0,0.000,6.615,6.607,0.188,0.157,0.129,25.990,617463
1782481398578,0,0,0.000,6.607,6.607,0.188,0.157,0.161,26.077,617496
1782481398612,0,0,0.000,6.615,6.599,0.157,0.251,0.129,26.077,617529
1782481398644,0,0,0.000,6.615,6.607,0.188,0.188,0.129,26.077,617562
1782481398677,0,0,0.000,6.615,6.607,0.157,0.157,0.145,26.077,617595
1782481398710,0,0,0.000,6.615,6.615,0.188,0.157,0.129,25.990,617628
1782481398743,0,0,0.000,6.615,6.607,0.188,0.126,0.129,26.077,617661
1782481398776,0,0,0.000,6.624,6.624,0.188,0.157,0.129,25.990,617694
1782481398812,0,0,0.000,6.607,6.607,0.188,0.157,0.129,26.077,617727
1782481398843,0,0,0.000,6.615,6.607,0.188,0.126,0.129,26.077,617760
1782481398877,0,0,0.000,6.615,6.607,0.188,0.157,0.124,26.077,617793
1782481398914,0,0,0.006,6.607,6.607,0.220,0.126,0.134,25.990,617826
1782481398943,0,0,0.000,6.615,6.607,0.188,0.126,0.129,26.077,617859
1782481398976,0,0,0.000,6.632,6.607,0.188,0.126,0.118,25.990,617892
1782481399010,0,0,0.000,6.615,6.607,0.188,0.188,0.134,26.077,617925
1782481399043,0,0,0.000,6.615,6.607,0.188,0.157,0.129,26.077,617958
1782481399075,0,0,0.000,6.624,6.607,0.188,0.157,0.134,25.990,617991
1782481399111,0,0,0.000,6.607,6.607,0.188,0.157,0.129,25.990,618024
1782481399142,0,0,0.000,6.615,6.607,0.188,0.126,0.129,26.077,618057
1782481399175,0,0,0.000,6.615,6.607,0.188,0.157,0.151,26.077,618090
1782481399209,0,0,0.000,6.615,6.607,0.157,0.157,0.145,26.077,618123
1782481399247,0,0,0.000,6.607,6.624,0.188,0.188,0.183,26.077,618156
1782481399275,0,0,0.000,6.615,6.607,0.188,0.157,0.183,26.077,618189
1782481399316,0,0,0.000,6.607,6.607,0.188,0.157,0.177,26.077,618222
1782481399342,0,0,0.000,6.624,6.591,0.188,0.126,0.194,26.077,618255
1782481399375,0,0,0.000,6.607,6.607,0.188,0.126,0.177,25.990,618288
1782481399409,0,0,0.000,6.607,6.607,0.188,0.157,0.204,25.990,618321
1782481399441,0,0,0.000,6.607,6.607,0.157,0.188,0.161,26.077,618354
1782481399475,0,0,0.000,6.615,6.624,0.188,0.126,0.167,26.077,618387
1782481399508,0,0,0.000,6.615,6.599,0.188,0.157,0.204,26.077,618420
1782481399542,0,0,0.000,6.607,6.607,0.157,0.157,0.183,26.077,618453
1782481399584,0,0,0.000,6.624,6.607,0.188,0.157,0.156,26.077,618486
1782481399608,0,0,0.000,6.607,6.607,0.188,0.157,0.156,25.990,618519
1782481399641,0,0,0.000,6.607,6.599,0.220,0.157,0.199,25.990,618552
1782481399674,0,0,0.000,6.607,6.607,0.188,0.126,0.167,26.077,618585
1782481399713,0,0,0.000,6.607,6.599,0.188,0.157,0.177,25.990,618618
1782481399741,0,0,0.000,6.607,6.599,0.188,0.157,0.199,26.077,618651
1782481399775,0,0,0.000,6.607,6.607,0.188,0.157,0.183,26.077,618684
1782481399814,0,0,0.000,6.607,6.607,0.188,0.157,0.194,26.077,618717
1782481399841,0,0,0.000,6.607,6.607,0.188,0.188,0.188,26.077,618750
1782481399874,0,0,0.000,6.599,6.599,0.188,0.157,0.183,26.077,618783
1782481399907,0,0,0.000,6.607,6.599,0.188,0.188,0.172,26.077,618816
1782481399955,0,0,0.000,6.607,6.615,0.188,0.157,0.161,25.990,618849
1782481399974,0,0,0.000,6.607,6.607,0.188,0.157,0.161,25.990,618882
1782481400007,0,0,0.000,6.607,6.607,0.188,0.188,0.172,25.990,618915
1782481400041,0,0,0.000,6.607,6.607,0.188,0.188,0.177,26.077,618948
1782481400077,0,0,0.000,6.607,6.599,0.188,0.157,0.177,26.077,618981
1782481400107,0,0,0.006,6.607,6.599,0.188,0.157,0.172,26.077,619014
1782481400141,0,0,0.006,6.607,6.607,0.188,0.157,0.183,25.990,619047
1782481400174,0,0,0.000,6.615,6.599,0.188,0.157,0.177,26.077,619080
1782481400206,0,0,0.006,6.599,6.599,0.188,0.126,0.188,25.990,619113
1782481400240,0,0,0.000,6.607,6.607,0.188,0.157,0.194,25.990,619146
1782481400272,0,0,0.000,6.607,6.607,0.188,0.157,0.194,26.077,619179
1782481400307,0,0,0.000,6.607,6.607,0.188,0.157,0.188,26.077,619212
1782481400340,0,0,0.000,6.607,6.615,0.188,0.157,0.204,25.990,619245
1782481400373,0,0,0.000,6.607,6.599,0.157,0.188,0.199,26.077,619278
1782481400406,0,0,0.000,6.607,6.599,0.157,0.157,0.177,25.990,619311
1782481400443,0,0,0.000,6.615,6.591,0.188,0.157,0.210,26.077,619344
1782481400473,0,0,0.000,6.615,6.599,0.220,0.188,0.194,26.077,619377
1782481400507,0,0,0.000,6.615,6.607,0.188,0.157,0.183,26.077,619410
1782481400539,0,0,0.000,6.607,6.599,0.188,0.157,0.177,26.077,619443
1782481400572,0,0,0.006,6.624,6.607,0.126,0.157,0.188,25.990,619476
1782481400605,0,0,0.000,6.615,6.607,0.188,0.157,0.204,26.077,619509
1782481400639,0,0,0.000,6.607,6.599,0.157,0.157,0.188,26.077,619542
1782481400672,0,0,0.000,6.615,6.591,0.188,0.157,0.172,26.077,619575
1782481400705,0,0,0.000,6.607,6.599,0.188,0.157,0.199,26.077,619608
1782481400738,0,0,0.000,6.599,6.607,0.188,0.157,0.183,26.077,619641
1782481400772,0,0,0.000,6.615,6.615,0.188,0.157,0.161,26.077,619674
1782481400805,0,0,0.000,6.607,6.607,0.220,0.157,0.172,26.077,619707
1782481400840,0,0,0.000,6.607,6.599,0.188,0.157,0.188,26.077,619740
1782481400871,0,0,0.000,6.615,6.599,0.188,0.157,0.188,26.077,619773
1782481400905,0,0,0.000,6.607,6.599,0.188,0.157,0.183,25.990,619806
1782481400943,0,0,0.000,6.607,6.591,0.188,0.157,0.188,26.077,619839
1782481400971,0,0,0.000,6.607,6.607,0.188,0.157,0.183,25.990,619872
1782481401004,0,0,0.000,6.615,6.607,0.188,0.220,0.194,26.077,619905
1782481401043,0,0,0.000,6.607,6.607,0.188,0.157,0.188,26.077,619938
1782481401072,0,0,0.000,6.607,6.607,0.188,0.157,0.199,26.077,619971
1782481401105,0,0,0.000,6.599,6.599,0.188,0.188,0.188,25.990,620004
1782481401142,0,0,0.000,6.607,6.624,0.188,0.157,0.188,26.077,620037
1782481401171,0,0,0.000,6.607,6.607,0.188,0.157,0.172,26.077,620070
1782481401204,0,0,0.000,6.607,6.607,0.188,0.126,0.194,26.077,620103
1782481401252,0,0,0.000,6.607,6.607,0.188,0.126,0.199,26.077,620136
1782481401271,0,0,0.000,6.615,6.607,0.188,0.188,0.161,26.077,620169
1782481401304,0,0,0.006,6.615,6.607,0.188,0.188,0.199,26.077,620202
1782481401337,0,0,0.000,6.607,6.607,0.188,0.157,0.177,26.077,620235
1782481401372,0,0,0.000,6.615,6.607,0.188,0.126,0.156,25.990,620268
1782481401403,0,0,0.000,6.607,6.599,0.188,0.126,0.183,26.077,620301
1782481401437,0,0,0.000,6.599,6.607,0.157,0.157,0.183,26.077,620334
1782481401470,0,0,0.000,6.607,6.607,0.188,0.157,0.177,25.990,620367
1782481401504,0,0,0.000,6.607,6.607,0.157,0.157,0.172,25.990,620400
1782481401543,0,0,0.000,6.607,6.591,0.188,0.157,0.194,26.077,620433
1782481401579,0,0,0.000,6.607,6.607,0.157,0.188,0.199,26.077,620466
1782481401603,0,0,0.000,6.607,6.607,0.188,0.188,0.161,26.077,620499
1782481401635,0,0,0.000,6.599,6.607,0.188,0.188,0.188,26.077,620532
1782481401671,0,0,0.000,6.615,6.607,0.188,0.157,0.199,26.077,620565
1782481401703,0,0,0.000,6.607,6.599,0.157,0.126,0.167,26.077,620598
1782481401741,0,0,0.000,6.607,6.607,0.188,0.188,0.177,26.077,620631
1782481401769,0,0,0.000,6.607,6.607,0.188,0.157,0.183,26.077,620664
1782481401813,0,0,0.000,6.607,6.607,0.188,0.157,0.183,26.077,620697
1782481401845,0,0,0.000,6.607,6.615,0.220,0.126,0.172,26.077,620730
1782481401868,0,0,0.000,6.607,6.607,0.188,0.188,0.172,26.077,620763
1782481401911,0,0,0.000,6.624,6.599,0.188,0.157,0.199,26.077,620796
1782481401944,0,0,0.000,6.607,6.599,0.188,0.188,0.183,26.077,620829
1782481401979,0,0,0.000,6.607,6.599,0.188,0.188,0.188,26.077,620862
1782481402010,0,0,0.000,6.607,6.599,0.188,0.157,0.161,26.077,620895
1782481402043,0,0,0.000,6.615,6.599,0.188,0.188,0.177,25.990,620928
1782481402075,0,0,0.000,6.607,6.599,0.188,0.157,0.172,26.077,620961
1782481402110,0,0,0.000,6.615,6.599,0.188,0.126,0.172,26.077,620994
1782481402143,0,0,0.006,6.615,6.607,0.188,0.157,0.161,26.077,621027
1782481402175,0,0,0.000,6.607,6.607,0.157,0.157,0.156,25.990,621060
1782481402208,0,0,0.000,6.615,6.615,0.188,0.157,0.124,26.077,621093
1782481402241,0,0,0.000,6.607,6.607,0.188,0.157,0.145,26.077,621126
1782481402274,0,0,0.000,6.615,6.607,0.220,0.157,0.124,26.077,621159
1782481402307,0,0,0.000,6.607,6.607,0.188,0.188,0.177,25.990,621192
1782481402340,0,0,0.000,6.607,6.615,0.188,0.126,0.129,26.077,621225
1782481402375,0,0,0.000,6.615,6.607,0.220,0.157,0.124,26.077,621258
1782481402406,0,0,0.000,6.607,6.607,0.157,0.188,0.183,26.077,621291
1782481402439,0,0,0.000,6.615,6.615,0.188,0.157,0.129,26.077,621324
1782481402479,0,0,0.000,6.615,6.607,0.188,0.126,0.129,26.077,621357
1782481402505,0,0,0.000,6.615,6.607,0.188,0.126,0.129,26.077,621390
1782481402538,0,0,0.000,6.607,6.607,0.188,0.157,0.124,26.077,621423
1782481402571,0,0,0.006,6.615,6.615,0.188,0.157,0.129,25.990,621456
1782481402604,0,0,0.006,6.615,6.607,0.188,0.157,0.129,26.077,621489
1782481402637,0,0,0.000,6.615,6.607,0.188,0.157,0.129,26.077,621522
1782481402669,0,0,0.000,6.607,6.607,0.188,0.157,0.129,25.990,621555
1782481402703,0,0,0.000,6.615,6.607,0.188,0.157,0.129,26.077,621588
1782481402736,0,0,0.000,6.615,6.607,0.157,0.126,0.134,26.077,621621
1782481402769,0,0,0.000,6.599,6.607,0.188,0.157,0.129,26.077,621654
1782481402802,0,0,0.000,6.607,6.607,0.188,0.157,0.124,26.077,621687
1782481402835,0,0,0.000,6.615,6.607,0.220,0.188,0.129,26.077,621720
1782481402868,0,0,0.006,6.624,6.607,0.157,0.157,0.124,26.077,621753
1782481402901,0,0,0.006,6.615,6.615,0.188,0.157,0.124,25.990,621786
1782481402934,0,0,0.000,6.615,6.615,0.188,0.157,0.124,25.990,621819
1782481402967,0,0,0.000,6.624,6.615,0.188,0.157,0.129,26.077,621852
1782481403002,0,0,0.000,6.615,6.607,0.188,0.157,0.129,26.077,621885
1782481403033,0,0,0.000,6.615,6.615,0.188,0.157,0.134,26.077,621918
1782481403066,0,0,0.000,6.615,6.607,0.188,0.157,0.129,26.077,621951
1782481403099,0,0,0.000,6.615,6.615,0.157,0.188,0.129,26.077,621984
1782481403132,0,0,0.000,6.615,6.607,0.157,0.157,0.124,26.077,622017
1782481403165,0,0,0.000,6.615,6.607,0.188,0.157,0.124,25.990,622050
1782481403199,0,0,0.000,6.615,6.607,0.157,0.157,0.124,26.077,622083
1782481403244,0,0,0.000,6.615,6.607,0.188,0.157,0.118,25.990,622116
1782481403265,0,0,0.000,6.615,6.607,0.188,0.157,0.129,25.990,622149
1782481403298,0,0,0.000,6.607,6.607,0.188,0.157,0.129,26.077,622182
1782481403332,0,0,0.000,6.615,6.607,0.188,0.157,0.129,25.990,622215
1782481403365,0,0,0.000,6.615,6.624,0.188,0.157,0.129,25.990,622248
1782481403401,0,0,0.006,6.615,6.607,0.188,0.157,0.129,25.990,622281
1782481403432,0,0,0.000,6.615,6.607,0.220,0.157,0.129,26.077,622314
1782481403465,0,0,0.000,6.615,6.607,0.157,0.188,0.129,25.990,622347
1782481403501,0,0,0.000,6.615,6.607,0.188,0.157,0.129,26.077,622380
1782481403532,0,0,0.000,6.615,6.607,0.188,0.188,0.140,26.077,622413
1782481403565,0,0,0.000,6.615,6.599,0.188,0.157,0.129,26.077,622446
1782481403600,0,0,0.000,6.607,6.607,0.188,0.157,0.140,26.077,622479
1782481403631,0,0,0.006,6.615,6.607,0.188,0.157,0.194,26.077,622512
1782481403665,0,0,0.000,6.615,6.607,0.188,0.126,0.188,25.990,622545
1782481403702,0,0,0.000,6.607,6.599,0.188,0.157,0.177,26.077,622578
1782481403732,0,0,0.000,6.607,6.607,0.157,0.157,0.194,25.990,622611
1782481403768,0,0,0.000,6.615,6.607,0.157,0.157,0.199,26.077,622644
1782481403797,0,0,0.000,6.607,6.607,0.188,0.188,0.167,26.077,622677
1782481403830,0,0,0.000,6.615,6.615,0.220,0.157,0.156,26.077,622710
1782481403864,0,0,0.000,6.599,6.607,0.157,0.188,0.177,26.077,622743
1782481403896,0,0,0.000,6.607,6.607,0.188,0.157,0.188,26.077,622776
1782481403931,0,0,0.000,6.624,6.607,0.188,0.157,0.151,25.990,622809
1782481403963,0,0,0.000,6.607,6.607,0.188,0.157,0.183,25.990,622842
1782481403997,0,0,0.000,6.615,6.607,0.188,0.157,0.172,26.077,622875
1782481404030,0,0,0.000,6.607,6.607,0.188,0.157,0.167,25.990,622908
1782481404065,0,0,0.000,6.615,6.607,0.188,0.126,0.183,25.990,622941
1782481404097,0,0,0.000,6.607,6.599,0.157,0.188,0.167,25.990,622974
1782481404130,0,0,0.000,6.607,6.599,0.220,0.157,0.177,25.990,623007
1782481404172,0,0,0.000,6.607,6.607,0.188,0.188,0.177,26.077,623040
1782481404214,0,0,0.000,6.607,6.624,0.157,0.157,0.156,26.077,623073
1782481404231,0,0,0.000,6.607,6.599,0.157,0.188,0.161,26.077,623106
1782481404263,0,0,0.006,6.615,6.607,0.188,0.157,0.194,25.990,623139
1782481404296,0,0,0.000,6.615,6.599,0.157,0.157,0.194,26.077,623172
1782481404329,0,0,0.000,6.615,6.607,0.188,0.157,0.183,26.077,623205
1782481404363,0,0,0.000,6.615,6.599,0.188,0.157,0.183,26.077,623238
1782481404396,0,0,0.000,6.607,6.607,0.157,0.157,0.167,26.077,623271
1782481404429,0,0,0.000,6.607,6.607,0.157,0.126,0.177,25.990,623304
1782481404462,0,0,0.000,6.607,6.599,0.188,0.157,0.204,26.077,623337
1782481404496,0,0,0.000,6.607,6.607,0.188,0.157,0.183,25.990,623370
1782481404538,0,0,0.000,6.607,6.607,0.188,0.126,0.177,25.990,623403
1782481404562,0,0,0.000,6.615,6.607,0.188,0.157,0.156,26.077,623436
1782481404596,0,0,0.000,6.607,6.615,0.188,0.157,0.194,25.990,623469
1782481404629,0,0,0.000,6.607,6.607,0.220,0.157,0.183,26.077,623502
1782481404662,0,0,0.000,6.615,6.607,0.220,0.157,0.177,26.077,623535
1782481404695,0,0,0.000,6.615,6.607,0.188,0.157,0.167,25.990,623568
1782481404730,0,0,0.000,6.615,6.624,0.188,0.188,0.177,25.990,623601
1782481404761,0,0,0.006,6.607,6.607,0.188,0.188,0.177,25.990,623634
1782481404795,0,0,0.000,6.607,6.607,0.188,0.157,0.188,25.990,623667
1782481404829,0,0,0.000,6.607,6.599,0.188,0.157,0.188,26.077,623700
1782481404869,0,0,0.000,6.615,6.599,0.188,0.188,0.172,26.077,623733
1782481404894,0,0,0.000,6.607,6.624,0.188,0.157,0.194,26.077,623766
1782481404935,0,0,0.006,6.624,6.607,0.188,0.188,0.188,25.990,623799
1782481404962,0,0,0.000,6.607,6.607,0.188,0.157,0.172,25.990,623832
1782481405001,0,0,0.000,6.607,6.607,0.188,0.157,0.199,25.990,623865
1782481405029,0,0,0.006,6.607,6.599,0.188,0.157,0.172,25.990,623898
1782481405064,0,0,0.000,6.624,6.607,0.188,0.157,0.183,26.077,623931
1782481405095,0,0,0.000,6.615,6.607,0.157,0.157,0.172,25.990,623964
1782481405127,0,0,0.000,6.615,6.615,0.188,0.157,0.183,25.990,623997
1782481405161,0,0,0.006,6.615,6.607,0.188,0.157,0.156,26.077,624030
1782481405194,0,0,0.000,6.607,6.607,0.220,0.157,0.194,25.990,624063
1782481405226,0,0,0.000,6.607,6.615,0.157,0.157,0.177,26.077,624096
1782481405260,0,0,0.000,6.607,6.607,0.188,0.157,0.161,26.077,624129
1782481405294,0,0,0.000,6.607,6.607,0.188,0.157,0.188,25.990,624162
1782481405326,0,0,0.000,6.615,6.607,0.220,0.157,0.183,26.077,624195
1782481405361,0,0,0.000,6.615,6.607,0.251,0.188,0.188,25.990,624228
1782481405394,0,0,0.000,6.607,6.607,0.188,0.188,0.183,26.077,624261
1782481405427,0,0,0.000,6.607,6.615,0.188,0.157,0.172,26.077,624294
1782481405460,0,0,0.000,6.624,6.607,0.157,0.157,0.194,25.990,624327
1782481405493,0,0,0.000,6.615,6.599,0.188,0.126,0.194,25.990,624360
1782481405527,0,0,0.000,6.607,6.607,0.188,0.157,0.188,25.990,624393
1782481405562,0,0,0.000,6.607,6.591,0.188,0.157,0.183,26.077,624426
1782481405593,0,0,0.000,6.607,6.607,0.126,0.157,0.172,25.990,624459
1782481405625,0,0,0.000,6.615,6.607,0.188,0.126,0.172,26.077,624492
1782481405659,0,0,0.000,6.607,6.599,0.220,0.157,0.183,25.990,624525
1782481405692,0,0,0.000,6.615,6.607,0.188,0.157,0.199,26.077,624558
1782481405726,0,0,0.000,6.615,6.599,0.188,0.188,0.172,25.990,624591
1782481405759,0,0,0.000,6.615,6.607,0.220,0.157,0.188,26.077,624624
1782481405792,0,0,0.000,6.615,6.615,0.188,0.126,0.172,26.077,624657
1782481405834,0,0,0.000,6.607,6.607,0.188,0.157,0.194,25.990,624690
1782481405861,0,0,0.000,6.615,6.599,0.126,0.157,0.161,25.990,624723
1782481405892,0,0,0.000,6.615,6.607,0.188,0.157,0.151,25.990,624756
1782481405925,0,0,0.000,6.607,6.607,0.157,0.126,0.199,25.990,624789
1782481405959,0,0,0.000,6.607,6.607,0.188,0.157,0.177,26.077,624822
1782481405992,0,0,0.000,6.624,6.607,0.188,0.157,0.194,25.990,624855
1782481406025,0,0,0.000,6.607,6.607,0.188,0.157,0.172,26.077,624888
1782481406061,0,0,0.006,6.624,6.615,0.188,0.157,0.194,26.077,624921
1782481406091,0,0,0.000,6.607,6.599,0.188,0.157,0.161,25.990,624954
1782481406124,0,0,0.000,6.632,6.607,0.188,0.157,0.183,26.077,624987
1782481406172,0,0,0.006,6.607,6.607,0.188,0.188,0.183,25.990,625020
1782481406191,0,0,0.000,6.615,6.615,0.188,0.157,0.156,26.077,625053
1782481406223,0,0,0.000,6.607,6.607,0.188,0.157,0.194,25.990,625086
1782481406267,0,0,0.000,6.607,6.599,0.188,0.157,0.172,26.077,625119
1782481406291,0,0,0.000,6.607,6.607,0.188,0.188,0.161,25.990,625152
1782481406333,0,0,0.006,6.615,6.607,0.188,0.157,0.183,26.077,625185
1782481406368,0,0,0.006,6.607,6.607,0.188,0.157,0.172,26.077,625218
1782481406398,0,0,0.000,6.607,6.607,0.157,0.126,0.172,26.077,625251
1782481406432,0,0,0.000,6.607,6.607,0.188,0.188,0.183,25.990,625284
1782481406484,0,0,0.000,6.615,6.607,0.188,0.157,0.172,25.990,625317
1782481406498,0,0,0.000,6.615,6.607,0.188,0.157,0.129,26.077,625350
1782481406531,0,0,0.000,6.607,6.607,0.188,0.188,0.172,26.077,625383
1782481406564,0,0,0.000,6.607,6.615,0.220,0.188,0.161,25.990,625416
1782481406597,0,0,0.000,6.607,6.607,0.188,0.157,0.140,25.990,625449
1782481406630,0,0,0.000,6.615,6.607,0.188,0.188,0.151,26.077,625482
1782481406663,0,0,0.000,6.624,6.607,0.188,0.126,0.151,25.990,625515
1782481406696,0,0,0.000,6.615,6.607,0.188,0.157,0.156,26.077,625548
1782481406729,0,0,0.000,6.615,6.607,0.220,0.157,0.129,25.990,625581
1782481406762,0,0,0.000,6.607,6.607,0.188,0.157,0.140,26.077,625614
1782481406795,0,0,0.000,6.624,6.607,0.157,0.188,0.134,25.990,625647
1782481406829,0,0,0.000,6.615,6.607,0.188,0.157,0.124,26.077,625680
1782481406862,0,0,0.000,6.607,6.599,0.188,0.157,0.151,25.990,625713
1782481406894,0,0,0.000,6.615,6.607,0.157,0.157,0.124,25.990,625746
1782481406927,0,0,0.000,6.624,6.607,0.188,0.157,0.124,25.990,625779
1782481406960,0,0,0.000,6.615,6.607,0.188,0.157,0.124,26.077,625812
1782481406995,0,0,0.000,6.607,6.607,0.188,0.157,0.108,26.077,625845
1782481407026,0,0,0.006,6.615,6.607,0.188,0.157,0.161,26.077,625878
1782481407059,0,0,0.000,6.624,6.607,0.188,0.157,0.129,25.990,625911
1782481407098,0,0,0.000,6.615,6.607,0.188,0.157,0.108,25.990,625944
1782481407127,0,0,0.000,6.624,6.615,0.188,0.157,0.129,26.077,625977
1782481407158,0,0,0.000,6.615,6.615,0.220,0.126,0.129,26.077,626010
1782481407191,0,0,0.000,6.615,6.599,0.188,0.157,0.140,26.077,626043
1782481407224,0,0,0.000,6.615,6.615,0.126,0.157,0.129,26.077,626076
1782481407257,0,0,0.000,6.615,6.599,0.188,0.157,0.124,26.077,626109
1782481407292,0,0,0.000,6.615,6.607,0.157,0.126,0.145,25.990,626142
1782481407323,0,0,0.000,6.624,6.607,0.188,0.157,0.129,26.077,626175
1782481407356,0,0,0.000,6.615,6.607,0.188,0.157,0.129,25.990,626208
1782481407393,0,0,0.000,6.624,6.599,0.188,0.126,0.129,26.077,626241
1782481407434,0,0,0.000,6.615,6.607,0.188,0.157,0.124,26.077,626274
1782481407455,0,0,0.000,6.615,6.607,0.188,0.157,0.129,26.077,626307
1782481407490,0,0,0.000,6.624,6.607,0.188,0.126,0.129,26.077,626340
1782481407521,0,0,0.000,6.615,6.607,0.126,0.188,0.129,25.990,626373
1782481407554,0,0,0.000,6.615,6.607,0.157,0.157,0.129,25.990,626406
1782481407588,0,0,0.000,6.615,6.615,0.188,0.157,0.129,25.990,626439
1782481407623,0,0,0.000,6.615,6.615,0.188,0.126,0.129,26.077,626472
1782481407653,0,0,0.000,6.624,6.615,0.157,0.157,0.113,25.990,626505
1782481407687,0,0,0.000,6.607,6.615,0.188,0.157,0.124,25.990,626538
1782481407721,0,0,0.000,6.615,6.607,0.188,0.157,0.129,25.990,626571
1782481407762,0,0,0.000,6.615,6.599,0.188,0.157,0.129,25.990,626604
1782481407787,0,0,0.000,6.615,6.615,0.188,0.157,0.145,25.990,626637
1782481407831,0,0,0.000,6.615,6.615,0.188,0.157,0.129,25.990,626670
1782481407854,0,0,0.000,6.615,6.615,0.220,0.126,0.124,25.990,626703
1782481407886,0,0,0.000,6.615,6.624,0.157,0.157,0.129,26.077,626736
1782481407920,0,0,0.000,6.615,6.624,0.157,0.188,0.124,25.990,626769
1782481407953,0,0,0.000,6.615,6.607,0.157,0.157,0.145,25.990,626802
1782481407986,0,0,0.000,6.615,6.624,0.188,0.188,0.129,25.990,626835
1782481408020,0,0,0.000,6.615,6.615,0.188,0.157,0.129,26.077,626868
1782481408065,0,0,0.000,6.607,6.599,0.188,0.157,0.188,25.990,626901
1782481408086,0,0,0.000,6.615,6.607,0.157,0.126,0.151,25.990,626934
1782481408136,0,0,0.006,6.607,6.615,0.126,0.126,0.151,25.990,626967
1782481408161,0,0,0.000,6.615,6.615,0.188,0.188,0.177,25.990,627000
1782481408185,0,0,0.000,6.624,6.615,0.188,0.157,0.172,25.990,627033
1782481408219,0,0,0.006,6.615,6.599,0.188,0.157,0.177,26.077,627066
1782481408252,0,0,0.000,6.607,6.607,0.188,0.157,0.194,26.077,627099
1782481408288,0,0,0.000,6.615,6.607,0.188,0.157,0.199,25.990,627132
1782481408320,0,0,0.000,6.607,6.607,0.157,0.157,0.177,25.990,627165
1782481408351,0,0,0.000,6.607,6.615,0.157,0.157,0.156,25.990,627198
1782481408385,0,0,0.000,6.615,6.615,0.188,0.157,0.156,25.990,627231
1782481408418,0,0,0.000,6.624,6.607,0.188,0.126,0.172,25.990,627264
1782481408452,0,0,0.000,6.624,6.607,0.188,0.157,0.167,26.077,627297
1782481408484,0,0,0.000,6.615,6.599,0.188,0.157,0.194,25.990,627330
1782481408519,0,0,0.000,6.599,6.599,0.157,0.157,0.172,26.077,627363
1782481408551,0,0,0.000,6.615,6.599,0.188,0.157,0.194,26.077,627396
1782481408585,0,0,0.006,6.607,6.607,0.188,0.157,0.183,25.990,627429
1782481408621,0,0,0.000,6.607,6.607,0.188,0.126,0.183,26.077,627462
1782481408651,0,0,0.000,6.607,6.607,0.188,0.157,0.194,25.990,627495
1782481408684,0,0,0.000,6.607,6.624,0.188,0.188,0.194,26.077,627528
1782481408724,0,0,0.000,6.607,6.607,0.188,0.126,0.194,25.990,627561
1782481408751,0,0,0.000,6.615,6.607,0.188,0.126,0.177,25.990,627594
1782481408784,0,0,0.000,6.624,6.607,0.188,0.188,0.194,25.990,627627
1782481408818,0,0,0.000,6.624,6.615,0.157,0.157,0.188,25.990,627660
1782481408851,0,0,0.000,6.607,6.607,0.188,0.157,0.161,26.077,627693
1782481408885,0,0,0.006,6.607,6.607,0.188,0.157,0.194,25.990,627726
1782481408917,0,0,0.000,6.615,6.599,0.188,0.157,0.183,26.077,627759
1782481408950,0,0,0.000,6.615,6.607,0.188,0.188,0.172,25.990,627792
1782481408983,0,0,0.000,6.607,6.607,0.157,0.157,0.188,26.077,627825
1782481409023,0,0,0.000,6.624,6.615,0.188,0.157,0.183,26.077,627858
1782481409051,0,0,0.000,6.615,6.607,0.188,0.157,0.172,26.077,627891
1782481409083,0,0,0.006,6.615,6.607,0.157,0.157,0.161,25.990,627924
1782481409118,0,0,0.000,6.615,6.607,0.188,0.126,0.194,26.077,627957
1782481409149,0,0,0.000,6.632,6.607,0.188,0.126,0.177,25.990,627990
1782481409183,0,0,0.000,6.615,6.607,0.188,0.157,0.177,25.990,628023
1782481409216,0,0,0.000,6.615,6.607,0.188,0.157,0.194,26.077,628056
1782481409249,0,0,0.000,6.607,6.607,0.251,0.188,0.177,25.990,628089
1782481409283,0,0,0.000,6.615,6.607,0.188,0.157,0.177,25.990,628122
1782481409315,0,0,0.000,6.615,6.607,0.188,0.157,0.177,25.990,628155
1782481409351,0,0,0.000,6.615,6.607,0.188,0.157,0.194,26.077,628188
1782481409383,0,0,0.000,6.607,6.607,0.188,0.188,0.177,25.990,628221
1782481409417,0,0,0.000,6.624,6.607,0.220,0.188,0.188,26.077,628254
1782481409455,0,0,0.000,6.607,6.607,0.157,0.157,0.161,25.990,628287
1782481409484,0,0,0.006,6.607,6.599,0.188,0.157,0.226,26.077,628320
1782481409516,0,0,0.006,6.624,6.607,0.188,0.157,0.188,25.990,628353
1782481409549,0,0,0.000,6.615,6.607,0.126,0.157,0.204,25.990,628386
1782481409582,0,0,0.000,6.615,6.607,0.188,0.157,0.204,25.990,628419
1782481409615,0,0,0.000,6.607,6.607,0.157,0.220,0.188,26.077,628452
1782481409649,0,0,0.000,6.607,6.607,0.188,0.188,0.194,26.077,628485
1782481409681,0,0,0.000,6.615,6.607,0.188,0.157,0.161,25.990,628518
1782481409718,0,0,0.000,6.607,6.607,0.220,0.188,0.188,25.990,628551
1782481409756,0,0,0.000,6.615,6.607,0.188,0.157,0.199,25.990,628584
1782481409781,0,0,0.000,6.607,6.607,0.188,0.188,0.161,25.990,628617
1782481409815,0,0,0.000,6.607,6.607,0.188,0.157,0.172,25.990,628650
1782481409850,0,0,0.000,6.615,6.607,0.157,0.157,0.204,26.077,628683
1782481409881,0,0,0.000,6.615,6.607,0.188,0.157,0.194,25.990,628716
1782481409914,0,0,0.000,6.615,6.607,0.188,0.157,0.172,25.990,628749
1782481409959,0,0,0.000,6.615,6.607,0.188,0.157,0.156,26.077,628782
1782481409981,0,0,0.000,6.607,6.615,0.188,0.157,0.161,25.990,628815
1782481410015,0,0,0.000,6.607,6.607,0.157,0.157,0.167,26.077,628848
1782481410055,0,0,0.000,6.615,6.599,0.188,0.157,0.167,26.077,628881
1782481410081,0,0,0.000,6.615,6.607,0.188,0.157,0.172,25.990,628914
1782481410114,0,0,0.006,6.615,6.615,0.188,0.157,0.194,25.990,628947
1782481410147,0,0,0.000,6.615,6.607,0.157,0.157,0.194,25.990,628980
1782481410180,0,0,0.000,6.624,6.615,0.188,0.157,0.167,25.990,629013
1782481410213,0,0,0.000,6.615,6.607,0.188,0.157,0.188,25.990,629046
1782481410248,0,0,0.000,6.607,6.607,0.157,0.157,0.188,25.990,629079
1782481410280,0,0,0.000,6.615,6.607,0.188,0.126,0.161,25.990,629112
1782481410317,0,0,0.000,6.607,6.615,0.220,0.157,0.183,25.990,629145
1782481410346,0,0,0.000,6.607,6.607,0.188,0.188,0.167,25.990,629178
1782481410380,0,0,0.000,6.615,6.607,0.188,0.157,0.188,25.990,629211
1782481410416,0,0,0.000,6.615,6.607,0.188,0.157,0.177,25.990,629244
1782481410447,0,0,0.000,6.615,6.607,0.188,0.157,0.194,25.990,629277
1782481410480,0,0,0.000,6.615,6.607,0.188,0.157,0.177,25.990,629310
1782481410512,0,0,0.000,6.624,6.607,0.188,0.157,0.194,25.990,629343
1782481410546,0,0,0.000,6.607,6.607,0.188,0.126,0.194,25.990,629376
1782481410581,0,0,0.000,6.624,6.607,0.188,0.157,0.172,26.077,629409
1782481410618,0,0,0.000,6.615,6.607,0.188,0.157,0.188,26.077,629442
1782481410646,0,0,0.000,6.624,6.607,0.188,0.157,0.161,26.077,629475
1782481410683,0,0,0.000,6.615,6.607,0.188,0.157,0.188,25.990,629508
1782481410722,0,0,0.000,6.607,6.615,0.220,0.188,0.194,26.077,629541
1782481410745,0,0,0.000,6.615,6.607,0.157,0.157,0.188,26.077,629574
1782481410793,0,0,0.000,6.607,6.599,0.188,0.157,0.188,25.990,629607
1782481410823,0,0,0.000,6.607,6.615,0.220,0.157,0.183,25.990,629640
1782481410854,0,0,0.000,6.615,6.615,0.188,0.188,0.172,25.990,629673
1782481410887,0,0,0.006,6.607,6.607,0.188,0.157,0.188,25.990,629706
1782481410920,0,0,0.000,6.615,6.615,0.188,0.157,0.156,25.990,629739
1782481410953,0,0,0.000,6.615,6.607,0.157,0.157,0.172,25.990,629772
1782481410989,0,0,0.000,6.624,6.599,0.188,0.157,0.183,25.990,629805
1782481411036,0,0,0.000,6.615,6.607,0.188,0.157,0.151,25.990,629838
1782481411052,0,0,0.000,6.615,6.615,0.157,0.157,0.129,26.077,629871
1782481411085,0,0,0.000,6.607,6.607,0.188,0.188,0.145,25.990,629904
1782481411119,0,0,0.006,6.615,6.607,0.188,0.157,0.167,26.077,629937
1782481411151,0,0,0.000,6.615,6.615,0.188,0.126,0.129,25.990,629970
1782481411185,0,0,0.000,6.624,6.615,0.251,0.157,0.113,25.990,630003
1782481411217,0,0,0.000,6.615,6.615,0.157,0.157,0.151,25.990,630036
1782481411250,0,0,0.000,6.615,6.615,0.188,0.157,0.124,25.990,630069
1782481411286,0,0,0.000,6.615,6.615,0.188,0.157,0.113,25.990,630102
1782481411316,0,0,0.000,6.624,6.615,0.188,0.188,0.151,26.077,630135
1782481411350,0,0,0.006,6.624,6.599,0.157,0.157,0.124,25.990,630168
1782481411399,0,0,0.000,6.607,6.607,0.188,0.157,0.145,26.077,630201
1782481411417,0,0,0.000,6.615,6.615,0.188,0.157,0.129,25.990,630234
1782481411448,0,0,0.000,6.624,6.607,0.188,0.188,0.113,25.990,630267
1782481411488,0,0,0.000,6.615,6.615,0.188,0.157,0.124,25.990,630300
1782481411515,0,0,0.000,6.624,6.615,0.188,0.157,0.129,25.990,630333
1782481411557,0,0,0.000,6.607,6.607,0.188,0.157,0.129,26.077,630366
1782481411580,0,0,0.000,6.615,6.607,0.188,0.157,0.177,26.077,630399
1782481411614,0,0,0.000,6.607,6.624,0.220,0.157,0.129,25.990,630432
1782481411646,0,0,0.000,6.615,6.607,0.188,0.126,0.129,26.077,630465
1782481411679,0,0,0.000,6.615,6.607,0.188,0.157,0.161,26.077,630498
1782481411712,0,0,0.000,6.624,6.615,0.157,0.157,0.129,25.990,630531
1782481411746,0,0,0.000,6.624,6.615,0.188,0.157,0.129,26.077,630564
1782481411778,0,0,0.000,6.624,6.615,0.220,0.188,0.151,25.990,630597
1782481411811,0,0,0.006,6.624,6.607,0.188,0.157,0.129,25.990,630630
1782481411843,0,0,0.000,6.624,6.615,0.188,0.157,0.124,25.990,630663
1782481411878,0,0,0.006,6.615,6.607,0.157,0.126,0.134,25.990,630696
1782481411911,0,0,0.000,6.624,6.615,0.188,0.157,0.129,25.990,630729
1782481411943,0,0,0.000,6.624,6.624,0.157,0.126,0.129,25.990,630762
1782481411976,0,0,0.000,6.624,6.615,0.157,0.157,0.134,25.990,630795
1782481412013,0,0,0.000,6.624,6.615,0.126,0.157,0.129,25.990,630828
1782481412042,0,0,0.000,6.615,6.624,0.157,0.157,0.124,25.990,630861
1782481412075,0,0,0.000,6.615,6.615,0.188,0.157,0.124,26.077,630894
1782481412109,0,0,0.006,6.607,6.607,0.188,0.126,0.118,25.990,630927
1782481412143,0,0,0.006,6.632,6.615,0.188,0.157,0.124,26.077,630960
1782481412175,0,0,0.000,6.615,6.615,0.188,0.157,0.118,26.077,630993
1782481412209,0,0,0.000,6.624,6.615,0.188,0.188,0.129,25.990,631026
1782481412242,0,0,0.000,6.615,6.615,0.188,0.157,0.129,25.990,631059
1782481412275,0,0,0.000,6.615,6.624,0.188,0.220,0.129,25.990,631092
1782481412309,0,0,0.000,6.607,6.624,0.188,0.157,0.118,25.990,631125
1782481412341,0,0,0.000,6.615,6.615,0.188,0.157,0.129,25.990,631158
1782481412375,0,0,0.000,6.615,6.615,0.188,0.188,0.124,25.990,631191
1782481412423,0,0,0.000,6.615,6.624,0.188,0.157,0.129,25.990,631224
1782481412441,0,0,0.000,6.624,6.607,0.157,0.157,0.134,25.990,631257
1782481412474,0,0,0.000,6.632,6.624,0.126,0.126,0.129,25.990,631290
1782481412512,0,0,0.000,6.615,6.615,0.126,0.157,0.194,25.990,631323
1782481412541,0,0,0.000,6.615,6.607,0.188,0.157,0.194,25.990,631356
1782481412575,0,0,0.000,6.624,6.615,0.157,0.157,0.177,26.077,631389
1782481412611,0,0,0.000,6.615,6.615,0.188,0.157,0.183,26.077,631422
1782481412641,0,0,0.000,6.607,6.615,0.157,0.157,0.194,26.077,631455
1782481412684,0,0,0.000,6.607,6.607,0.188,0.157,0.183,26.077,631488
1782481412718,0,0,0.000,6.607,6.607,0.188,0.157,0.167,26.077,631521
1782481412752,0,0,0.000,6.615,6.607,0.188,0.157,0.161,26.077,631554
1782481412774,0,0,0.000,6.624,6.607,0.188,0.188,0.161,25.990,631587
1782481412807,0,0,0.000,6.615,6.607,0.188,0.157,0.183,25.990,631620
1782481412840,0,0,0.000,6.615,6.615,0.188,0.157,0.161,25.990,631653
1782481412874,0,0,0.000,6.615,6.607,0.157,0.188,0.199,26.077,631686
1782481412907,0,0,0.000,6.615,6.607,0.188,0.126,0.188,26.077,631719
1782481412940,0,0,0.000,6.615,6.624,0.157,0.188,0.177,25.990,631752
1782481412974,0,0,0.000,6.607,6.607,0.188,0.157,0.194,25.990,631785
1782481413015,0,0,0.000,6.607,6.607,0.188,0.157,0.188,25.990,631818
1782481413041,0,0,0.000,6.624,6.615,0.188,0.157,0.167,25.990,631851
1782481413073,0,0,0.000,6.615,6.607,0.188,0.188,0.194,25.990,631884
1782481413107,0,0,0.000,6.615,6.607,0.157,0.157,0.183,25.990,631917
1782481413140,0,0,0.006,6.624,6.607,0.188,0.126,0.183,26.077,631950
1782481413172,0,0,0.000,6.607,6.607,0.188,0.188,0.188,26.077,631983
1782481413213,0,0,0.000,6.607,6.607,0.188,0.157,0.177,25.990,632016
1782481413245,0,0,0.000,6.607,6.607,0.188,0.188,0.188,25.990,632049
1782481413273,0,0,0.000,6.615,6.607,0.126,0.188,0.204,26.077,632082
1782481413305,0,0,0.000,6.615,6.624,0.188,0.188,0.167,26.077,632115
1782481413339,0,0,0.000,6.615,6.607,0.188,0.188,0.177,25.990,632148
1782481413372,0,0,0.000,6.607,6.615,0.188,0.157,0.194,25.990,632181
1782481413406,0,0,0.000,6.615,6.607,0.188,0.157,0.188,26.077,632214
1782481413439,0,0,0.006,6.607,6.607,0.188,0.157,0.199,26.077,632247
1782481413472,0,0,0.000,6.615,6.599,0.188,0.157,0.161,25.990,632280
1782481413505,0,0,0.000,6.624,6.607,0.188,0.157,0.199,25.990,632313
1782481413539,0,0,0.000,6.615,6.607,0.157,0.157,0.199,25.990,632346
1782481413572,0,0,0.006,6.615,6.607,0.157,0.157,0.172,25.990,632379
1782481413605,0,0,0.000,6.615,6.615,0.157,0.188,0.172,25.990,632412
1782481413639,0,0,0.006,6.624,6.607,0.188,0.157,0.199,25.990,632445
1782481413674,0,0,0.000,6.624,6.615,0.126,0.188,0.177,25.990,632478
1782481413705,0,0,0.000,6.615,6.607,0.188,0.188,0.194,25.990,632511
1782481413741,0,0,0.000,6.624,6.599,0.188,0.188,0.204,26.077,632544
1782481413771,0,0,0.006,6.607,6.607,0.188,0.157,0.188,25.990,632577
1782481413804,0,0,0.000,6.615,6.607,0.188,0.157,0.188,25.990,632610
1782481413840,0,0,0.000,6.607,6.599,0.188,0.157,0.183,25.990,632643
1782481413871,0,0,0.000,6.607,6.607,0.188,0.157,0.194,26.077,632676
1782481413904,0,0,0.000,6.607,6.607,0.188,0.157,0.183,25.990,632709
1782481413938,0,0,0.000,6.624,6.607,0.188,0.157,0.161,25.990,632742
1782481413990,0,0,0.006,6.615,6.607,0.188,0.157,0.156,25.990,632775
1782481414008,0,0,0.000,6.615,6.615,0.188,0.188,0.167,25.990,632808
1782481414045,0,0,0.000,6.615,6.607,0.157,0.157,0.172,25.990,632841
1782481414070,0,0,0.000,6.624,6.624,0.188,0.157,0.194,26.077,632874
1782481414104,0,0,0.000,6.607,6.607,0.157,0.188,0.188,26.077,632907
1782481414137,0,0,0.000,6.615,6.607,0.220,0.188,0.188,26.077,632940
1782481414172,0,0,0.000,6.624,6.615,0.188,0.157,0.156,25.990,632973
1782481414204,0,0,0.000,6.607,6.607,0.157,0.157,0.194,25.990,633006
1782481414237,0,0,0.000,6.615,6.607,0.188,0.157,0.188,26.077,633039
1782481414270,0,0,0.000,6.607,6.599,0.188,0.188,0.183,26.077,633072
1782481414303,0,0,0.000,6.615,6.607,0.157,0.126,0.183,25.990,633105
1782481414336,0,0,0.000,6.615,6.607,0.157,0.157,0.156,25.990,633138
1782481414374,0,0,0.000,6.615,6.607,0.157,0.157,0.183,25.990,633171
1782481414408,0,0,0.000,6.615,6.615,0.188,0.157,0.177,25.990,633204
1782481414436,0,0,0.000,6.607,6.607,0.188,0.157,0.204,25.990,633237
1782481414472,0,0,0.000,6.607,6.624,0.188,0.157,0.177,25.990,633270
1782481414503,0,0,0.000,6.624,6.615,0.188,0.188,0.167,26.077,633303
1782481414537,0,0,0.000,6.615,6.607,0.188,0.157,0.194,25.990,633336
1782481414569,0,0,0.000,6.615,6.615,0.188,0.126,0.188,25.990,633369
1782481414608,0,0,0.000,6.615,6.607,0.220,0.188,0.194,25.990,633402
1782481414637,0,0,0.000,6.607,6.607,0.157,0.188,0.194,25.990,633435
1782481414677,0,0,0.000,6.607,6.607,0.157,0.126,0.188,25.990,633468
1782481414718,0,0,0.000,6.615,6.607,0.188,0.157,0.231,26.077,633501
1782481414735,0,0,0.000,6.615,6.607,0.188,0.157,0.161,25.990,633534
1782481414769,0,0,0.000,6.615,6.607,0.188,0.157,0.194,25.990,633567
1782481414802,0,0,0.000,6.615,6.607,0.188,0.157,0.167,25.990,633600
1782481414835,0,0,0.000,6.615,6.607,0.126,0.157,0.199,25.990,633633
1782481414869,0,0,0.000,6.615,6.607,0.188,0.157,0.188,25.990,633666
1782481414917,0,0,0.000,6.615,6.607,0.188,0.188,0.161,25.990,633699
1782481414935,0,0,0.006,6.615,6.607,0.157,0.157,0.161,25.990,633732
1782481414970,0,0,0.000,6.624,6.599,0.157,0.157,0.183,25.990,633765
1782481415002,0,0,0.000,6.607,6.599,0.188,0.157,0.204,25.990,633798
1782481415034,0,0,0.000,6.607,6.607,0.188,0.157,0.199,25.990,633831
1782481415072,0,0,0.000,6.607,6.599,0.157,0.157,0.188,25.990,633864
1782481415102,0,0,0.000,6.615,6.607,0.188,0.157,0.183,25.990,633897
1782481415134,0,0,0.000,6.615,6.615,0.188,0.157,0.167,25.990,633930
1782481415177,0,0,0.000,6.615,6.607,0.188,0.157,0.199,25.990,633963
1782481415210,0,0,0.000,6.624,6.607,0.157,0.157,0.194,26.077,633996
1782481415243,0,0,0.000,6.615,6.607,0.188,0.188,0.161,25.990,634029
1782481415284,0,0,0.000,6.615,6.607,0.188,0.157,0.188,25.990,634062
1782481415309,0,0,0.000,6.607,6.607,0.188,0.157,0.167,26.077,634095
1782481415342,0,0,0.006,6.615,6.607,0.188,0.126,0.183,25.990,634128
1782481415379,0,0,0.000,6.615,6.607,0.157,0.157,0.172,25.990,634161
1782481415408,0,0,0.006,6.615,6.607,0.157,0.157,0.161,25.990,634194
1782481415441,0,0,0.000,6.615,6.607,0.220,0.157,0.194,25.990,634227
1782481415473,0,0,0.006,6.607,6.607,0.188,0.157,0.134,25.990,634260
1782481415509,0,0,0.000,6.615,6.607,0.188,0.126,0.156,26.077,634293
1782481415540,0,0,0.000,6.615,6.607,0.188,0.157,0.140,26.077,634326
1782481415575,0,0,0.006,6.607,6.607,0.188,0.188,0.113,25.990,634359
1782481415610,0,0,0.000,6.624,6.615,0.188,0.126,0.167,26.077,634392
1782481415640,0,0,0.000,6.624,6.607,0.188,0.157,0.167,25.990,634425
1782481415672,0,0,0.006,6.607,6.615,0.188,0.157,0.140,25.990,634458
1782481415705,0,0,0.000,6.624,6.607,0.188,0.157,0.118,26.077,634491
1782481415739,0,0,0.000,6.624,6.624,0.188,0.157,0.124,25.990,634524
1782481415771,0,0,0.000,6.624,6.615,0.157,0.157,0.124,26.077,634557
1782481415804,0,0,0.000,6.632,6.624,0.188,0.157,0.124,25.990,634590
1782481415836,0,0,0.000,6.615,6.615,0.188,0.157,0.129,26.077,634623
1782481415870,0,0,0.000,6.615,6.607,0.188,0.157,0.129,25.990,634656
1782481415905,0,0,0.000,6.615,6.615,0.126,0.157,0.124,25.990,634689
1782481415937,0,0,0.000,6.624,6.607,0.188,0.157,0.124,25.990,634722
1782481415969,0,0,0.000,6.624,6.607,0.157,0.157,0.124,25.990,634755
1782481416002,0,0,0.000,6.607,6.624,0.188,0.157,0.124,25.990,634788
1782481416037,0,0,0.000,6.624,6.615,0.220,0.157,0.124,25.990,634821
1782481416068,0,0,0.000,6.624,6.624,0.188,0.157,0.124,25.990,634854
1782481416101,0,0,0.000,6.624,6.615,0.188,0.188,0.129,25.990,634887
1782481416134,0,0,0.000,6.615,6.607,0.157,0.188,0.124,25.990,634920
1782481416167,0,0,0.000,6.624,6.615,0.188,0.157,0.129,25.990,634953
1782481416200,0,0,0.000,6.624,6.615,0.188,0.126,0.129,25.990,634986
1782481416233,0,0,0.000,6.624,6.615,0.157,0.188,0.129,26.077,635019
1782481416275,0,0,0.006,6.632,6.615,0.188,0.157,0.124,25.990,635052
1782481416318,0,0,0.000,6.624,6.615,0.188,0.157,0.129,25.990,635085
1782481416341,0,0,0.006,6.624,6.615,0.188,0.188,0.129,25.990,635118
1782481416365,0,0,0.000,6.615,6.615,0.157,0.157,0.167,26.077,635151
1782481416404,0,0,0.000,6.615,6.624,0.220,0.157,0.129,25.990,635184
1782481416431,0,0,0.000,6.624,6.624,0.188,0.157,0.118,26.077,635217
1782481416468,0,0,0.000,6.624,6.615,0.188,0.157,0.113,25.990,635250
1782481416501,0,0,0.000,6.615,6.615,0.188,0.157,0.134,25.990,635283
1782481416532,0,0,0.006,6.624,6.615,0.157,0.126,0.124,25.990,635316
1782481416564,0,0,0.000,6.615,6.615,0.188,0.157,0.145,25.990,635349
1782481416598,0,0,0.000,6.624,6.615,0.188,0.188,0.129,26.077,635382
1782481416630,0,0,0.000,6.624,6.615,0.157,0.188,0.129,25.990,635415
1782481416664,0,0,0.000,6.624,6.615,0.188,0.126,0.140,25.990,635448
1782481416697,0,0,0.000,6.624,6.607,0.188,0.157,0.129,25.990,635481
1782481416732,0,0,0.000,6.624,6.607,0.188,0.157,0.129,25.990,635514
1782481416763,0,0,0.000,6.624,6.615,0.188,0.126,0.161,25.990,635547
1782481416797,0,0,0.000,6.624,6.624,0.157,0.157,0.134,26.077,635580
1782481416831,0,0,0.000,6.624,6.615,0.188,0.126,0.129,25.990,635613
1782481416863,0,0,0.000,6.624,6.607,0.157,0.188,0.129,25.990,635646
1782481416897,0,0,0.000,6.607,6.615,0.188,0.157,0.177,25.990,635679
1782481416930,0,0,0.000,6.632,6.615,0.188,0.220,0.151,25.990,635712
1782481416965,0,0,0.000,6.615,6.607,0.188,0.157,0.210,25.990,635745
1782481416997,0,0,0.000,6.615,6.607,0.188,0.188,0.183,26.077,635778
1782481417031,0,0,0.000,6.607,6.607,0.188,0.157,0.177,25.990,635811
1782481417063,0,0,0.000,6.615,6.607,0.188,0.126,0.172,25.990,635844
1782481417097,0,0,0.000,6.624,6.615,0.157,0.188,0.172,25.990,635877
1782481417130,0,0,0.000,6.607,6.607,0.188,0.157,0.194,25.990,635910
1782481417162,0,0,0.000,6.615,6.607,0.157,0.157,0.177,25.990,635943
1782481417196,0,0,0.000,6.615,6.615,0.188,0.188,0.167,25.990,635976
1782481417229,0,0,0.000,6.615,6.607,0.188,0.157,0.177,26.077,636009
1782481417263,0,0,0.000,6.615,6.607,0.157,0.157,0.199,26.077,636042
1782481417296,0,0,0.000,6.632,6.615,0.188,0.157,0.177,26.077,636075
1782481417334,0,0,0.000,6.615,6.599,0.188,0.126,0.177,25.990,636108
1782481417365,0,0,0.000,6.624,6.615,0.188,0.126,0.156,26.077,636141
1782481417395,0,0,0.006,6.607,6.599,0.188,0.157,0.161,26.077,636174
1782481417429,0,0,0.000,6.607,6.607,0.188,0.157,0.194,25.990,636207
1782481417462,0,0,0.000,6.607,6.607,0.157,0.126,0.194,26.077,636240
1782481417495,0,0,0.000,6.615,6.615,0.157,0.157,0.199,25.990,636273
1782481417532,0,0,0.000,6.615,6.599,0.188,0.157,0.183,25.990,636306
1782481417562,0,0,0.000,6.615,6.607,0.188,0.157,0.210,25.990,636339
1782481417595,0,0,0.000,6.624,6.607,0.188,0.157,0.177,25.990,636372
1782481417638,0,0,0.000,6.624,6.615,0.188,0.157,0.194,25.990,636405
1782481417675,0,0,0.000,6.615,6.599,0.157,0.126,0.156,25.990,636438
1782481417695,0,0,0.000,6.615,6.615,0.188,0.188,0.156,25.990,636471
1782481417734,0,0,0.000,6.615,6.607,0.157,0.157,0.183,26.077,636504
1782481417761,0,0,0.000,6.599,6.615,0.188,0.157,0.194,25.990,636537
1782481417795,0,0,0.000,6.607,6.624,0.188,0.157,0.194,25.990,636570
1782481417827,0,0,0.006,6.615,6.624,0.188,0.157,0.161,25.990,636603
1782481417866,0,0,0.000,6.615,6.607,0.188,0.157,0.177,25.990,636636
1782481417894,0,0,0.006,6.607,6.607,0.188,0.220,0.172,25.990,636669
1782481417928,0,0,0.000,6.607,6.607,0.188,0.157,0.183,25.990,636702
1782481417961,0,0,0.000,6.624,6.607,0.188,0.126,0.161,25.990,636735
1782481417994,0,0,0.000,6.607,6.615,0.188,0.188,0.194,25.990,636768
1782481418027,0,0,0.006,6.615,6.607,0.188,0.157,0.183,25.990,636801
1782481418064,0,0,0.000,6.615,6.607,0.188,0.157,0.167,25.990,636834
1782481418094,0,0,0.000,6.615,6.607,0.188,0.157,0.156,25.990,636867
1782481418127,0,0,0.000,6.615,6.615,0.188,0.188,0.177,25.990,636900
1782481418175,0,0,0.000,6.615,6.599,0.157,0.157,0.172,25.990,636933
1782481418194,0,0,0.000,6.615,6.615,0.157,0.157,0.161,25.990,636966
1782481418228,0,0,0.000,6.615,6.607,0.188,0.188,0.194,26.077,636999
1782481418261,0,0,0.000,6.615,6.607,0.188,0.157,0.177,26.077,637032
1782481418293,0,0,0.012,6.615,6.615,0.188,0.157,0.199,25.990,637065
1782481418327,0,0,0.006,6.624,6.607,0.188,0.220,0.194,25.990,637098
1782481418363,0,0,0.000,6.615,6.607,0.157,0.188,0.183,25.990,637131
1782481418393,0,0,0.000,6.615,6.607,0.188,0.157,0.177,26.077,637164
1782481418427,0,0,0.000,6.615,6.607,0.188,0.157,0.177,26.077,637197
1782481418460,0,0,0.000,6.607,6.615,0.157,0.126,0.188,25.990,637230
1782481418493,0,0,0.000,6.615,6.607,0.188,0.157,0.177,25.990,637263
1782481418526,0,0,0.000,6.632,6.599,0.188,0.157,0.194,25.990,637296
1782481418560,0,0,0.000,6.615,6.615,0.157,0.188,0.172,25.990,637329
1782481418592,0,0,0.000,6.615,6.607,0.188,0.157,0.188,25.990,637362
1782481418626,0,0,0.000,6.607,6.599,0.157,0.157,0.177,25.990,637395
1782481418659,0,0,0.000,6.615,6.607,0.188,0.157,0.188,25.990,637428
1782481418693,0,0,0.000,6.615,6.607,0.220,0.188,0.167,25.990,637461
1782481418726,0,0,0.000,6.607,6.607,0.188,0.157,0.199,26.077,637494
1782481418760,0,0,0.000,6.624,6.607,0.188,0.157,0.194,25.990,637527
1782481418792,0,0,0.000,6.615,6.607,0.188,0.126,0.199,25.990,637560
1782481418825,0,0,0.006,6.624,6.615,0.188,0.157,0.199,25.990,637593
1782481418861,0,0,0.000,6.607,6.607,0.188,0.157,0.183,26.077,637626
1782481418892,0,0,0.000,6.615,6.607,0.188,0.157,0.172,25.990,637659
1782481418945,0,0,0.006,6.615,6.607,0.188,0.157,0.183,25.990,637692
1782481418959,0,0,0.000,6.615,6.607,0.157,0.126,0.161,26.077,637725
1782481418992,0,0,0.000,6.615,6.607,0.157,0.157,0.172,25.990,637758
1782481419029,0,0,0.000,6.607,6.615,0.188,0.157,0.188,25.990,637791
1782481419065,0,0,0.000,6.615,6.607,0.188,0.126,0.199,25.990,637824
1782481419093,0,0,0.000,6.615,6.607,0.188,0.157,0.177,25.990,637857
1782481419124,0,0,0.006,6.624,6.607,0.188,0.157,0.183,25.990,637890
1782481419158,0,0,0.000,6.624,6.615,0.188,0.157,0.172,25.990,637923
1782481419190,5,-5,0.000,6.615,6.607,0.220,0.126,0.156,25.990,637956
1782481419236,10,-10,0.000,6.607,6.607,0.188,0.157,0.177,25.990,637989
1782481419257,12,-12,0.000,6.615,6.607,0.188,0.157,0.161,26.077,638022
1782481419291,17,-17,0.000,6.615,6.607,0.188,0.188,0.194,25.990,638055
1782481419324,22,-22,0.000,6.624,6.615,0.188,0.188,0.183,25.990,638088
1782481419357,25,-25,0.000,6.615,6.607,0.188,0.157,0.177,26.077,638121
1782481419391,30,-30,0.000,6.607,6.624,0.188,0.157,0.172,25.990,638154
1782481419424,35,-35,0.000,6.615,6.607,0.157,0.157,0.183,25.990,638187
1782481419457,37,-37,0.000,6.615,6.607,0.188,0.188,0.194,25.990,638220
1782481419490,42,-42,0.000,6.615,6.607,0.188,0.188,0.172,25.990,638253
1782481419533,47,-47,0.000,6.615,6.607,0.188,0.157,0.172,25.990,638286
1782481419566,52,-52,0.000,6.624,6.607,0.157,0.126,0.188,25.990,638319
1782481419616,57,-57,0.000,6.615,6.624,0.188,0.188,0.194,25.990,638352
1782481419632,60,-60,0.000,6.615,6.615,0.188,0.157,0.199,25.990,638385
1782481419665,65,-65,0.000,6.615,6.607,0.188,0.188,0.188,25.990,638418
1782481419698,67,-67,0.000,6.607,6.607,0.188,0.157,0.177,25.990,638451
1782481419731,72,-72,0.000,6.607,6.624,0.188,0.157,0.188,25.990,638484
1782481419764,77,-77,0.006,6.615,6.615,0.188,0.188,0.161,25.990,638517
1782481419797,80,-80,0.000,6.607,6.607,0.188,0.157,0.177,25.990,638550
1782481419830,85,-85,0.000,6.615,6.615,0.188,0.157,0.161,25.990,638583
1782481419863,90,-90,0.000,6.615,6.607,0.188,0.157,0.161,25.990,638616
1782481419899,92,-92,0.000,6.615,6.607,0.157,0.157,0.151,25.990,638649
1782481419929,97,-97,0.006,6.615,6.607,0.188,0.157,0.129,25.990,638682
1782481419961,100,-100,0.000,6.615,6.607,0.188,0.188,0.172,25.990,638715
1782481419995,105,-105,0.000,6.615,6.615,0.188,0.188,0.161,25.990,638748
1782481420028,110,-110,0.000,6.624,6.615,0.188,0.157,0.118,25.990,638781
1782481420061,112,-112,0.000,6.607,6.599,0.188,0.251,0.134,25.990,638814
1782481420094,117,-117,0.000,6.615,6.607,0.188,0.157,0.167,25.990,638847
1782481420127,122,-122,0.000,6.599,6.582,0.251,0.251,0.129,26.077,638880
1782481420160,125,-125,0.000,6.591,6.591,0.251,0.188,0.124,26.077,638913
1782481420193,130,-130,0.000,6.607,6.599,0.188,0.220,0.167,25.990,638946
1782481420226,135,-135,0.006,6.591,6.582,0.188,0.314,0.129,25.990,638979
1782481420259,137,-137,0.000,6.574,6.557,0.377,0.377,0.129,25.990,639012
1782481420295,137,-137,0.000,6.566,6.557,0.377,0.408,0.140,25.990,639045
1782481420325,132,-132,0.000,6.557,6.549,0.408,0.439,0.161,25.990,639078
1782481420359,130,-130,0.000,6.557,6.557,0.345,0.377,0.129,26.077,639111
1782481420397,125,-125,0.006,6.557,6.541,0.408,0.345,0.124,25.990,639144
1782481420424,120,-120,0.000,6.557,6.549,0.377,0.439,0.129,25.990,639177
1782481420457,117,-117,0.000,6.591,6.574,0.251,0.251,0.129,25.990,639210
1782481420490,112,-112,0.000,6.582,6.574,0.314,0.282,0.129,26.077,639243
1782481420523,107,-107,0.006,6.591,6.582,0.220,0.220,0.124,25.990,639276
1782481420556,105,-105,0.000,6.591,6.582,0.251,0.220,0.124,25.990,639309
1782481420589,100,-100,0.000,6.591,6.591,0.220,0.251,0.129,26.077,639342
1782481420632,95,-95,0.000,6.599,6.599,0.188,0.251,0.129,25.990,639375
1782481420655,92,-92,0.000,6.615,6.607,0.188,0.157,0.129,25.990,639408
1782481420688,87,-87,0.000,6.615,6.607,0.188,0.126,0.129,26.077,639441
1782481420722,85,-85,0.000,6.615,6.615,0.188,0.157,0.129,25.990,639474
1782481420754,80,-80,0.000,6.615,6.624,0.188,0.157,0.124,25.990,639507
1782481420787,75,-75,0.000,6.624,6.607,0.188,0.157,0.129,25.990,639540
1782481420820,72,-72,0.000,6.632,6.615,0.188,0.157,0.129,26.077,639573
1782481420853,67,-67,0.000,6.615,6.615,0.188,0.126,0.140,25.990,639606
1782481420887,62,-62,0.000,6.615,6.624,0.188,0.157,0.129,25.990,639639
1782481420925,57,-57,0.000,6.624,6.615,0.188,0.157,0.124,26.077,639672
1782481420953,55,-55,0.000,6.615,6.607,0.188,0.157,0.118,25.990,639705
1782481420986,50,-50,0.000,6.624,6.607,0.188,0.157,0.129,26.077,639738
1782481421020,47,-47,0.000,6.624,6.607,0.188,0.188,0.129,25.990,639771
1782481421054,42,-42,0.000,6.615,6.624,0.188,0.157,0.134,26.077,639804
1782481421085,47,-47,0.000,6.624,6.615,0.188,0.188,0.124,25.990,639837
1782481421120,50,-50,0.000,6.624,6.607,0.188,0.157,0.124,25.990,639870
1782481421152,55,-55,0.000,6.615,6.615,0.188,0.157,0.134,26.077,639903
1782481421186,60,-60,0.006,6.632,6.615,0.188,0.126,0.118,26.077,639936
1782481421219,62,-62,0.000,6.624,6.615,0.157,0.188,0.124,25.990,639969
1782481421253,67,-67,0.000,6.624,6.615,0.188,0.157,0.140,25.990,640002
1782481421285,72,-72,0.000,6.615,6.615,0.188,0.157,0.129,25.990,640035
1782481421319,75,-75,0.000,6.624,6.615,0.188,0.157,0.199,25.990,640068
1782481421352,80,-80,0.000,6.615,6.607,0.188,0.157,0.188,25.990,640101
1782481421386,85,-85,0.000,6.615,6.615,0.188,0.126,0.151,25.990,640134
1782481421425,90,-90,0.000,6.615,6.607,0.188,0.157,0.167,25.990,640167
1782481421451,92,-92,0.000,6.615,6.607,0.188,0.126,0.199,25.990,640200
1782481421485,97,-97,0.000,6.615,6.607,0.188,0.188,0.167,25.990,640233
1782481421520,100,-100,0.000,6.615,6.607,0.188,0.157,0.199,26.077,640266
1782481421552,105,-105,0.000,6.599,6.607,0.188,0.157,0.199,26.077,640299
1782481421585,110,-110,0.000,6.607,6.591,0.188,0.251,0.194,25.990,640332
1782481421618,112,-112,0.000,6.599,6.591,0.126,0.220,0.188,26.077,640365
1782481421653,117,-117,0.000,6.607,6.599,0.188,0.220,0.172,25.990,640398
1782481421684,115,-115,0.000,6.591,6.574,0.251,0.251,0.172,25.990,640431
1782481421717,110,-110,0.000,6.591,6.574,0.251,0.251,0.199,25.990,640464
1782481421751,115,-115,0.000,6.599,6.574,0.251,0.220,0.188,25.990,640497
1782481421784,110,-110,0.000,6.574,6.582,0.220,0.251,0.183,25.990,640530
1782481421819,107,-107,0.000,6.591,6.582,0.251,0.251,0.199,25.990,640563
1782481421852,102,-102,0.000,6.591,6.582,0.220,0.220,0.167,25.990,640596
1782481421884,100,-100,0.000,6.599,6.591,0.188,0.220,0.204,25.990,640629
1782481421917,95,-95,0.000,6.599,6.599,0.157,0.220,0.177,26.077,640662
1782481421950,90,-90,0.000,6.607,6.591,0.188,0.126,0.199,26.077,640695
1782481421986,85,-85,0.000,6.607,6.624,0.188,0.157,0.167,25.990,640728
1782481422017,82,-82,0.000,6.607,6.607,0.188,0.126,0.199,25.990,640761
1782481422050,77,-77,0.000,6.615,6.615,0.188,0.188,0.199,25.990,640794
1782481422084,75,-75,0.000,6.615,6.607,0.188,0.188,0.177,25.990,640827
1782481422129,67,-67,0.000,6.607,6.607,0.188,0.188,0.199,25.990,640860
1782481422154,65,-65,0.006,6.615,6.607,0.188,0.157,0.156,25.990,640893
1782481422183,62,-62,0.000,6.607,6.607,0.188,0.157,0.167,25.990,640926
1782481422216,57,-57,0.006,6.615,6.607,0.188,0.157,0.199,25.990,640959
1782481422253,52,-52,0.000,6.607,6.624,0.188,0.157,0.194,26.077,640992
1782481422284,50,-50,0.000,6.607,6.607,0.188,0.126,0.194,25.990,641025
1782481422317,55,-55,0.000,6.615,6.607,0.157,0.188,0.183,25.990,641058
1782481422350,60,-60,0.000,6.615,6.607,0.188,0.157,0.183,25.990,641091
1782481422383,62,-62,0.000,6.615,6.607,0.220,0.157,0.194,25.990,641124
1782481422416,67,-67,0.000,6.607,6.607,0.188,0.188,0.194,25.990,641157
1782481422450,72,-72,0.000,6.599,6.607,0.157,0.157,0.194,25.990,641190
1782481422483,75,-75,0.000,6.624,6.599,0.188,0.126,0.161,26.077,641223
1782481422516,80,-80,0.000,6.607,6.607,0.188,0.157,0.199,25.990,641256
1782481422549,85,-85,0.000,6.615,6.607,0.157,0.126,0.172,25.990,641289
1782481422583,87,-87,0.000,6.607,6.607,0.188,0.157,0.194,25.990,641322
1782481422616,92,-92,0.000,6.607,6.607,0.188,0.157,0.188,25.990,641355
1782481422650,97,-97,0.006,6.624,6.607,0.188,0.157,0.177,26.077,641388
1782481422682,100,-100,0.000,6.615,6.599,0.188,0.157,0.188,25.990,641421
1782481422715,105,-105,0.000,6.624,6.607,0.220,0.126,0.188,25.990,641454
1782481422754,110,-110,0.000,6.599,6.599,0.188,0.251,0.183,25.990,641487
1782481422782,112,-112,0.000,6.615,6.607,0.188,0.220,0.177,25.990,641520
1782481422815,117,-117,0.000,6.599,6.591,0.251,0.188,0.177,26.077,641553
1782481422849,122,-122,0.000,6.591,6.582,0.251,0.188,0.161,25.990,641586
1782481422882,120,-120,0.006,6.591,6.574,0.251,0.251,0.183,25.990,641619
1782481422915,115,-115,0.000,6.574,6.574,0.251,0.314,0.183,25.990,641652
1782481422947,112,-112,0.000,6.582,6.574,0.251,0.282,0.194,26.077,641685
1782481422982,107,-107,0.000,6.599,6.566,0.251,0.251,0.183,25.990,641718
1782481423017,102,-102,0.000,6.591,6.574,0.251,0.251,0.188,25.990,641751
1782481423048,97,-97,0.000,6.599,6.599,0.251,0.251,0.156,26.077,641784
1782481423085,95,-95,0.000,6.599,6.582,0.188,0.251,0.172,25.990,641817
1782481423114,90,-90,0.000,6.615,6.607,0.220,0.157,0.172,25.990,641850
1782481423147,87,-87,0.000,6.607,6.607,0.188,0.188,0.183,25.990,641883
1782481423182,82,-82,0.000,6.615,6.607,0.188,0.126,0.172,25.990,641916
1782481423214,77,-77,0.000,6.607,6.607,0.188,0.157,0.183,25.990,641949
1782481423247,75,-75,0.000,6.607,6.607,0.188,0.126,0.204,25.990,641982
1782481423281,70,-70,0.000,6.607,6.607,0.157,0.157,0.188,26.077,642015
1782481423316,65,-65,0.000,6.615,6.624,0.188,0.157,0.172,25.990,642048
1782481423347,62,-62,0.000,6.607,6.607,0.157,0.157,0.194,25.990,642081
1782481423381,57,-57,0.000,6.615,6.607,0.188,0.157,0.194,25.990,642114
1782481423413,52,-52,0.000,6.607,6.607,0.188,0.126,0.199,25.990,642147
1782481423447,50,-50,0.006,6.607,6.599,0.188,0.188,0.194,25.990,642180
1782481423483,45,-45,0.000,6.615,6.607,0.220,0.188,0.172,25.990,642213
1782481423515,40,-40,0.000,6.615,6.615,0.188,0.188,0.172,25.990,642246
1782481423547,37,-37,0.000,6.615,6.607,0.220,0.188,0.172,26.077,642279
1782481423581,32,-32,0.000,6.615,6.607,0.188,0.157,0.194,25.990,642312
1782481423614,27,-27,0.000,6.615,6.615,0.188,0.126,0.204,25.990,642345
1782481423646,30,-30,0.000,6.615,6.607,0.188,0.188,0.172,25.990,642378
1782481423680,35,-35,0.000,6.607,6.607,0.157,0.157,0.188,25.990,642411
1782481423713,40,-40,0.000,6.624,6.615,0.157,0.157,0.172,26.077,642444
1782481423746,42,-42,0.000,6.615,6.607,0.188,0.157,0.204,25.990,642477
1782481423779,47,-47,0.000,6.607,6.607,0.188,0.157,0.194,25.990,642510
1782481423812,52,-52,0.000,6.615,6.607,0.188,0.157,0.161,26.077,642543
1782481423846,55,-55,0.000,6.615,6.607,0.188,0.157,0.183,25.990,642576
1782481423879,60,-60,0.000,6.624,6.615,0.188,0.188,0.194,25.990,642609
1782481423912,65,-65,0.000,6.615,6.607,0.188,0.157,0.172,26.077,642642
1782481423945,67,-67,0.000,6.607,6.607,0.157,0.126,0.204,25.990,642675
1782481423988,72,-72,0.000,6.615,6.607,0.188,0.188,0.194,25.990,642708
1782481424021,77,-77,0.000,6.615,6.607,0.188,0.157,0.188,25.990,642741
1782481424054,82,-82,0.000,6.607,6.607,0.188,0.157,0.172,25.990,642774
1782481424087,85,-85,0.000,6.615,6.607,0.188,0.157,0.161,25.990,642807
1782481424120,90,-90,0.000,6.607,6.607,0.188,0.157,0.199,26.077,642840
1782481424153,95,-95,0.006,6.615,6.607,0.188,0.157,0.204,25.990,642873
1782481424186,92,-92,0.000,6.615,6.607,0.188,0.188,0.194,25.990,642906
1782481424219,87,-87,0.000,6.607,6.607,0.157,0.157,0.156,25.990,642939
1782481424252,82,-82,0.000,6.615,6.607,0.188,0.157,0.161,25.990,642972
1782481424288,80,-80,0.000,6.607,6.607,0.188,0.157,0.156,25.990,643005
1782481424318,75,-75,0.000,6.615,6.607,0.188,0.157,0.118,25.990,643038
1782481424351,70,-70,0.000,6.615,6.615,0.188,0.188,0.118,25.990,643071
1782481424391,67,-67,0.000,6.615,6.615,0.188,0.157,0.172,25.990,643104
1782481424418,72,-72,0.000,6.615,6.615,0.188,0.157,0.134,25.990,643137
1782481424450,75,-75,0.006,6.607,6.599,0.188,0.188,0.151,26.077,643170
1782481424488,80,-80,0.000,6.615,6.591,0.157,0.157,0.156,25.990,643203
1782481424516,85,-85,0.000,6.615,6.615,0.188,0.126,0.129,26.077,643236
1782481424549,87,-87,0.000,6.615,6.615,0.188,0.157,0.129,25.990,643269
1782481424582,92,-92,0.000,6.615,6.607,0.157,0.188,0.151,25.990,643302
1782481424616,97,-97,0.000,6.624,6.615,0.157,0.126,0.129,26.077,643335
1782481424649,100,-100,0.000,6.624,6.615,0.157,0.157,0.134,25.990,643368
1782481424681,105,-105,0.006,6.615,6.607,0.188,0.188,0.118,26.077,643401
1782481424716,110,-110,0.000,6.599,6.599,0.188,0.251,0.129,25.990,643434
1782481424747,112,-112,0.000,6.607,6.599,0.188,0.251,0.134,25.990,643467
1782481424779,117,-117,0.000,6.591,6.591,0.251,0.251,0.129,25.990,643500
1782481424814,122,-122,0.006,6.599,6.582,0.251,0.251,0.118,25.990,643533
1782481424846,125,-125,0.000,6.582,6.607,0.220,0.251,0.129,25.990,643566
1782481424879,130,-130,0.000,6.582,6.574,0.251,0.251,0.129,25.990,643599
1782481424912,125,-125,0.000,6.582,6.582,0.220,0.282,0.129,25.990,643632
1782481424945,122,-122,0.000,6.566,6.557,0.345,0.314,0.124,25.990,643665
1782481424978,117,-117,0.000,6.582,6.574,0.251,0.345,0.124,25.990,643698
1782481425011,115,-115,0.000,6.574,6.582,0.251,0.314,0.118,25.990,643731
1782481425044,110,-110,0.000,6.591,6.582,0.251,0.251,0.129,25.990,643764
1782481425083,105,-105,0.006,6.591,6.591,0.251,0.251,0.124,26.077,643797
1782481425110,102,-102,0.006,6.591,6.574,0.282,0.251,0.140,25.990,643830
1782481425143,97,-97,0.000,6.599,6.599,0.188,0.251,0.124,25.990,643863
1782481425176,92,-92,0.006,6.599,6.591,0.188,0.251,0.129,26.077,643896
1782481425211,90,-90,0.006,6.615,6.615,0.157,0.157,0.129,25.990,643929
1782481425242,85,-85,0.000,6.624,6.624,0.188,0.157,0.124,25.990,643962
1782481425276,80,-80,0.000,6.624,6.615,0.188,0.157,0.129,25.990,643995
1782481425313,75,-75,0.000,6.615,6.624,0.126,0.188,0.129,25.990,644028
1782481425342,72,-72,0.000,6.615,6.615,0.188,0.188,0.134,25.990,644061
1782481425375,67,-67,0.000,6.615,6.615,0.220,0.126,0.129,25.990,644094
1782481425411,65,-65,0.000,6.624,6.607,0.157,0.157,0.129,25.990,644127
1782481425450,60,-60,0.000,6.624,6.607,0.188,0.126,0.124,25.990,644160
1782481425476,55,-55,0.000,6.607,6.615,0.188,0.157,0.156,25.990,644193
1782481425508,52,-52,0.000,6.624,6.624,0.188,0.157,0.129,25.990,644226
1782481425542,47,-47,0.000,6.615,6.599,0.157,0.188,0.134,25.990,644259
1782481425575,42,-42,0.000,6.615,6.607,0.188,0.126,0.129,25.990,644292
1782481425608,40,-40,0.000,6.624,6.615,0.157,0.157,0.124,25.990,644325
1782481425641,35,-35,0.000,6.615,6.615,0.157,0.157,0.140,25.990,644358
1782481425675,30,-30,0.000,6.615,6.607,0.188,0.157,0.129,25.990,644391
1782481425708,27,-27,0.000,6.615,6.607,0.188,0.157,0.199,25.990,644424
1782481425743,22,-22,0.000,6.607,6.607,0.188,0.188,0.151,25.990,644457
1782481425775,17,-17,0.000,6.615,6.607,0.188,0.157,0.183,25.990,644490
1782481425813,12,-12,0.000,6.607,6.615,0.188,0.220,0.183,26.077,644523
1782481425841,10,-10,0.000,6.607,6.615,0.188,0.157,0.167,25.990,644556
1782481425881,5,-5,0.000,6.607,6.607,0.188,0.157,0.161,25.990,644589
1782481425907,2,-2,0.006,6.607,6.607,0.188,0.157,0.183,25.990,644622
1782481425942,0,0,0.000,6.615,6.607,0.157,0.157,0.172,25.990,644655
1782481425974,0,0,0.000,6.607,6.607,0.220,0.157,0.199,26.077,644688
1782481426007,0,0,0.000,6.607,6.615,0.188,0.188,0.177,25.990,644721
1782481426043,0,0,0.000,6.607,6.607,0.157,0.157,0.183,26.077,644754
1782481426074,0,0,0.000,6.615,6.607,0.188,0.188,0.167,25.990,644787
1782481426107,0,0,0.000,6.615,6.607,0.157,0.157,0.172,25.990,644820
1782481426154,0,0,0.000,6.607,6.607,0.188,0.157,0.172,25.990,644853
1782481426176,0,0,0.000,6.615,6.607,0.188,0.157,0.161,25.990,644886
1782481426207,0,0,0.000,6.615,6.607,0.188,0.157,0.172,26.077,644919
1782481426240,0,0,0.000,6.607,6.599,0.188,0.157,0.183,25.990,644952
1782481426273,0,0,0.006,6.615,6.607,0.188,0.157,0.194,25.990,644985
1782481426308,0,0,0.000,6.615,6.607,0.188,0.188,0.188,25.990,645018
1782481426340,0,0,0.000,6.615,6.607,0.157,0.157,0.172,25.990,645051
1782481426373,0,0,0.000,6.615,6.607,0.188,0.157,0.167,25.990,645084
1782481426406,0,0,0.000,6.615,6.607,0.157,0.157,0.156,25.990,645117
1782481426440,0,0,0.006,6.615,6.599,0.188,0.126,0.183,25.990,645150
1782481426473,0,0,0.000,6.615,6.607,0.157,0.157,0.183,25.990,645183
1782481426506,0,0,0.000,6.615,6.615,0.157,0.126,0.172,25.990,645216
1782481426542,0,0,0.000,6.607,6.607,0.188,0.157,0.199,25.990,645249
1782481426572,0,0,0.000,6.607,6.615,0.188,0.157,0.172,25.990,645282
1782481426607,0,0,0.000,6.615,6.615,0.188,0.157,0.183,25.990,645315
1782481426643,0,0,0.000,6.615,6.607,0.188,0.157,0.188,26.077,645348
1782481426673,0,0,0.000,6.615,6.607,0.157,0.157,0.172,25.990,645381
1782481426708,0,0,0.000,6.615,6.607,0.188,0.188,0.188,25.990,645414
1782481426741,0,0,0.000,6.624,6.615,0.188,0.188,0.177,25.990,645447
1782481426772,0,0,0.000,6.615,6.607,0.188,0.157,0.172,25.990,645480
1782481426805,0,0,0.000,6.615,6.607,0.188,0.157,0.204,25.990,645513
1782481426839,0,0,0.000,6.615,6.607,0.157,0.126,0.194,25.990,645546
1782481426872,0,0,0.000,6.615,6.607,0.188,0.188,0.161,25.990,645579
1782481426905,0,0,0.000,6.615,6.607,0.188,0.188,0.194,25.990,645612
1782481426938,0,0,0.000,6.624,6.607,0.188,0.157,0.172,25.990,645645
1782481426972,0,0,0.006,6.607,6.607,0.220,0.157,0.161,25.990,645678
1782481427005,0,0,0.000,6.624,6.607,0.188,0.157,0.188,26.077,645711
1782481427038,0,0,0.000,6.615,6.607,0.188,0.157,0.177,25.990,645744
1782481427075,0,0,0.000,6.624,6.607,0.188,0.157,0.194,25.990,645777
1782481427104,0,0,0.006,6.607,6.607,0.188,0.157,0.172,26.077,645810
1782481427138,0,0,0.000,6.607,6.607,0.188,0.157,0.177,25.990,645843
1782481427171,0,0,0.000,6.615,6.607,0.188,0.157,0.194,25.990,645876
1782481427205,0,0,0.000,6.615,6.599,0.220,0.157,0.188,25.990,645909
1782481427238,0,0,0.000,6.615,6.607,0.188,0.157,0.194,25.990,645942
1782481427272,0,0,0.000,6.624,6.607,0.188,0.157,0.194,25.990,645975
1782481427304,0,0,0.000,6.632,6.607,0.188,0.157,0.172,25.990,646008
1782481427338,0,0,0.000,6.607,6.599,0.188,0.157,0.183,26.077,646041
1782481427373,0,0,0.000,6.607,6.599,0.188,0.157,0.161,25.990,646074
1782481427408,0,0,0.000,6.615,6.615,0.157,0.157,0.161,25.990,646107
1782481427439,0,0,0.006,6.615,6.615,0.188,0.188,0.177,26.077,646140
1782481427471,0,0,0.000,6.615,6.607,0.188,0.188,0.161,25.990,646173
1782481427504,0,0,0.000,6.615,6.607,0.188,0.157,0.194,25.990,646206
1782481427537,0,0,0.000,6.607,6.607,0.157,0.188,0.177,25.990,646239
1782481427570,0,0,0.000,6.599,6.607,0.157,0.126,0.177,25.990,646272
1782481427604,0,0,0.000,6.615,6.607,0.188,0.188,0.194,25.990,646305
1782481427637,0,0,0.000,6.615,6.607,0.188,0.157,0.177,25.990,646338
1782481427670,0,0,0.000,6.615,6.615,0.188,0.157,0.183,25.990,646371
1782481427703,0,0,0.000,6.615,6.615,0.188,0.157,0.172,25.990,646404
1782481427737,0,0,0.000,6.615,6.599,0.188,0.157,0.199,26.077,646437
1782481427777,5,5,0.000,6.632,6.607,0.188,0.157,0.161,25.990,646470
1782481427803,7,7,0.000,6.607,6.607,0.157,0.126,0.215,25.990,646503
1782481427836,12,12,0.000,6.607,6.615,0.188,0.126,0.172,25.990,646536
1782481427873,15,15,0.000,6.615,6.607,0.188,0.220,0.194,25.990,646569
1782481427902,20,20,0.000,6.607,6.607,0.188,0.157,0.172,25.990,646602
1782481427944,25,25,0.000,6.615,6.615,0.188,0.157,0.183,26.077,646635
1782481427983,30,30,0.000,6.615,6.607,0.157,0.157,0.194,25.990,646668
1782481428004,32,32,0.000,6.615,6.615,0.157,0.188,0.172,25.990,646701
1782481428036,37,37,0.000,6.615,6.607,0.188,0.157,0.199,25.990,646734
1782481428073,40,40,0.000,6.615,6.599,0.188,0.157,0.183,25.990,646767
1782481428104,45,45,0.000,6.615,6.607,0.188,0.157,0.172,25.990,646800
1782481428136,50,50,0.000,6.607,6.599,0.157,0.157,0.172,25.990,646833
1782481428169,52,52,0.000,6.615,6.607,0.157,0.157,0.172,25.990,646866
1782481428202,57,57,0.000,6.607,6.607,0.188,0.157,0.177,25.990,646899
1782481428235,60,60,0.000,6.624,6.607,0.188,0.157,0.183,26.077,646932
1782481428282,67,67,0.000,6.615,6.607,0.188,0.157,0.188,25.990,646965
1782481428311,70,70,0.006,6.624,6.615,0.188,0.157,0.161,25.990,646998
1782481428344,75,75,0.006,6.607,6.615,0.188,0.157,0.194,26.077,647031
1782481428385,80,80,0.000,6.632,6.615,0.188,0.157,0.194,26.077,647064
1782481428409,82,82,0.000,6.607,6.607,0.188,0.188,0.156,25.990,647097
1782481428443,87,87,0.000,6.624,6.624,0.188,0.220,0.172,25.990,647130
1782481428476,90,90,0.000,6.607,6.607,0.188,0.188,0.177,26.077,647163
1782481428509,95,95,0.006,6.607,6.607,0.188,0.188,0.194,25.990,647196
1782481428541,100,100,0.000,6.624,6.615,0.188,0.188,0.177,25.990,647229
1782481428575,102,102,0.000,6.624,6.615,0.188,0.157,0.140,26.077,647262
1782481428609,107,107,0.006,6.607,6.599,0.282,0.188,0.134,25.990,647295
1782481428642,112,112,0.000,6.599,6.599,0.251,0.220,0.118,26.077,647328
1782481428674,115,115,0.006,6.591,6.591,0.251,0.251,0.129,26.077,647361
1782481428708,120,120,0.000,6.591,6.591,0.251,0.251,0.113,25.990,647394
1782481428741,125,125,0.000,6.599,6.599,0.251,0.220,0.118,25.990,647427
1782481428773,127,127,0.000,6.582,6.582,0.282,0.251,0.145,25.990,647460
1782481428808,132,132,0.000,6.574,6.574,0.377,0.282,0.129,25.990,647493
1782481428839,137,137,0.000,6.557,6.541,0.502,0.314,0.177,25.990,647526
1782481428872,140,140,0.006,6.557,6.549,0.502,0.251,0.124,25.990,647559
1782481428905,145,145,0.000,6.557,6.549,0.502,0.282,0.129,25.990,647592
1782481428938,147,147,0.000,6.533,6.524,0.533,0.471,0.129,25.990,647625
1782481428971,152,152,0.000,6.533,6.524,0.628,0.408,0.113,26.077,647658
1782481429004,157,157,0.000,6.566,6.557,0.377,0.345,0.118,25.990,647691
1782481429037,160,160,0.000,6.566,6.557,0.408,0.251,0.129,25.990,647724
1782481429071,165,165,0.000,6.557,6.549,0.377,0.377,0.161,25.990,647757
1782481429104,170,170,0.000,6.557,6.549,0.408,0.251,0.124,25.990,647790
1782481429145,175,175,0.000,6.574,6.549,0.408,0.251,0.134,25.990,647823
1782481429169,177,177,0.000,6.566,6.549,0.408,0.314,0.140,25.990,647856
1782481429205,182,182,0.000,6.549,6.549,0.502,0.314,0.129,25.990,647889
1782481429235,185,185,0.006,6.557,6.541,0.439,0.282,0.129,25.990,647922
1782481429268,190,190,0.000,6.566,6.557,0.408,0.282,0.161,26.077,647955
1782481429305,195,195,0.000,6.549,6.541,0.565,0.251,0.129,25.990,647988
1782481429334,197,197,0.000,6.549,6.541,0.439,0.314,0.145,25.990,648021
1782481429367,202,202,0.000,6.557,6.541,0.471,0.314,0.151,26.077,648054
1782481429410,207,207,0.000,6.541,6.541,0.533,0.314,0.129,25.990,648087
1782481429433,210,210,0.000,6.533,6.524,0.659,0.314,0.134,25.990,648120
1782481429465,215,215,0.000,6.533,6.516,0.533,0.408,0.156,25.990,648153
1782481429499,217,217,0.000,6.533,6.524,0.596,0.377,0.124,25.990,648186
1782481429533,222,222,0.000,6.524,6.508,0.722,0.439,0.129,26.077,648219
1782481429566,227,227,0.000,6.516,6.508,0.690,0.471,0.129,25.990,648252
1782481429616,232,232,0.006,6.516,6.508,0.690,0.439,0.129,25.990,648285
1782481429636,235,235,0.000,6.508,6.499,0.722,0.471,0.129,25.990,648318
1782481429665,240,240,0.000,6.516,6.516,0.690,0.502,0.129,25.990,648351
1782481429699,242,242,0.000,6.499,6.483,0.816,0.439,0.129,26.077,648384
1782481429731,247,247,0.000,6.499,6.491,0.659,0.471,0.129,26.077,648417
1782481429766,252,252,0.000,6.483,6.475,0.816,0.533,0.124,25.990,648450
1782481429798,255,255,0.006,6.475,6.450,1.004,0.502,0.129,25.990,648483
1782481429832,260,260,0.000,6.458,6.450,0.879,0.847,0.129,25.990,648516
1782481429865,255,255,0.006,6.458,6.458,1.098,0.596,0.151,25.990,648549
1782481429898,252,252,0.000,6.466,6.450,0.722,0.816,0.124,25.990,648582
1782481429934,247,247,0.006,6.475,6.458,0.722,0.659,0.129,25.990,648615
1782481429965,242,242,0.000,6.466,6.458,0.910,0.722,0.134,26.077,648648
1782481430001,237,237,0.000,6.483,6.466,0.753,0.628,0.199,26.077,648681
1782481430039,235,235,0.000,6.483,6.466,0.659,0.722,0.188,25.990,648714
1782481430065,230,230,0.000,6.483,6.458,0.722,0.628,0.177,25.990,648747
1782481430097,227,227,0.000,6.491,6.475,0.753,0.628,0.188,25.990,648780
1782481430130,222,222,0.000,6.491,6.475,0.784,0.596,0.199,25.990,648813
1782481430164,217,217,0.000,6.499,6.483,0.847,0.377,0.194,25.990,648846
1782481430197,215,215,0.000,6.499,6.491,0.847,0.439,0.204,25.990,648879
1782481430231,210,210,0.000,6.524,6.516,0.565,0.377,0.183,26.077,648912
1782481430263,205,205,0.000,6.524,6.516,0.596,0.345,0.156,25.990,648945
1782481430301,200,200,0.000,6.524,6.508,0.628,0.345,0.199,25.990,648978
1782481430344,195,195,0.000,6.541,6.524,0.471,0.314,0.199,25.990,649011
1782481430364,192,192,0.000,6.533,6.524,0.533,0.314,0.161,25.990,649044
1782481430403,187,187,0.000,6.541,6.524,0.471,0.282,0.194,26.077,649077
1782481430437,185,185,0.000,6.533,6.524,0.565,0.282,0.194,26.077,649110
1782481430463,180,180,0.000,6.541,6.524,0.502,0.251,0.194,25.990,649143
1782481430497,177,177,0.000,6.557,6.541,0.377,0.314,0.167,25.990,649176
1782481430536,172,172,0.000,6.557,6.549,0.314,0.251,0.177,25.990,649209
1782481430563,167,167,0.000,6.549,6.541,0.502,0.282,0.177,25.990,649242
1782481430597,165,165,0.000,6.557,6.549,0.251,0.220,0.194,25.990,649275
1782481430633,160,160,0.000,6.566,6.549,0.377,0.220,0.188,25.990,649308
1782481430664,155,155,0.000,6.566,6.557,0.345,0.220,0.194,26.077,649341
1782481430696,152,152,0.000,6.574,6.557,0.251,0.157,0.188,25.990,649374
1782481430729,147,147,0.006,6.574,6.574,0.251,0.251,0.156,25.990,649407
1782481430763,142,142,0.000,6.574,6.566,0.314,0.188,0.183,25.990,649440
1782481430796,140,140,0.000,6.574,6.574,0.251,0.220,0.199,25.990,649473
1782481430829,135,135,0.000,6.574,6.574,0.220,0.188,0.183,25.990,649506
1782481430863,130,130,0.006,6.574,6.574,0.314,0.188,0.156,26.077,649539
1782481430896,127,127,0.000,6.574,6.566,0.282,0.188,0.183,26.077,649572
1782481430929,122,122,0.000,6.574,6.566,0.282,0.188,0.199,26.077,649605
1782481430962,120,120,0.000,6.557,6.557,0.314,0.188,0.188,25.990,649638
1782481430996,115,115,0.000,6.574,6.566,0.282,0.188,0.204,26.077,649671
1782481431028,110,110,0.000,6.574,6.566,0.314,0.188,0.183,25.990,649704
1782481431062,107,107,0.000,6.574,6.566,0.251,0.188,0.183,26.077,649737
1782481431095,102,102,0.000,6.574,6.566,0.251,0.220,0.199,26.077,649770
1782481431129,97,97,0.006,6.582,6.566,0.251,0.188,0.194,25.990,649803
1782481431163,95,95,0.000,6.582,6.566,0.220,0.157,0.172,25.990,649836
1782481431197,90,90,0.000,6.582,6.566,0.251,0.220,0.172,25.990,649869
1782481431229,85,85,0.000,6.591,6.582,0.220,0.188,0.167,25.990,649902
1782481431265,80,80,0.000,6.599,6.607,0.188,0.157,0.177,25.990,649935
1782481431299,77,77,0.000,6.599,6.591,0.220,0.188,0.183,25.990,649968
1782481431328,72,72,0.000,6.599,6.591,0.188,0.157,0.183,25.990,650001
1782481431362,70,70,0.000,6.615,6.607,0.188,0.157,0.177,25.990,650034
1782481431394,65,65,0.006,6.607,6.599,0.188,0.157,0.177,25.990,650067
1782481431428,60,60,0.000,6.599,6.599,0.157,0.188,0.194,25.990,650100
1782481431461,57,57,0.000,6.599,6.591,0.188,0.188,0.188,25.990,650133
1782481431495,52,52,0.000,6.599,6.599,0.188,0.157,0.161,26.077,650166
1782481431527,47,47,0.000,6.599,6.599,0.157,0.157,0.172,26.077,650199
1782481431561,45,45,0.000,6.591,6.599,0.188,0.157,0.204,25.990,650232
1782481431594,40,40,0.000,6.607,6.591,0.188,0.188,0.177,25.990,650265
1782481431627,35,35,0.000,6.599,6.599,0.188,0.157,0.167,25.990,650298
1782481431662,32,32,0.000,6.607,6.599,0.188,0.157,0.188,25.990,650331
1782481431698,27,27,0.000,6.607,6.591,0.188,0.157,0.194,26.077,650364
1782481431727,22,22,0.000,6.607,6.607,0.188,0.157,0.194,25.990,650397
1782481431764,20,20,0.000,6.599,6.591,0.188,0.188,0.194,25.990,650430
1782481431794,15,15,0.000,6.599,6.599,0.188,0.157,0.204,25.990,650463
1782481431827,10,10,0.000,6.607,6.599,0.157,0.126,0.199,26.077,650496
1782481431862,7,7,0.000,6.599,6.607,0.188,0.126,0.188,25.990,650529
1782481431893,2,2,0.000,6.607,6.599,0.126,0.157,0.188,25.990,650562
1782481431928,0,0,0.000,6.607,6.599,0.188,0.157,0.188,26.077,650595
1782481431961,0,0,0.006,6.607,6.599,0.188,0.126,0.156,25.990,650628
1782481431993,0,0,0.000,6.607,6.591,0.188,0.157,0.183,26.077,650661
1782481432027,0,0,0.000,6.607,6.599,0.188,0.188,0.199,25.990,650694
1782481432059,0,0,0.000,6.599,6.599,0.188,0.157,0.177,25.990,650727
1782481432093,0,0,0.000,6.607,6.599,0.188,0.157,0.194,25.990,650760
1782481432126,0,0,0.000,6.607,6.599,0.188,0.157,0.194,25.990,650793
1782481432159,0,0,0.000,6.607,6.599,0.188,0.157,0.194,25.990,650826
1782481432194,0,0,0.000,6.607,6.607,0.157,0.126,0.172,25.990,650859
1782481432226,0,0,0.000,6.599,6.599,0.188,0.157,0.177,25.990,650892
1782481432259,0,0,0.000,6.599,6.599,0.220,0.188,0.199,25.990,650925
1782481432293,0,0,0.000,6.615,6.591,0.220,0.126,0.188,25.990,650958
1782481432326,0,0,0.000,6.607,6.599,0.126,0.188,0.177,26.077,650991
1782481432360,0,0,0.000,6.607,6.599,0.157,0.188,0.183,25.990,651024
1782481432393,0,0,0.000,6.607,6.599,0.188,0.157,0.172,26.077,651057
1782481432426,0,0,0.006,6.607,6.599,0.188,0.157,0.188,25.990,651090
1782481432459,0,0,0.000,6.599,6.599,0.188,0.126,0.177,25.990,651123
1782481432494,0,0,0.006,6.599,6.591,0.157,0.126,0.204,26.077,651156
1782481432526,0,0,0.000,6.607,6.599,0.188,0.157,0.188,26.077,651189
1782481432568,0,0,0.000,6.599,6.599,0.188,0.157,0.177,25.990,651222
1782481432601,0,0,0.000,6.607,6.599,0.188,0.126,0.183,25.990,651255
1782481432634,0,0,0.000,6.607,6.607,0.126,0.157,0.167,25.990,651288
1782481432675,0,0,0.000,6.607,6.607,0.188,0.126,0.177,25.990,651321
1782481432717,0,0,0.000,6.607,6.599,0.188,0.157,0.167,25.990,651354
1782481432733,0,0,0.000,6.607,6.607,0.188,0.157,0.156,25.990,651387
1782481432766,0,0,0.000,6.607,6.599,0.188,0.188,0.177,26.077,651420
1782481432801,0,0,0.000,6.607,6.599,0.188,0.126,0.194,25.990,651453
1782481432832,0,0,0.000,6.615,6.599,0.188,0.188,0.140,25.990,651486
1782481432866,0,0,0.000,6.607,6.607,0.188,0.157,0.156,25.990,651519
1782481432905,0,0,0.000,6.615,6.599,0.188,0.157,0.129,26.077,651552
1782481432945,0,0,0.000,6.624,6.607,0.188,0.157,0.129,25.990,651585
1782481432964,0,0,0.000,6.607,6.607,0.220,0.157,0.129,26.077,651618
1782481432997,0,0,0.000,6.615,6.607,0.188,0.188,0.140,25.990,651651
1782481433030,0,0,0.000,6.607,6.607,0.157,0.188,0.134,25.990,651684
1782481433062,0,0,0.000,6.607,6.599,0.188,0.157,0.113,25.990,651717
1782481433097,0,0,0.000,6.607,6.607,0.251,0.188,0.129,25.990,651750
1782481433129,0,0,0.006,6.607,6.591,0.188,0.157,0.156,26.077,651783
1782481433162,0,0,0.006,6.615,6.607,0.188,0.157,0.129,25.990,651816
1782481433197,0,0,0.000,6.607,6.607,0.188,0.157,0.124,25.990,651849
1782481433228,0,0,0.000,6.607,6.607,0.188,0.157,0.177,25.990,651882
1782481433261,0,0,0.000,6.615,6.607,0.188,0.157,0.124,26.077,651915
1782481433299,0,0,0.000,6.615,6.607,0.188,0.157,0.129,26.077,651948
1782481433327,0,0,0.000,6.615,6.599,0.188,0.157,0.129,26.077,651981
1782481433360,0,0,0.000,6.624,6.607,0.188,0.157,0.134,26.077,652014
1782481433393,0,0,0.000,6.615,6.607,0.188,0.188,0.124,25.990,652047
1782481433426,0,0,0.000,6.615,6.607,0.188,0.188,0.129,25.990,652080
1782481433459,0,0,0.006,6.615,6.607,0.188,0.157,0.129,25.990,652113
1782481433492,0,0,0.000,6.615,6.624,0.188,0.126,0.129,25.990,652146
1782481433526,0,0,0.000,6.607,6.599,0.188,0.188,0.129,25.990,652179
1782481433558,0,0,0.006,6.607,6.607,0.157,0.157,0.124,25.990,652212
1782481433596,0,0,0.000,6.615,6.607,0.188,0.157,0.129,25.990,652245
1782481433624,0,0,0.000,6.607,6.607,0.188,0.157,0.161,25.990,652278
1782481433657,0,0,0.000,6.607,6.607,0.188,0.188,0.129,26.077,652311
1782481433690,0,0,0.000,6.615,6.607,0.188,0.157,0.129,25.990,652344
1782481433723,0,0,0.000,6.624,6.607,0.188,0.157,0.129,26.077,652377
1782481433756,0,0,0.000,6.615,6.607,0.188,0.157,0.124,25.990,652410
1782481433789,0,0,0.000,6.624,6.615,0.188,0.157,0.129,26.077,652443
1782481433825,0,0,0.000,6.615,6.607,0.188,0.157,0.129,26.077,652476
1782481433855,0,0,0.000,6.607,6.607,0.188,0.126,0.129,25.990,652509
1782481433888,0,0,0.006,6.615,6.615,0.188,0.126,0.118,26.077,652542
1782481433922,0,0,0.000,6.615,6.607,0.220,0.157,0.129,25.990,652575
1782481433976,0,0,0.006,6.615,6.607,0.188,0.157,0.118,25.990,652608
1782481434002,0,0,0.000,6.607,6.607,0.188,0.188,0.124,25.990,652641
1782481434022,0,0,0.000,6.607,6.591,0.157,0.157,0.177,25.990,652674
1782481434055,0,0,0.000,6.615,6.607,0.188,0.157,0.151,25.990,652707
1782481434089,0,0,0.000,6.607,6.615,0.188,0.157,0.124,25.990,652740
1782481434121,0,0,0.000,6.624,6.615,0.157,0.157,0.124,25.990,652773
1782481434155,0,0,0.000,6.607,6.607,0.188,0.157,0.151,25.990,652806
1782481434187,0,0,0.000,6.615,6.607,0.188,0.188,0.124,25.990,652839
1782481434222,0,0,0.000,6.624,6.607,0.157,0.126,0.129,25.990,652872
1782481434261,0,0,0.006,6.615,6.607,0.188,0.157,0.167,25.990,652905
1782481434288,0,0,0.000,6.615,6.607,0.188,0.157,0.161,26.077,652938
1782481434323,0,0,0.000,6.615,6.607,0.188,0.188,0.151,25.990,652971
1782481434354,0,0,0.000,6.615,6.615,0.220,0.157,0.156,26.077,653004
1782481434387,0,0,0.000,6.607,6.607,0.188,0.157,0.199,26.077,653037
1782481434426,0,0,0.000,6.615,6.607,0.188,0.157,0.194,26.077,653070
1782481434454,0,0,0.000,6.607,6.607,0.157,0.157,0.194,25.990,653103
1782481434488,0,0,0.000,6.599,6.599,0.188,0.157,0.172,26.077,653136
1782481434521,0,0,0.000,6.607,6.607,0.157,0.157,0.156,25.990,653169
1782481434556,0,0,0.000,6.607,6.607,0.157,0.188,0.167,25.990,653202
1782481434587,0,0,0.000,6.607,6.599,0.188,0.157,0.177,25.990,653235
1782481434620,0,0,0.000,6.615,6.607,0.188,0.157,0.172,25.990,653268
1782481434653,0,0,0.000,6.615,6.607,0.188,0.157,0.188,25.990,653301
1782481434687,0,0,0.006,6.607,6.607,0.188,0.157,0.183,26.077,653334
1782481434719,0,0,0.000,6.599,6.615,0.188,0.188,0.188,26.077,653367
1782481434754,0,0,0.000,6.615,6.607,0.188,0.157,0.156,26.077,653400
1782481434789,0,0,0.000,6.607,6.607,0.188,0.157,0.183,25.990,653433
1782481434820,0,0,0.006,6.607,6.599,0.188,0.188,0.172,25.990,653466
1782481434853,0,0,0.000,6.615,6.607,0.188,0.188,0.183,25.990,653499
1782481434887,0,0,0.000,6.615,6.599,0.157,0.157,0.151,26.077,653532
1782481434920,0,0,0.000,6.607,6.607,0.188,0.188,0.188,25.990,653565
1782481434953,0,0,0.000,6.615,6.607,0.188,0.157,0.172,25.990,653598
1782481434991,0,0,0.000,6.615,6.607,0.188,0.157,0.199,25.990,653631
1782481435019,0,0,0.000,6.607,6.607,0.188,0.126,0.177,25.990,653664
1782481435054,0,0,0.006,6.607,6.607,0.157,0.188,0.188,25.990,653697
1782481435085,0,0,0.000,6.607,6.615,0.188,0.157,0.161,25.990,653730
1782481435119,0,0,0.000,6.607,6.599,0.188,0.188,0.177,25.990,653763
1782481435152,0,0,0.000,6.607,6.607,0.188,0.157,0.172,25.990,653796
1782481435186,0,0,0.000,6.607,6.607,0.157,0.157,0.194,25.990,653829
1782481435219,0,0,0.000,6.607,6.599,0.188,0.157,0.183,26.077,653862
1782481435252,0,0,0.006,6.607,6.607,0.188,0.188,0.177,25.990,653895
1782481435286,0,0,0.000,6.607,6.599,0.188,0.157,0.188,26.077,653928
1782481435319,0,0,0.000,6.607,6.607,0.188,0.188,0.172,25.990,653961
1782481435351,0,0,0.000,6.607,6.599,0.188,0.157,0.183,25.990,653994
1782481435385,0,0,0.000,6.615,6.607,0.188,0.157,0.156,25.990,654027
1782481435419,0,0,0.000,6.607,6.607,0.220,0.157,0.188,25.990,654060
1782481435451,0,0,0.000,6.607,6.615,0.157,0.126,0.183,25.990,654093
1782481435484,0,0,0.000,6.607,6.607,0.188,0.157,0.194,25.990,654126
1782481435519,0,0,0.000,6.607,6.607,0.188,0.157,0.183,25.990,654159
1782481435552,0,0,0.000,6.607,6.599,0.220,0.188,0.177,25.990,654192
1782481435584,0,0,0.000,6.607,6.607,0.188,0.157,0.194,25.990,654225
1782481435618,0,0,0.000,6.599,6.607,0.188,0.188,0.172,26.077,654258
1782481435652,0,0,0.000,6.615,6.607,0.188,0.157,0.167,26.077,654291
1782481435690,0,0,0.000,6.624,6.607,0.188,0.157,0.161,25.990,654324
1782481435718,0,0,0.000,6.607,6.607,0.188,0.157,0.183,26.077,654357
1782481435751,0,0,0.000,6.607,6.607,0.188,0.157,0.194,25.990,654390
1782481435783,0,0,0.000,6.607,6.607,0.188,0.126,0.194,25.990,654423
1782481435817,0,0,0.000,6.615,6.607,0.188,0.157,0.172,25.990,654456
1782481435850,0,0,0.000,6.615,6.607,0.188,0.157,0.177,25.990,654489
1782481435884,0,0,0.000,6.615,6.599,0.157,0.157,0.167,26.077,654522
1782481435917,0,0,0.006,6.607,6.607,0.188,0.157,0.183,25.990,654555
1782481435951,0,0,0.000,6.607,6.599,0.157,0.157,0.199,25.990,654588
1782481435983,0,0,0.000,6.632,6.607,0.188,0.126,0.161,25.990,654621
1782481436017,0,0,0.006,6.615,6.607,0.157,0.126,0.156,25.990,654654
1782481436050,0,0,0.000,6.607,6.607,0.188,0.188,0.188,25.990,654687
1782481436083,0,0,0.000,6.615,6.607,0.188,0.157,0.167,25.990,654720
1782481436122,0,0,0.000,6.615,6.591,0.188,0.157,0.183,25.990,654753
1782481436149,0,0,0.000,6.624,6.607,0.188,0.157,0.194,25.990,654786
1782481436192,0,0,0.000,6.607,6.607,0.188,0.157,0.188,25.990,654819
1782481436216,0,0,0.000,6.624,6.607,0.157,0.157,0.161,25.990,654852
1782481436250,0,0,0.006,6.607,6.607,0.188,0.157,0.172,25.990,654885
1782481436283,0,0,0.000,6.607,6.615,0.188,0.188,0.183,25.990,654918
1782481436316,0,0,0.000,6.615,6.607,0.188,0.157,0.188,25.990,654951
1782481436350,0,0,0.000,6.615,6.607,0.188,0.157,0.194,25.990,654984
1782481436385,0,0,0.000,6.607,6.607,0.188,0.157,0.188,26.077,655017
1782481436416,0,0,0.006,6.607,6.607,0.188,0.188,0.161,25.990,655050
1782481436449,0,0,0.006,6.615,6.615,0.188,0.157,0.194,25.990,655083
1782481436483,0,0,0.000,6.624,6.607,0.157,0.157,0.194,25.990,655116
1782481436517,0,0,0.000,6.615,6.607,0.188,0.157,0.172,26.077,655149
1782481436549,0,0,0.000,6.607,6.599,0.188,0.157,0.183,25.990,655182
1782481436582,0,0,0.000,6.615,6.607,0.188,0.188,0.188,25.990,655215
1782481436618,0,0,0.000,6.615,6.607,0.188,0.188,0.172,25.990,655248
1782481436649,0,0,0.000,6.615,6.607,0.188,0.157,0.161,26.077,655281
1782481436682,0,0,0.006,6.615,6.599,0.188,0.188,0.183,25.990,655314
1782481436715,0,0,0.000,6.615,6.607,0.251,0.126,0.161,25.990,655347
1782481436748,0,0,0.000,6.607,6.599,0.188,0.188,0.199,25.990,655380
1782481436783,0,0,0.000,6.615,6.599,0.188,0.157,0.194,25.990,655413
1782481436815,0,0,0.000,6.607,6.607,0.126,0.157,0.183,25.990,655446
1782481436858,0,0,0.000,6.607,6.607,0.188,0.157,0.167,25.990,655479
1782481436907,0,0,0.000,6.607,6.615,0.188,0.157,0.183,25.990,655512
1782481436914,0,0,0.000,6.607,6.607,0.188,0.126,0.156,25.990,655545
1782481436956,0,0,0.000,6.607,6.607,0.188,0.126,0.183,25.990,655578
1782481436990,0,0,0.000,6.624,6.607,0.157,0.126,0.172,25.990,655611
1782481437023,0,0,0.000,6.615,6.607,0.188,0.157,0.156,25.990,655644
1782481437056,0,0,0.000,6.624,6.615,0.188,0.188,0.177,25.990,655677
1782481437090,0,0,0.000,6.607,6.599,0.188,0.157,0.194,25.990,655710
1782481437121,0,0,0.000,6.607,6.607,0.157,0.157,0.156,25.990,655743
1782481437155,0,0,0.000,6.615,6.607,0.188,0.157,0.129,26.077,655776
1782481437190,0,0,0.000,6.607,6.607,0.188,0.126,0.177,25.990,655809
1782481437221,0,0,0.000,6.615,6.607,0.188,0.188,0.156,25.990,655842
1782481437254,0,0,0.000,6.615,6.615,0.188,0.157,0.151,25.990,655875
1782481437301,0,0,0.000,6.615,6.607,0.220,0.188,0.156,25.990,655908
1782481437325,0,0,0.000,6.615,6.615,0.188,0.157,0.129,25.990,655941
1782481437353,0,0,0.000,6.624,6.615,0.188,0.126,0.129,25.990,655974
1782481437386,0,0,0.006,6.607,6.607,0.188,0.157,0.134,25.990,656007
1782481437419,0,0,0.000,6.615,6.607,0.188,0.157,0.134,26.077,656040
1782481437452,0,0,0.000,6.615,6.615,0.188,0.188,0.124,26.077,656073
1782481437485,0,0,0.000,6.615,6.607,0.188,0.157,0.108,25.990,656106
1782481437521,0,0,0.000,6.615,6.615,0.188,0.157,0.124,25.990,656139
1782481437551,0,0,0.000,6.615,6.607,0.188,0.157,0.134,25.990,656172
1782481437583,0,0,0.000,6.624,6.607,0.188,0.157,0.129,25.990,656205
1782481437636,0,0,0.000,6.615,6.607,0.188,0.157,0.129,26.077,656238
1782481437650,0,0,0.000,6.624,6.607,0.188,0.157,0.140,26.077,656271
1782481437683,0,0,0.006,6.624,6.615,0.220,0.188,0.124,25.990,656304
1782481437716,0,0,0.000,6.624,6.607,0.188,0.157,0.129,25.990,656337
1782481437749,0,0,0.006,6.615,6.615,0.188,0.157,0.129,25.990,656370
1782481437784,0,0,0.000,6.615,6.615,0.188,0.188,0.124,25.990,656403
1782481437819,0,0,0.000,6.624,6.607,0.188,0.157,0.124,25.990,656436
1782481437851,0,0,0.000,6.632,6.599,0.188,0.157,0.177,25.990,656469
1782481437881,0,0,0.000,6.615,6.607,0.188,0.157,0.124,25.990,656502
1782481437914,0,0,0.000,6.615,6.615,0.188,0.157,0.129,25.990,656535
1782481437947,0,0,0.000,6.624,6.615,0.188,0.157,0.124,25.990,656568
1782481437980,0,0,0.000,6.624,6.615,0.188,0.157,0.129,25.990,656601
1782481438013,0,0,0.000,6.615,6.615,0.188,0.157,0.124,26.077,656634
1782481438045,0,0,0.000,6.624,6.615,0.188,0.188,0.129,25.990,656667
1782481438082,0,0,0.000,6.615,6.607,0.188,0.157,0.129,25.990,656700
1782481438113,0,0,0.000,6.615,6.615,0.188,0.157,0.124,26.077,656733
1782481438145,0,0,0.000,6.624,6.624,0.188,0.157,0.129,25.990,656766
1782481438179,0,0,0.000,6.615,6.607,0.188,0.188,0.129,25.990,656799
1782481438213,0,0,0.000,6.624,6.615,0.188,0.157,0.124,25.990,656832
1782481438248,0,0,0.000,6.632,6.615,0.188,0.157,0.124,25.990,656865
1782481438278,0,0,0.000,6.624,6.607,0.188,0.157,0.124,26.077,656898
1782481438317,0,0,0.000,6.615,6.607,0.188,0.188,0.129,25.990,656931
1782481438344,0,0,0.000,6.624,6.615,0.157,0.188,0.140,26.077,656964
1782481438378,0,0,0.000,6.615,6.615,0.188,0.157,0.129,25.990,656997
1782481438411,0,0,0.000,6.615,6.607,0.188,0.157,0.129,25.990,657030
1782481438445,0,0,0.000,6.615,6.615,0.188,0.157,0.129,25.990,657063
1782481438478,0,0,0.000,6.615,6.615,0.188,0.157,0.124,25.990,657096
1782481438524,0,0,0.000,6.615,6.615,0.157,0.157,0.124,25.990,657129
1782481438544,0,0,0.000,6.615,6.615,0.157,0.157,0.118,25.990,657162
1782481438578,0,0,0.000,6.615,6.607,0.157,0.188,0.156,25.990,657195
1782481438615,0,0,0.000,6.615,6.615,0.188,0.157,0.151,26.077,657228
1782481438645,0,0,0.000,6.615,6.615,0.188,0.157,0.145,25.990,657261
1782481438678,0,0,0.000,6.624,6.607,0.188,0.188,0.199,25.990,657294
1782481438710,0,0,0.000,6.607,6.624,0.188,0.157,0.194,25.990,657327
1782481438744,0,0,0.000,6.615,6.607,0.188,0.157,0.177,25.990,657360
1782481438777,0,0,0.000,6.615,6.607,0.188,0.188,0.172,26.077,657393
1782481438810,0,0,0.000,6.624,6.607,0.188,0.188,0.199,25.990,657426
1782481438844,0,0,0.000,6.615,6.607,0.157,0.188,0.194,26.077,657459
1782481438876,0,0,0.000,6.615,6.607,0.188,0.188,0.183,25.990,657492
1782481438910,0,0,0.006,6.607,6.615,0.188,0.157,0.177,25.990,657525
1782481438946,0,0,0.000,6.615,6.607,0.188,0.157,0.172,25.990,657558
1782481438977,0,0,0.000,6.624,6.615,0.188,0.157,0.161,25.990,657591
1782481439009,0,0,0.000,6.624,6.599,0.188,0.157,0.183,25.990,657624
1782481439043,0,0,0.000,6.615,6.624,0.188,0.157,0.172,25.990,657657
1782481439077,0,0,0.000,6.607,6.599,0.157,0.157,0.194,25.990,657690
1782481439110,0,0,0.000,6.615,6.607,0.188,0.157,0.183,25.990,657723
1782481439143,0,0,0.000,6.615,6.607,0.188,0.157,0.194,25.990,657756
1782481439175,0,0,0.000,6.615,6.607,0.157,0.157,0.172,25.990,657789
1782481439209,0,0,0.000,6.607,6.607,0.188,0.126,0.188,25.990,657822
1782481439242,0,0,0.000,6.624,6.624,0.157,0.157,0.183,25.990,657855
1782481439278,0,0,0.000,6.615,6.624,0.188,0.188,0.161,26.077,657888
1782481439309,0,0,0.000,6.624,6.599,0.188,0.126,0.194,25.990,657921
1782481439342,0,0,0.000,6.607,6.607,0.157,0.157,0.199,25.990,657954
1782481439375,0,0,0.000,6.607,6.607,0.188,0.157,0.199,25.990,657987
1782481439417,0,0,0.006,6.624,6.615,0.188,0.157,0.167,25.990,658020
1782481439443,0,0,0.006,6.615,6.607,0.157,0.157,0.247,26.077,658053
1782481439478,0,0,0.000,6.607,6.607,0.188,0.157,0.172,25.990,658086
1782481439509,0,0,0.000,6.607,6.607,0.188,0.157,0.172,25.990,658119
1782481439541,0,0,0.006,6.607,6.607,0.188,0.157,0.194,25.990,658152
1782481439575,0,0,0.000,6.607,6.607,0.220,0.188,0.199,26.077,658185
1782481439608,0,0,0.000,6.615,6.607,0.220,0.188,0.177,25.990,658218
1782481439648,0,0,0.000,6.615,6.607,0.188,0.157,0.183,26.077,658251
1782481439674,0,0,0.000,6.615,6.607,0.157,0.157,0.199,25.990,658284
1782481439709,0,0,0.000,6.615,6.607,0.157,0.188,0.172,25.990,658317
1782481439741,0,0,0.006,6.599,6.615,0.188,0.157,0.199,25.990,658350
1782481439774,0,0,0.006,6.607,6.615,0.188,0.157,0.183,25.990,658383
1782481439808,0,0,0.000,6.615,6.607,0.126,0.126,0.188,25.990,658416
1782481439840,0,0,0.000,6.607,6.599,0.188,0.157,0.172,25.990,658449
1782481439875,0,0,0.006,6.615,6.615,0.188,0.157,0.177,25.990,658482
1782481439908,0,0,0.006,6.607,6.607,0.188,0.188,0.194,25.990,658515
1782481439941,0,0,0.000,6.607,6.607,0.188,0.157,0.177,25.990,658548
1782481439974,0,0,0.000,6.615,6.607,0.188,0.188,0.183,25.990,658581
1782481440006,0,0,0.000,6.615,6.607,0.188,0.157,0.199,25.990,658614
1782481440040,0,0,0.000,6.607,6.599,0.188,0.126,0.172,25.990,658647
1782481440073,0,0,0.006,6.607,6.607,0.157,0.188,0.199,25.990,658680
1782481440110,0,0,0.000,6.607,6.607,0.188,0.188,0.172,25.990,658713
1782481440140,0,0,0.000,6.615,6.607,0.188,0.157,0.177,25.990,658746
1782481440175,0,0,0.000,6.615,6.615,0.188,0.157,0.161,25.990,658779
1782481440210,0,0,0.000,6.599,6.607,0.188,0.157,0.194,25.990,658812
1782481440240,0,0,0.000,6.615,6.607,0.188,0.157,0.183,26.077,658845
1782481440276,0,0,0.000,6.607,6.599,0.188,0.157,0.156,25.990,658878
1782481440317,0,0,0.000,6.615,6.607,0.188,0.157,0.194,25.990,658911
1782481440340,0,0,0.000,6.615,6.599,0.188,0.157,0.156,25.990,658944
1782481440372,0,0,0.000,6.607,6.607,0.157,0.157,0.194,25.990,658977
1782481440406,0,0,0.000,6.624,6.607,0.188,0.157,0.177,25.990,659010
1782481440439,0,0,0.000,6.624,6.607,0.188,0.157,0.177,25.990,659043
1782481440473,0,0,0.000,6.615,6.607,0.157,0.157,0.194,25.990,659076
1782481440506,0,0,0.000,6.615,6.607,0.188,0.188,0.156,25.990,659109
1782481440540,0,0,0.000,6.607,6.615,0.157,0.126,0.194,25.990,659142
1782481440573,0,0,0.000,6.615,6.607,0.188,0.157,0.188,25.990,659175
1782481440605,0,0,0.000,6.615,6.607,0.157,0.220,0.183,25.990,659208
1782481440639,0,0,0.000,6.615,6.607,0.188,0.157,0.188,26.077,659241
1782481440673,0,0,0.000,6.615,6.615,0.188,0.157,0.161,25.990,659274
1782481440706,0,0,0.000,6.624,6.599,0.188,0.157,0.177,25.990,659307
1782481440738,0,0,0.000,6.615,6.607,0.188,0.157,0.194,25.990,659340
1782481440775,0,0,0.000,6.615,6.607,0.188,0.157,0.194,25.990,659373
1782481440805,0,0,0.000,6.607,6.607,0.188,0.157,0.183,25.990,659406
1782481440838,0,0,0.000,6.615,6.607,0.188,0.126,0.183,26.077,659439
1782481440877,0,0,0.000,6.607,6.607,0.188,0.157,0.194,25.990,659472
1782481440910,0,0,0.000,6.615,6.607,0.188,0.126,0.172,26.077,659505
1782481440938,0,0,0.000,6.607,6.615,0.188,0.126,0.172,25.990,659538
1782481440971,0,0,0.000,6.607,6.607,0.188,0.188,0.194,25.990,659571
1782481441005,0,0,0.000,6.615,6.599,0.220,0.157,0.210,25.990,659604
1782481441038,0,0,0.000,6.615,6.615,0.188,0.188,0.177,25.990,659637
1782481441072,0,0,0.006,6.624,6.615,0.157,0.157,0.194,26.077,659670
1782481441117,0,0,0.000,6.615,6.607,0.188,0.157,0.177,25.990,659703
1782481441137,0,0,0.000,6.624,6.607,0.188,0.157,0.156,25.990,659736
1782481441171,0,0,0.000,6.615,6.607,0.188,0.157,0.177,25.990,659769
1782481441205,0,0,0.000,6.624,6.607,0.188,0.157,0.172,25.990,659802
1782481441238,0,0,0.000,6.624,6.607,0.188,0.157,0.183,25.990,659835
1782481441270,0,0,0.006,6.624,6.607,0.157,0.188,0.194,26.077,659868
1782481441313,0,0,0.000,6.615,6.615,0.188,0.188,0.194,25.990,659901
1782481441346,0,0,0.006,6.607,6.599,0.188,0.188,0.177,25.990,659934
1782481441379,0,0,0.000,6.615,6.607,0.188,0.157,0.199,25.990,659967
1782481441411,0,0,0.000,6.615,6.607,0.188,0.188,0.183,25.990,660000
1782481441445,-2,-2,0.000,6.607,6.607,0.188,0.157,0.177,25.990,660033
1782481441478,-5,-5,0.000,6.624,6.624,0.188,0.157,0.177,25.990,660066
1782481441512,-10,-10,0.000,6.607,6.607,0.188,0.157,0.177,25.990,660099
1782481441543,-15,-15,0.000,6.607,6.607,0.157,0.157,0.145,25.990,660132
1782481441577,-17,-17,0.006,6.624,6.607,0.188,0.188,0.156,25.990,660165
1782481441610,-22,-22,0.000,6.615,6.607,0.188,0.157,0.167,25.990,660198
1782481441643,-27,-27,0.000,6.624,6.615,0.188,0.157,0.108,25.990,660231
1782481441676,-30,-30,0.000,6.615,6.607,0.220,0.188,0.145,25.990,660264
1782481441710,-35,-35,0.000,6.615,6.607,0.188,0.157,0.140,25.990,660297
1782481441742,-40,-40,0.000,6.615,6.607,0.188,0.157,0.183,25.990,660330
1782481441775,-42,-42,0.000,6.615,6.607,0.188,0.157,0.118,25.990,660363
1782481441814,-47,-47,0.000,6.624,6.607,0.188,0.157,0.151,25.990,660396
1782481441842,-52,-52,0.000,6.615,6.615,0.188,0.188,0.113,25.990,660429
1782481441874,-55,-55,0.000,6.615,6.607,0.157,0.188,0.108,25.990,660462
1782481441907,-60,-60,0.000,6.607,6.632,0.188,0.157,0.129,26.077,660495
1782481441947,-65,-65,0.006,6.624,6.607,0.188,0.157,0.108,26.077,660528
1782481441973,-67,-67,0.000,6.607,6.624,0.188,0.157,0.113,25.990,660561
1782481442006,-72,-72,0.000,6.624,6.615,0.188,0.188,0.124,25.990,660594
1782481442039,-75,-75,0.000,6.615,6.607,0.188,0.157,0.108,25.990,660627
1782481442072,-80,-80,0.000,6.615,6.615,0.188,0.126,0.124,25.990,660660
1782481442106,-85,-85,0.000,6.624,6.607,0.188,0.157,0.124,26.077,660693
1782481442138,-87,-87,0.000,6.624,6.615,0.188,0.188,0.129,25.990,660726
1782481442170,-92,-92,0.000,6.607,6.624,0.188,0.157,0.161,25.990,660759
1782481442208,-97,-97,0.006,6.607,6.599,0.188,0.157,0.129,25.990,660792
1782481442237,-100,-100,0.000,6.607,6.607,0.188,0.157,0.177,25.990,660825
1782481442271,-105,-105,0.000,6.624,6.615,0.188,0.157,0.129,25.990,660858
1782481442307,-110,-110,0.000,6.624,6.615,0.188,0.126,0.129,25.990,660891
1782481442336,-112,-112,0.000,6.615,6.607,0.188,0.188,0.129,26.077,660924
1782481442368,-117,-117,0.000,6.607,6.607,0.188,0.220,0.145,25.990,660957
1782481442401,-122,-122,0.000,6.599,6.582,0.251,0.220,0.129,25.990,660990
1782481442435,-125,-125,0.000,6.591,6.582,0.251,0.220,0.129,25.990,661023
1782481442472,-130,-130,0.000,6.591,6.582,0.314,0.251,0.129,25.990,661056
1782481442501,-132,-132,0.000,6.607,6.582,0.220,0.282,0.129,25.990,661089
1782481442534,-137,-137,0.000,6.607,6.599,0.220,0.220,0.129,25.990,661122
1782481442567,-142,-142,0.000,6.607,6.591,0.220,0.251,0.129,25.990,661155
1782481442600,-145,-145,0.006,6.582,6.582,0.251,0.377,0.129,25.990,661188
1782481442633,-150,-150,0.000,6.557,6.549,0.282,0.502,0.134,25.990,661221
1782481442667,-155,-155,0.006,6.566,6.574,0.345,0.251,0.129,25.990,661254
1782481442700,-157,-157,0.000,6.557,6.557,0.471,0.408,0.129,25.990,661287
1782481442735,-162,-162,0.000,6.557,6.549,0.345,0.377,0.129,25.990,661320
1782481442771,-167,-167,0.000,6.574,6.566,0.251,0.345,0.129,25.990,661353
1782481442800,-170,-170,0.000,6.599,6.574,0.251,0.251,0.129,25.990,661386
1782481442836,-175,-175,0.000,6.549,6.549,0.471,0.377,0.134,26.077,661419
1782481442866,-180,-180,0.006,6.582,6.566,0.314,0.282,0.124,25.990,661452
1782481442900,-182,-182,0.000,6.574,6.566,0.251,0.314,0.129,26.077,661485
1782481442932,-187,-187,0.000,6.566,6.574,0.408,0.251,0.124,25.990,661518
1782481442966,-192,-192,0.000,6.566,6.557,0.377,0.345,0.124,25.990,661551
1782481442999,-195,-195,0.006,6.566,6.566,0.314,0.345,0.129,26.077,661584
1782481443033,-200,-200,0.000,6.557,6.541,0.502,0.314,0.151,26.077,661617
1782481443066,-205,-205,0.000,6.557,6.533,0.408,0.408,0.140,26.077,661650
1782481443099,-207,-207,0.000,6.557,6.541,0.377,0.439,0.194,25.990,661683
1782481443132,-212,-212,0.000,6.541,6.533,0.439,0.471,0.194,25.990,661716
1782481443166,-217,-217,0.000,6.541,6.533,0.439,0.439,0.199,25.990,661749
1782481443198,-220,-220,0.000,6.524,6.524,0.596,0.345,0.183,25.990,661782
1782481443234,-225,-225,0.000,6.516,6.524,0.533,0.408,0.172,25.990,661815
1782481443265,-230,-230,0.000,6.516,6.508,0.659,0.565,0.194,25.990,661848
1782481443299,-232,-232,0.000,6.516,6.508,0.659,0.439,0.183,25.990,661881
1782481443335,-227,-227,0.000,6.508,6.499,0.690,0.408,0.188,26.077,661914
1782481443365,-222,-222,0.006,6.516,6.499,0.565,0.533,0.199,25.990,661947
1782481443398,-220,-220,0.006,6.524,6.516,0.502,0.408,0.172,26.077,661980
1782481443437,-215,-215,0.000,6.533,6.524,0.502,0.408,0.183,25.990,662013
1782481443465,-210,-210,0.000,6.524,6.516,0.565,0.408,0.199,25.990,662046
1782481443498,-207,-207,0.000,6.533,6.524,0.628,0.314,0.199,25.990,662079
1782481443531,-202,-202,0.000,6.549,6.541,0.408,0.345,0.177,25.990,662112
1782481443565,-197,-197,0.000,6.549,6.533,0.377,0.377,0.161,25.990,662145
1782481443598,-195,-195,0.000,6.541,6.541,0.377,0.345,0.183,25.990,662178
1782481443631,-190,-190,0.000,6.549,6.541,0.314,0.377,0.199,26.077,662211
1782481443664,-187,-187,0.000,6.557,6.549,0.345,0.377,0.161,25.990,662244
1782481443697,-182,-182,0.000,6.557,6.549,0.377,0.314,0.177,26.077,662277
1782481443730,-177,-177,0.000,6.557,6.541,0.377,0.282,0.194,25.990,662310
1782481443765,-172,-172,0.000,6.549,6.541,0.345,0.408,0.172,25.990,662343
1782481443802,-170,-170,0.000,6.557,6.541,0.282,0.345,0.194,25.990,662376
1782481443830,-165,-165,0.000,6.574,6.566,0.220,0.251,0.194,26.077,662409
1782481443864,-162,-162,0.000,6.582,6.574,0.282,0.251,0.199,25.990,662442
1782481443897,-155,-160,0.000,6.557,6.557,0.314,0.251,0.161,25.990,662475
1782481443930,-145,-160,0.000,6.574,6.566,0.220,0.282,0.204,25.990,662508
1782481443964,-140,-160,0.000,6.582,6.566,0.251,0.188,0.183,25.990,662541
1782481443996,-130,-160,0.000,6.574,6.574,0.251,0.220,0.194,25.990,662574
1782481444030,-120,-160,0.000,6.591,6.574,0.314,0.220,0.188,25.990,662607
1782481444066,-110,-160,0.000,6.557,6.557,0.408,0.220,0.194,25.990,662640
1782481444097,-105,-160,0.000,6.566,6.557,0.408,0.188,0.183,25.990,662673
1782481444131,-95,-160,0.000,6.549,6.549,0.502,0.188,0.177,26.077,662706
1782481444163,-90,-160,0.000,6.541,6.541,0.565,0.220,0.199,25.990,662739
1782481444198,-80,-160,0.000,6.549,6.533,0.690,0.157,0.167,25.990,662772
1782481444229,-70,-160,0.000,6.566,6.557,0.502,0.188,0.167,25.990,662805
1782481444263,-65,-160,0.000,6.574,6.566,0.408,0.157,0.177,25.990,662838
1782481444300,-55,-160,0.000,6.574,6.574,0.345,0.157,0.177,26.077,662871
1782481444329,-45,-160,0.000,6.574,6.566,0.377,0.126,0.177,25.990,662904
1782481444372,-35,-160,0.006,6.566,6.566,0.471,0.157,0.172,25.990,662937
1782481444399,-30,-160,0.006,6.591,6.574,0.345,0.157,0.167,25.990,662970
1782481444429,-20,-160,0.000,6.574,6.566,0.314,0.188,0.172,25.990,663003
1782481444463,-15,-160,0.000,6.566,6.574,0.377,0.157,0.194,26.077,663036
1782481444495,-5,-160,0.000,6.574,6.574,0.377,0.188,0.172,25.990,663069
1782481444528,5,-160,0.000,6.574,6.566,0.345,0.157,0.177,25.990,663102
1782481444564,10,-160,0.000,6.582,6.574,0.314,0.188,0.194,25.990,663135
1782481444595,20,-160,0.000,6.574,6.574,0.345,0.157,0.183,26.077,663168
1782481444628,30,-160,0.006,6.582,6.574,0.282,0.157,0.194,25.990,663201
1782481444667,35,-160,0.012,6.574,6.566,0.345,0.188,0.194,26.077,663234
1782481444696,45,-160,0.000,6.574,6.566,0.345,0.188,0.177,25.990,663267
1782481444728,55,-160,0.000,6.599,6.574,0.314,0.157,0.194,25.990,663300
1782481444767,60,-160,0.000,6.574,6.574,0.282,0.157,0.194,25.990,663333
1782481444794,70,-160,0.000,6.591,6.582,0.282,0.188,0.199,25.990,663366
1782481444827,75,-160,0.000,6.574,6.574,0.314,0.157,0.188,25.990,663399
1782481444861,85,-160,0.000,6.574,6.574,0.377,0.126,0.172,25.990,663432
1782481444895,95,-160,0.000,6.582,6.582,0.314,0.188,0.161,26.077,663465
1782481444927,100,-160,0.000,6.574,6.566,0.314,0.157,0.188,25.990,663498
1782481444960,105,-155,0.006,6.566,6.557,0.471,0.188,0.188,25.990,663531
1782481444995,105,-145,0.000,6.574,6.566,0.439,0.157,0.161,25.990,663564
1782481445027,105,-140,0.000,6.549,6.541,0.502,0.220,0.199,25.990,663597
1782481445075,105,-125,0.000,6.557,6.549,0.439,0.220,0.183,25.990,663630
1782481445094,105,-120,0.000,6.566,6.557,0.345,0.251,0.167,25.990,663663
1782481445126,105,-115,0.000,6.557,6.557,0.314,0.220,0.172,25.990,663696
1782481445160,105,-105,0.000,6.582,6.566,0.251,0.220,0.183,25.990,663729
1782481445193,100,-100,0.000,6.582,6.574,0.251,0.220,0.188,25.990,663762
1782481445227,97,-97,0.000,6.574,6.574,0.251,0.251,0.194,25.990,663795
1782481445259,92,-92,0.000,6.591,6.591,0.188,0.220,0.183,25.990,663828
1782481445294,87,-87,0.000,6.607,6.599,0.188,0.157,0.177,25.990,663861
1782481445327,85,-85,0.000,6.615,6.591,0.188,0.157,0.194,25.990,663894
1782481445360,80,-80,0.000,6.607,6.599,0.157,0.157,0.199,25.990,663927
1782481445396,75,-75,0.000,6.607,6.591,0.188,0.188,0.194,25.990,663960
1782481445426,72,-72,0.000,6.607,6.607,0.188,0.126,0.183,25.990,663993
1782481445460,72,-72,0.000,6.607,6.599,0.188,0.126,0.183,25.990,664026
1782481445493,77,-77,0.000,6.607,6.599,0.220,0.188,0.194,25.990,664059
1782481445531,80,-80,0.006,6.607,6.599,0.188,0.157,0.194,25.990,664092
1782481445559,85,-85,0.000,6.615,6.607,0.188,0.157,0.177,25.990,664125
1782481445593,87,-87,0.000,6.607,6.599,0.188,0.126,0.194,25.990,664158
1782481445626,92,-92,0.000,6.624,6.607,0.188,0.157,0.156,26.077,664191
1782481445659,97,-97,0.000,6.607,6.599,0.188,0.157,0.177,26.077,664224
1782481445692,100,-100,0.000,6.607,6.599,0.188,0.157,0.172,25.990,664257
1782481445725,105,-105,0.000,6.607,6.607,0.188,0.157,0.172,25.990,664290
1782481445778,112,-112,0.000,6.582,6.591,0.188,0.251,0.188,26.077,664323
1782481445801,115,-115,0.000,6.599,6.591,0.188,0.220,0.172,25.990,664356
1782481445834,117,-117,0.000,6.599,6.591,0.157,0.220,0.194,26.077,664389
1782481445867,122,-122,0.000,6.591,6.582,0.220,0.188,0.188,25.990,664422
1782481445902,127,-127,0.000,6.574,6.574,0.251,0.220,0.183,25.990,664455
1782481445938,132,-132,0.006,6.574,6.574,0.251,0.251,0.161,25.990,664488
1782481445966,135,-135,0.000,6.574,6.566,0.282,0.282,0.161,25.990,664521
1782481446002,140,-140,0.000,6.557,6.549,0.314,0.377,0.151,25.990,664554
1782481446036,142,-142,0.000,6.557,6.549,0.377,0.345,0.177,25.990,664587
1782481446065,147,-147,0.000,6.557,6.549,0.345,0.408,0.124,26.077,664620
1782481446100,152,-152,0.000,6.516,6.508,0.502,0.502,0.156,25.990,664653
1782481446131,155,-155,0.000,6.516,6.508,0.439,0.533,0.129,25.990,664686
1782481446164,160,-160,0.000,6.508,6.499,0.565,0.596,0.140,26.077,664719
1782481446202,165,-165,0.000,6.541,6.541,0.690,0.188,0.124,25.990,664752
1782481446230,167,-167,0.000,6.549,6.541,0.690,0.157,0.124,25.990,664785
1782481446263,172,-172,0.000,6.549,6.533,0.659,0.157,0.140,25.990,664818
1782481446296,175,-175,0.000,6.582,6.557,0.408,0.188,0.129,25.990,664851
1782481446329,170,-170,0.000,6.566,6.574,0.377,0.157,0.161,25.990,664884
1782481446364,165,-165,0.000,6.574,6.574,0.408,0.157,0.118,25.990,664917
1782481446395,162,-162,0.006,6.574,6.574,0.314,0.188,0.140,25.990,664950
1782481446430,157,-157,0.000,6.591,6.582,0.282,0.157,0.161,25.990,664983
1782481446461,152,-152,0.000,6.582,6.574,0.408,0.157,0.156,25.990,665016
1782481446493,150,-150,0.000,6.591,6.591,0.251,0.157,0.124,25.990,665049
1782481446527,145,-145,0.000,6.591,6.582,0.314,0.157,0.156,25.990,665082
1782481446560,140,-140,0.000,6.591,6.574,0.314,0.126,0.134,25.990,665115
1782481446593,137,-137,0.000,6.582,6.574,0.314,0.188,0.129,26.077,665148
1782481446626,132,-132,0.000,6.574,6.582,0.408,0.157,0.140,25.990,665181
1782481446659,127,-127,0.006,6.582,6.566,0.377,0.126,0.129,25.990,665214
1782481446692,125,-125,0.000,6.582,6.574,0.377,0.188,0.129,25.990,665247
1782481446730,120,-120,0.000,6.582,6.591,0.314,0.188,0.145,25.990,665280
1782481446774,115,-115,0.000,6.591,6.591,0.220,0.157,0.134,25.990,665313
1782481446790,112,-112,0.000,6.591,6.591,0.251,0.157,0.124,26.077,665346
1782481446823,107,-107,0.000,6.591,6.591,0.251,0.157,0.124,25.990,665379
1782481446857,105,-105,0.000,6.607,6.591,0.251,0.157,0.129,25.990,665412
1782481446890,100,-100,0.000,6.591,6.574,0.282,0.157,0.124,25.990,665445
1782481446923,95,-95,0.000,6.607,6.607,0.157,0.157,0.129,25.990,665478
1782481446956,92,-92,0.000,6.607,6.607,0.126,0.157,0.124,25.990,665511
1782481446989,87,-87,0.000,6.607,6.607,0.188,0.157,0.124,25.990,665544
1782481447023,82,-82,0.000,6.607,6.615,0.188,0.157,0.124,25.990,665577
1782481447055,80,-80,0.000,6.607,6.607,0.188,0.188,0.124,26.077,665610
1782481447089,75,-75,0.000,6.607,6.607,0.188,0.157,0.124,25.990,665643
1782481447130,70,-70,0.000,6.607,6.607,0.188,0.157,0.129,25.990,665676
1782481447171,65,-65,0.000,6.607,6.607,0.157,0.157,0.151,25.990,665709
1782481447189,62,-62,0.006,6.615,6.607,0.188,0.157,0.129,25.990,665742
1782481447227,57,-57,0.000,6.615,6.599,0.188,0.126,0.124,25.990,665775
1782481447255,55,-55,0.000,6.607,6.624,0.188,0.157,0.118,26.077,665808
1782481447287,50,-50,0.000,6.607,6.607,0.188,0.126,0.129,26.077,665841
1782481447321,45,-45,0.000,6.607,6.607,0.188,0.188,0.129,26.077,665874
1782481447355,42,-42,0.000,6.607,6.607,0.188,0.157,0.134,25.990,665907
1782481447399,35,-35,0.006,6.607,6.599,0.157,0.126,0.124,25.990,665940
1782481447423,32,-32,0.000,6.607,6.607,0.157,0.157,0.129,25.990,665973
1782481447454,30,-30,0.000,6.615,6.607,0.188,0.157,0.129,25.990,666006
1782481447488,25,-25,0.000,6.607,6.607,0.220,0.188,0.167,25.990,666039
1782481447520,20,-20,0.000,6.615,6.607,0.157,0.157,0.145,25.990,666072
1782481447555,17,-17,0.000,6.607,6.607,0.188,0.157,0.177,25.990,666105
1782481447587,12,-12,0.000,6.607,6.607,0.188,0.157,0.183,25.990,666138
1782481447623,7,-7,0.000,6.607,6.607,0.188,0.157,0.172,25.990,666171
1782481447668,2,-2,0.000,6.599,6.607,0.157,0.157,0.161,26.077,666204
1782481447686,0,0,0.000,6.599,6.615,0.188,0.157,0.167,26.077,666237
1782481447721,0,0,0.000,6.607,6.607,0.220,0.126,0.199,26.077,666270
1782481447754,0,0,0.000,6.607,6.607,0.188,0.126,0.199,25.990,666303
1782481447787,0,0,0.000,6.607,6.599,0.157,0.188,0.188,25.990,666336
1782481447820,0,0,0.000,6.615,6.607,0.126,0.157,0.194,25.990,666369
1782481447854,0,0,0.000,6.607,6.599,0.188,0.157,0.194,25.990,666402
1782481447887,0,0,0.000,6.607,6.607,0.157,0.157,0.199,25.990,666435
1782481447920,0,0,0.000,6.607,6.599,0.188,0.157,0.172,25.990,666468
1782481447956,0,0,0.000,6.607,6.599,0.157,0.126,0.194,25.990,666501
1782481447986,0,0,0.000,6.624,6.607,0.157,0.157,0.183,25.990,666534
1782481448020,0,0,0.000,6.599,6.591,0.188,0.157,0.172,25.990,666567
1782481448053,0,0,0.000,6.607,6.615,0.188,0.188,0.194,25.990,666600
1782481448088,0,0,0.000,6.624,6.607,0.188,0.157,0.183,25.990,666633
1782481448119,0,0,0.000,6.607,6.599,0.188,0.157,0.188,25.990,666666
1782481448154,0,0,0.000,6.599,6.607,0.188,0.157,0.188,25.990,666699
1782481448186,0,0,0.000,6.607,6.591,0.188,0.157,0.156,25.990,666732
1782481448219,0,0,0.000,6.607,6.599,0.188,0.188,0.177,25.990,666765
1782481448254,0,0,0.006,6.599,6.599,0.188,0.157,0.194,25.990,666798
1782481448286,0,0,0.000,6.607,6.607,0.188,0.157,0.172,25.990,666831
1782481448319,0,0,0.000,6.607,6.599,0.157,0.126,0.194,25.990,666864
1782481448353,0,0,0.000,6.607,6.615,0.188,0.157,0.194,25.990,666897
1782481448386,0,0,0.000,6.615,6.615,0.157,0.126,0.194,26.077,666930
1782481448419,0,0,0.000,6.615,6.607,0.188,0.157,0.188,26.077,666963
1782481448454,0,0,0.000,6.615,6.599,0.188,0.157,0.194,25.990,666996
1782481448485,0,0,0.000,6.607,6.607,0.188,0.188,0.199,25.990,667029
1782481448518,0,0,0.006,6.607,6.607,0.188,0.157,0.194,25.990,667062
1782481448557,0,0,0.000,6.607,6.599,0.157,0.188,0.183,25.990,667095
1782481448584,0,0,0.000,6.599,6.591,0.157,0.188,0.177,25.990,667128
1782481448618,0,0,0.000,6.607,6.607,0.157,0.157,0.188,25.990,667161
1782481448651,0,0,0.000,6.607,6.599,0.188,0.157,0.194,25.990,667194
1782481448685,0,0,0.000,6.607,6.615,0.157,0.157,0.183,25.990,667227
1782481448718,0,0,0.000,6.615,6.607,0.188,0.188,0.177,25.990,667260
1782481448751,0,0,0.000,6.615,6.615,0.188,0.157,0.161,25.990,667293
1782481448784,0,0,0.000,6.607,6.599,0.188,0.157,0.172,25.990,667326
1782481448822,0,0,0.000,6.607,6.607,0.188,0.157,0.177,26.077,667359
1782481448851,0,0,0.000,6.607,6.607,0.188,0.188,0.172,25.990,667392
1782481448886,0,0,0.000,6.607,6.599,0.188,0.188,0.172,26.077,667425
1782481448918,0,0,0.000,6.607,6.599,0.188,0.188,0.194,25.990,667458
1782481448950,0,0,0.000,6.615,6.615,0.188,0.157,0.172,25.990,667491
1782481448984,0,0,0.000,6.607,6.599,0.188,0.188,0.183,25.990,667524
1782481449017,0,0,0.006,6.624,6.607,0.188,0.157,0.177,25.990,667557
1782481449050,0,0,0.000,6.607,6.607,0.188,0.157,0.183,25.990,667590
1782481449084,0,0,0.000,6.607,6.599,0.188,0.157,0.183,25.990,667623
1782481449117,0,0,0.000,6.607,6.607,0.188,0.157,0.199,25.990,667656
1782481449150,0,0,0.000,6.607,6.599,0.188,0.188,0.188,25.990,667689
1782481449186,0,0,0.006,6.624,6.607,0.188,0.157,0.172,25.990,667722
1782481449218,0,0,0.000,6.607,6.607,0.188,0.157,0.161,25.990,667755
1782481449265,0,0,0.000,6.624,6.607,0.188,0.157,0.183,25.990,667788
1782481449291,0,0,0.000,6.607,6.615,0.188,0.157,0.167,26.077,667821
1782481449318,0,0,0.000,6.615,6.607,0.188,0.126,0.188,25.990,667854
1782481449350,0,0,0.000,6.607,6.599,0.188,0.126,0.183,25.990,667887
1782481449383,0,0,0.000,6.607,6.607,0.188,0.188,0.183,25.990,667920
1782481449416,0,0,0.000,6.607,6.615,0.188,0.188,0.188,25.990,667953
1782481449450,0,0,0.000,6.599,6.624,0.126,0.157,0.172,26.077,667986
1782481449482,0,0,0.000,6.607,6.607,0.188,0.157,0.188,26.077,668019
1782481449516,0,0,0.000,6.607,6.599,0.188,0.157,0.156,25.990,668052
1782481449549,0,0,0.000,6.607,6.607,0.188,0.157,0.194,25.990,668085
1782481449583,0,0,0.000,6.624,6.607,0.157,0.126,0.172,25.990,668118
1782481449616,0,0,0.000,6.607,6.607,0.188,0.188,0.177,25.990,668151
1782481449649,0,0,0.000,6.607,6.599,0.188,0.188,0.172,25.990,668184
1782481449683,0,0,0.000,6.607,6.607,0.188,0.157,0.194,25.990,668217
1782481449719,0,0,0.000,6.615,6.607,0.188,0.126,0.188,25.990,668250
1782481449749,0,0,0.006,6.607,6.599,0.188,0.157,0.188,25.990,668283
1782481449784,0,0,0.000,6.615,6.599,0.157,0.126,0.183,25.990,668316
1782481449815,0,0,0.000,6.615,6.599,0.188,0.188,0.183,26.077,668349
1782481449848,0,0,0.000,6.607,6.607,0.188,0.126,0.199,25.990,668382
1782481449882,0,0,0.000,6.607,6.607,0.188,0.188,0.194,25.990,668415
1782481449915,0,0,0.000,6.607,6.599,0.157,0.157,0.194,25.990,668448
1782481449948,0,0,0.000,6.607,6.607,0.188,0.157,0.194,25.990,668481
1782481449982,0,0,0.000,6.607,6.607,0.188,0.157,0.183,25.990,668514
1782481450014,0,0,0.000,6.624,6.607,0.188,0.157,0.204,25.990,668547
1782481450048,0,0,0.006,6.615,6.607,0.188,0.157,0.177,25.990,668580
1782481450081,0,0,0.000,6.607,6.607,0.157,0.157,0.199,26.077,668613
1782481450124,0,0,0.000,6.615,6.607,0.188,0.188,0.188,25.990,668646
1782481450157,0,0,0.000,6.615,6.599,0.188,0.157,0.194,25.990,668679
1782481450190,0,0,0.000,6.615,6.607,0.126,0.126,0.177,25.990,668712
1782481450223,0,0,0.006,6.607,6.607,0.188,0.157,0.199,25.990,668745
1782481450256,0,0,0.000,6.607,6.607,0.188,0.157,0.177,25.990,668778
1782481450289,0,0,0.000,6.607,6.607,0.188,0.157,0.188,25.990,668811
1782481450322,0,0,0.000,6.607,6.607,0.157,0.188,0.199,25.990,668844
1782481450355,0,0,0.000,6.607,6.599,0.188,0.188,0.194,25.990,668877
1782481450390,0,0,0.000,6.607,6.607,0.188,0.157,0.183,25.990,668910
1782481450430,0,0,0.000,6.615,6.607,0.188,0.157,0.134,25.990,668943
1782481450454,0,0,0.000,6.615,6.607,0.188,0.188,0.124,25.990,668976
1782481450486,0,0,0.006,6.615,6.607,0.188,0.157,0.140,25.990,669009
1782481450519,0,0,0.000,6.615,6.607,0.188,0.157,0.124,25.990,669042
1782481450553,0,0,0.000,6.615,6.607,0.188,0.126,0.118,25.990,669075
1782481450586,0,0,0.000,6.615,6.607,0.188,0.188,0.108,25.990,669108
1782481450619,0,0,0.000,6.615,6.607,0.188,0.157,0.129,25.990,669141
1782481450652,0,0,0.000,6.615,6.607,0.188,0.157,0.156,26.077,669174
1782481450685,0,0,0.000,6.607,6.607,0.188,0.188,0.129,25.990,669207
1782481450721,0,0,0.000,6.615,6.607,0.188,0.157,0.129,25.990,669240
1782481450750,0,0,0.000,6.607,6.607,0.188,0.126,0.140,25.990,669273
1782481450784,0,0,0.000,6.607,6.607,0.188,0.157,0.124,25.990,669306
1782481450816,0,0,0.006,6.615,6.607,0.188,0.157,0.134,25.990,669339
1782481450850,0,0,0.000,6.615,6.615,0.220,0.188,0.129,25.990,669372
1782481450885,0,0,0.000,6.615,6.615,0.126,0.126,0.118,25.990,669405
1782481450918,0,0,0.000,6.615,6.607,0.188,0.188,0.129,26.077,669438
1782481450951,0,0,0.000,6.615,6.615,0.188,0.157,0.124,25.990,669471
1782481450981,-2,2,0.000,6.615,6.607,0.188,0.157,0.129,25.990,669504
1782481451017,-7,7,0.000,6.624,6.607,0.188,0.157,0.124,25.990,669537
1782481451048,-12,12,0.000,6.615,6.615,0.188,0.188,0.118,26.077,669570
1782481451081,-15,15,0.000,6.615,6.624,0.188,0.157,0.124,25.990,669603
1782481451119,-20,20,0.000,6.624,6.615,0.188,0.157,0.129,25.990,669636
1782481451146,-25,25,0.000,6.615,6.607,0.157,0.188,0.151,25.990,669669
1782481451180,-27,27,0.000,6.615,6.615,0.188,0.157,0.124,25.990,669702
1782481451216,-32,32,0.000,6.624,6.615,0.188,0.157,0.124,25.990,669735
1782481451245,-37,37,0.000,6.624,6.607,0.188,0.157,0.129,25.990,669768
1782481451279,-40,40,0.000,6.615,6.615,0.188,0.157,0.124,26.077,669801
1782481451312,-45,45,0.006,6.624,6.607,0.188,0.157,0.113,26.077,669834
1782481451349,-50,50,0.000,6.615,6.607,0.157,0.157,0.129,26.077,669867
1782481451378,-52,52,0.000,6.615,6.615,0.188,0.157,0.113,26.077,669900
1782481451411,-57,57,0.000,6.615,6.599,0.157,0.157,0.118,25.990,669933
1782481451446,-62,62,0.000,6.615,6.607,0.188,0.157,0.118,25.990,669966
1782481451478,-65,65,0.000,6.632,6.615,0.188,0.188,0.129,25.990,669999
1782481451511,-70,70,0.000,6.615,6.607,0.157,0.157,0.161,25.990,670032
1782481451545,-75,75,0.000,6.615,6.607,0.188,0.188,0.129,25.990,670065
1782481451578,-77,77,0.000,6.615,6.615,0.188,0.157,0.124,26.077,670098
1782481451611,-82,82,0.000,6.615,6.607,0.157,0.126,0.161,25.990,670131
1782481451645,-87,87,0.000,6.615,6.607,0.220,0.126,0.129,25.990,670164
1782481451677,-90,90,0.000,6.615,6.607,0.188,0.126,0.124,25.990,670197
1782481451711,-95,95,0.000,6.615,6.607,0.188,0.157,0.172,26.077,670230
1782481451745,-100,100,0.000,6.624,6.615,0.188,0.157,0.129,26.077,670263
1782481451777,-102,102,0.000,6.607,6.591,0.251,0.157,0.145,25.990,670296
1782481451810,-107,107,0.000,6.615,6.599,0.220,0.157,0.140,25.990,670329
1782481451847,-112,112,0.000,6.615,6.591,0.188,0.220,0.177,25.990,670362
1782481451877,-115,115,0.000,6.607,6.599,0.220,0.188,0.194,25.990,670395
1782481451910,-120,120,0.000,6.591,6.582,0.251,0.188,0.183,25.990,670428
1782481451944,-122,122,0.000,6.582,6.574,0.314,0.251,0.194,25.990,670461
1782481451979,-117,117,0.000,6.557,6.557,0.377,0.282,0.194,25.990,670494
1782481452010,-112,112,0.000,6.566,6.557,0.408,0.282,0.188,25.990,670527
1782481452043,-110,110,0.000,6.574,6.566,0.314,0.282,0.156,25.990,670560
1782481452077,-105,105,0.000,6.582,6.574,0.377,0.251,0.161,25.990,670593
1782481452110,-100,100,0.000,6.591,6.582,0.282,0.220,0.177,25.990,670626
1782481452143,-97,97,0.000,6.582,6.574,0.251,0.251,0.177,25.990,670659
1782481452176,-92,92,0.000,6.599,6.591,0.251,0.157,0.177,25.990,670692
1782481452209,-87,87,0.000,6.591,6.591,0.282,0.126,0.194,25.990,670725
1782481452245,-85,85,0.000,6.615,6.599,0.188,0.188,0.177,26.077,670758
1782481452276,-80,80,0.000,6.607,6.607,0.188,0.157,0.172,25.990,670791
1782481452309,-75,75,0.000,6.607,6.615,0.220,0.188,0.188,25.990,670824
1782481452345,-72,72,0.000,6.607,6.607,0.188,0.157,0.188,26.077,670857
1782481452376,-67,67,0.006,6.607,6.607,0.157,0.126,0.183,26.077,670890
1782481452409,-62,62,0.006,6.607,6.607,0.157,0.157,0.194,25.990,670923
1782481452448,-62,62,0.000,6.599,6.607,0.188,0.126,0.194,25.990,670956
1782481452475,-65,65,0.000,6.607,6.607,0.220,0.157,0.172,25.990,670989
1782481452512,-70,70,0.000,6.615,6.599,0.188,0.188,0.188,25.990,671022
1782481452544,-72,72,0.000,6.615,6.607,0.126,0.157,0.172,25.990,671055
1782481452576,-77,77,0.000,6.607,6.607,0.188,0.157,0.183,26.077,671088
1782481452608,-82,82,0.000,6.615,6.599,0.157,0.188,0.204,25.990,671121
1782481452641,-85,85,0.000,6.624,6.615,0.157,0.126,0.177,26.077,671154
1782481452675,-90,90,0.000,6.615,6.607,0.188,0.157,0.172,25.990,671187
1782481452708,-95,95,0.000,6.615,6.599,0.188,0.157,0.183,25.990,671220
1782481452741,-97,97,0.000,6.607,6.615,0.188,0.157,0.188,25.990,671253
1782481452777,-102,102,0.000,6.591,6.599,0.251,0.157,0.172,25.990,671286
1782481452808,-107,107,0.000,6.607,6.599,0.251,0.157,0.183,25.990,671319
1782481452841,-110,110,0.006,6.599,6.599,0.251,0.188,0.204,25.990,671352
1782481452875,-115,115,0.000,6.591,6.582,0.220,0.251,0.194,25.990,671385
1782481452909,-120,120,0.000,6.591,6.582,0.251,0.251,0.167,25.990,671418
1782481452941,-122,122,0.006,6.591,6.574,0.314,0.188,0.194,26.077,671451
1782481452975,-117,117,0.000,6.566,6.557,0.377,0.220,0.194,25.990,671484
1782481453008,-115,115,0.000,6.574,6.557,0.408,0.251,0.172,26.077,671517
1782481453040,-110,110,0.000,6.574,6.557,0.345,0.220,0.188,25.990,671550
1782481453077,-105,105,0.000,6.591,6.574,0.314,0.188,0.172,25.990,671583
1782481453107,-102,102,0.000,6.591,6.582,0.314,0.251,0.172,25.990,671616
1782481453140,-97,97,0.000,6.582,6.582,0.282,0.220,0.188,25.990,671649
1782481453174,-92,92,0.000,6.591,6.591,0.251,0.157,0.167,25.990,671682
1782481453208,-90,90,0.000,6.599,6.582,0.251,0.157,0.172,25.990,671715
1782481453240,-85,85,0.006,6.599,6.591,0.251,0.126,0.172,25.990,671748
1782481453281,-80,80,0.000,6.607,6.607,0.188,0.157,0.172,25.990,671781
1782481453308,-77,77,0.000,6.607,6.607,0.157,0.157,0.204,25.990,671814
1782481453340,-72,72,0.000,6.607,6.607,0.188,0.157,0.177,25.990,671847
1782481453379,-67,67,0.000,6.607,6.591,0.157,0.188,0.188,25.990,671880
1782481453406,-65,65,0.000,6.607,6.607,0.188,0.157,0.167,25.990,671913
1782481453440,-60,60,0.000,6.607,6.607,0.188,0.157,0.177,25.990,671946
1782481453474,-55,55,0.000,6.615,6.599,0.188,0.157,0.199,25.990,671979
1782481453507,-52,52,0.000,6.615,6.607,0.188,0.157,0.156,25.990,672012
1782481453540,-47,47,0.000,6.607,6.615,0.220,0.188,0.194,25.990,672045
1782481453573,-42,42,0.000,6.624,6.599,0.157,0.188,0.183,25.990,672078
1782481453606,-40,40,0.000,6.607,6.599,0.188,0.126,0.183,25.990,672111
1782481453638,-40,40,0.000,6.607,6.607,0.157,0.157,0.188,25.990,672144
1782481453684,-45,45,0.000,6.615,6.607,0.188,0.157,0.161,25.990,672177
1782481453707,-47,47,0.000,6.615,6.607,0.188,0.157,0.156,26.077,672210
1782481453739,-52,52,0.000,6.607,6.599,0.188,0.157,0.161,26.077,672243
1782481453776,-57,57,0.000,6.607,6.599,0.157,0.157,0.177,25.990,672276
1782481453810,-60,60,0.000,6.615,6.607,0.188,0.188,0.177,26.077,672309
1782481453838,-65,65,0.000,6.607,6.607,0.157,0.157,0.172,25.990,672342
1782481453871,-67,67,0.006,6.607,6.607,0.188,0.157,0.183,25.990,672375
1782481453905,-72,72,0.000,6.607,6.599,0.188,0.126,0.183,25.990,672408
1782481453947,-77,77,0.000,6.607,6.607,0.188,0.157,0.188,25.990,672441
1782481453974,-82,82,0.000,6.607,6.607,0.188,0.188,0.242,25.990,672474
1782481454007,-85,85,0.000,6.615,6.607,0.188,0.157,0.161,25.990,672507
1782481454039,-90,90,0.000,6.607,6.607,0.188,0.157,0.194,25.990,672540
1782481454072,-92,92,0.000,6.607,6.607,0.188,0.157,0.188,25.990,672573
1782481454105,-97,97,0.000,6.607,6.607,0.188,0.157,0.183,25.990,672606
1782481454138,-102,102,0.006,6.607,6.624,0.188,0.157,0.167,25.990,672639
1782481454172,-105,105,0.000,6.607,6.599,0.188,0.157,0.177,25.990,672672
1782481454207,-100,100,0.000,6.599,6.599,0.220,0.126,0.188,25.990,672705
1782481454238,-95,95,0.000,6.591,6.582,0.251,0.251,0.172,25.990,672738
1782481454272,-92,92,0.000,6.599,6.582,0.220,0.188,0.172,25.990,672771
1782481454306,-87,87,0.006,6.599,6.591,0.220,0.188,0.188,25.990,672804
1782481454337,-82,82,0.006,6.607,6.607,0.157,0.157,0.172,25.990,672837
1782481454371,-80,80,0.000,6.607,6.607,0.188,0.126,0.172,25.990,672870
1782481454415,-72,72,0.000,6.607,6.607,0.188,0.157,0.183,25.990,672903
1782481454438,-70,70,0.006,6.607,6.607,0.188,0.157,0.177,25.990,672936
1782481454470,-67,67,0.000,6.615,6.607,0.188,0.188,0.199,25.990,672969
1782481454513,-62,62,0.000,6.615,6.607,0.188,0.157,0.177,26.077,673002
1782481454546,-57,57,0.000,6.615,6.599,0.188,0.157,0.194,25.990,673035
1782481454579,-57,57,0.000,6.607,6.607,0.126,0.157,0.194,25.990,673068
1782481454613,-60,60,0.000,6.607,6.607,0.188,0.157,0.194,25.990,673101
1782481454645,-65,65,0.000,6.615,6.624,0.157,0.157,0.134,25.990,673134
1782481454678,-70,70,0.000,6.607,6.607,0.157,0.126,0.188,26.077,673167
1782481454711,-72,72,0.000,6.607,6.607,0.188,0.157,0.183,25.990,673200
1782481454744,-77,77,0.006,6.615,6.607,0.188,0.188,0.188,25.990,673233
1782481454777,-82,82,0.000,6.615,6.607,0.157,0.188,0.161,25.990,673266
1782481454810,-85,85,0.000,6.615,6.607,0.188,0.188,0.151,25.990,673299
1782481454842,-90,90,0.000,6.615,6.615,0.188,0.188,0.129,25.990,673332
1782481454876,-95,95,0.000,6.615,6.615,0.157,0.157,0.129,25.990,673365
1782481454909,-97,97,0.000,6.607,6.607,0.188,0.157,0.156,25.990,673398
1782481454941,-102,102,0.006,6.591,6.591,0.251,0.157,0.134,26.077,673431
1782481454977,-107,107,0.000,6.607,6.599,0.220,0.157,0.118,26.077,673464
1782481455010,-110,110,0.006,6.591,6.591,0.251,0.188,0.151,26.077,673497
1782481455041,-115,115,0.000,6.591,6.582,0.314,0.220,0.124,25.990,673530
1782481455073,-117,117,0.000,6.591,6.591,0.251,0.188,0.118,26.077,673563
1782481455106,-117,117,0.006,6.591,6.591,0.282,0.220,0.129,25.990,673596
1782481455140,-112,112,0.000,6.574,6.566,0.345,0.220,0.124,25.990,673629
1782481455173,-110,110,0.000,6.566,6.566,0.408,0.282,0.129,25.990,673662
1782481455205,-105,105,0.000,6.574,6.566,0.314,0.251,0.108,26.077,673695
1782481455239,-100,100,0.000,6.582,6.582,0.251,0.251,0.129,25.990,673728
1782481455272,-97,97,0.000,6.591,6.582,0.251,0.251,0.118,25.990,673761
1782481455316,-90,90,0.000,6.599,6.591,0.251,0.157,0.140,25.990,673794
1782481455343,-87,87,0.000,6.607,6.599,0.220,0.157,0.129,25.990,673827
1782481455371,-85,85,0.000,6.599,6.591,0.251,0.157,0.145,25.990,673860
1782481455404,-80,80,0.000,6.615,6.607,0.188,0.157,0.124,25.990,673893
1782481455438,-75,75,0.000,6.615,6.615,0.188,0.157,0.124,25.990,673926
1782481455470,-72,72,0.000,6.615,6.607,0.188,0.157,0.129,25.990,673959
1782481455503,-67,67,0.000,6.615,6.607,0.188,0.157,0.161,25.990,673992
1782481455536,-67,67,0.000,6.624,6.607,0.126,0.157,0.124,25.990,674025
1782481455569,-70,70,0.006,6.624,6.615,0.188,0.157,0.124,26.077,674058
1782481455602,-75,75,0.000,6.615,6.615,0.188,0.157,0.151,25.990,674091
1782481455637,-80,80,0.000,6.615,6.615,0.157,0.188,0.129,25.990,674124
1782481455667,-82,82,0.000,6.615,6.607,0.188,0.157,0.129,25.990,674157
1782481455701,-87,87,0.000,6.624,6.624,0.126,0.157,0.156,25.990,674190
1782481455734,-90,90,0.000,6.624,6.607,0.188,0.157,0.129,25.990,674223
1782481455775,-97,97,0.000,6.615,6.615,0.188,0.157,0.124,25.990,674256
1782481455801,-100,100,0.006,6.624,6.624,0.157,0.157,0.194,25.990,674289
1782481455836,-105,105,0.006,6.615,6.607,0.188,0.126,0.124,26.077,674322
1782481455868,-107,107,0.006,6.599,6.599,0.220,0.157,0.129,25.990,674355
1782481455900,-112,112,0.000,6.591,6.591,0.251,0.220,0.129,25.990,674388
1782481455934,-115,115,0.000,6.591,6.582,0.282,0.220,0.129,25.990,674421
1782481455966,-120,120,0.000,6.591,6.582,0.314,0.188,0.124,25.990,674454
1782481456000,-120,120,0.000,6.582,6.591,0.314,0.251,0.124,25.990,674487
1782481456034,-117,117,0.000,6.574,6.566,0.408,0.282,0.134,25.990,674520
1782481456067,-112,112,0.000,6.566,6.557,0.439,0.251,0.124,26.077,674553
1782481456100,-107,107,0.000,6.574,6.574,0.314,0.251,0.129,26.077,674586
1782481456135,-102,102,0.000,6.582,6.582,0.282,0.188,0.124,25.990,674619
1782481456166,-100,100,0.000,6.582,6.582,0.282,0.220,0.145,25.990,674652
1782481456199,-95,95,0.000,6.599,6.582,0.251,0.188,0.140,25.990,674685
1782481456238,-90,90,0.000,6.599,6.591,0.251,0.157,0.177,25.990,674718
1782481456267,-87,87,0.000,6.599,6.591,0.251,0.126,0.188,25.990,674751
1782481456300,-82,82,0.006,6.607,6.599,0.188,0.157,0.177,25.990,674784
1782481456336,-77,77,0.000,6.607,6.607,0.188,0.126,0.183,25.990,674817
1782481456366,-75,75,0.000,6.607,6.607,0.188,0.188,0.183,25.990,674850
1782481456399,-70,70,0.006,6.607,6.607,0.188,0.157,0.177,25.990,674883
1782481456432,-67,67,0.000,6.607,6.607,0.188,0.157,0.177,25.990,674916
1782481456465,-72,72,0.000,6.607,6.607,0.157,0.126,0.156,25.990,674949
1782481456499,-77,77,0.006,6.607,6.599,0.188,0.157,0.167,25.990,674982
1782481456532,-80,80,0.000,6.607,6.607,0.188,0.157,0.194,25.990,675015
1782481456567,-85,85,0.000,6.615,6.607,0.188,0.157,0.167,25.990,675048
1782481456599,-90,90,0.000,6.607,6.615,0.188,0.188,0.172,25.990,675081
1782481456640,-95,95,0.006,6.607,6.607,0.220,0.188,0.172,25.990,675114
1782481456669,-97,97,0.000,6.607,6.599,0.188,0.157,0.177,25.990,675147
1782481456699,-102,102,0.000,6.607,6.599,0.188,0.188,0.156,25.990,675180
1782481456731,-105,105,0.006,6.591,6.591,0.314,0.188,0.194,25.990,675213
1782481456765,-110,110,0.000,6.599,6.591,0.282,0.157,0.194,25.990,675246
1782481456798,-115,115,0.006,6.574,6.582,0.220,0.220,0.177,25.990,675279
1782481456832,-117,117,0.000,6.582,6.582,0.282,0.220,0.183,25.990,675312
1782481456866,-122,122,0.000,6.574,6.566,0.314,0.251,0.199,25.990,675345
1782481456902,-127,127,0.000,6.574,6.574,0.314,0.220,0.183,25.990,675378
1782481456941,-122,122,0.000,6.566,6.557,0.314,0.282,0.177,25.990,675411
1782481456980,-117,117,0.000,6.566,6.566,0.314,0.282,0.161,25.990,675444
1782481456998,-117,117,0.000,6.557,6.557,0.408,0.282,0.156,25.990,675477
1782481457030,-112,112,0.006,6.557,6.549,0.377,0.251,0.194,25.990,675510
1782481457064,-107,107,0.000,6.574,6.574,0.377,0.251,0.194,25.990,675543
1782481457097,-105,105,0.000,6.574,6.566,0.314,0.251,0.194,25.990,675576
1782481457131,-100,100,0.000,6.582,6.582,0.282,0.220,0.172,25.990,675609
1782481457164,-95,95,0.000,6.582,6.582,0.251,0.220,0.194,25.990,675642
1782481457199,-90,90,0.000,6.599,6.591,0.251,0.188,0.172,25.990,675675
1782481457230,-87,87,0.000,6.591,6.591,0.282,0.157,0.194,25.990,675708
1782481457263,-82,82,0.000,6.607,6.607,0.188,0.157,0.167,25.990,675741
1782481457297,-80,80,0.000,6.615,6.607,0.126,0.188,0.167,26.077,675774
1782481457330,-75,75,0.006,6.607,6.607,0.157,0.126,0.172,25.990,675807
1782481457364,-70,70,0.000,6.607,6.615,0.188,0.157,0.199,25.990,675840
1782481457397,-67,67,0.000,6.599,6.607,0.188,0.157,0.210,25.990,675873
1782481457435,-62,62,0.000,6.624,6.607,0.188,0.157,0.199,25.990,675906
1782481457464,-57,57,0.000,6.607,6.599,0.188,0.157,0.188,25.990,675939
1782481457498,-55,55,0.000,6.607,6.607,0.188,0.126,0.177,25.990,675972
1782481457530,-60,60,0.006,6.615,6.599,0.126,0.157,0.167,25.990,676005
1782481457568,-65,65,0.000,6.607,6.607,0.188,0.157,0.188,25.990,676038
1782481457596,-67,67,0.000,6.624,6.607,0.188,0.157,0.172,25.990,676071
1782481457629,-72,72,0.000,6.615,6.607,0.188,0.188,0.194,26.077,676104
1782481457667,-77,77,0.000,6.607,6.607,0.157,0.157,0.188,26.077,676137
1782481457696,-80,80,0.000,6.624,6.615,0.188,0.157,0.226,25.990,676170
1782481457729,-85,85,0.000,6.607,6.599,0.188,0.157,0.172,25.990,676203
1782481457762,-90,90,0.000,6.607,6.607,0.188,0.157,0.188,25.990,676236
1782481457796,-92,92,0.000,6.615,6.599,0.188,0.157,0.161,25.990,676269
1782481457829,-97,97,0.000,6.607,6.607,0.188,0.188,0.177,25.990,676302
1782481457864,-102,102,0.000,6.607,6.607,0.157,0.157,0.199,25.990,676335
1782481457897,-105,105,0.006,6.591,6.591,0.251,0.157,0.177,25.990,676368
1782481457931,-110,110,0.000,6.591,6.591,0.251,0.220,0.177,25.990,676401
1782481457962,-115,115,0.000,6.591,6.582,0.314,0.220,0.194,25.990,676434
1782481457995,-117,117,0.000,6.582,6.574,0.282,0.188,0.177,26.077,676467
1782481458029,-122,122,0.012,6.574,6.566,0.314,0.251,0.199,25.990,676500
1782481458062,-127,127,0.000,6.566,6.566,0.314,0.251,0.161,25.990,676533
1782481458095,-130,130,0.000,6.574,6.549,0.377,0.251,0.177,25.990,676566
1782481458128,-125,125,0.000,6.557,6.557,0.439,0.251,0.194,26.077,676599
1782481458161,-122,122,0.000,6.533,6.533,0.565,0.314,0.194,25.990,676632
1782481458197,-117,117,0.000,6.557,6.557,0.377,0.345,0.183,25.990,676665
1782481458228,-112,112,0.000,6.557,6.557,0.314,0.251,0.188,25.990,676698
1782481458262,-107,107,0.006,6.566,6.566,0.377,0.251,0.172,25.990,676731
1782481458294,-105,105,0.000,6.574,6.574,0.251,0.251,0.194,25.990,676764
1782481458333,-100,100,0.006,6.574,6.566,0.314,0.251,0.199,25.990,676797
1782481458361,-97,97,0.000,6.582,6.574,0.220,0.251,0.194,25.990,676830
1782481458394,-92,92,0.000,6.599,6.591,0.220,0.126,0.199,25.990,676863
1782481458428,-87,87,0.000,6.599,6.591,0.251,0.157,0.210,25.990,676896
1782481458460,-85,85,0.000,6.607,6.599,0.188,0.157,0.188,26.077,676929
1782481458494,-80,80,0.000,6.615,6.599,0.126,0.157,0.177,25.990,676962
1782481458527,-75,75,0.000,6.607,6.607,0.188,0.157,0.151,25.990,676995
1782481458560,-72,72,0.000,6.607,6.607,0.220,0.157,0.183,25.990,677028
1782481458594,-67,67,0.000,6.607,6.607,0.157,0.126,0.188,25.990,677061
1782481458627,-62,62,0.000,6.607,6.599,0.220,0.126,0.194,26.077,677094
1782481458661,-60,60,0.000,6.599,6.624,0.188,0.157,0.199,26.077,677127
1782481458695,-55,55,0.006,6.607,6.607,0.188,0.157,0.172,25.990,677160
1782481458727,-50,50,0.000,6.607,6.607,0.188,0.188,0.188,25.990,677193
1782481458760,-47,47,0.000,6.607,6.599,0.157,0.126,0.177,25.990,677226
1782481458803,-40,40,0.000,6.607,6.599,0.188,0.157,0.177,25.990,677259
1782481458835,-37,37,0.000,6.615,6.607,0.188,0.188,0.172,25.990,677292
1782481458881,-32,32,0.000,6.607,6.599,0.188,0.188,0.188,25.990,677325
1782481458907,-27,27,0.000,6.615,6.607,0.188,0.157,0.156,25.990,677358
1782481458935,-25,25,0.000,6.607,6.607,0.188,0.188,0.145,25.990,677391
1782481458967,-20,20,0.000,6.624,6.599,0.188,0.157,0.194,25.990,677424
1782481459004,-15,15,0.000,6.607,6.607,0.188,0.126,0.183,25.990,677457
1782481459034,-12,12,0.000,6.607,6.615,0.188,0.157,0.129,25.990,677490
1782481459069,-7,7,0.000,6.615,6.599,0.188,0.157,0.161,25.990,677523
1782481459100,-5,5,0.000,6.607,6.607,0.126,0.188,0.124,25.990,677556
1782481459136,-10,10,0.000,6.607,6.607,0.220,0.157,0.167,25.990,677589
1782481459166,-15,15,0.000,6.624,6.607,0.188,0.157,0.129,25.990,677622
1782481459198,-17,17,0.000,6.607,6.607,0.188,0.157,0.102,25.990,677655
1782481459232,-22,22,0.000,6.615,6.607,0.126,0.126,0.151,26.077,677688
1782481459265,-27,27,0.000,6.607,6.591,0.157,0.157,0.151,25.990,677721
1782481459298,-30,30,0.000,6.607,6.599,0.188,0.157,0.134,25.990,677754
1782481459332,-35,35,0.000,6.607,6.624,0.188,0.157,0.118,25.990,677787
1782481459364,-40,40,0.000,6.607,6.607,0.188,0.157,0.156,25.990,677820
1782481459397,-42,42,0.000,6.615,6.599,0.188,0.157,0.118,25.990,677853
1782481459430,-47,47,0.000,6.615,6.607,0.157,0.157,0.124,25.990,677886
1782481459463,-52,52,0.000,6.615,6.624,0.220,0.157,0.129,25.990,677919
1782481459496,-55,55,0.000,6.615,6.607,0.220,0.157,0.129,25.990,677952
1782481459531,-60,60,0.000,6.615,6.615,0.188,0.157,0.129,26.077,677985
1782481459562,-62,62,0.000,6.615,6.607,0.188,0.157,0.113,25.990,678018
1782481459595,-67,67,0.000,6.615,6.607,0.188,0.188,0.113,25.990,678051
1782481459630,-72,72,0.006,6.624,6.615,0.188,0.188,0.124,25.990,678084
1782481459661,-75,75,0.000,6.615,6.615,0.188,0.157,0.113,25.990,678117
1782481459694,-80,80,0.006,6.615,6.615,0.188,0.157,0.118,25.990,678150
1782481459727,-85,85,0.000,6.615,6.615,0.188,0.157,0.129,25.990,678183
1782481459760,-87,87,0.006,6.615,6.615,0.157,0.188,0.129,25.990,678216
1782481459793,-92,92,0.000,6.615,6.607,0.188,0.157,0.124,25.990,678249
1782481459826,-97,97,0.000,6.615,6.607,0.188,0.188,0.124,25.990,678282
1782481459859,-100,100,0.006,6.624,6.624,0.188,0.188,0.129,26.077,678315
1782481459892,-105,105,0.006,6.615,6.615,0.188,0.188,0.161,25.990,678348
1782481459925,-110,110,0.000,6.599,6.599,0.251,0.157,0.124,25.990,678381
1782481459970,-115,115,0.000,6.607,6.591,0.251,0.157,0.129,25.990,678414
1782481459990,-117,117,0.000,6.599,6.591,0.220,0.188,0.156,25.990,678447
1782481460026,-122,122,0.000,6.574,6.574,0.251,0.251,0.161,25.990,678480
1782481460057,-125,125,0.000,6.591,6.591,0.251,0.220,0.129,25.990,678513
1782481460090,-130,130,0.000,6.574,6.574,0.314,0.251,0.156,26.077,678546
1782481460126,-135,135,0.000,6.566,6.566,0.408,0.251,0.140,25.990,678579
1782481460158,-137,137,0.000,6.566,6.557,0.471,0.251,0.129,26.077,678612
1782481460190,-142,142,0.000,6.549,6.533,0.502,0.408,0.129,25.990,678645
1782481460225,-137,137,0.000,6.557,6.549,0.439,0.282,0.129,25.990,678678
1782481460266,-132,132,0.000,6.541,6.533,0.533,0.345,0.118,25.990,678711
1782481460295,-130,130,0.000,6.524,6.508,0.722,0.314,0.129,25.990,678744
1782481460323,-127,127,0.000,6.541,6.541,0.439,0.439,0.129,26.077,678777
1782481460356,-122,122,0.000,6.549,6.541,0.439,0.377,0.129,25.990,678810
1782481460390,-117,117,0.000,6.574,6.557,0.345,0.345,0.129,25.990,678843
1782481460423,-115,115,0.000,6.566,6.557,0.377,0.282,0.129,25.990,678876
1782481460457,-110,110,0.000,6.574,6.566,0.282,0.251,0.140,25.990,678909
1782481460497,-105,105,0.000,6.582,6.566,0.314,0.251,0.134,25.990,678942
1782481460523,-102,102,0.000,6.582,6.574,0.282,0.220,0.177,25.990,678975
1782481460556,-97,97,0.000,6.582,6.574,0.251,0.220,0.172,25.990,679008
1782481460590,-92,92,0.000,6.582,6.582,0.251,0.220,0.183,26.077,679041
1782481460622,-90,90,0.006,6.591,6.591,0.282,0.157,0.194,25.990,679074
1782481460656,-85,85,0.000,6.591,6.582,0.220,0.157,0.188,25.990,679107
1782481460689,-80,80,0.000,6.607,6.599,0.188,0.157,0.183,25.990,679140
1782481460723,-77,77,0.000,6.607,6.599,0.188,0.157,0.194,25.990,679173
1782481460757,-77,77,0.000,6.607,6.615,0.188,0.157,0.172,26.077,679206
1782481460790,-82,82,0.000,6.607,6.607,0.220,0.188,0.156,25.990,679239
1782481460823,-85,85,0.000,6.599,6.615,0.188,0.157,0.199,25.990,679272
1782481460855,-90,90,0.000,6.615,6.607,0.188,0.157,0.194,25.990,679305
1782481460889,-95,95,0.000,6.607,6.607,0.188,0.188,0.177,25.990,679338
1782481460922,-97,97,0.000,6.599,6.607,0.188,0.157,0.188,26.077,679371
1782481460954,-102,102,0.006,6.607,6.599,0.188,0.157,0.172,25.990,679404
1782481460989,-107,107,0.000,6.607,6.591,0.251,0.157,0.172,25.990,679437
1782481461021,-110,110,0.000,6.591,6.582,0.251,0.157,0.183,25.990,679470
1782481461055,-115,115,0.000,6.591,6.582,0.251,0.220,0.194,25.990,679503
1782481461088,-120,120,0.000,6.582,6.574,0.251,0.251,0.156,25.990,679536
1782481461125,-122,122,0.000,6.574,6.582,0.314,0.251,0.183,25.990,679569
1782481461155,-127,127,0.000,6.574,6.574,0.345,0.251,0.199,25.990,679602
1782481461188,-132,132,0.000,6.566,6.557,0.377,0.282,0.167,25.990,679635
1782481461221,-135,135,0.000,6.557,6.549,0.345,0.345,0.188,25.990,679668
1782481461255,-140,140,0.000,6.541,6.524,0.502,0.439,0.172,25.990,679701
1782481461288,-145,145,0.000,6.541,6.533,0.502,0.377,0.210,25.990,679734
1782481461321,-147,147,0.000,6.541,6.524,0.502,0.408,0.194,25.990,679767
1782481461355,-152,152,0.000,6.524,6.516,0.565,0.439,0.177,25.990,679800
1782481461388,-157,157,0.000,6.508,6.508,0.596,0.502,0.177,25.990,679833
1782481461421,-160,160,0.000,6.508,6.508,0.502,0.628,0.172,26.077,679866
1782481461459,-165,165,0.000,6.524,6.508,0.471,0.565,0.177,25.990,679899
1782481461487,-170,170,0.000,6.516,6.508,0.345,0.628,0.194,25.990,679932
1782481461520,-172,172,0.000,6.499,6.466,0.439,0.879,0.188,25.990,679965
1782481461554,-177,177,0.000,6.516,6.516,0.502,0.533,0.194,25.990,679998
1782481461588,-182,182,0.000,6.541,6.533,0.377,0.408,0.177,25.990,680031
1782481461620,-185,185,0.000,6.541,6.541,0.345,0.377,0.199,25.990,680064
1782481461654,-190,190,0.000,6.533,6.524,0.439,0.408,0.177,25.990,680097
1782481461687,-195,195,0.000,6.533,6.524,0.377,0.408,0.167,25.990,680130
1782481461720,-197,197,0.000,6.533,6.516,0.439,0.377,0.188,26.077,680163
1782481461753,-202,202,0.000,6.516,6.508,0.502,0.439,0.177,25.990,680196
1782481461787,-207,207,0.006,6.541,6.524,0.377,0.502,0.167,25.990,680229
1782481461820,-210,210,0.000,6.524,6.516,0.439,0.408,0.194,25.990,680262
1782481461866,-215,215,0.000,6.524,6.516,0.565,0.439,0.194,25.990,680295
1782481461887,-220,220,0.000,6.516,6.499,0.502,0.628,0.156,26.077,680328
1782481461919,-222,222,0.000,6.508,6.491,0.628,0.502,0.188,25.990,680361
1782481461953,-227,227,0.000,6.508,6.499,0.722,0.533,0.199,25.990,680394
1782481461986,-230,230,0.000,6.508,6.483,0.596,0.533,0.194,25.990,680427
1782481462020,-235,235,0.006,6.508,6.491,0.533,0.596,0.194,25.990,680460
1782481462052,-240,240,0.000,6.475,6.458,0.816,0.722,0.204,25.990,680493
1782481462088,-235,235,0.000,6.475,6.466,0.879,0.533,0.183,25.990,680526
1782481462119,-232,232,0.006,6.475,6.466,0.847,0.533,0.194,25.990,680559
1782481462152,-227,227,0.000,6.475,6.475,0.816,0.565,0.199,25.990,680592
1782481462186,-225,225,0.006,6.475,6.475,0.596,0.722,0.194,25.990,680625
1782481462219,-220,220,0.000,6.483,6.491,0.565,0.565,0.172,25.990,680658
1782481462252,-215,215,0.000,6.499,6.491,0.565,0.502,0.161,25.990,680691
1782481462286,-212,212,0.000,6.491,6.491,0.565,0.439,0.194,25.990,680724
1782481462320,-207,207,0.000,6.499,6.491,0.628,0.596,0.188,25.990,680757
1782481462365,-202,202,0.000,6.524,6.508,0.502,0.408,0.177,25.990,680790
1782481462385,-200,200,0.000,6.524,6.499,0.502,0.408,0.167,25.990,680823
1782481462418,-195,195,0.000,6.508,6.499,0.596,0.628,0.161,25.990,680856
1782481462451,-190,190,0.000,6.516,6.516,0.439,0.377,0.194,25.990,680889
1782481462485,-187,187,0.006,6.516,6.508,0.502,0.471,0.188,25.990,680922
1782481462518,-182,182,0.000,6.524,6.516,0.502,0.377,0.194,25.990,680955
1782481462551,-177,177,0.006,6.533,6.524,0.471,0.377,0.188,25.990,680988
1782481462587,-172,172,0.000,6.533,6.516,0.377,0.439,0.177,25.990,681021
1782481462619,-170,170,0.000,6.541,6.524,0.439,0.377,0.210,25.990,681054
1782481462652,-165,165,0.000,6.549,6.533,0.314,0.345,0.188,25.990,681087
1782481462688,-160,160,0.006,6.541,6.533,0.408,0.345,0.194,26.077,681120
1782481462718,-157,157,0.000,6.541,6.541,0.377,0.314,0.194,25.990,681153
1782481462753,-152,152,0.000,6.557,6.541,0.282,0.282,0.183,26.077,681186
1782481462791,-147,147,0.006,6.549,6.541,0.314,0.345,0.183,25.990,681219
1782481462817,-145,145,0.000,6.549,6.549,0.282,0.282,0.177,25.990,681252
1782481462851,-140,140,0.000,6.541,6.533,0.282,0.471,0.188,25.990,681285
1782481462884,-137,137,0.000,6.557,6.541,0.282,0.345,0.177,25.990,681318
1782481462917,-132,132,0.000,6.541,6.541,0.314,0.377,0.161,25.990,681351
1782481462951,-127,127,0.000,6.533,6.524,0.345,0.345,0.194,25.990,681384
1782481462983,-125,125,0.000,6.524,6.533,0.408,0.345,0.204,25.990,681417
1782481463017,-120,120,0.000,6.533,6.524,0.565,0.251,0.161,25.990,681450
1782481463051,-115,115,0.000,6.541,6.524,0.502,0.314,0.183,25.990,681483
1782481463107,-110,110,0.000,6.549,6.533,0.471,0.282,0.167,25.990,681516
1782481463126,-107,107,0.006,6.557,6.557,0.314,0.251,0.167,25.990,681549
1782481463159,-102,102,0.000,6.566,6.557,0.282,0.251,0.177,26.077,681582
1782481463192,-97,97,0.000,6.574,6.574,0.251,0.220,0.183,25.990,681615
1782481463225,-95,95,0.000,6.574,6.566,0.220,0.220,0.199,25.990,681648
1782481463258,-90,90,0.000,6.574,6.557,0.251,0.251,0.172,25.990,681681
1782481463291,-85,85,0.006,6.582,6.582,0.220,0.157,0.177,25.990,681714
1782481463324,-82,82,0.000,6.599,6.591,0.188,0.157,0.172,25.990,681747
1782481463357,-77,77,0.000,6.599,6.591,0.188,0.188,0.177,25.990,681780
1782481463389,-72,72,0.000,6.607,6.582,0.188,0.157,0.161,25.990,681813
1782481463423,-70,70,0.000,6.607,6.599,0.157,0.157,0.167,25.990,681846
1782481463456,-65,65,0.000,6.599,6.591,0.188,0.157,0.134,26.077,681879
1782481463489,-60,60,0.000,6.607,6.599,0.220,0.220,0.151,25.990,681912
1782481463523,-57,57,0.000,6.599,6.599,0.188,0.188,0.151,25.990,681945
1782481463555,-52,52,0.000,6.599,6.591,0.188,0.126,0.161,25.990,681978
1782481463588,-50,50,0.000,6.607,6.599,0.188,0.157,0.118,25.990,682011
1782481463625,-45,45,0.006,6.607,6.599,0.188,0.157,0.151,25.990,682044
1782481463655,-40,40,0.000,6.615,6.599,0.188,0.157,0.129,25.990,682077
1782481463687,-37,37,0.000,6.607,6.582,0.188,0.188,0.129,25.990,682110
1782481463720,-32,32,0.006,6.599,6.607,0.220,0.157,0.140,25.990,682143
1782481463755,-27,27,0.000,6.607,6.607,0.188,0.157,0.124,25.990,682176
1782481463788,-30,30,0.000,6.599,6.599,0.188,0.157,0.140,25.990,682209
1782481463819,-35,35,0.000,6.607,6.599,0.220,0.157,0.145,26.077,682242
1782481463851,-40,40,0.000,6.599,6.599,0.126,0.126,0.124,25.990,682275
1782481463885,-42,42,0.000,6.607,6.599,0.157,0.157,0.124,25.990,682308
1782481463918,-47,47,0.000,6.615,6.607,0.157,0.126,0.124,25.990,682341
1782481463951,-52,52,0.000,6.599,6.607,0.188,0.157,0.124,26.077,682374
1782481463984,-55,55,0.000,6.607,6.599,0.188,0.188,0.124,25.990,682407
1782481464019,-60,60,0.000,6.607,6.599,0.188,0.126,0.129,26.077,682440
1782481464050,-65,65,0.006,6.599,6.591,0.188,0.157,0.124,26.077,682473
1782481464083,-67,67,0.000,6.615,6.607,0.188,0.157,0.124,25.990,682506
1782481464119,-72,72,0.000,6.607,6.599,0.188,0.157,0.124,25.990,682539
1782481464149,-75,75,0.000,6.607,6.607,0.188,0.157,0.124,25.990,682572
1782481464181,-80,80,0.000,6.607,6.599,0.157,0.157,0.129,25.990,682605
1782481464215,-85,85,0.000,6.607,6.607,0.188,0.126,0.129,25.990,682638
1782481464248,-87,87,0.000,6.607,6.591,0.188,0.157,0.129,25.990,682671
1782481464280,-92,92,0.006,6.607,6.607,0.157,0.157,0.129,25.990,682704
1782481464313,-97,97,0.000,6.615,6.607,0.157,0.188,0.129,25.990,682737
1782481464348,-100,100,0.000,6.599,6.599,0.188,0.157,0.129,25.990,682770
1782481464380,-105,105,0.000,6.591,6.591,0.314,0.157,0.129,25.990,682803
1782481464413,-110,110,0.000,6.591,6.582,0.251,0.157,0.129,25.990,682836
1782481464448,-112,112,0.000,6.582,6.591,0.251,0.157,0.129,26.077,682869
1782481464480,-117,117,0.000,6.582,6.574,0.251,0.251,0.129,25.990,682902
1782481464513,-122,122,0.000,6.574,6.574,0.345,0.251,0.134,25.990,682935
1782481464546,-125,125,0.000,6.574,6.566,0.282,0.220,0.129,26.077,682968
1782481464579,-130,130,0.000,6.557,6.557,0.377,0.220,0.118,25.990,683001
1782481464612,-135,135,0.000,6.557,6.557,0.345,0.314,0.129,25.990,683034
1782481464648,-137,137,0.000,6.557,6.549,0.502,0.220,0.129,25.990,683067
1782481464679,-142,142,0.000,6.549,6.533,0.502,0.282,0.134,25.990,683100
1782481464713,-147,147,0.000,6.524,6.524,0.565,0.314,0.129,25.990,683133
1782481464746,-150,150,0.006,6.508,6.516,0.690,0.377,0.134,25.990,683166
1782481464778,-155,155,0.000,6.508,6.491,0.628,0.596,0.129,25.990,683199
1782481464814,-160,160,0.000,6.516,6.508,0.502,0.628,0.151,25.990,683232
1782481464845,-162,162,0.000,6.541,6.541,0.345,0.439,0.140,25.990,683265
1782481464878,-167,167,0.000,6.533,6.541,0.471,0.408,0.172,25.990,683298
1782481464912,-172,172,0.000,6.541,6.524,0.408,0.471,0.210,25.990,683331
1782481464945,-175,175,0.000,6.541,6.541,0.345,0.377,0.177,25.990,683364
1782481464979,-180,180,0.000,6.541,6.524,0.377,0.408,0.161,25.990,683397
1782481465011,-185,185,0.000,6.541,6.524,0.439,0.439,0.194,25.990,683430
1782481465046,-187,187,0.000,6.533,6.516,0.345,0.502,0.188,25.990,683463
1782481465078,-192,192,0.000,6.524,6.508,0.471,0.408,0.199,26.077,683496
1782481465112,-197,197,0.000,6.533,6.524,0.439,0.408,0.183,25.990,683529
1782481465147,-200,200,0.000,6.533,6.508,0.565,0.377,0.204,25.990,683562
1782481465178,-205,205,0.000,6.524,6.524,0.439,0.439,0.167,25.990,683595
1782481465211,-210,210,0.000,6.524,6.524,0.533,0.439,0.194,25.990,683628
1782481465248,-212,212,0.000,6.516,6.508,0.533,0.408,0.194,25.990,683661
1782481465278,-217,217,0.000,6.508,6.491,0.628,0.471,0.199,25.990,683694
1782481465311,-220,220,0.000,6.508,6.499,0.628,0.533,0.204,25.990,683727
1782481465352,-227,227,0.000,6.508,6.499,0.565,0.533,0.188,25.990,683760
1782481465377,-230,230,0.000,6.483,6.466,0.533,0.690,0.204,25.990,683793
1782481465411,-232,232,0.000,6.483,6.475,0.690,0.628,0.194,25.990,683826
1782481465444,-227,227,0.000,6.499,6.483,0.596,0.471,0.194,26.077,683859
1782481465477,-222,222,0.000,6.483,6.475,0.816,0.565,0.161,26.077,683892
1782481465511,-220,220,0.000,6.499,6.491,0.565,0.439,0.210,25.990,683925
1782481465544,-215,215,0.000,6.499,6.491,0.659,0.596,0.188,25.990,683958
1782481465577,-210,210,0.000,6.508,6.491,0.502,0.533,0.161,26.077,683991
1782481465610,-207,207,0.000,6.499,6.491,0.690,0.439,0.194,25.990,684024
1782481465644,-202,202,0.000,6.516,6.499,0.502,0.533,0.177,26.077,684057
1782481465683,-197,197,0.000,6.508,6.516,0.471,0.408,0.183,25.990,684090
1782481465710,-195,195,0.000,6.524,6.508,0.439,0.439,0.177,26.077,684123
1782481465743,-190,190,0.000,6.516,6.508,0.408,0.565,0.204,26.077,684156
1782481465776,-185,185,0.000,6.533,6.516,0.408,0.408,0.188,25.990,684189
1782481465810,-182,182,0.000,6.524,6.516,0.502,0.471,0.194,26.077,684222
1782481465843,-177,177,0.006,6.524,6.524,0.439,0.377,0.183,26.077,684255
1782481465877,-172,172,0.000,6.533,6.524,0.502,0.314,0.172,25.990,684288
1782481465909,-170,170,0.000,6.533,6.524,0.439,0.439,0.172,26.077,684321
1782481465944,-165,165,0.000,6.533,6.524,0.345,0.408,0.194,25.990,684354
1782481465980,-160,160,0.000,6.541,6.533,0.377,0.314,0.188,25.990,684387
1782481466009,-157,157,0.000,6.549,6.549,0.345,0.377,0.188,25.990,684420
1782481466044,-152,152,0.000,6.541,6.541,0.377,0.282,0.183,26.077,684453
1782481466076,-147,147,0.000,6.541,6.549,0.282,0.314,0.183,25.990,684486
1782481466110,-145,145,0.000,6.541,6.533,0.314,0.408,0.161,25.990,684519
1782481466142,-140,140,0.000,6.541,6.533,0.345,0.377,0.204,25.990,684552
1782481466176,-135,135,0.000,6.541,6.541,0.282,0.377,0.172,25.990,684585
1782481466209,-132,132,0.000,6.524,6.524,0.408,0.408,0.177,25.990,684618
1782481466243,-127,127,0.000,6.524,6.516,0.408,0.439,0.177,26.077,684651
1782481466276,-122,122,0.000,6.533,6.524,0.502,0.345,0.194,25.990,684684
1782481466308,-120,120,0.000,6.524,6.524,0.502,0.408,0.167,26.077,684717
1782481466350,-115,115,0.000,6.533,6.524,0.439,0.314,0.194,26.077,684750
1782481466375,-110,110,0.000,6.557,6.541,0.345,0.251,0.247,25.990,684783
1782481466408,-107,107,0.006,6.557,6.549,0.345,0.220,0.177,25.990,684816
1782481466441,-102,102,0.000,6.574,6.557,0.282,0.251,0.194,26.077,684849
1782481466475,-100,100,0.000,6.574,6.566,0.282,0.251,0.183,25.990,684882
1782481466511,-95,95,0.000,6.557,6.549,0.251,0.251,0.199,25.990,684915
1782481466542,-90,90,0.000,6.582,6.582,0.251,0.188,0.172,25.990,684948
1782481466579,-85,85,0.000,6.591,6.582,0.251,0.157,0.172,25.990,684981
1782481466608,-82,82,0.000,6.591,6.574,0.220,0.157,0.177,25.990,685014
1782481466641,-77,77,0.000,6.591,6.591,0.188,0.126,0.188,25.990,685047
1782481466674,-75,75,0.000,6.591,6.591,0.157,0.157,0.177,25.990,685080
1782481466708,-70,70,0.000,6.591,6.582,0.220,0.126,0.177,25.990,685113
1782481466741,-65,65,0.006,6.591,6.591,0.157,0.126,0.177,25.990,685146
1782481466774,-62,62,0.000,6.599,6.591,0.188,0.157,0.167,25.990,685179
1782481466817,-55,55,0.000,6.599,6.591,0.188,0.126,0.183,25.990,685212
1782481466841,-52,52,0.000,6.599,6.599,0.188,0.157,0.156,25.990,685245
1782481466874,-50,50,0.000,6.591,6.591,0.188,0.126,0.188,25.990,685278
1782481466908,-45,45,0.000,6.591,6.591,0.188,0.157,0.161,25.990,685311
1782481466941,-40,40,0.000,6.607,6.591,0.188,0.157,0.177,25.990,685344
1782481466973,-37,37,0.000,6.599,6.599,0.220,0.188,0.177,26.077,685377
1782481467007,-32,32,0.000,6.599,6.591,0.188,0.157,0.161,26.077,685410
1782481467040,-27,27,0.000,6.607,6.591,0.188,0.157,0.194,26.077,685443
1782481467079,-22,22,0.000,6.599,6.591,0.157,0.157,0.172,25.990,685476
1782481467110,-20,20,0.000,6.599,6.591,0.188,0.188,0.167,25.990,685509
1782481467140,-15,15,0.000,6.599,6.599,0.188,0.157,0.172,25.990,685542
1782481467173,-12,12,0.006,6.615,6.582,0.188,0.157,0.172,26.077,685575
1782481467208,-7,7,0.000,6.599,6.591,0.188,0.157,0.183,25.990,685608
1782481467248,-2,2,0.000,6.599,6.591,0.188,0.188,0.177,25.990,685641
1782481467273,0,0,0.006,6.599,6.599,0.188,0.157,0.172,25.990,685674
1782481467311,0,0,0.000,6.599,6.599,0.188,0.157,0.172,25.990,685707
1782481467350,0,0,0.000,6.599,6.599,0.188,0.157,0.188,26.077,685740
1782481467373,0,0,0.000,6.607,6.599,0.220,0.251,0.167,26.077,685773
1782481467406,0,0,0.000,6.599,6.582,0.188,0.126,0.183,25.990,685806
1782481467439,0,0,0.000,6.591,6.591,0.157,0.126,0.204,25.990,685839
1782481467481,0,0,0.000,6.599,6.591,0.126,0.157,0.204,25.990,685872
1782481467515,0,0,0.000,6.607,6.582,0.188,0.188,0.199,25.990,685905
1782481467548,0,0,0.000,6.591,6.591,0.157,0.188,0.156,26.077,685938
1782481467581,0,0,0.006,6.607,6.591,0.188,0.157,0.183,25.990,685971
1782481467614,0,0,0.000,6.599,6.591,0.188,0.126,0.188,26.077,686004
1782481467647,0,0,0.006,6.599,6.591,0.188,0.157,0.188,25.990,686037
1782481467680,0,0,0.000,6.599,6.591,0.188,0.157,0.194,26.077,686070
1782481467713,0,0,0.000,6.599,6.599,0.188,0.157,0.183,26.077,686103
1782481467746,0,0,0.000,6.599,6.591,0.157,0.157,0.183,25.990,686136
1782481467778,0,0,0.000,6.599,6.599,0.157,0.188,0.188,25.990,686169
1782481467812,0,0,0.000,6.599,6.599,0.188,0.157,0.145,25.990,686202
1782481467844,0,0,0.000,6.607,6.599,0.188,0.188,0.124,25.990,686235
1782481467878,0,0,0.000,6.591,6.599,0.188,0.157,0.129,25.990,686268
1782481467912,0,0,0.000,6.607,6.599,0.126,0.157,0.108,25.990,686301
1782481467944,0,0,0.006,6.599,6.599,0.188,0.157,0.188,25.990,686334
1782481467976,0,0,0.000,6.607,6.599,0.126,0.157,0.129,25.990,686367
1782481468010,0,0,0.000,6.599,6.599,0.188,0.157,0.129,25.990,686400
1782481468043,0,0,0.000,6.607,6.599,0.188,0.157,0.124,26.077,686433
1782481468076,0,0,0.000,6.615,6.624,0.188,0.157,0.129,25.990,686466
1782481468109,0,0,0.000,6.607,6.599,0.188,0.188,0.129,25.990,686499
1782481468150,0,0,0.000,6.599,6.599,0.188,0.188,0.124,25.990,686532
1782481468175,0,0,0.000,6.607,6.615,0.188,0.157,0.129,25.990,686565
1782481468207,0,0,0.000,6.615,6.599,0.157,0.094,0.124,25.990,686598
1782481468240,0,0,0.006,6.599,6.599,0.188,0.157,0.118,25.990,686631
1782481468273,0,0,0.000,6.607,6.607,0.188,0.157,0.129,25.990,686664
1782481468307,0,0,0.000,6.607,6.599,0.188,0.126,0.124,26.077,686697
1782481468341,0,0,0.000,6.599,6.599,0.188,0.188,0.129,25.990,686730
1782481468373,0,0,0.000,6.615,6.599,0.157,0.157,0.134,25.990,686763
1782481468425,0,0,0.000,6.607,6.591,0.126,0.157,0.129,25.990,686796
1782481468440,0,0,0.006,6.615,6.599,0.157,0.157,0.172,25.990,686829
1782481468472,0,0,0.000,6.607,6.599,0.188,0.157,0.129,25.990,686862
1782481468507,0,0,0.006,6.607,6.607,0.188,0.157,0.134,25.990,686895
1782481468546,0,0,0.000,6.615,6.599,0.157,0.188,0.134,25.990,686928
1782481468571,0,0,0.000,6.607,6.599,0.157,0.126,0.129,26.077,686961
1782481468603,0,0,0.000,6.599,6.607,0.188,0.157,0.129,25.990,686994
1782481468636,0,0,0.000,6.607,6.607,0.188,0.157,0.129,25.990,687027
1782481468670,0,0,0.000,6.607,6.599,0.188,0.188,0.134,25.990,687060
1782481468703,-2,-2,0.000,6.607,6.607,0.157,0.157,0.129,25.990,687093
1782481468736,-5,-5,0.000,6.599,6.599,0.188,0.126,0.151,25.990,687126
1782481468769,-10,-10,0.000,6.599,6.607,0.188,0.157,0.140,25.990,687159
1782481468803,-15,-15,0.000,6.624,6.591,0.188,0.157,0.129,25.990,687192
1782481468836,-17,-17,0.000,6.615,6.591,0.188,0.157,0.124,25.990,687225
1782481468869,-22,-22,0.000,6.607,6.599,0.157,0.157,0.118,25.990,687258
1782481468908,-27,-27,0.000,6.615,6.607,0.188,0.157,0.124,25.990,687291
1782481468953,-32,-32,0.000,6.607,6.599,0.251,0.157,0.108,25.990,687324
1782481468969,-35,-35,0.006,6.607,6.607,0.188,0.157,0.124,25.990,687357
1782481469002,-40,-40,0.000,6.599,6.599,0.188,0.157,0.124,25.990,687390
1782481469037,-42,-42,0.000,6.607,6.607,0.220,0.126,0.129,25.990,687423
1782481469069,-47,-47,0.000,6.607,6.607,0.188,0.157,0.113,25.990,687456
1782481469102,-52,-52,0.000,6.607,6.607,0.188,0.157,0.140,25.990,687489
1782481469139,-55,-55,0.000,6.615,6.607,0.188,0.157,0.134,25.990,687522
1782481469168,-60,-60,0.000,6.607,6.615,0.157,0.157,0.140,25.990,687555
1782481469202,-65,-65,0.000,6.607,6.607,0.188,0.157,0.194,25.990,687588
1782481469242,-70,-70,0.000,6.615,6.599,0.188,0.157,0.183,26.077,687621
1782481469268,-72,-72,0.000,6.607,6.591,0.188,0.157,0.188,25.990,687654
1782481469301,-77,-77,0.000,6.624,6.599,0.126,0.157,0.188,25.990,687687
1782481469335,-80,-80,0.000,6.607,6.599,0.188,0.126,0.194,25.990,687720
1782481469368,-85,-85,0.000,6.607,6.599,0.188,0.188,0.172,25.990,687753
1782481469401,-90,-90,0.000,6.607,6.599,0.188,0.157,0.199,25.990,687786
1782481469434,-92,-92,0.000,6.607,6.599,0.126,0.126,0.177,25.990,687819
1782481469468,-97,-97,0.000,6.607,6.599,0.188,0.157,0.172,25.990,687852
1782481469501,-102,-102,0.000,6.607,6.599,0.188,0.157,0.194,25.990,687885
1782481469534,-105,-105,0.000,6.599,6.599,0.220,0.157,0.172,25.990,687918
1782481469568,-110,-110,0.006,6.607,6.599,0.188,0.157,0.172,26.077,687951
1782481469600,-112,-112,0.000,6.599,6.582,0.188,0.220,0.188,25.990,687984
1782481469634,-117,-117,0.000,6.582,6.574,0.251,0.220,0.194,25.990,688017
1782481469669,-122,-122,0.000,6.582,6.574,0.188,0.220,0.183,25.990,688050
1782481469706,-127,-127,0.000,6.582,6.574,0.220,0.220,0.199,25.990,688083
1782481469734,-130,-130,0.000,6.582,6.574,0.188,0.220,0.188,25.990,688116
1782481469768,-135,-135,0.000,6.582,6.574,0.188,0.282,0.194,25.990,688149
1782481469800,-132,-132,0.000,6.574,6.574,0.251,0.251,0.156,25.990,688182
1782481469833,-127,-127,0.006,6.557,6.533,0.345,0.377,0.172,26.077,688215
1782481469870,-122,-122,0.000,6.557,6.549,0.314,0.377,0.194,25.990,688248
1782481469900,-120,-120,0.000,6.566,6.557,0.377,0.220,0.183,25.990,688281
1782481469934,-115,-115,0.006,6.582,6.574,0.251,0.188,0.183,25.990,688314
1782481469966,-110,-110,0.000,6.574,6.574,0.251,0.251,0.183,25.990,688347
1782481470010,-105,-105,0.000,6.574,6.574,0.251,0.220,0.183,26.077,688380
1782481470033,-102,-102,0.000,6.582,6.566,0.188,0.251,0.161,25.990,688413
1782481470066,-97,-97,0.000,6.599,6.582,0.188,0.188,0.177,26.077,688446
1782481470100,-95,-95,0.006,6.591,6.591,0.188,0.188,0.156,26.077,688479
1782481470135,-90,-90,0.000,6.607,6.591,0.188,0.188,0.177,25.990,688512
1782481470166,-85,-85,0.000,6.599,6.591,0.188,0.157,0.161,25.990,688545
1782481470199,-82,-82,0.000,6.607,6.591,0.188,0.157,0.172,25.990,688578
1782481470234,-77,-77,0.000,6.599,6.591,0.188,0.188,0.194,25.990,688611
1782481470267,-72,-72,0.000,6.599,6.607,0.220,0.157,0.199,25.990,688644
1782481470313,-67,-67,0.000,6.607,6.599,0.188,0.157,0.199,25.990,688677
1782481470332,-65,-65,0.000,6.607,6.599,0.188,0.157,0.161,26.077,688710
1782481470366,-60,-60,0.000,6.591,6.599,0.188,0.157,0.194,25.990,688743
1782481470401,-62,-62,0.000,6.599,6.599,0.188,0.157,0.194,26.077,688776
1782481470432,-67,-67,0.000,6.599,6.599,0.188,0.157,0.194,25.990,688809
1782481470472,-72,-72,0.006,6.591,6.591,0.188,0.157,0.204,25.990,688842
1782481470498,-75,-75,0.000,6.607,6.599,0.157,0.220,0.183,25.990,688875
1782481470532,-80,-80,0.000,6.607,6.599,0.188,0.188,0.161,25.990,688908
1782481470565,-85,-85,0.000,6.607,6.599,0.188,0.188,0.172,25.990,688941
1782481470599,-87,-87,0.006,6.607,6.599,0.157,0.157,0.188,25.990,688974
1782481470631,-92,-92,0.000,6.607,6.591,0.188,0.157,0.194,25.990,689007
1782481470664,-97,-97,0.000,6.607,6.599,0.188,0.157,0.194,26.077,689040
1782481470698,-100,-100,0.000,6.607,6.607,0.220,0.126,0.161,26.077,689073
1782481470731,-105,-105,0.000,6.607,6.599,0.188,0.126,0.183,25.990,689106
1782481470765,-110,-110,0.000,6.607,6.607,0.220,0.126,0.161,25.990,689139
1782481470799,-112,-112,0.000,6.607,6.591,0.188,0.188,0.167,25.990,689172
1782481470830,-117,-117,0.006,6.582,6.591,0.157,0.220,0.204,25.990,689205
1782481470864,-120,-120,0.000,6.582,6.574,0.251,0.220,0.199,25.990,689238
1782481470897,-125,-125,0.000,6.582,6.574,0.251,0.220,0.177,25.990,689271
1782481470931,-130,-130,0.000,6.574,6.566,0.314,0.220,0.194,25.990,689304
1782481470964,-127,-127,0.006,6.574,6.574,0.282,0.251,0.194,25.990,689337
1782481470998,-122,-122,0.000,6.566,6.566,0.282,0.220,0.188,25.990,689370
1782481471031,-117,-117,0.000,6.566,6.557,0.251,0.251,0.204,25.990,689403
1782481471064,-115,-115,0.000,6.566,6.557,0.314,0.282,0.188,25.990,689436
1782481471099,-110,-110,0.000,6.574,6.574,0.282,0.220,0.183,25.990,689469
1782481471130,-105,-105,0.000,6.582,6.574,0.251,0.220,0.167,25.990,689502
1782481471164,-102,-102,0.000,6.574,6.574,0.251,0.251,0.183,25.990,689535
1782481471196,-97,-97,0.006,6.591,6.591,0.126,0.188,0.183,26.077,689568
1782481471230,-92,-92,0.000,6.599,6.591,0.188,0.188,0.194,25.990,689601
1782481471264,-90,-90,0.000,6.599,6.599,0.188,0.220,0.183,26.077,689634
1782481471297,-85,-85,0.000,6.607,6.599,0.188,0.157,0.172,25.990,689667
1782481471338,-80,-80,0.000,6.607,6.607,0.188,0.220,0.167,25.990,689700
1782481471364,-77,-77,0.000,6.599,6.607,0.220,0.188,0.194,25.990,689733
1782481471406,-72,-72,0.000,6.599,6.599,0.188,0.188,0.156,25.990,689766
1782481471429,-67,-67,0.000,6.607,6.599,0.157,0.157,0.161,25.990,689799
1782481471463,-65,-65,0.000,6.607,6.591,0.188,0.188,0.204,25.990,689832
1782481471496,-60,-60,0.000,6.599,6.599,0.188,0.157,0.183,26.077,689865
1782481471529,-55,-55,0.000,6.607,6.607,0.188,0.157,0.194,25.990,689898
1782481471562,-52,-52,0.000,6.607,6.599,0.157,0.188,0.194,25.990,689931
1782481471598,-47,-47,0.000,6.599,6.599,0.188,0.157,0.188,25.990,689964
1782481471629,-42,-42,0.000,6.607,6.607,0.188,0.157,0.188,25.990,689997
1782481471662,-40,-40,0.000,6.607,6.599,0.188,0.188,0.194,26.077,690030
1782481471702,-35,-35,0.000,6.607,6.599,0.188,0.188,0.199,25.990,690063
1782481471729,-32,-32,0.006,6.599,6.599,0.188,0.157,0.188,25.990,690096
1782481471762,-27,-27,0.006,6.591,6.607,0.188,0.157,0.177,25.990,690129
1782481471798,-22,-22,0.000,6.607,6.599,0.188,0.157,0.177,25.990,690162
1782481471837,-17,-17,0.006,6.607,6.599,0.126,0.188,0.183,25.990,690195
1782481471870,-12,-12,0.000,6.607,6.599,0.157,0.157,0.177,25.990,690228
1782481471907,-10,-10,0.000,6.607,6.599,0.157,0.188,0.177,25.990,690261
1782481471936,-5,-5,0.000,6.607,6.599,0.188,0.157,0.194,25.990,690294
1782481471969,-2,-2,0.000,6.607,6.599,0.188,0.157,0.194,25.990,690327
1782481472006,0,0,0.000,6.607,6.607,0.188,0.157,0.194,25.990,690360
1782481472036,0,0,0.006,6.624,6.615,0.188,0.157,0.172,25.990,690393
1782481472072,0,0,0.000,6.607,6.607,0.188,0.126,0.177,25.990,690426
1782481472109,0,0,0.000,6.607,6.607,0.188,0.157,0.124,25.990,690459
1782481472135,0,0,0.000,6.624,6.607,0.157,0.188,0.161,25.990,690492
1782481472168,0,0,0.000,6.607,6.599,0.188,0.157,0.151,25.990,690525
1782481472201,0,0,0.000,6.607,6.599,0.188,0.157,0.118,25.990,690558
1782481472234,0,0,0.000,6.607,6.607,0.188,0.157,0.167,25.990,690591
1782481472267,0,0,0.000,6.607,6.599,0.188,0.157,0.156,25.990,690624
1782481472300,0,0,0.000,6.607,6.599,0.188,0.157,0.124,25.990,690657
1782481472332,0,0,0.000,6.607,6.591,0.188,0.157,0.134,25.990,690690
1782481472366,0,0,0.000,6.615,6.607,0.157,0.157,0.129,25.990,690723
1782481472399,0,0,0.000,6.607,6.607,0.188,0.157,0.156,25.990,690756
1782481472432,0,0,0.000,6.599,6.607,0.220,0.157,0.124,25.990,690789
1782481472465,0,0,0.000,6.607,6.607,0.188,0.220,0.124,25.990,690822
1782481472497,0,0,0.000,6.607,6.607,0.188,0.157,0.151,25.990,690855
1782481472533,0,0,0.012,6.607,6.607,0.188,0.126,0.129,26.077,690888
1782481472564,0,0,0.000,6.607,6.591,0.220,0.157,0.151,25.990,690921
1782481472598,0,0,0.000,6.607,6.607,0.188,0.157,0.129,25.990,690954
1782481472630,0,0,0.000,6.607,6.607,0.188,0.188,0.134,25.990,690987
1782481472664,0,0,0.000,6.624,6.607,0.188,0.126,0.129,26.077,691020
1782481472695,0,0,0.000,6.607,6.607,0.126,0.157,0.124,25.990,691053
1782481472729,0,0,0.000,6.607,6.607,0.220,0.126,0.118,25.990,691086
1782481472762,0,0,0.000,6.615,6.607,0.188,0.126,0.124,25.990,691119
1782481472795,0,0,0.000,6.615,6.599,0.188,0.188,0.129,25.990,691152
1782481472828,0,0,0.000,6.607,6.607,0.188,0.157,0.124,25.990,691185
1782481472861,0,0,0.006,6.615,6.607,0.188,0.126,0.113,25.990,691218
1782481472893,0,0,0.000,6.615,6.599,0.157,0.126,0.129,25.990,691251
1782481472929,0,0,0.000,6.599,6.607,0.188,0.157,0.124,25.990,691284
1782481472972,0,0,0.000,6.615,6.607,0.126,0.157,0.124,25.990,691317
1782481472993,0,0,0.000,6.615,6.607,0.157,0.157,0.129,25.990,691350
1782481473026,0,0,0.000,6.607,6.599,0.220,0.157,0.124,25.990,691383
1782481473059,0,0,0.000,6.615,6.607,0.188,0.157,0.108,25.990,691416
1782481473092,0,0,0.000,6.607,6.607,0.220,0.126,0.124,25.990,691449
1782481473125,0,0,0.000,6.624,6.607,0.188,0.126,0.118,25.990,691482
1782481473159,0,0,0.006,6.607,6.599,0.188,0.157,0.183,25.990,691515
1782481473192,0,0,0.000,6.624,6.607,0.157,0.126,0.124,25.990,691548
1782481473225,0,0,0.000,6.607,6.607,0.188,0.157,0.124,25.990,691581
1782481473259,0,0,0.006,6.607,6.607,0.188,0.188,0.151,26.077,691614
1782481473292,0,0,0.000,6.624,6.607,0.220,0.157,0.134,25.990,691647
1782481473325,0,0,0.000,6.624,6.599,0.188,0.157,0.129,25.990,691680
1782481473358,0,0,0.000,6.599,6.607,0.188,0.188,0.167,25.990,691713
1782481473391,0,0,0.000,6.615,6.607,0.188,0.157,0.129,25.990,691746
1782481473425,0,0,0.000,6.615,6.607,0.188,0.157,0.129,25.990,691779
1782481473458,0,0,0.006,6.599,6.607,0.188,0.126,0.134,25.990,691812
1782481473491,0,0,0.000,6.615,6.607,0.157,0.157,0.134,26.077,691845
1782481473524,0,0,0.000,6.615,6.607,0.188,0.157,0.129,25.990,691878
1782481473558,0,0,0.000,6.607,6.607,0.188,0.157,0.204,25.990,691911
1782481473591,0,0,0.000,6.607,6.607,0.220,0.188,0.194,26.077,691944
1782481473624,0,0,0.000,6.607,6.607,0.126,0.157,0.183,25.990,691977
1782481473660,0,0,0.000,6.607,6.599,0.188,0.157,0.194,25.990,692010
1782481473690,0,0,0.000,6.607,6.607,0.188,0.157,0.167,25.990,692043
1782481473724,0,0,0.000,6.615,6.607,0.188,0.157,0.177,25.990,692076
1782481473756,0,0,0.000,6.607,6.599,0.157,0.157,0.194,25.990,692109
1782481473791,0,0,0.000,6.607,6.607,0.188,0.157,0.183,25.990,692142
1782481473824,0,0,0.000,6.624,6.599,0.188,0.157,0.177,26.077,692175
1782481473857,0,0,0.000,6.607,6.615,0.188,0.157,0.188,25.990,692208
1782481473890,0,0,0.000,6.615,6.615,0.188,0.157,0.156,25.990,692241
1782481473923,0,0,0.006,6.599,6.607,0.188,0.157,0.177,25.990,692274
1782481473957,0,0,0.000,6.615,6.615,0.188,0.157,0.172,26.077,692307
1782481473989,0,0,0.000,6.607,6.599,0.188,0.157,0.161,26.077,692340
1782481474023,0,0,0.000,6.607,6.607,0.188,0.157,0.183,25.990,692373
1782481474056,0,0,0.006,6.607,6.607,0.188,0.157,0.188,25.990,692406
1782481474090,0,0,0.000,6.607,6.599,0.188,0.126,0.194,25.990,692439
1782481474123,0,0,0.000,6.599,6.599,0.188,0.157,0.194,25.990,692472
1782481474158,0,0,0.000,6.615,6.607,0.188,0.126,0.177,25.990,692505
1782481474189,0,0,0.000,6.599,6.615,0.157,0.157,0.172,25.990,692538
1782481474222,0,0,0.000,6.615,6.615,0.188,0.126,0.177,25.990,692571
1782481474262,0,0,0.000,6.607,6.607,0.188,0.157,0.204,25.990,692604
1782481474289,0,0,0.006,6.607,6.599,0.188,0.188,0.194,25.990,692637
1782481474322,0,0,0.000,6.607,6.599,0.188,0.126,0.172,26.077,692670
1782481474362,0,0,0.000,6.607,6.607,0.188,0.157,0.194,25.990,692703
1782481474389,0,0,0.000,6.607,6.615,0.188,0.157,0.183,26.077,692736
1782481474422,0,0,0.000,6.607,6.599,0.126,0.188,0.204,25.990,692769
1782481474456,0,0,0.000,6.607,6.607,0.188,0.157,0.183,25.990,692802
1782481474489,0,0,0.000,6.607,6.599,0.188,0.126,0.167,25.990,692835
1782481474522,0,0,0.000,6.615,6.607,0.188,0.157,0.167,25.990,692868
1782481474555,0,0,0.000,6.607,6.607,0.188,0.126,0.177,25.990,692901
1782481474589,0,0,0.000,6.591,6.607,0.188,0.157,0.167,25.990,692934
1782481474625,0,0,0.006,6.607,6.599,0.188,0.188,0.172,25.990,692967
1782481474656,0,0,0.000,6.591,6.599,0.188,0.188,0.183,26.077,693000
1782481474689,0,0,0.000,6.624,6.599,0.188,0.157,0.172,26.077,693033
1782481474721,0,0,0.000,6.607,6.607,0.188,0.157,0.183,26.077,693066
1782481474755,0,0,0.000,6.607,6.599,0.188,0.157,0.183,25.990,693099
1782481474788,0,0,0.000,6.615,6.607,0.220,0.126,0.177,25.990,693132
1782481474821,0,0,0.006,6.607,6.599,0.220,0.126,0.188,25.990,693165
1782481474854,0,0,0.000,6.607,6.599,0.188,0.157,0.177,25.990,693198
1782481474888,0,0,0.000,6.607,6.607,0.188,0.157,0.177,25.990,693231
1782481474921,0,0,0.000,6.607,6.607,0.188,0.126,0.194,25.990,693264
1782481474954,0,0,0.000,6.615,6.591,0.188,0.126,0.194,25.990,693297
1782481474991,0,0,0.000,6.607,6.607,0.157,0.188,0.172,25.990,693330
1782481475020,0,0,0.000,6.599,6.624,0.188,0.157,0.194,25.990,693363
1782481475053,0,0,0.006,6.607,6.607,0.188,0.157,0.188,25.990,693396
1782481475087,0,0,0.000,6.615,6.599,0.188,0.157,0.172,25.990,693429
1782481475120,0,0,0.000,6.607,6.599,0.188,0.157,0.188,25.990,693462
1782481475154,0,0,0.000,6.615,6.599,0.188,0.157,0.199,25.990,693495
1782481475186,0,0,0.000,6.607,6.607,0.157,0.126,0.172,26.077,693528
1782481475220,0,0,0.000,6.615,6.607,0.188,0.220,0.177,25.990,693561
1782481475253,0,0,0.000,6.607,6.599,0.188,0.188,0.172,25.990,693594
1782481475287,0,0,0.000,6.607,6.607,0.188,0.188,0.183,26.077,693627
1782481475320,0,0,0.000,6.607,6.607,0.188,0.220,0.172,25.990,693660
1782481475365,0,0,0.000,6.607,6.607,0.157,0.157,0.199,25.990,693693
1782481475387,0,0,0.000,6.624,6.615,0.188,0.157,0.156,25.990,693726
1782481475419,0,0,0.000,6.607,6.599,0.188,0.157,0.194,25.990,693759
1782481475453,0,0,0.000,6.607,6.607,0.188,0.157,0.194,26.077,693792
1782481475487,0,0,0.000,6.607,6.607,0.188,0.157,0.172,25.990,693825
1782481475520,0,0,0.000,6.615,6.615,0.188,0.157,0.199,25.990,693858
1782481475552,0,0,0.000,6.615,6.591,0.188,0.157,0.194,25.990,693891
1782481475590,0,0,0.000,6.607,6.607,0.188,0.157,0.199,25.990,693924
1782481475619,0,0,0.000,6.607,6.607,0.188,0.157,0.172,25.990,693957
1782481475652,0,0,0.000,6.607,6.591,0.188,0.157,0.183,25.990,693990
1782481475689,0,0,0.000,6.607,6.607,0.188,0.157,0.188,25.990,694023
1782481475719,0,0,0.000,6.607,6.607,0.126,0.157,0.177,25.990,694056
1782481475752,0,0,0.000,6.615,6.607,0.157,0.157,0.177,25.990,694089
1782481475799,0,0,0.006,6.607,6.607,0.188,0.157,0.183,25.990,694122
1782481475824,0,0,0.000,6.607,6.607,0.157,0.188,0.172,25.990,694155
1782481475852,0,0,0.000,6.607,6.607,0.188,0.126,0.194,25.990,694188
1782481475886,0,0,0.000,6.615,6.607,0.188,0.157,0.199,25.990,694221
1782481475919,0,0,0.000,6.615,6.607,0.188,0.157,0.151,25.990,694254
1782481475951,0,0,0.000,6.607,6.607,0.188,0.188,0.199,25.990,694287
1782481475985,0,0,0.000,6.615,6.607,0.188,0.157,0.172,25.990,694320
1782481476018,0,0,0.006,6.607,6.599,0.188,0.157,0.194,26.077,694353
1782481476052,0,0,0.000,6.615,6.607,0.220,0.126,0.199,25.990,694386
1782481476084,0,0,0.000,6.624,6.615,0.188,0.157,0.167,25.990,694419
1782481476124,0,0,0.006,6.607,6.607,0.188,0.157,0.188,25.990,694452
1782481476151,0,0,0.000,6.607,6.591,0.188,0.157,0.177,25.990,694485
1782481476184,0,0,0.000,6.607,6.599,0.188,0.220,0.194,26.077,694518
1782481476228,0,0,0.000,6.607,6.607,0.188,0.157,0.194,25.990,694551
1782481476262,0,0,0.000,6.607,6.607,0.220,0.188,0.194,25.990,694584
1782481476293,0,0,0.000,6.607,6.607,0.220,0.188,0.183,25.990,694617
1782481476327,0,0,0.000,6.607,6.599,0.188,0.157,0.183,26.077,694650
1782481476359,0,0,0.000,6.607,6.624,0.188,0.157,0.156,25.990,694683
1782481476392,0,0,0.000,6.615,6.591,0.188,0.157,0.194,25.990,694716
1782481476425,0,0,0.000,6.607,6.607,0.188,0.157,0.177,25.990,694749
1782481476457,0,0,0.000,6.615,6.615,0.188,0.157,0.172,26.077,694782
1782481476491,0,0,0.000,6.624,6.607,0.188,0.157,0.172,26.077,694815
1782481476526,0,0,0.000,6.607,6.607,0.157,0.188,0.156,26.077,694848
1782481476557,0,0,0.000,6.615,6.615,0.188,0.157,0.124,25.990,694881
1782481476590,0,0,0.006,6.615,6.607,0.157,0.126,0.113,25.990,694914
1782481476622,0,0,0.000,6.607,6.599,0.188,0.157,0.140,25.990,694947
1782481476655,0,0,0.000,6.624,6.624,0.188,0.157,0.129,25.990,694980
1782481476689,0,0,0.000,6.607,6.599,0.188,0.157,0.124,25.990,695013
1782481476725,0,0,0.000,6.615,6.599,0.188,0.157,0.129,25.990,695046
1782481476754,0,0,0.000,6.615,6.607,0.188,0.157,0.145,25.990,695079
1782481476788,0,0,0.000,6.615,6.607,0.157,0.188,0.129,25.990,695112
1782481476821,0,0,0.000,6.615,6.615,0.157,0.157,0.124,26.077,695145
1782481476854,0,0,0.000,6.615,6.607,0.157,0.188,0.108,25.990,695178
1782481476886,0,0,0.000,6.624,6.599,0.188,0.157,0.124,25.990,695211
1782481476923,0,0,0.000,6.615,6.607,0.126,0.157,0.129,25.990,695244
1782481476953,0,0,0.006,6.607,6.607,0.188,0.157,0.161,26.077,695277
1782481476986,0,0,0.000,6.615,6.607,0.188,0.157,0.124,25.990,695310
1782481477020,0,0,0.006,6.615,6.615,0.188,0.157,0.118,26.077,695343
1782481477052,0,0,0.000,6.615,6.624,0.188,0.157,0.129,25.990,695376
1782481477084,0,0,0.000,6.624,6.607,0.188,0.157,0.124,25.990,695409
1782481477117,0,0,0.000,6.615,6.607,0.188,0.157,0.129,25.990,695442
1782481477151,0,0,0.006,6.615,6.607,0.188,0.126,0.124,26.077,695475
1782481477184,0,0,0.000,6.615,6.607,0.157,0.157,0.124,25.990,695508
1782481477217,0,0,0.000,6.607,6.607,0.157,0.157,0.124,25.990,695541
1782481477250,0,0,0.000,6.624,6.624,0.157,0.188,0.129,25.990,695574
1782481477283,0,0,0.000,6.624,6.607,0.188,0.157,0.129,25.990,695607
1782481477316,0,0,0.000,6.624,6.615,0.188,0.157,0.129,26.077,695640
1782481477349,0,0,0.000,6.615,6.615,0.188,0.157,0.129,26.077,695673
1782481477382,0,0,0.000,6.615,6.607,0.188,0.157,0.129,25.990,695706
1782481477418,0,0,0.000,6.615,6.607,0.188,0.157,0.129,25.990,695739
1782481477449,0,0,0.000,6.615,6.615,0.188,0.126,0.118,25.990,695772
1782481477481,0,0,0.000,6.615,6.607,0.126,0.188,0.129,25.990,695805
1782481477514,0,0,0.000,6.615,6.607,0.157,0.188,0.124,25.990,695838
1782481477551,0,0,0.000,6.607,6.599,0.188,0.157,0.124,26.077,695871
1782481477581,0,0,0.000,6.615,6.607,0.188,0.188,0.129,25.990,695904
1782481477614,0,0,0.000,6.615,6.607,0.188,0.157,0.129,25.990,695937
1782481477648,0,0,0.000,6.615,6.607,0.188,0.157,0.118,25.990,695970
1782481477682,0,0,0.000,6.615,6.607,0.188,0.157,0.129,25.990,696003
1782481477731,0,0,0.000,6.615,6.615,0.188,0.188,0.129,25.990,696036
1782481477755,0,0,0.000,6.615,6.607,0.188,0.157,0.129,25.990,696069
1782481477781,0,0,0.006,6.615,6.607,0.188,0.188,0.156,25.990,696102
1782481477813,0,0,0.000,6.624,6.607,0.157,0.126,0.129,25.990,696135
1782481477847,0,0,0.000,6.607,6.599,0.188,0.157,0.177,25.990,696168
1782481477880,0,0,0.000,6.624,6.615,0.157,0.157,0.140,25.990,696201
1782481477915,0,0,0.000,6.615,6.607,0.157,0.126,0.134,25.990,696234
1782481477948,0,0,0.000,6.615,6.599,0.188,0.188,0.204,25.990,696267
1782481477981,0,0,0.006,6.624,6.607,0.188,0.157,0.183,25.990,696300
1782481478013,0,0,0.006,6.624,6.615,0.188,0.157,0.172,25.990,696333
1782481478049,0,0,0.000,6.607,6.607,0.188,0.157,0.194,25.990,696366
1782481478080,0,0,0.000,6.615,6.607,0.157,0.188,0.172,26.077,696399
1782481478113,0,0,0.000,6.615,6.607,0.188,0.126,0.194,25.990,696432
1782481478150,0,0,0.000,6.607,6.607,0.188,0.157,0.172,25.990,696465
1782481478179,0,0,0.000,6.615,6.607,0.188,0.157,0.183,26.077,696498
1782481478212,0,0,0.000,6.615,6.607,0.188,0.220,0.188,25.990,696531
1782481478253,0,0,0.000,6.615,6.607,0.188,0.157,0.183,25.990,696564
1782481478279,0,0,0.000,6.615,6.624,0.188,0.157,0.183,25.990,696597
1782481478312,0,0,0.000,6.607,6.607,0.188,0.157,0.188,25.990,696630
1782481478346,0,0,0.000,6.599,6.615,0.188,0.157,0.177,25.990,696663
1782481478379,0,0,0.000,6.607,6.599,0.188,0.157,0.188,25.990,696696
1782481478412,0,0,0.000,6.607,6.607,0.188,0.188,0.177,25.990,696729
1782481478445,0,0,0.000,6.607,6.607,0.220,0.157,0.177,26.077,696762
1782481478479,0,0,0.000,6.607,6.599,0.188,0.157,0.167,25.990,696795
1782481478511,0,0,0.006,6.607,6.599,0.188,0.157,0.199,25.990,696828
1782481478545,0,0,0.000,6.615,6.607,0.126,0.157,0.177,25.990,696861
1782481478578,0,0,0.000,6.607,6.615,0.188,0.157,0.172,25.990,696894
1782481478612,0,0,0.000,6.607,6.615,0.188,0.157,0.172,25.990,696927
1782481478646,0,0,0.006,6.599,6.607,0.188,0.188,0.183,25.990,696960
1782481478687,0,0,0.000,6.607,6.607,0.157,0.157,0.199,25.990,696993
1782481478712,0,0,0.000,6.615,6.607,0.126,0.188,0.156,25.990,697026
1782481478744,0,0,0.000,6.615,6.607,0.157,0.157,0.188,25.990,697059
1782481478780,0,0,0.000,6.599,6.599,0.188,0.157,0.188,25.990,697092
1782481478811,0,0,0.006,6.615,6.607,0.157,0.157,0.161,25.990,697125
1782481478845,0,0,0.006,6.607,6.607,0.157,0.157,0.172,25.990,697158
1782481478877,0,0,0.000,6.615,6.607,0.220,0.188,0.183,25.990,697191
1782481478911,0,0,0.000,6.615,6.607,0.188,0.188,0.177,26.077,697224
1782481478944,0,0,0.006,6.599,6.607,0.188,0.157,0.183,26.077,697257
1782481478978,0,0,0.000,6.615,6.607,0.188,0.157,0.172,26.077,697290
1782481479011,0,0,0.000,6.615,6.599,0.188,0.157,0.188,25.990,697323
1782481479044,0,0,0.000,6.607,6.599,0.188,0.188,0.172,25.990,697356
1782481479078,0,0,0.000,6.607,6.607,0.188,0.220,0.177,25.990,697389
1782481479110,0,0,0.000,6.615,6.607,0.157,0.157,0.161,25.990,697422
1782481479145,0,0,0.000,6.615,6.607,0.188,0.157,0.188,25.990,697455
1782481479176,0,0,0.000,6.607,6.599,0.157,0.126,0.177,25.990,697488
1782481479210,0,0,0.000,6.607,6.599,0.188,0.188,0.172,25.990,697521
1782481479244,0,0,0.000,6.615,6.615,0.188,0.157,0.183,25.990,697554
1782481479278,0,0,0.000,6.624,6.599,0.188,0.188,0.183,25.990,697587
1782481479310,0,0,0.000,6.599,6.591,0.188,0.157,0.188,26.077,697620
1782481479343,0,0,0.000,6.607,6.607,0.188,0.157,0.172,26.077,697653
1782481479379,0,0,0.006,6.607,6.607,0.188,0.126,0.194,25.990,697686
1782481479410,0,0,0.000,6.599,6.607,0.157,0.157,0.194,25.990,697719
1782481479443,0,0,0.006,6.615,6.607,0.157,0.157,0.194,25.990,697752
1782481479482,0,0,0.000,6.607,6.607,0.188,0.157,0.199,25.990,697785
1782481479510,0,0,0.000,6.607,6.615,0.157,0.157,0.194,25.990,697818
1782481479547,0,0,0.000,6.615,6.607,0.188,0.188,0.194,25.990,697851
1782481479576,0,0,0.000,6.624,6.607,0.188,0.157,0.177,25.990,697884
1782481479610,0,0,0.000,6.624,6.607,0.188,0.157,0.172,25.990,697917
1782481479642,0,0,0.000,6.624,6.599,0.157,0.157,0.194,25.990,697950
1782481479676,0,0,0.000,6.615,6.607,0.188,0.157,0.188,25.990,697983
1782481479709,0,0,0.000,6.624,6.615,0.188,0.126,0.177,25.990,698016
1782481479743,0,0,0.006,6.624,6.607,0.188,0.126,0.194,25.990,698049
1782481479775,0,0,0.000,6.607,6.607,0.157,0.188,0.194,26.077,698082
1782481479811,0,0,0.000,6.607,6.615,0.188,0.157,0.172,26.077,698115
1782481479842,0,0,0.000,6.615,6.607,0.188,0.157,0.188,25.990,698148
1782481479874,0,0,0.000,6.615,6.599,0.188,0.157,0.188,25.990,698181
1782481479909,0,0,0.000,6.615,6.607,0.188,0.157,0.167,25.990,698214
1782481479941,0,0,0.006,6.624,6.599,0.188,0.157,0.172,25.990,698247
1782481479977,0,0,0.000,6.615,6.607,0.188,0.188,0.161,25.990,698280
1782481480008,0,0,0.000,6.607,6.607,0.188,0.126,0.210,25.990,698313
1782481480041,0,0,0.000,6.607,6.615,0.188,0.157,0.204,26.077,698346
1782481480075,0,0,0.000,6.607,6.607,0.188,0.157,0.183,26.077,698379
1782481480111,0,0,0.000,6.632,6.607,0.188,0.157,0.156,25.990,698412
1782481480141,0,0,0.000,6.615,6.599,0.188,0.126,0.177,25.990,698445
1782481480174,0,0,0.000,6.615,6.607,0.157,0.157,0.188,25.990,698478
1782481480208,0,0,0.006,6.607,6.607,0.157,0.157,0.172,26.077,698511
1782481480240,0,0,0.000,6.615,6.607,0.157,0.157,0.172,25.990,698544
1782481480274,0,0,0.006,6.615,6.599,0.188,0.188,0.161,25.990,698577
1782481480308,0,0,0.000,6.615,6.607,0.157,0.157,0.194,25.990,698610
1782481480342,0,0,0.006,6.615,6.607,0.188,0.157,0.210,25.990,698643
1782481480378,0,0,0.000,6.615,6.607,0.157,0.126,0.172,25.990,698676
1782481480408,0,0,0.000,6.615,6.607,0.157,0.157,0.177,25.990,698709
1782481480441,0,0,0.000,6.615,6.607,0.188,0.157,0.161,26.077,698742
1782481480473,0,0,0.000,6.607,6.607,0.157,0.157,0.188,25.990,698775
1782481480507,0,0,0.000,6.607,6.607,0.188,0.157,0.194,25.990,698808
1782481480540,0,0,0.000,6.615,6.607,0.188,0.188,0.183,25.990,698841
1782481480583,0,0,0.000,6.615,6.607,0.188,0.157,0.177,26.077,698874
1782481480616,0,0,0.006,6.615,6.607,0.188,0.157,0.194,26.077,698907
1782481480648,0,0,0.000,6.599,6.607,0.188,0.157,0.177,25.990,698940
1782481480681,0,0,0.000,6.624,6.599,0.188,0.188,0.188,25.990,698973
1782481480715,0,0,0.000,6.615,6.607,0.157,0.188,0.183,25.990,699006
1782481480757,0,0,0.000,6.615,6.607,0.188,0.157,0.199,26.077,699039
1782481480781,0,0,0.000,6.615,6.607,0.157,0.188,0.167,25.990,699072
1782481480814,0,0,0.000,6.599,6.607,0.188,0.157,0.172,26.077,699105
1782481480846,0,0,0.000,6.607,6.607,0.188,0.188,0.145,25.990,699138
1782481480879,0,0,0.000,6.607,6.607,0.188,0.188,0.156,25.990,699171
1782481480916,0,0,0.000,6.615,6.607,0.157,0.157,0.151,25.990,699204
1782481480946,0,0,0.000,6.624,6.615,0.188,0.157,0.129,25.990,699237
1782481480979,0,0,0.000,6.624,6.615,0.157,0.126,0.151,25.990,699270
1782481481011,0,0,0.000,6.607,6.607,0.188,0.157,0.172,25.990,699303
1782481481044,0,0,0.000,6.615,6.607,0.188,0.157,0.124,25.990,699336
1782481481078,0,0,0.000,6.615,6.615,0.188,0.157,0.108,25.990,699369
1782481481111,0,0,0.000,6.624,6.615,0.188,0.157,0.134,25.990,699402
1782481481143,0,0,0.000,6.615,6.615,0.188,0.188,0.129,25.990,699435
1782481481183,0,0,0.000,6.615,6.615,0.188,0.126,0.118,25.990,699468
1782481481211,0,0,0.006,6.632,6.624,0.188,0.157,0.156,25.990,699501
1782481481256,0,0,0.000,6.615,6.615,0.188,0.157,0.124,25.990,699534
1782481481276,0,0,0.000,6.615,6.615,0.157,0.188,0.134,25.990,699567
1782481481309,0,0,0.000,6.615,6.615,0.188,0.188,0.124,25.990,699600
1782481481342,0,0,0.000,6.624,6.607,0.188,0.157,0.129,25.990,699633
1782481481374,0,0,0.000,6.615,6.607,0.157,0.157,0.161,25.990,699666
1782481481408,0,0,0.000,6.607,6.624,0.188,0.220,0.129,25.990,699699
1782481481442,0,0,0.006,6.615,6.615,0.188,0.157,0.129,25.990,699732
1782481481474,0,0,0.000,6.624,6.607,0.157,0.157,0.156,25.990,699765
1782481481507,0,0,0.000,6.615,6.607,0.157,0.188,0.124,25.990,699798
1782481481540,0,0,0.000,6.607,6.607,0.220,0.157,0.129,25.990,699831
1782481481578,0,0,0.000,6.624,6.607,0.188,0.126,0.151,25.990,699864
1782481481605,0,0,0.000,6.615,6.615,0.126,0.126,0.151,25.990,699897
1782481481639,0,0,0.000,6.624,6.615,0.188,0.126,0.129,25.990,699930
1782481481672,0,0,0.000,6.615,6.615,0.220,0.126,0.129,26.077,699963
1782481481705,0,0,0.000,6.632,6.624,0.188,0.157,0.129,26.077,699996
1782481481737,0,0,0.000,6.632,6.624,0.188,0.188,0.134,25.990,700029
1782481481771,0,0,0.000,6.632,6.624,0.188,0.157,0.129,25.990,700062
1782481481804,0,0,0.000,6.615,6.607,0.157,0.188,0.129,25.990,700095
1782481481838,0,0,0.006,6.615,6.615,0.188,0.188,0.129,25.990,700128
1782481481871,0,0,0.000,6.632,6.607,0.188,0.188,0.124,25.990,700161
1782481481903,0,0,0.000,6.624,6.615,0.126,0.157,0.124,25.990,700194
1782481481937,0,0,0.006,6.615,6.607,0.188,0.157,0.129,25.990,700227
1782481481971,0,0,0.000,6.615,6.615,0.188,0.157,0.118,25.990,700260
1782481482003,0,0,0.000,6.615,6.615,0.188,0.188,0.129,26.077,700293
1782481482042,0,0,0.000,6.624,6.615,0.126,0.157,0.129,25.990,700326
1782481482071,0,0,0.000,6.624,6.615,0.188,0.126,0.129,25.990,700359
1782481482103,0,0,0.000,6.624,6.615,0.188,0.188,0.129,25.990,700392
1782481482136,0,0,0.000,6.615,6.615,0.188,0.157,0.124,25.990,700425
1782481482171,0,0,0.000,6.624,6.615,0.188,0.126,0.124,25.990,700458
1782481482203,0,0,0.006,6.615,6.607,0.220,0.188,0.129,25.990,700491
1782481482236,0,0,0.000,6.624,6.607,0.157,0.126,0.134,25.990,700524
1782481482269,0,0,0.000,6.615,6.615,0.188,0.126,0.140,25.990,700557
1782481482303,0,0,0.000,6.615,6.607,0.126,0.188,0.199,25.990,700590
1782481482349,0,0,0.000,6.615,6.615,0.188,0.157,0.183,26.077,700623
1782481482373,0,0,0.000,6.615,6.607,0.188,0.157,0.167,26.077,700656
1782481482403,0,0,0.000,6.615,6.607,0.220,0.157,0.167,25.990,700689
1782481482435,0,0,0.000,6.615,6.615,0.188,0.157,0.188,25.990,700722
1782481482469,0,0,0.012,6.624,6.607,0.188,0.126,0.194,25.990,700755
1782481482502,0,0,0.000,6.615,6.615,0.188,0.157,0.188,25.990,700788
1782481482535,0,0,0.000,6.607,6.615,0.188,0.157,0.177,25.990,700821
1782481482569,0,0,0.000,6.615,6.607,0.188,0.157,0.188,25.990,700854
1782481482602,0,0,0.000,6.615,6.607,0.188,0.188,0.188,25.990,700887
1782481482635,0,0,0.000,6.607,6.607,0.188,0.157,0.177,26.077,700920
1782481482671,0,0,0.000,6.607,6.607,0.157,0.126,0.199,25.990,700953
1782481482701,0,0,0.000,6.615,6.615,0.188,0.188,0.167,25.990,700986
1782481482735,0,0,0.000,6.599,6.607,0.188,0.188,0.177,25.990,701019
1782481482769,0,0,0.000,6.607,6.607,0.188,0.157,0.188,25.990,701052
1782481482801,0,0,0.000,6.615,6.607,0.188,0.157,0.188,25.990,701085
1782481482839,0,0,0.000,6.624,6.607,0.188,0.157,0.172,25.990,701118
1782481482869,0,0,0.000,6.615,6.607,0.188,0.157,0.161,26.077,701151
1782481482911,0,0,0.006,6.607,6.615,0.126,0.157,0.156,26.077,701184
1782481482934,0,0,0.000,6.624,6.615,0.188,0.157,0.167,25.990,701217
1782481482968,0,0,0.000,6.607,6.607,0.188,0.157,0.199,25.990,701250
1782481483001,0,0,0.000,6.615,6.607,0.157,0.157,0.161,25.990,701283
1782481483033,0,0,0.000,6.615,6.599,0.188,0.126,0.194,25.990,701316
1782481483067,0,0,0.000,6.607,6.624,0.188,0.157,0.199,25.904,701349
1782481483100,0,0,0.000,6.607,6.607,0.157,0.157,0.177,25.990,701382
1782481483134,0,0,0.000,6.615,6.607,0.188,0.157,0.167,25.990,701415
1782481483169,0,0,0.000,6.615,6.607,0.188,0.157,0.199,25.990,701448
1782481483201,0,0,0.000,6.615,6.624,0.188,0.126,0.167,26.077,701481
1782481483238,0,0,0.000,6.615,6.607,0.188,0.157,0.177,25.990,701514
1782481483271,0,0,0.000,6.615,6.607,0.188,0.126,0.188,25.990,701547
1782481483301,0,0,0.000,6.632,6.607,0.188,0.157,0.183,26.077,701580
1782481483333,0,0,0.000,6.607,6.607,0.188,0.157,0.177,26.077,701613
1782481483373,0,0,0.000,6.615,6.607,0.188,0.157,0.188,25.990,701646
1782481483400,0,0,0.000,6.624,6.615,0.188,0.157,0.183,25.990,701679
1782481483433,0,0,0.000,6.607,6.607,0.188,0.157,0.177,25.990,701712
1782481483466,0,0,0.000,6.607,6.607,0.188,0.157,0.194,25.990,701745
1782481483500,0,0,0.006,6.624,6.615,0.188,0.126,0.167,25.990,701778
1782481483533,0,0,0.000,6.615,6.607,0.188,0.157,0.194,26.077,701811
1782481483566,0,0,0.000,6.615,6.607,0.188,0.157,0.161,25.990,701844
1782481483601,0,0,0.000,6.615,6.607,0.188,0.188,0.172,25.904,701877
1782481483633,0,0,0.000,6.624,6.624,0.188,0.157,0.156,25.990,701910
1782481483669,0,0,0.000,6.615,6.607,0.188,0.126,0.183,25.990,701943
1782481483699,0,0,0.006,6.632,6.607,0.188,0.188,0.172,25.990,701976
1782481483734,0,0,0.000,6.624,6.599,0.157,0.157,0.172,25.990,702009
1782481483765,0,0,0.006,6.615,6.607,0.188,0.157,0.188,25.904,702042
1782481483799,0,0,0.000,6.615,6.615,0.188,0.157,0.183,25.990,702075
1782481483832,0,0,0.000,6.615,6.607,0.188,0.188,0.177,26.077,702108
1782481483865,0,0,0.000,6.615,6.607,0.188,0.188,0.194,25.990,702141
1782481483900,0,0,0.006,6.607,6.607,0.188,0.157,0.188,26.077,702174
1782481483938,0,0,0.000,6.615,6.624,0.188,0.126,0.194,25.990,702207
1782481483968,0,0,0.000,6.615,6.607,0.188,0.157,0.199,25.990,702240
1782481484003,0,0,0.000,6.615,6.607,0.188,0.126,0.194,26.077,702273
1782481484032,0,0,0.006,6.607,6.607,0.188,0.126,0.177,25.990,702306
1782481484065,0,0,0.000,6.632,6.632,0.157,0.157,0.161,25.990,702339
1782481484098,0,0,0.000,6.599,6.607,0.188,0.157,0.194,25.990,702372
1782481484131,0,0,0.000,6.615,6.607,0.188,0.157,0.199,25.990,702405
1782481484164,0,0,0.000,6.615,6.599,0.188,0.157,0.177,25.990,702438
1782481484198,0,0,0.000,6.615,6.607,0.188,0.157,0.172,26.077,702471
1782481484232,0,0,0.000,6.615,6.615,0.188,0.157,0.156,25.990,702504
1782481484270,0,0,0.000,6.615,6.607,0.220,0.157,0.183,25.990,702537
1782481484298,0,0,0.000,6.615,6.615,0.188,0.157,0.199,25.990,702570
1782481484331,0,0,0.006,6.624,6.607,0.188,0.157,0.167,25.990,702603
1782481484364,0,0,0.000,6.615,6.607,0.188,0.157,0.194,26.077,702636
1782481484400,0,0,0.000,6.607,6.607,0.188,0.157,0.188,25.990,702669
1782481484433,0,0,0.000,6.607,6.607,0.188,0.126,0.188,25.990,702702
1782481484464,0,0,0.000,6.615,6.607,0.188,0.157,0.161,25.990,702735
1782481484508,0,0,0.006,6.624,6.615,0.126,0.188,0.172,25.990,702768
1782481484532,0,0,0.000,6.615,6.599,0.188,0.126,0.172,25.904,702801
1782481484564,0,0,0.000,6.615,6.607,0.188,0.126,0.194,25.990,702834
1782481484602,0,0,0.000,6.615,6.607,0.188,0.157,0.199,25.990,702867
1782481484630,0,0,0.000,6.615,6.607,0.188,0.157,0.194,26.077,702900
1782481484663,0,0,0.006,6.607,6.607,0.157,0.157,0.194,25.990,702933
1782481484700,0,0,0.000,6.607,6.607,0.188,0.157,0.199,26.077,702966
1782481484731,0,0,0.000,6.615,6.607,0.188,0.157,0.172,25.990,702999
1782481484763,0,0,0.000,6.615,6.615,0.188,0.157,0.188,25.990,703032
1782481484796,0,0,0.000,6.607,6.607,0.220,0.188,0.194,25.990,703065
1782481484829,0,0,0.000,6.607,6.624,0.188,0.126,0.167,25.990,703098
1782481484864,0,0,0.000,6.607,6.607,0.188,0.126,0.172,25.990,703131
1782481484896,0,0,0.006,6.615,6.607,0.188,0.157,0.177,25.990,703164
1782481484940,0,0,0.000,6.615,6.607,0.188,0.157,0.156,25.990,703197
1782481484972,0,0,0.000,6.615,6.615,0.188,0.157,0.183,26.077,703230
1782481485011,0,0,0.000,6.615,6.615,0.188,0.188,0.177,26.077,703263
1782481485039,0,0,0.000,6.615,6.607,0.188,0.188,0.177,25.990,703296
1782481485070,0,0,0.000,6.607,6.607,0.188,0.157,0.172,25.990,703329
1782481485104,0,0,0.000,6.624,6.607,0.157,0.157,0.194,25.990,703362
1782481485137,0,0,0.000,6.607,6.607,0.188,0.126,0.172,25.990,703395
1782481485170,0,0,0.006,6.607,6.624,0.188,0.157,0.183,25.990,703428
1782481485220,0,0,0.000,6.615,6.607,0.157,0.126,0.188,25.990,703461
1782481485244,0,0,0.000,6.615,6.599,0.188,0.157,0.151,25.990,703494
1782481485269,0,0,0.000,6.615,6.607,0.188,0.157,0.113,25.990,703527
1782481485302,0,0,0.000,6.615,6.607,0.188,0.126,0.172,25.990,703560
1782481485335,0,0,0.000,6.615,6.607,0.188,0.157,0.134,25.990,703593
1782481485371,0,0,0.000,6.615,6.607,0.220,0.126,0.151,25.990,703626
1782481485401,0,0,0.000,6.615,6.615,0.188,0.157,0.145,25.990,703659
1782481485435,0,0,0.000,6.624,6.615,0.157,0.188,0.118,25.990,703692
1782481485467,0,0,0.000,6.615,6.607,0.126,0.157,0.167,25.990,703725
1782481485500,0,0,0.000,6.615,6.615,0.157,0.157,0.118,25.990,703758
1782481485533,0,0,0.000,6.615,6.607,0.188,0.157,0.129,25.990,703791
1782481485566,0,0,0.000,6.615,6.615,0.188,0.157,0.129,25.990,703824
1782481485623,0,0,0.000,6.615,6.615,0.188,0.157,0.124,26.077,703857
1782481485670,0,0,0.000,6.624,6.615,0.188,0.126,0.124,25.990,703890
1782481485672,0,0,0.000,6.607,6.624,0.220,0.157,0.118,26.077,703923
1782481485698,0,0,0.000,6.615,6.607,0.188,0.157,0.140,25.990,703956
1782481485731,0,0,0.000,6.624,6.615,0.188,0.157,0.124,25.990,703989
1782481485764,0,0,0.006,6.615,6.615,0.188,0.157,0.134,25.990,704022
1782481485796,0,0,0.000,6.624,6.615,0.188,0.157,0.124,25.990,704055
1782481485831,0,0,0.000,6.615,6.615,0.251,0.157,0.124,25.990,704088
1782481485863,0,0,0.000,6.615,6.607,0.188,0.188,0.167,25.990,704121
1782481485897,0,0,0.000,6.624,6.615,0.157,0.188,0.129,25.990,704154
1782481485947,0,0,0.000,6.615,6.624,0.188,0.157,0.124,26.077,704187
1782481485971,0,0,0.006,6.615,6.615,0.188,0.157,0.134,25.990,704220
1782481485995,0,0,0.000,6.615,6.615,0.188,0.157,0.129,25.990,704253
1782481486028,0,0,0.000,6.624,6.615,0.188,0.157,0.124,25.990,704286
1782481486061,0,0,0.000,6.615,6.615,0.188,0.157,0.151,25.990,704319
1782481486115,0,0,0.000,6.615,6.615,0.220,0.157,0.129,25.990,704352
1782481486139,0,0,0.000,6.615,6.615,0.188,0.157,0.129,26.077,704385
1782481486183,0,0,0.006,6.624,6.615,0.188,0.157,0.129,25.990,704418
1782481486192,0,0,0.000,6.624,6.615,0.188,0.157,0.118,25.990,704451
1782481486226,0,0,0.000,6.607,6.615,0.188,0.157,0.124,25.990,704484
1782481486261,0,0,0.000,6.607,6.615,0.157,0.126,0.129,25.990,704517
1782481486294,0,0,0.000,6.624,6.615,0.126,0.188,0.129,25.990,704550
1782481486326,0,0,0.000,6.615,6.615,0.188,0.126,0.129,25.990,704583
1782481486359,0,0,0.006,6.632,6.615,0.188,0.157,0.129,25.990,704616
1782481486392,0,0,0.000,6.624,6.615,0.188,0.157,0.129,25.990,704649
1782481486425,0,0,0.000,6.624,6.607,0.188,0.157,0.129,26.077,704682
1782481486460,0,0,0.000,6.632,6.607,0.188,0.157,0.129,25.990,704715
1782481486492,0,0,0.000,6.624,6.624,0.220,0.126,0.129,25.990,704748
1782481486527,0,0,0.006,6.615,6.615,0.188,0.188,0.129,25.990,704781
1782481486562,0,0,0.000,6.615,6.624,0.188,0.157,0.129,25.990,704814
1782481486592,0,0,0.000,6.615,6.615,0.188,0.188,0.140,25.990,704847
1782481486625,0,0,0.000,6.624,6.615,0.157,0.157,0.134,25.990,704880
1782481486658,0,0,0.006,6.615,6.615,0.220,0.188,0.134,25.990,704913
1782481486693,0,0,0.000,6.615,6.607,0.188,0.157,0.188,25.990,704946
1782481486725,0,0,0.006,6.615,6.615,0.157,0.157,0.167,25.990,704979
1782481486758,0,0,0.000,6.615,6.615,0.188,0.126,0.183,25.990,705012
1782481486791,0,0,0.000,6.615,6.624,0.188,0.126,0.172,25.990,705045
1782481486826,0,0,0.000,6.615,6.624,0.157,0.157,0.188,25.990,705078
1782481486858,0,0,0.000,6.615,6.607,0.188,0.157,0.188,25.990,705111
1782481486892,0,0,0.000,6.607,6.624,0.188,0.157,0.151,25.990,705144
1782481486924,0,0,0.000,6.632,6.607,0.188,0.157,0.199,25.990,705177
1782481486958,0,0,0.000,6.615,6.607,0.188,0.188,0.172,25.990,705210
1782481486993,0,0,0.000,6.615,6.607,0.157,0.157,0.172,25.990,705243
1782481487024,0,0,0.006,6.607,6.615,0.188,0.126,0.183,25.990,705276
1782481487061,0,0,0.000,6.607,6.607,0.188,0.188,0.172,25.990,705309
1782481487091,0,0,0.000,6.624,6.599,0.157,0.157,0.194,25.990,705342
1782481487124,0,0,0.006,6.607,6.607,0.188,0.188,0.183,25.990,705375
1782481487162,0,0,0.000,6.607,6.607,0.188,0.157,0.183,25.990,705408
1782481487192,0,0,0.000,6.624,6.615,0.188,0.126,0.194,25.990,705441
1782481487224,0,0,0.000,6.624,6.615,0.188,0.157,0.177,25.990,705474
1782481487272,0,0,0.006,6.607,6.615,0.157,0.157,0.199,25.990,705507
1782481487291,0,0,0.000,6.624,6.615,0.188,0.157,0.156,25.990,705540
1782481487324,0,0,0.000,6.615,6.607,0.188,0.157,0.167,25.990,705573
1782481487357,0,0,0.000,6.607,6.615,0.188,0.126,0.188,25.990,705606
1782481487390,0,0,0.000,6.624,6.615,0.188,0.157,0.167,25.990,705639
1782481487423,0,0,0.006,6.607,6.607,0.188,0.157,0.172,25.990,705672
1782481487456,0,0,0.000,6.615,6.607,0.188,0.157,0.188,26.077,705705
1782481487491,0,0,0.000,6.615,6.615,0.157,0.157,0.167,25.990,705738
1782481487523,0,0,0.000,6.615,6.607,0.188,0.188,0.194,25.990,705771
1782481487556,0,0,0.000,6.615,6.607,0.126,0.126,0.199,25.990,705804
1782481487590,0,0,0.000,6.615,6.615,0.188,0.157,0.199,25.990,705837
1782481487624,0,0,0.000,6.607,6.615,0.157,0.188,0.210,25.990,705870
1782481487656,0,0,0.000,6.607,6.607,0.157,0.157,0.199,25.990,705903
1782481487690,0,0,0.000,6.599,6.599,0.188,0.126,0.177,25.990,705936
1782481487723,0,0,0.006,6.607,6.615,0.157,0.126,0.194,25.990,705969
1782481487790,0,0,0.000,6.624,6.615,0.188,0.126,0.167,26.077,706002
1782481487814,0,0,0.000,6.615,6.615,0.188,0.157,0.161,25.990,706035
1782481487823,0,0,0.000,6.624,6.615,0.188,0.188,0.172,25.990,706068
1782481487855,0,0,0.000,6.615,6.607,0.157,0.157,0.194,25.990,706101
1782481487889,0,0,0.000,6.615,6.607,0.188,0.157,0.183,25.990,706134
1782481487922,0,0,0.000,6.615,6.599,0.188,0.157,0.177,25.990,706167
1782481487955,0,0,0.000,6.615,6.607,0.188,0.188,0.161,25.990,706200
1782481487989,0,0,0.000,6.607,6.599,0.188,0.157,0.167,26.077,706233
1782481488022,0,0,0.000,6.615,6.615,0.188,0.126,0.199,26.077,706266
1782481488055,0,0,0.006,6.624,6.599,0.188,0.157,0.172,25.990,706299
1782481488088,0,0,0.000,6.607,6.607,0.188,0.157,0.194,25.990,706332
1782481488128,0,0,0.000,6.615,6.615,0.157,0.157,0.161,25.990,706365
1782481488154,0,0,0.000,6.615,6.607,0.188,0.157,0.188,25.990,706398
1782481488190,0,0,0.000,6.615,6.607,0.188,0.157,0.194,25.990,706431
1782481488226,0,0,0.006,6.607,6.607,0.188,0.157,0.194,25.990,706464
1782481488254,0,0,0.000,6.607,6.607,0.188,0.157,0.199,25.990,706497
1782481488289,0,0,0.000,6.615,6.607,0.188,0.157,0.167,25.990,706530
1782481488322,0,0,0.000,6.607,6.607,0.157,0.157,0.188,26.077,706563
1782481488354,0,0,0.000,6.615,6.607,0.188,0.157,0.177,25.990,706596
1782481488390,0,0,0.000,6.607,6.607,0.157,0.126,0.172,25.990,706629
1782481488420,0,0,0.000,6.615,6.607,0.188,0.157,0.194,25.990,706662
1782481488454,0,0,0.000,6.615,6.607,0.188,0.157,0.188,25.990,706695
1782481488493,0,0,0.000,6.607,6.607,0.188,0.157,0.172,25.990,706728
1782481488521,0,0,0.000,6.607,6.615,0.188,0.157,0.183,25.990,706761
1782481488555,0,0,0.000,6.615,6.624,0.188,0.157,0.161,25.990,706794
1782481488587,0,0,0.000,6.624,6.624,0.188,0.157,0.177,25.990,706827
1782481488619,0,0,0.006,6.615,6.607,0.157,0.157,0.199,25.990,706860
1782481488653,0,0,0.000,6.607,6.607,0.188,0.157,0.177,25.990,706893
1782481488686,0,0,0.000,6.615,6.607,0.188,0.157,0.194,25.990,706926
1782481488720,0,0,0.000,6.615,6.624,0.188,0.126,0.161,25.990,706959
1782481488753,0,0,0.000,6.615,6.624,0.188,0.188,0.183,25.990,706992
1782481488787,0,0,0.000,6.607,6.599,0.188,0.188,0.177,25.990,707025
1782481488819,0,0,0.000,6.615,6.615,0.188,0.157,0.167,25.990,707058
1782481488861,0,0,0.006,6.615,6.607,0.188,0.157,0.204,25.990,707091
1782481488892,0,0,0.000,6.615,6.607,0.188,0.157,0.183,25.990,707124
1782481488925,0,0,0.000,6.615,6.607,0.157,0.157,0.199,25.990,707157
1782481488954,0,0,0.000,6.615,6.615,0.188,0.220,0.167,26.077,707190
1782481488986,0,0,0.000,6.615,6.607,0.188,0.157,0.194,25.990,707223
1782481489022,0,0,0.000,6.615,6.607,0.188,0.157,0.199,26.077,707256
1782481489052,0,0,0.000,6.615,6.607,0.188,0.126,0.177,25.990,707289
1782481489086,0,0,0.000,6.615,6.607,0.188,0.157,0.177,25.904,707322
1782481489123,0,0,0.000,6.624,6.607,0.188,0.157,0.177,25.990,707355
1782481489152,0,0,0.000,6.615,6.607,0.188,0.157,0.161,25.990,707388
1782481489185,0,0,0.000,6.607,6.607,0.188,0.157,0.172,26.077,707421
1782481489218,0,0,0.000,6.615,6.615,0.157,0.188,0.194,25.990,707454
1782481489252,0,0,0.000,6.615,6.615,0.188,0.157,0.183,25.990,707487
1782481489285,0,0,0.000,6.624,6.607,0.157,0.220,0.172,25.990,707520
1782481489328,0,0,0.000,6.624,6.624,0.188,0.157,0.172,25.990,707553
1782481489395,0,0,0.000,6.615,6.607,0.188,0.157,0.177,25.990,707586
1782481489397,0,0,0.000,6.615,6.615,0.188,0.188,0.172,25.990,707619
1782481489433,0,0,0.000,6.615,6.607,0.157,0.157,0.172,25.990,707652
1782481489469,-2,2,0.000,6.615,6.615,0.188,0.157,0.134,25.904,707685
1782481489493,-5,5,0.000,6.615,6.615,0.188,0.157,0.172,25.990,707718
1782481489525,-10,10,0.000,6.624,6.624,0.188,0.188,0.167,26.077,707751
1782481489559,-15,15,0.000,6.615,6.607,0.188,0.157,0.156,25.990,707784
1782481489592,-17,17,0.000,6.607,6.607,0.188,0.157,0.194,25.990,707817
1782481489624,-22,22,0.006,6.615,6.607,0.188,0.157,0.156,25.990,707850
1782481489657,-25,25,0.000,6.607,6.607,0.157,0.126,0.156,25.990,707883
1782481489690,-30,30,0.000,6.624,6.615,0.157,0.157,0.172,25.990,707916
1782481489724,-35,35,0.000,6.615,6.607,0.188,0.157,0.140,25.990,707949
1782481489756,-37,37,0.000,6.624,6.615,0.188,0.157,0.151,25.990,707982
1782481489790,-42,42,0.000,6.615,6.607,0.188,0.157,0.124,25.990,708015
1782481489828,-47,47,0.000,6.615,6.615,0.157,0.157,0.108,25.990,708048
1782481489856,-50,50,0.000,6.624,6.615,0.188,0.188,0.124,25.990,708081
1782481489889,-55,55,0.000,6.624,6.615,0.188,0.157,0.129,25.990,708114
1782481489928,-60,60,0.000,6.624,6.607,0.188,0.157,0.108,25.990,708147
1782481489955,-62,62,0.000,6.624,6.615,0.188,0.157,0.129,25.990,708180
1782481489988,-67,67,0.000,6.624,6.624,0.188,0.157,0.124,25.990,708213
1782481490021,-72,72,0.006,6.615,6.615,0.188,0.157,0.129,25.990,708246
1782481490054,-75,75,0.000,6.624,6.615,0.157,0.126,0.124,25.990,708279
1782481490095,-80,80,0.000,6.615,6.615,0.157,0.188,0.129,25.990,708312
1782481490132,-85,85,0.000,6.624,6.615,0.220,0.157,0.129,25.990,708345
1782481490153,-87,87,0.000,6.632,6.607,0.188,0.157,0.124,26.077,708378
1782481490186,-92,92,0.000,6.624,6.615,0.188,0.188,0.129,25.990,708411
1782481490221,-97,97,0.000,6.624,6.624,0.157,0.157,0.129,25.990,708444
1782481490261,-102,102,0.000,6.624,6.615,0.188,0.157,0.129,25.990,708477
1782481490286,-105,105,0.000,6.607,6.599,0.251,0.157,0.134,25.990,708510
1782481490318,-107,107,0.000,6.607,6.607,0.251,0.157,0.129,25.990,708543
1782481490351,-112,112,0.000,6.607,6.591,0.188,0.220,0.124,25.990,708576
1782481490385,-117,117,0.000,6.607,6.599,0.220,0.282,0.124,25.990,708609
1782481490417,-120,120,0.000,6.599,6.599,0.220,0.188,0.129,25.990,708642
1782481490453,-125,125,0.000,6.591,6.591,0.282,0.220,0.129,25.990,708675
1782481490488,-130,130,0.006,6.582,6.574,0.345,0.251,0.129,25.990,708708
1782481490531,-135,135,0.000,6.566,6.557,0.439,0.251,0.124,25.990,708741
1782481490565,-140,140,0.000,6.566,6.557,0.471,0.314,0.129,26.077,708774
1782481490582,-142,142,0.000,6.549,6.541,0.502,0.408,0.129,25.990,708807
1782481490615,-145,145,0.000,6.533,6.524,0.628,0.345,0.129,25.990,708840
1782481490648,-150,150,0.000,6.524,6.508,0.753,0.502,0.118,25.990,708873
1782481490682,-155,155,0.000,6.516,6.508,0.565,0.471,0.129,25.990,708906
1782481490715,-157,157,0.000,6.533,6.524,0.408,0.628,0.124,26.077,708939
1782481490749,-162,162,0.000,6.557,6.541,0.314,0.502,0.124,26.077,708972
1782481490790,-167,167,0.000,6.549,6.541,0.377,0.533,0.124,25.990,709005
1782481490817,-170,170,0.000,6.549,6.533,0.377,0.471,0.156,25.990,709038
1782481490849,-175,175,0.000,6.549,6.541,0.408,0.345,0.129,25.990,709071
1782481490884,-180,180,0.000,6.549,6.541,0.377,0.439,0.129,25.990,709104
1782481490914,-182,182,0.000,6.557,6.533,0.439,0.408,0.129,25.990,709137
1782481490951,-187,187,0.006,6.549,6.524,0.439,0.471,0.161,25.990,709170
1782481490981,-192,192,0.006,6.557,6.541,0.377,0.439,0.124,26.077,709203
1782481491050,-200,200,0.006,6.557,6.541,0.408,0.408,0.129,25.990,709236
1782481491088,-205,205,0.000,6.541,6.524,0.502,0.471,0.177,25.990,709269
1782481491089,-205,205,0.006,6.549,6.533,0.377,0.439,0.151,25.990,709302
1782481491114,-207,207,0.000,6.524,6.516,0.377,0.565,0.210,25.990,709335
1782481491147,-212,212,0.000,6.541,6.516,0.596,0.377,0.215,25.990,709368
1782481491182,-217,217,0.000,6.533,6.516,0.502,0.502,0.172,25.990,709401
1782481491214,-215,215,0.000,6.524,6.499,0.502,0.628,0.188,25.990,709434
1782481491246,-210,210,0.000,6.524,6.516,0.439,0.502,0.183,25.990,709467
1782481491280,-207,207,0.000,6.516,6.524,0.565,0.439,0.161,25.990,709500
1782481491314,-202,202,0.000,6.524,6.508,0.565,0.377,0.204,25.990,709533
1782481491347,-197,197,0.006,6.524,6.508,0.502,0.502,0.183,25.990,709566
1782481491380,-195,195,0.000,6.541,6.533,0.533,0.439,0.161,26.077,709599
1782481491414,-190,190,0.000,6.549,6.516,0.502,0.408,0.204,25.990,709632
1782481491447,-185,185,0.000,6.516,6.516,0.533,0.439,0.194,25.990,709665
1782481491480,-182,182,0.000,6.524,6.524,0.439,0.377,0.183,25.990,709698
1782481491515,-177,177,0.000,6.541,6.541,0.439,0.377,0.172,25.990,709731
1782481491546,-172,172,0.000,6.541,6.541,0.345,0.408,0.183,25.990,709764
1782481491580,-170,170,0.000,6.549,6.541,0.345,0.377,0.199,26.077,709797
1782481491612,-165,165,0.000,6.549,6.549,0.377,0.251,0.210,25.990,709830
1782481491646,-160,160,0.000,6.557,6.549,0.345,0.377,0.194,25.990,709863
1782481491682,-155,155,0.000,6.566,6.549,0.408,0.314,0.172,25.990,709896
1782481491713,-152,152,0.000,6.557,6.549,0.314,0.345,0.188,25.990,709929
1782481491745,-147,147,0.000,6.557,6.549,0.314,0.377,0.177,25.990,709962
1782481491780,-145,145,0.000,6.566,6.557,0.314,0.314,0.194,25.990,709995
1782481491813,-140,140,0.000,6.557,6.549,0.314,0.345,0.194,25.990,710028
1782481491845,-135,135,0.000,6.557,6.549,0.345,0.377,0.183,25.990,710061
1782481491880,-132,132,0.006,6.541,6.524,0.439,0.377,0.177,25.990,710094
1782481491912,-127,127,0.000,6.533,6.541,0.502,0.345,0.172,25.990,710127
1782481491946,-122,122,0.000,6.524,6.508,0.565,0.439,0.183,25.990,710160
1782481491980,-120,120,0.000,6.541,6.549,0.345,0.282,0.177,25.990,710193
1782481492011,-115,115,0.000,6.557,6.541,0.345,0.282,0.172,25.990,710226
1782481492045,-110,110,0.000,6.566,6.557,0.314,0.251,0.172,25.990,710259
1782481492080,-107,107,0.000,6.574,6.566,0.251,0.251,0.177,25.990,710292
1782481492111,-102,102,0.000,6.574,6.566,0.251,0.220,0.194,25.990,710325
1782481492182,-92,92,0.000,6.582,6.574,0.251,0.251,0.199,25.990,710358
1782481492183,-92,92,0.000,6.582,6.574,0.251,0.188,0.156,26.077,710391
1782481492233,-87,87,0.006,6.591,6.582,0.251,0.188,0.183,25.990,710424
1782481492245,-85,85,0.000,6.591,6.582,0.251,0.157,0.161,25.990,710457
1782481492283,-80,80,0.000,6.599,6.599,0.188,0.157,0.183,25.990,710490
1782481492310,-77,77,0.000,6.607,6.591,0.188,0.157,0.194,25.990,710523
1782481492344,-72,72,0.000,6.591,6.599,0.188,0.126,0.199,26.077,710556
1782481492381,-70,70,0.006,6.607,6.599,0.188,0.157,0.204,25.990,710589
1782481492412,-65,65,0.000,6.607,6.599,0.220,0.157,0.199,25.990,710622
1782481492455,-60,60,0.000,6.607,6.599,0.188,0.157,0.188,25.990,710655
1782481492479,-57,57,0.000,6.599,6.591,0.188,0.157,0.167,26.077,710688
1782481492519,-52,52,0.006,6.607,6.599,0.188,0.157,0.172,25.990,710721
1782481492544,-47,47,0.000,6.591,6.607,0.188,0.157,0.247,25.990,710754
1782481492577,-45,45,0.000,6.607,6.607,0.188,0.157,0.188,25.990,710787
1782481492610,-40,40,0.000,6.607,6.599,0.188,0.188,0.167,25.990,710820
1782481492643,-35,35,0.000,6.607,6.607,0.188,0.157,0.172,26.077,710853
1782481492707,-27,27,0.006,6.599,6.607,0.188,0.157,0.177,25.990,710886
1782481492747,-22,22,0.000,6.607,6.599,0.188,0.157,0.172,25.990,710919
1782481492748,-22,22,0.000,6.624,6.615,0.188,0.157,0.161,25.990,710952
1782481492777,-20,20,0.000,6.607,6.591,0.157,0.188,0.183,25.990,710985
1782481492809,-15,15,0.000,6.607,6.607,0.188,0.157,0.177,25.990,711018
1782481492843,-10,10,0.000,6.607,6.599,0.157,0.157,0.188,25.990,711051
1782481492876,-7,7,0.000,6.599,6.599,0.188,0.188,0.183,25.990,711084
1782481492911,-2,2,0.000,6.607,6.599,0.188,0.126,0.194,25.990,711117
1782481492943,0,0,0.000,6.607,6.591,0.188,0.157,0.167,25.990,711150
1782481492975,0,0,0.006,6.607,6.599,0.188,0.157,0.172,26.077,711183
1782481493009,0,0,0.000,6.607,6.607,0.157,0.126,0.194,25.990,711216
1782481493042,0,0,0.000,6.615,6.599,0.188,0.188,0.183,25.990,711249
1782481493085,0,0,0.006,6.607,6.599,0.188,0.157,0.188,25.990,711282
1782481493108,0,0,0.000,6.607,6.599,0.188,0.188,0.172,25.990,711315
1782481493145,0,0,0.000,6.607,6.599,0.188,0.188,0.161,25.990,711348
1782481493175,0,0,0.006,6.607,6.599,0.157,0.157,0.172,25.990,711381
1782481493208,0,0,0.000,6.607,6.607,0.157,0.126,0.194,25.990,711414
1782481493242,0,0,0.006,6.607,6.607,0.188,0.188,0.156,26.077,711447
1782481493277,0,0,0.000,6.607,6.599,0.188,0.157,0.177,25.990,711480
1782481493308,0,0,0.006,6.607,6.599,0.188,0.157,0.194,25.990,711513
1782481493341,0,0,0.000,6.607,6.607,0.188,0.157,0.172,25.990,711546
1782481493376,0,0,0.000,6.615,6.599,0.188,0.157,0.167,25.990,711579
1782481493410,0,0,0.000,6.624,6.599,0.188,0.157,0.156,25.990,711612
1782481493440,0,0,0.006,6.599,6.607,0.188,0.157,0.183,26.077,711645
1782481493486,0,0,0.000,6.607,6.599,0.188,0.157,0.177,25.990,711678
1782481493511,0,0,0.000,6.615,6.607,0.157,0.157,0.172,25.990,711711
1782481493541,0,0,0.000,6.607,6.599,0.188,0.126,0.183,25.990,711744
1782481493574,0,0,0.006,6.615,6.599,0.188,0.157,0.199,25.990,711777
1782481493614,0,0,0.000,6.607,6.599,0.188,0.126,0.188,26.077,711810
1782481493640,0,0,0.000,6.624,6.599,0.188,0.157,0.194,25.990,711843
1782481493674,0,0,0.000,6.607,6.599,0.188,0.157,0.199,25.990,711876
1782481493707,0,0,0.000,6.599,6.591,0.188,0.157,0.194,25.990,711909
1782481493742,0,0,0.000,6.607,6.607,0.188,0.188,0.156,26.077,711942
1782481493789,0,0,0.000,6.607,6.607,0.157,0.126,0.194,25.990,711975
1782481493818,0,0,0.000,6.615,6.615,0.188,0.157,0.156,25.990,712008
1782481493851,0,0,0.000,6.599,6.607,0.188,0.157,0.161,25.990,712041
1782481493881,0,0,0.000,6.607,6.607,0.157,0.188,0.167,25.990,712074
1782481493920,0,0,0.000,6.615,6.607,0.157,0.157,0.199,25.990,712107
1782481493948,0,0,0.000,6.615,6.607,0.188,0.157,0.151,25.990,712140
1782481493981,0,0,0.000,6.607,6.607,0.188,0.157,0.188,25.990,712173
1782481494014,0,0,0.000,6.607,6.607,0.188,0.157,0.167,25.990,712206
1782481494050,0,0,0.000,6.607,6.607,0.188,0.157,0.167,25.990,712239
1782481494090,0,0,0.000,6.607,6.599,0.188,0.157,0.156,25.990,712272
1782481494113,0,0,0.000,6.624,6.607,0.188,0.157,0.161,25.990,712305
1782481494150,0,0,0.000,6.607,6.607,0.188,0.188,0.156,25.990,712338
1782481494179,0,0,0.000,6.615,6.599,0.188,0.157,0.129,25.990,712371
1782481494212,0,0,0.000,6.607,6.599,0.188,0.157,0.151,25.990,712404
1782481494245,0,0,0.000,6.615,6.607,0.188,0.188,0.129,25.990,712437
1782481494291,0,0,0.000,6.615,6.607,0.220,0.157,0.151,25.904,712470
1782481494335,0,0,0.000,6.615,6.607,0.188,0.157,0.124,25.990,712503
1782481494355,0,0,0.000,6.615,6.607,0.188,0.157,0.124,25.990,712536
1782481494377,0,0,0.000,6.615,6.607,0.188,0.157,0.129,25.990,712569
1782481494410,0,0,0.000,6.624,6.607,0.188,0.157,0.118,25.990,712602
1782481494446,0,0,0.000,6.624,6.607,0.188,0.157,0.134,25.990,712635
1782481494476,0,0,0.000,6.607,6.607,0.188,0.157,0.140,25.990,712668
1782481494509,0,0,0.000,6.615,6.607,0.188,0.157,0.129,25.990,712701
1782481494542,0,0,0.000,6.607,6.607,0.157,0.157,0.134,25.990,712734
1782481494574,0,0,0.000,6.615,6.607,0.188,0.157,0.129,25.990,712767
1782481494608,0,0,0.000,6.615,6.607,0.188,0.157,0.129,25.990,712800
1782481494641,0,0,0.000,6.615,6.615,0.188,0.188,0.134,25.990,712833
1782481494674,0,0,0.000,6.632,6.624,0.157,0.188,0.124,25.990,712866
1782481494718,0,0,0.000,6.615,6.615,0.220,0.157,0.129,25.990,712899
1782481494740,0,0,0.000,6.615,6.615,0.157,0.157,0.124,25.990,712932
1782481494772,0,0,0.000,6.615,6.607,0.188,0.188,0.124,25.990,712965
1782481494806,0,0,0.000,6.615,6.615,0.188,0.157,0.124,25.990,712998
1782481494842,0,0,0.000,6.624,6.615,0.188,0.157,0.124,25.990,713031
1782481494872,0,0,0.000,6.615,6.607,0.188,0.157,0.113,25.990,713064
1782481494905,0,0,0.000,6.615,6.615,0.188,0.157,0.129,26.077,713097
1782481494944,0,0,0.000,6.607,6.607,0.188,0.157,0.124,25.990,713130
1782481494972,0,0,0.000,6.615,6.615,0.188,0.188,0.151,25.990,713163
1782481495003,0,0,0.006,6.615,6.607,0.188,0.157,0.129,25.990,713196
1782481495038,0,0,0.000,6.615,6.607,0.188,0.188,0.129,26.077,713229
1782481495071,0,0,0.000,6.624,6.607,0.188,0.188,0.124,25.990,713262
1782481495104,0,0,0.000,6.615,6.607,0.188,0.157,0.129,25.990,713295
1782481495150,0,0,0.006,6.624,6.624,0.188,0.157,0.124,25.990,713328
1782481495170,0,0,0.000,6.632,6.624,0.188,0.157,0.118,25.904,713361
1782481495204,0,0,0.006,6.615,6.624,0.188,0.157,0.129,25.990,713394
1782481495236,0,0,0.000,6.615,6.607,0.157,0.157,0.129,25.990,713427
1782481495270,0,0,0.000,6.615,6.615,0.188,0.157,0.129,25.990,713460
1782481495307,0,0,0.000,6.615,6.607,0.157,0.126,0.129,26.077,713493
1782481495336,0,0,0.006,6.615,6.615,0.188,0.157,0.129,25.990,713526
1782481495369,0,0,0.000,6.615,6.607,0.188,0.157,0.129,25.904,713559
1782481495421,0,0,0.000,6.615,6.607,0.188,0.126,0.129,25.990,713592
1782481495438,0,0,0.000,6.624,6.607,0.188,0.157,0.129,25.990,713625
1782481495486,0,0,0.000,6.624,6.615,0.220,0.157,0.134,25.990,713658
1782481495503,0,0,0.000,6.615,6.615,0.220,0.188,0.151,25.990,713691
1782481495535,0,0,0.006,6.615,6.607,0.188,0.188,0.151,25.990,713724
1782481495572,0,0,0.000,6.624,6.607,0.188,0.157,0.199,25.990,713757
1782481495602,0,0,0.000,6.615,6.607,0.188,0.157,0.183,25.990,713790
1782481495636,0,0,0.000,6.624,6.591,0.188,0.157,0.167,25.990,713823
1782481495669,0,0,0.012,6.615,6.607,0.188,0.094,0.194,25.990,713856
1782481495719,0,0,0.000,6.607,6.607,0.188,0.157,0.188,25.990,713889
1782481495744,0,0,0.000,6.615,6.607,0.157,0.157,0.167,25.990,713922
1782481495779,0,0,0.000,6.615,6.607,0.220,0.157,0.167,25.990,713955
1782481495803,0,0,0.000,6.615,6.607,0.188,0.157,0.156,25.990,713988
1782481495834,0,0,0.000,6.615,6.615,0.188,0.157,0.177,25.990,714021
1782481495869,0,0,0.000,6.615,6.607,0.220,0.157,0.194,25.990,714054
1782481495901,0,0,0.000,6.615,6.607,0.188,0.157,0.161,25.904,714087
1782481495934,0,0,0.006,6.607,6.607,0.188,0.157,0.199,25.990,714120
1782481495996,0,0,0.000,6.615,6.607,0.157,0.126,0.156,25.990,714153
1782481496001,0,0,0.006,6.615,6.607,0.188,0.188,0.161,25.990,714186
1782481496034,0,0,0.000,6.624,6.599,0.188,0.157,0.177,25.990,714219
1782481496072,0,0,0.000,6.615,6.624,0.188,0.157,0.188,25.990,714252
1782481496101,0,0,0.000,6.607,6.607,0.188,0.157,0.183,25.990,714285
1782481496134,0,0,0.000,6.615,6.607,0.188,0.157,0.194,25.990,714318
1782481496174,0,0,0.000,6.615,6.599,0.188,0.157,0.183,26.077,714351
1782481496201,0,0,0.000,6.599,6.615,0.188,0.157,0.188,25.990,714384
1782481496234,0,0,0.000,6.624,6.607,0.188,0.157,0.161,25.990,714417
1782481496267,0,0,0.000,6.607,6.607,0.188,0.157,0.194,25.990,714450
1782481496304,0,0,0.000,6.624,6.607,0.188,0.188,0.172,25.990,714483
1782481496334,0,0,0.000,6.607,6.607,0.188,0.157,0.210,26.077,714516
1782481496366,0,0,0.000,6.615,6.607,0.157,0.126,0.172,25.990,714549
1782481496402,0,0,0.000,6.615,6.607,0.188,0.188,0.172,25.990,714582
1782481496434,0,0,0.006,6.599,6.599,0.188,0.157,0.177,25.990,714615
1782481496467,0,0,0.000,6.607,6.607,0.188,0.126,0.204,25.990,714648
1782481496500,0,0,0.000,6.615,6.607,0.188,0.157,0.172,25.990,714681
1782481496534,0,0,0.000,6.615,6.607,0.126,0.188,0.188,25.990,714714
