t_unix_ms,l,r,v_cell_1,v_bat,v_q,i_esc_1,i_esc_2,i_sys,temp_c,uptime_ms
1782481634461,0,0,0.000,6.615,6.607,0.188,0.157,0.129,25.990,851598
1782481634494,0,0,0.006,6.615,6.615,0.188,0.157,0.129,25.990,851631
1782481634527,0,0,0.000,6.615,6.615,0.188,0.157,0.124,25.990,851664
1782481634560,0,0,0.000,6.624,6.607,0.188,0.126,0.129,25.990,851697
1782481634593,0,0,0.000,6.607,6.607,0.188,0.157,0.124,25.904,851730
1782481634626,0,0,0.000,6.607,6.607,0.157,0.157,0.118,25.904,851763
1782481634659,0,0,0.000,6.615,6.607,0.188,0.157,0.129,25.990,851796
1782481634692,0,0,0.000,6.615,6.607,0.188,0.157,0.134,25.990,851829
1782481634725,0,0,0.000,6.615,6.615,0.188,0.157,0.129,25.904,851862
1782481634758,0,0,0.000,6.615,6.599,0.188,0.157,0.129,25.990,851895
1782481634791,0,0,0.000,6.615,6.615,0.188,0.126,0.124,25.904,851928
1782481634824,0,0,0.000,6.615,6.607,0.157,0.157,0.124,25.904,851961
1782481634858,0,0,0.000,6.615,6.607,0.188,0.188,0.129,25.990,851994
1782481634891,0,0,0.000,6.599,6.607,0.188,0.157,0.129,25.904,852027
1782481634926,0,0,0.012,6.624,6.632,0.188,0.157,0.124,25.990,852060
1782481634957,0,0,0.000,6.624,6.607,0.188,0.157,0.124,25.990,852093
1782481634991,0,0,0.000,6.624,6.607,0.188,0.157,0.124,25.990,852126
1782481635028,0,0,0.000,6.624,6.615,0.188,0.157,0.129,25.990,852159
1782481635057,0,0,0.000,6.615,6.615,0.188,0.157,0.124,25.990,852192
1782481635098,0,0,0.000,6.607,6.615,0.188,0.157,0.124,25.990,852225
1782481635127,0,0,0.000,6.615,6.615,0.157,0.157,0.156,25.990,852258
1782481635157,0,0,0.000,6.615,6.607,0.188,0.188,0.129,25.990,852291
1782481635190,0,0,0.000,6.615,6.607,0.188,0.126,0.129,25.904,852324
1782481635224,0,0,0.000,6.615,6.607,0.188,0.157,0.151,25.904,852357
1782481635256,0,0,0.006,6.607,6.607,0.188,0.157,0.129,25.990,852390
1782481635295,0,0,0.000,6.607,6.607,0.188,0.126,0.188,25.904,852423
1782481635323,0,0,0.000,6.615,6.607,0.157,0.126,0.199,25.904,852456
1782481635356,0,0,0.000,6.624,6.615,0.220,0.157,0.156,25.904,852489
1782481635390,0,0,0.000,6.624,6.615,0.188,0.157,0.183,25.904,852522
1782481635423,0,0,0.000,6.607,6.607,0.157,0.157,0.199,25.904,852555
1782481635456,0,0,0.000,6.607,6.607,0.157,0.188,0.161,25.904,852588
1782481635495,0,0,0.000,6.615,6.607,0.188,0.157,0.172,25.990,852621
1782481635523,0,0,0.000,6.615,6.607,0.188,0.157,0.156,25.904,852654
1782481635557,0,0,0.000,6.615,6.607,0.188,0.188,0.183,25.990,852687
1782481635592,0,0,0.006,6.615,6.607,0.188,0.157,0.177,25.904,852720
1782481635622,0,0,0.006,6.615,6.615,0.188,0.157,0.177,25.904,852753
1782481635659,0,0,0.000,6.624,6.599,0.188,0.157,0.194,25.904,852786
1782481635689,0,0,0.000,6.615,6.615,0.188,0.157,0.188,25.904,852819
1782481635722,0,0,0.000,6.607,6.599,0.188,0.157,0.194,25.990,852852
1782481635756,0,0,0.006,6.615,6.624,0.188,0.157,0.204,25.904,852885
1782481635789,0,0,0.000,6.615,6.607,0.157,0.188,0.172,25.990,852918
1782481635822,0,0,0.000,6.615,6.607,0.188,0.188,0.161,25.904,852951
1782481635855,0,0,0.000,6.607,6.615,0.220,0.157,0.167,25.904,852984
1782481635888,0,0,0.000,6.615,6.607,0.220,0.157,0.172,25.904,853017
1782481635922,0,0,0.000,6.615,6.607,0.188,0.157,0.177,25.990,853050
1782481635954,0,0,0.000,6.624,6.591,0.188,0.126,0.204,25.990,853083
1782481635988,0,0,0.000,6.615,6.607,0.157,0.157,0.156,25.904,853116
1782481636033,0,0,0.000,6.607,6.599,0.157,0.157,0.177,25.904,853149
1782481636057,0,0,0.000,6.615,6.607,0.188,0.126,0.161,25.904,853182
1782481636088,0,0,0.000,6.607,6.607,0.157,0.157,0.188,25.904,853215
1782481636122,0,0,0.000,6.615,6.607,0.188,0.188,0.161,25.990,853248
1782481636156,0,0,0.000,6.607,6.599,0.188,0.157,0.188,25.904,853281
1782481636187,0,0,0.000,6.607,6.591,0.188,0.188,0.194,25.990,853314
1782481636221,0,0,0.000,6.607,6.615,0.188,0.157,0.199,25.990,853347
1782481636259,0,0,0.000,6.607,6.599,0.188,0.157,0.188,25.904,853380
1782481636287,0,0,0.000,6.607,6.599,0.188,0.126,0.177,25.818,853413
1782481636321,0,0,0.000,6.607,6.607,0.188,0.157,0.177,25.818,853446
1782481636354,0,0,0.000,6.615,6.607,0.188,0.220,0.194,25.990,853479
1782481636387,0,0,0.000,6.607,6.599,0.188,0.157,0.172,25.990,853512
1782481636420,0,0,0.006,6.615,6.607,0.188,0.126,0.188,25.904,853545
1782481636454,0,0,0.000,6.607,6.607,0.188,0.157,0.177,25.990,853578
1782481636486,0,0,0.000,6.607,6.599,0.188,0.157,0.167,25.904,853611
1782481636520,0,0,0.000,6.624,6.607,0.188,0.220,0.199,25.904,853644
1782481636553,0,0,0.000,6.615,6.607,0.157,0.157,0.188,25.904,853677
1782481636587,0,0,0.000,6.607,6.607,0.188,0.157,0.167,25.990,853710
1782481636620,0,0,0.000,6.599,6.607,0.188,0.157,0.172,25.990,853743
1782481636654,0,0,0.000,6.607,6.607,0.220,0.157,0.194,25.904,853776
1782481636687,0,0,0.000,6.615,6.607,0.188,0.157,0.172,25.990,853809
1782481636719,0,0,0.000,6.607,6.599,0.188,0.157,0.177,25.990,853842
1782481636759,0,0,0.000,6.615,6.599,0.188,0.188,0.183,25.904,853875
1782481636786,0,0,0.000,6.615,6.607,0.157,0.157,0.167,25.990,853908
1782481636819,0,0,0.000,6.607,6.599,0.188,0.157,0.177,25.904,853941
1782481636852,0,0,0.000,6.607,6.607,0.188,0.157,0.183,25.904,853974
1782481636888,0,0,0.000,6.607,6.607,0.188,0.188,0.188,25.904,854007
1782481636919,0,0,0.000,6.607,6.615,0.220,0.188,0.220,25.904,854040
1782481636952,0,0,0.000,6.624,6.599,0.188,0.157,0.167,25.904,854073
1782481636989,0,0,0.000,6.607,6.607,0.157,0.157,0.199,25.904,854106
1782481637019,0,0,0.000,6.599,6.607,0.220,0.157,0.188,25.990,854139
1782481637052,0,0,0.000,6.607,6.607,0.188,0.157,0.172,25.904,854172
1782481637085,0,0,0.000,6.607,6.607,0.188,0.188,0.204,25.818,854205
1782481637120,0,0,0.000,6.615,6.607,0.188,0.126,0.183,25.990,854238
1782481637152,0,0,0.000,6.607,6.607,0.188,0.188,0.194,25.990,854271
1782481637187,0,0,0.000,6.615,6.607,0.126,0.126,0.177,25.904,854304
1782481637218,0,0,0.000,6.624,6.599,0.188,0.157,0.161,25.904,854337
1782481637251,0,0,0.000,6.615,6.607,0.188,0.157,0.172,25.990,854370
1782481637285,0,0,0.000,6.615,6.607,0.188,0.188,0.194,25.990,854403
1782481637317,0,0,0.006,6.615,6.591,0.157,0.157,0.199,25.990,854436
1782481637351,0,0,0.000,6.615,6.615,0.157,0.157,0.204,25.990,854469
1782481637385,0,0,0.000,6.607,6.607,0.188,0.094,0.210,25.904,854502
1782481637418,0,0,0.000,6.615,6.607,0.188,0.157,0.194,25.990,854535
1782481637450,0,0,0.000,6.607,6.607,0.188,0.157,0.177,25.904,854568
1782481637502,0,0,0.006,6.615,6.607,0.157,0.157,0.183,25.990,854601
1782481637518,0,0,0.006,6.607,6.607,0.220,0.126,0.161,25.990,854634
1782481637551,0,0,0.000,6.615,6.599,0.220,0.188,0.194,25.990,854667
1782481637590,0,0,0.000,6.607,6.607,0.188,0.157,0.172,25.904,854700
1782481637616,0,0,0.000,6.615,6.607,0.188,0.126,0.194,25.904,854733
1782481637651,0,0,0.000,6.624,6.607,0.188,0.157,0.188,25.904,854766
1782481637690,0,0,0.000,6.607,6.607,0.220,0.157,0.183,25.904,854799
1782481637717,0,0,0.000,6.624,6.599,0.188,0.157,0.210,25.990,854832
1782481637751,0,0,0.000,6.615,6.607,0.188,0.126,0.177,25.904,854865
1782481637784,0,0,0.000,6.607,6.607,0.188,0.157,0.183,25.904,854898
1782481637817,0,0,0.000,6.607,6.607,0.188,0.157,0.151,25.904,854931
1782481637850,0,0,0.006,6.607,6.615,0.188,0.157,0.161,25.904,854964
1782481637883,0,0,0.000,6.599,6.607,0.188,0.188,0.183,25.904,854997
1782481637918,0,0,0.000,6.615,6.607,0.188,0.157,0.161,25.990,855030
1782481637959,0,0,0.006,6.615,6.599,0.188,0.157,0.194,25.904,855063
1782481637998,0,0,0.000,6.615,6.607,0.126,0.157,0.183,25.904,855096
1782481638026,0,0,0.000,6.624,6.607,0.188,0.157,0.161,25.904,855129
1782481638058,0,0,0.006,6.607,6.607,0.188,0.157,0.172,25.904,855162
1782481638091,0,0,0.000,6.615,6.607,0.157,0.157,0.183,25.904,855195
1782481638124,0,0,0.000,6.607,6.607,0.188,0.157,0.177,25.904,855228
1782481638158,0,0,0.000,6.607,6.607,0.188,0.157,0.194,25.904,855261
1782481638190,0,0,0.000,6.615,6.615,0.188,0.126,0.156,25.904,855294
1782481638223,0,0,0.000,6.615,6.599,0.220,0.188,0.177,25.904,855327
1782481638257,0,0,0.000,6.615,6.607,0.188,0.126,0.183,25.904,855360
1782481638289,0,0,0.000,6.615,6.607,0.188,0.157,0.145,25.990,855393
1782481638322,0,0,0.000,6.615,6.607,0.188,0.188,0.134,25.904,855426
1782481638355,0,0,0.006,6.615,6.607,0.157,0.157,0.156,25.904,855459
1782481638409,0,0,0.000,6.615,6.607,0.188,0.157,0.151,25.990,855492
1782481638425,0,0,0.000,6.615,6.599,0.157,0.157,0.118,25.904,855525
1782481638454,0,0,0.006,6.615,6.615,0.188,0.157,0.145,25.904,855558
1782481638489,0,0,0.000,6.624,6.607,0.157,0.157,0.140,25.904,855591
1782481638520,0,0,0.006,6.615,6.607,0.126,0.126,0.151,25.990,855624
1782481638557,0,0,0.000,6.624,6.607,0.188,0.157,0.129,25.904,855657
1782481638586,0,0,0.006,6.624,6.599,0.188,0.157,0.118,25.990,855690
1782481638619,0,0,0.000,6.624,6.607,0.188,0.157,0.124,25.904,855723
1782481638652,0,0,0.000,6.615,6.607,0.220,0.188,0.129,25.904,855756
1782481638685,0,0,0.000,6.624,6.607,0.126,0.126,0.129,25.990,855789
1782481638718,0,0,0.000,6.624,6.615,0.188,0.157,0.129,25.904,855822
1782481638755,0,0,0.006,6.615,6.607,0.188,0.188,0.129,25.990,855855
1782481638784,0,0,0.000,6.615,6.615,0.157,0.157,0.177,25.990,855888
1782481638826,0,0,0.000,6.624,6.624,0.157,0.188,0.129,25.990,855921
1782481638850,0,0,0.000,6.615,6.607,0.188,0.157,0.118,25.904,855954
1782481638883,0,0,0.000,6.624,6.624,0.188,0.157,0.124,25.904,855987
1782481638919,0,0,0.012,6.624,6.615,0.188,0.188,0.129,25.904,856020
1782481638949,0,0,0.000,6.615,6.615,0.188,0.157,0.124,25.990,856053
1782481638982,0,0,0.000,6.615,6.607,0.220,0.157,0.129,25.904,856086
1782481639022,0,0,0.000,6.615,6.615,0.157,0.157,0.129,25.990,856119
1782481639050,0,0,0.000,6.615,6.615,0.188,0.157,0.134,25.904,856152
1782481639081,0,0,0.000,6.615,6.615,0.188,0.126,0.118,25.904,856185
1782481639114,0,0,0.000,6.607,6.615,0.188,0.157,0.129,25.904,856218
1782481639147,0,0,0.000,6.615,6.607,0.251,0.157,0.129,25.990,856251
1782481639182,0,0,0.000,6.624,6.615,0.157,0.157,0.129,25.990,856284
1782481639214,0,0,0.000,6.615,6.624,0.188,0.157,0.134,25.990,856317
1782481639248,0,0,0.000,6.615,6.607,0.188,0.188,0.129,25.904,856350
1782481639283,0,0,0.000,6.615,6.607,0.220,0.157,0.129,25.904,856383
1782481639313,0,0,0.000,6.615,6.615,0.157,0.157,0.129,25.904,856416
1782481639346,0,0,0.000,6.615,6.615,0.188,0.157,0.129,25.904,856449
1782481639383,0,0,0.000,6.607,6.624,0.188,0.157,0.124,25.818,856482
1782481639413,0,0,0.000,6.607,6.607,0.188,0.157,0.124,25.990,856515
1782481639447,0,0,0.000,6.615,6.607,0.188,0.157,0.124,25.904,856548
1782481639479,0,0,0.000,6.624,6.607,0.188,0.157,0.124,25.904,856581
1782481639513,0,0,0.000,6.615,6.615,0.188,0.157,0.113,25.990,856614
1782481639549,0,0,0.000,6.615,6.615,0.188,0.157,0.118,25.904,856647
1782481639579,0,0,0.000,6.615,6.615,0.188,0.157,0.124,25.990,856680
1782481639612,0,0,0.000,6.607,6.607,0.157,0.126,0.108,25.904,856713
1782481639645,0,0,0.006,6.632,6.624,0.188,0.188,0.124,25.818,856746
1782481639680,0,0,0.000,6.615,6.607,0.188,0.157,0.161,25.990,856779
1782481639712,0,0,0.000,6.615,6.607,0.188,0.157,0.177,25.990,856812
1782481639746,0,0,0.000,6.599,6.599,0.188,0.220,0.204,25.990,856845
1782481639779,0,0,0.000,6.615,6.615,0.188,0.188,0.172,25.904,856878
1782481639812,0,0,0.000,6.607,6.607,0.220,0.188,0.177,25.904,856911
1782481639845,0,0,0.000,6.615,6.615,0.126,0.157,0.194,25.904,856944
1782481639878,0,0,0.000,6.615,6.607,0.188,0.157,0.188,25.904,856977
1782481639912,0,0,0.000,6.615,6.607,0.126,0.157,0.172,25.990,857010
1782481639945,0,0,0.000,6.615,6.607,0.188,0.157,0.183,25.818,857043
1782481639978,0,0,0.006,6.607,6.615,0.188,0.126,0.188,25.904,857076
1782481640011,0,0,0.000,6.607,6.607,0.188,0.157,0.177,25.904,857109
1782481640049,0,0,0.000,6.624,6.615,0.188,0.157,0.183,25.904,857142
1782481640077,0,0,0.000,6.607,6.615,0.188,0.157,0.172,25.990,857175
1782481640119,0,0,0.006,6.607,6.607,0.157,0.157,0.177,25.990,857208
1782481640152,0,0,0.000,6.615,6.607,0.188,0.188,0.161,25.990,857241
1782481640187,0,0,0.000,6.615,6.615,0.188,0.157,0.172,25.904,857274
1782481640210,0,0,0.000,6.607,6.607,0.157,0.157,0.156,25.904,857307
1782481640244,0,0,0.000,6.615,6.607,0.188,0.157,0.183,25.904,857340
1782481640279,0,0,0.000,6.615,6.607,0.157,0.157,0.156,25.904,857373
1782481640310,0,0,0.000,6.615,6.615,0.157,0.157,0.183,25.904,857406
1782481640344,0,0,0.000,6.607,6.607,0.188,0.157,0.172,25.904,857439
1782481640377,0,0,0.006,6.607,6.615,0.188,0.157,0.151,25.990,857472
1782481640432,0,0,0.000,6.615,6.607,0.188,0.157,0.188,25.818,857505
1782481640444,0,0,0.000,6.615,6.607,0.188,0.188,0.161,25.990,857538
1782481640476,0,0,0.000,6.624,6.615,0.188,0.188,0.156,25.990,857571
1782481640511,0,0,0.000,6.615,6.607,0.126,0.188,0.199,25.904,857604
1782481640543,0,0,0.000,6.607,6.607,0.157,0.188,0.183,25.904,857637
1782481640577,0,0,0.006,6.615,6.607,0.126,0.126,0.161,25.904,857670
1782481640610,0,0,0.000,6.607,6.607,0.188,0.157,0.194,25.904,857703
1782481640643,0,0,0.000,6.615,6.607,0.188,0.188,0.194,25.990,857736
1782481640677,0,0,0.000,6.615,6.607,0.188,0.157,0.199,25.904,857769
1782481640710,0,0,0.000,6.615,6.607,0.157,0.188,0.204,25.904,857802
1782481640751,0,0,0.000,6.615,6.607,0.188,0.188,0.172,25.904,857835
1782481640780,0,0,0.000,6.615,6.607,0.188,0.157,0.172,25.904,857868
1782481640810,0,0,0.006,6.607,6.615,0.188,0.126,0.172,25.990,857901
1782481640842,0,0,0.000,6.607,6.599,0.157,0.157,0.172,25.904,857934
1782481640876,0,0,0.000,6.615,6.615,0.188,0.157,0.172,25.904,857967
1782481640909,0,0,0.000,6.624,6.607,0.188,0.157,0.194,25.904,858000
1782481640943,0,0,0.000,6.615,6.607,0.188,0.157,0.172,25.990,858033
1782481640976,0,0,0.000,6.615,6.607,0.188,0.220,0.183,25.990,858066
1782481641009,0,0,0.000,6.615,6.607,0.157,0.157,0.199,25.990,858099
1782481641042,0,0,0.006,6.615,6.607,0.188,0.188,0.177,25.904,858132
1782481641075,0,0,0.006,6.615,6.607,0.188,0.157,0.194,25.904,858165
1782481641110,0,0,0.000,6.607,6.607,0.188,0.157,0.172,25.904,858198
1782481641142,0,0,0.006,6.607,6.615,0.188,0.157,0.183,25.904,858231
1782481641176,0,0,0.000,6.624,6.607,0.220,0.157,0.194,25.990,858264
1782481641209,0,0,0.000,6.607,6.607,0.188,0.157,0.199,25.904,858297
1782481641241,0,0,0.000,6.607,6.607,0.188,0.157,0.183,25.990,858330
1782481641277,0,0,0.000,6.632,6.607,0.188,0.126,0.199,25.990,858363
1782481641309,0,0,0.000,6.607,6.615,0.188,0.157,0.177,25.904,858396
1782481641341,0,0,0.006,6.615,6.607,0.188,0.188,0.194,25.818,858429
1782481641378,0,0,0.000,6.615,6.607,0.188,0.157,0.204,25.904,858462
1782481641409,0,0,0.000,6.607,6.591,0.188,0.157,0.194,25.904,858495
1782481641441,0,0,0.000,6.607,6.624,0.188,0.157,0.199,25.990,858528
1782481641479,0,0,0.000,6.607,6.607,0.188,0.157,0.172,25.990,858561
1782481641508,0,0,0.000,6.607,6.607,0.188,0.157,0.194,25.818,858594
1782481641541,0,0,0.000,6.615,6.624,0.188,0.157,0.194,25.990,858627
1782481641582,0,0,0.000,6.607,6.615,0.188,0.157,0.183,25.990,858660
1782481641611,0,0,0.000,6.624,6.599,0.188,0.157,0.231,25.904,858693
1782481641642,0,0,0.000,6.615,6.607,0.157,0.157,0.199,25.904,858726
1782481641674,0,0,0.000,6.624,6.607,0.157,0.157,0.167,25.990,858759
1782481641708,0,0,0.000,6.615,6.615,0.188,0.157,0.156,25.904,858792
1782481641740,0,0,0.006,6.624,6.599,0.188,0.157,0.177,25.904,858825
1782481641774,0,0,0.006,6.607,6.607,0.188,0.126,0.167,25.990,858858
1782481641808,0,0,0.000,6.615,6.599,0.157,0.188,0.172,25.990,858891
1782481641840,0,0,0.000,6.607,6.599,0.188,0.157,0.183,25.904,858924
1782481641873,0,0,0.000,6.599,6.607,0.188,0.157,0.188,25.904,858957
1782481641907,0,0,0.000,6.615,6.607,0.188,0.126,0.183,25.990,858990
1782481641942,0,0,0.000,6.632,6.624,0.157,0.157,0.167,25.904,859023
1782481641973,0,0,0.000,6.607,6.607,0.188,0.188,0.194,25.904,859056
1782481642008,0,0,0.006,6.607,6.607,0.188,0.157,0.194,25.904,859089
1782481642040,0,0,0.000,6.624,6.607,0.157,0.157,0.204,25.904,859122
1782481642090,0,0,0.000,6.615,6.607,0.188,0.157,0.188,25.904,859155
1782481642111,0,0,0.000,6.615,6.607,0.188,0.157,0.161,25.990,859188
1782481642139,0,0,0.000,6.607,6.615,0.188,0.157,0.161,25.904,859221
1782481642173,0,0,0.000,6.615,6.599,0.188,0.126,0.183,25.904,859254
1782481642206,0,0,0.000,6.607,6.607,0.188,0.126,0.194,25.990,859287
1782481642240,0,0,0.000,6.607,6.599,0.188,0.126,0.194,25.904,859320
1782481642272,0,0,0.000,6.615,6.607,0.188,0.188,0.199,25.990,859353
1782481642315,0,0,0.000,6.615,6.607,0.157,0.157,0.194,25.990,859386
1782481642348,0,0,0.000,6.607,6.615,0.188,0.157,0.161,25.990,859419
1782481642397,0,0,0.000,6.607,6.607,0.157,0.157,0.210,25.904,859452
1782481642418,0,0,0.000,6.615,6.607,0.188,0.157,0.161,25.904,859485
1782481642447,0,0,0.000,6.615,6.607,0.188,0.157,0.242,25.990,859518
1782481642480,0,0,0.000,6.615,6.607,0.188,0.188,0.188,25.904,859551
1782481642513,0,0,0.000,6.624,6.607,0.188,0.157,0.183,25.990,859584
1782481642547,0,0,0.006,6.624,6.607,0.220,0.220,0.172,25.904,859617
1782481642582,0,0,0.000,6.599,6.607,0.188,0.157,0.172,25.904,859650
1782481642612,0,0,0.000,6.615,6.599,0.188,0.157,0.118,25.904,859683
1782481642645,0,0,0.000,6.615,6.607,0.188,0.126,0.156,25.990,859716
1782481642677,0,0,0.000,6.615,6.599,0.188,0.157,0.156,25.904,859749
1782481642711,0,0,0.000,6.607,6.615,0.188,0.157,0.124,25.904,859782
1782481642744,0,0,0.000,6.607,6.607,0.188,0.157,0.161,25.904,859815
1782481642777,0,0,0.000,6.615,6.615,0.157,0.157,0.124,25.904,859848
1782481642811,0,0,0.000,6.615,6.607,0.157,0.157,0.129,25.904,859881
1782481642843,0,0,0.006,6.607,6.607,0.188,0.157,0.167,25.904,859914
1782481642876,0,0,0.000,6.624,6.615,0.157,0.157,0.118,25.904,859947
1782481642914,0,0,0.000,6.624,6.615,0.188,0.157,0.124,25.990,859980
1782481642942,0,0,0.000,6.624,6.624,0.188,0.188,0.124,25.904,860013
1782481642975,0,0,0.000,6.615,6.615,0.157,0.126,0.124,25.904,860046
1782481643009,0,0,0.000,6.615,6.607,0.157,0.157,0.129,25.904,860079
1782481643044,0,0,0.006,6.615,6.599,0.188,0.157,0.129,25.904,860112
1782481643074,0,0,0.006,6.624,6.615,0.157,0.188,0.118,25.990,860145
1782481643107,0,0,0.006,6.624,6.615,0.126,0.157,0.129,25.904,860178
1782481643140,0,0,0.000,6.607,6.615,0.188,0.126,0.129,25.904,860211
1782481643173,0,0,0.000,6.624,6.615,0.157,0.126,0.129,25.904,860244
1782481643206,0,0,0.000,6.615,6.607,0.157,0.126,0.129,25.904,860277
1782481643239,0,0,0.000,6.615,6.615,0.157,0.157,0.124,25.904,860310
1782481643274,0,0,0.000,6.615,6.615,0.188,0.157,0.129,25.990,860343
1782481643306,0,0,0.000,6.607,6.607,0.157,0.188,0.118,25.904,860376
1782481643339,0,0,0.000,6.624,6.607,0.188,0.157,0.124,25.904,860409
1782481643371,0,0,0.000,6.624,6.607,0.157,0.157,0.134,25.904,860442
1782481643404,0,0,0.000,6.624,6.615,0.157,0.157,0.129,25.904,860475
1782481643453,0,0,0.000,6.615,6.615,0.220,0.157,0.118,25.904,860508
1782481643470,0,0,0.000,6.624,6.615,0.188,0.126,0.124,25.904,860541
1782481643503,0,0,0.000,6.615,6.607,0.188,0.157,0.129,25.990,860574
1782481643536,0,0,0.000,6.615,6.615,0.188,0.157,0.118,25.904,860607
1782481643569,0,0,0.006,6.624,6.615,0.188,0.126,0.129,25.904,860640
1782481643603,0,0,0.000,6.607,6.607,0.188,0.157,0.129,25.904,860673
1782481643636,0,0,0.000,6.615,6.607,0.126,0.220,0.156,25.904,860706
1782481643669,0,0,0.000,6.615,6.607,0.220,0.157,0.124,25.904,860739
1782481643702,0,0,0.000,6.632,6.615,0.188,0.157,0.129,25.990,860772
1782481643736,0,0,0.000,6.624,6.607,0.188,0.157,0.124,25.990,860805
1782481643769,0,0,0.006,6.624,6.615,0.188,0.157,0.118,25.990,860838
1782481643802,0,0,0.000,6.607,6.607,0.188,0.157,0.129,25.904,860871
1782481643836,0,0,0.000,6.615,6.607,0.188,0.157,0.156,25.904,860904
1782481643869,0,0,0.000,6.615,6.607,0.188,0.157,0.124,25.904,860937
1782481643902,0,0,0.000,6.624,6.624,0.188,0.157,0.134,25.818,860970
1782481643939,0,0,0.000,6.624,6.624,0.188,0.157,0.134,25.904,861003
1782481643968,0,0,0.000,6.615,6.615,0.188,0.157,0.145,25.904,861036
1782481644010,0,0,0.000,6.615,6.607,0.157,0.157,0.140,25.904,861069
1782481644039,0,0,0.000,6.632,6.624,0.220,0.188,0.194,25.990,861102
1782481644068,0,0,0.006,6.607,6.615,0.188,0.157,0.199,25.904,861135
1782481644101,0,0,0.006,6.615,6.599,0.188,0.126,0.188,25.990,861168
1782481644141,0,0,0.000,6.615,6.615,0.188,0.157,0.177,25.904,861201
1782481644170,0,0,0.000,6.615,6.599,0.157,0.157,0.199,25.904,861234
1782481644202,0,0,0.000,6.607,6.615,0.188,0.188,0.177,25.904,861267
1782481644260,0,0,0.000,6.615,6.615,0.188,0.126,0.194,25.904,861300
1782481644268,0,0,0.000,6.615,6.607,0.188,0.157,0.161,25.904,861333
1782481644302,0,0,0.000,6.615,6.607,0.188,0.157,0.183,25.904,861366
1782481644334,0,0,0.000,6.615,6.607,0.188,0.126,0.194,25.904,861399
1782481644368,0,0,0.000,6.607,6.599,0.188,0.157,0.151,25.904,861432
1782481644405,0,0,0.006,6.607,6.607,0.188,0.157,0.199,25.990,861465
1782481644434,0,0,0.000,6.615,6.607,0.157,0.157,0.188,25.904,861498
1782481644468,0,0,0.000,6.615,6.607,0.188,0.157,0.161,25.904,861531
1782481644501,0,0,0.006,6.607,6.607,0.188,0.157,0.183,25.904,861564
1782481644534,0,0,0.000,6.607,6.599,0.188,0.188,0.204,25.904,861597
1782481644568,0,0,0.000,6.624,6.607,0.157,0.188,0.188,25.904,861630
1782481644600,0,0,0.000,6.615,6.607,0.188,0.126,0.188,25.904,861663
1782481644633,0,0,0.000,6.615,6.615,0.188,0.157,0.172,25.990,861696
1782481644676,0,0,0.000,6.624,6.607,0.188,0.157,0.188,25.904,861729
1782481644699,0,0,0.000,6.615,6.607,0.188,0.157,0.167,25.990,861762
1782481644734,0,0,0.012,6.615,6.607,0.188,0.157,0.183,25.990,861795
1782481644766,0,0,0.000,6.615,6.607,0.188,0.157,0.194,25.904,861828
1782481644800,0,0,0.000,6.615,6.607,0.220,0.188,0.167,25.990,861861
1782481644832,0,0,0.000,6.624,6.607,0.188,0.157,0.172,25.904,861894
1782481644867,0,0,0.006,6.607,6.607,0.188,0.188,0.188,25.904,861927
1782481644900,0,0,0.000,6.615,6.607,0.188,0.157,0.167,25.904,861960
1782481644932,0,0,0.000,6.615,6.607,0.188,0.188,0.183,25.904,861993
1782481644966,0,0,0.000,6.607,6.615,0.220,0.126,0.194,25.904,862026
1782481645002,0,0,0.000,6.615,6.615,0.157,0.126,0.177,25.904,862059
1782481645032,0,0,0.000,6.615,6.624,0.188,0.157,0.183,25.990,862092
1782481645067,0,0,0.000,6.624,6.607,0.157,0.126,0.183,25.904,862125
1782481645099,0,0,0.000,6.615,6.607,0.188,0.157,0.172,25.904,862158
1782481645132,0,0,0.000,6.624,6.591,0.188,0.188,0.194,25.990,862191
1782481645167,0,0,0.000,6.615,6.607,0.126,0.126,0.194,25.904,862224
1782481645199,0,0,0.000,6.615,6.607,0.157,0.126,0.199,25.990,862257
1782481645232,0,0,0.000,6.615,6.607,0.126,0.157,0.172,25.990,862290
1782481645270,0,0,0.000,6.615,6.599,0.157,0.188,0.188,25.904,862323
1782481645298,0,0,0.000,6.607,6.607,0.188,0.157,0.172,25.904,862356
1782481645332,0,0,0.006,6.607,6.607,0.188,0.157,0.172,25.904,862389
1782481645371,0,0,0.000,6.607,6.624,0.188,0.157,0.172,25.990,862422
1782481645404,0,0,0.000,6.615,6.607,0.188,0.157,0.167,25.990,862455
1782481645432,0,0,0.006,6.615,6.607,0.188,0.157,0.183,25.904,862488
1782481645465,0,0,0.000,6.607,6.607,0.157,0.126,0.199,25.904,862521
1782481645498,0,0,0.000,6.615,6.615,0.126,0.157,0.183,25.904,862554
1782481645531,0,0,0.006,6.615,6.615,0.188,0.157,0.188,25.904,862587
1782481645565,0,0,0.000,6.615,6.599,0.188,0.157,0.199,25.904,862620
1782481645597,0,0,0.000,6.607,6.607,0.188,0.157,0.172,25.990,862653
1782481645631,0,0,0.006,6.607,6.599,0.188,0.188,0.199,25.904,862686
1782481645664,0,0,0.000,6.615,6.607,0.188,0.126,0.188,25.904,862719
1782481645708,0,0,0.000,6.615,6.607,0.188,0.157,0.183,25.904,862752
1782481645731,0,0,0.006,6.615,6.607,0.188,0.157,0.167,25.818,862785
1782481645764,0,0,0.000,6.607,6.607,0.188,0.157,0.183,25.904,862818
1782481645802,0,0,0.000,6.624,6.607,0.188,0.126,0.183,25.904,862851
1782481645830,0,0,0.000,6.615,6.607,0.188,0.157,0.172,25.904,862884
1782481645865,0,0,0.000,6.624,6.615,0.157,0.157,0.167,25.904,862917
1782481645900,0,0,0.000,6.615,6.607,0.251,0.126,0.188,25.904,862950
1782481645930,0,0,0.000,6.607,6.607,0.188,0.157,0.194,25.904,862983
1782481645963,0,0,0.000,6.615,6.615,0.188,0.157,0.172,25.818,863016
1782481646000,0,0,0.006,6.607,6.607,0.188,0.157,0.199,25.904,863049
1782481646030,0,0,0.000,6.624,6.599,0.220,0.126,0.183,25.904,863082
1782481646063,0,0,0.000,6.615,6.607,0.188,0.157,0.161,25.990,863115
1782481646097,0,0,0.000,6.615,6.607,0.251,0.188,0.161,25.904,863148
1782481646130,0,0,0.000,6.615,6.607,0.188,0.157,0.183,25.904,863181
1782481646164,0,0,0.000,6.624,6.607,0.188,0.157,0.199,25.904,863214
1782481646196,0,0,0.000,6.624,6.607,0.157,0.157,0.172,25.904,863247
1782481646230,0,0,0.000,6.615,6.607,0.188,0.157,0.151,25.904,863280
1782481646263,0,0,0.000,6.624,6.615,0.188,0.188,0.188,25.904,863313
1782481646296,0,0,0.000,6.615,6.599,0.188,0.126,0.183,25.904,863346
1782481646330,0,0,0.000,6.607,6.599,0.188,0.157,0.199,25.904,863379
1782481646362,0,0,0.000,6.624,6.607,0.157,0.126,0.199,25.904,863412
1782481646396,0,0,0.000,6.615,6.624,0.188,0.157,0.194,25.990,863445
1782481646429,0,0,0.000,6.624,6.607,0.188,0.126,0.194,25.904,863478
1782481646463,0,0,0.006,6.615,6.607,0.188,0.157,0.183,25.990,863511
1782481646497,0,0,0.000,6.607,6.607,0.188,0.157,0.172,25.904,863544
1782481646529,0,0,0.000,6.615,6.615,0.126,0.157,0.183,25.904,863577
1782481646563,0,0,0.000,6.607,6.607,0.188,0.157,0.188,25.904,863610
1782481646608,0,0,0.000,6.607,6.607,0.188,0.188,0.199,25.904,863643
1782481646638,0,0,0.000,6.607,6.607,0.188,0.220,0.172,25.904,863676
1782481646661,0,0,0.000,6.615,6.607,0.188,0.157,0.183,25.904,863709
1782481646717,0,0,0.000,6.615,6.607,0.188,0.157,0.194,25.990,863742
1782481646737,0,0,0.000,6.615,6.624,0.188,0.157,0.167,25.904,863775
1782481646770,0,0,0.000,6.615,6.607,0.126,0.157,0.172,25.904,863808
1782481646806,0,0,0.000,6.615,6.607,0.188,0.157,0.177,25.904,863841
1782481646836,0,0,0.000,6.624,6.615,0.188,0.157,0.118,25.904,863874
1782481646869,0,0,0.000,6.615,6.607,0.188,0.157,0.177,25.904,863907
1782481646906,0,0,0.000,6.615,6.607,0.157,0.157,0.194,25.904,863940
1782481646936,0,0,0.000,6.624,6.615,0.157,0.157,0.118,25.990,863973
1782481646968,0,0,0.000,6.607,6.607,0.188,0.157,0.167,25.904,864006
1782481647001,0,0,0.000,6.624,6.607,0.188,0.157,0.129,25.904,864039
1782481647034,0,0,0.000,6.615,6.624,0.188,0.157,0.145,25.904,864072
1782481647067,0,0,0.000,6.615,6.599,0.188,0.157,0.113,25.904,864105
1782481647100,0,0,0.000,6.615,6.615,0.188,0.126,0.134,25.904,864138
1782481647133,0,0,0.000,6.624,6.615,0.188,0.157,0.124,25.904,864171
1782481647166,0,0,0.000,6.615,6.607,0.157,0.157,0.140,25.904,864204
1782481647199,0,0,0.000,6.607,6.624,0.188,0.157,0.129,25.904,864237
1782481647232,0,0,0.000,6.615,6.607,0.188,0.157,0.124,25.904,864270
1782481647264,0,0,0.000,6.624,6.615,0.157,0.126,0.156,25.904,864303
1782481647298,0,0,0.000,6.624,6.615,0.157,0.126,0.129,25.904,864336
1782481647333,0,0,0.000,6.624,6.615,0.188,0.157,0.129,25.904,864369
1782481647364,0,0,0.006,6.615,6.607,0.157,0.126,0.151,25.904,864402
1782481647397,0,0,0.000,6.624,6.615,0.188,0.157,0.129,25.904,864435
1782481647430,0,0,0.000,6.624,6.615,0.188,0.157,0.129,25.904,864468
1782481647463,0,0,0.000,6.615,6.615,0.157,0.188,0.151,25.990,864501
1782481647496,0,0,0.000,6.624,6.615,0.188,0.157,0.129,25.990,864534
1782481647529,0,0,0.000,6.624,6.607,0.157,0.157,0.129,25.904,864567
1782481647562,0,0,0.000,6.615,6.615,0.188,0.157,0.129,25.904,864600
1782481647595,0,0,0.000,6.615,6.615,0.188,0.157,0.124,25.904,864633
1782481647628,0,0,0.000,6.624,6.615,0.157,0.157,0.129,25.990,864666
1782481647661,0,0,0.000,6.624,6.607,0.188,0.157,0.140,25.990,864699
1782481647694,0,0,0.000,6.615,6.615,0.188,0.157,0.129,25.990,864732
1782481647731,0,0,0.006,6.615,6.624,0.188,0.157,0.129,25.904,864765
1782481647761,0,0,0.000,6.615,6.615,0.157,0.220,0.113,25.904,864798
1782481647793,0,0,0.000,6.615,6.607,0.188,0.157,0.118,25.904,864831
1782481647831,0,0,0.000,6.624,6.615,0.251,0.157,0.129,25.904,864864
1782481647859,0,0,0.000,6.615,6.615,0.188,0.157,0.156,25.904,864897
1782481647892,0,0,0.000,6.624,6.607,0.157,0.157,0.124,25.904,864930
1782481647931,0,0,0.000,6.624,6.607,0.220,0.157,0.124,25.904,864963
1782481647959,0,0,0.000,6.615,6.615,0.188,0.188,0.129,25.904,864996
1782481647992,0,0,0.006,6.607,6.615,0.188,0.157,0.129,25.904,865029
1782481648029,0,0,0.006,6.615,6.615,0.157,0.157,0.124,25.904,865062
1782481648059,0,0,0.000,6.624,6.599,0.188,0.157,0.124,25.990,865095
1782481648091,0,0,0.000,6.615,6.607,0.157,0.188,0.124,25.904,865128
1782481648125,0,0,0.000,6.615,6.615,0.188,0.126,0.129,25.904,865161
1782481648158,0,0,0.000,6.607,6.607,0.188,0.157,0.129,25.990,865194
1782481648191,0,0,0.000,6.624,6.607,0.188,0.188,0.129,25.904,865227
1782481648224,0,0,0.000,6.615,6.607,0.188,0.157,0.124,25.904,865260
1782481648269,0,0,0.000,6.632,6.624,0.188,0.157,0.129,25.904,865293
1782481648291,0,0,0.000,6.624,6.607,0.126,0.157,0.124,25.990,865326
1782481648325,0,0,0.000,6.615,6.607,0.188,0.157,0.134,25.904,865359
1782481648358,0,0,0.000,6.640,6.624,0.220,0.126,0.151,25.904,865392
1782481648391,0,0,0.000,6.607,6.615,0.188,0.157,0.145,25.904,865425
1782481648424,0,0,0.000,6.624,6.615,0.188,0.157,0.188,25.990,865458
1782481648460,0,0,0.000,6.624,6.607,0.188,0.188,0.199,25.990,865491
1782481648491,0,0,0.000,6.624,6.615,0.157,0.157,0.177,25.904,865524
1782481648524,0,0,0.006,6.615,6.615,0.188,0.157,0.177,25.904,865557
1782481648560,0,0,0.000,6.607,6.607,0.188,0.188,0.215,25.904,865590
1782481648591,0,0,0.000,6.615,6.599,0.157,0.157,0.183,25.990,865623
1782481648623,0,0,0.000,6.615,6.615,0.188,0.157,0.177,25.990,865656
1782481648668,0,0,0.000,6.624,6.615,0.188,0.126,0.172,25.904,865689
1782481648696,0,0,0.000,6.624,6.615,0.157,0.188,0.161,25.990,865722
1782481648724,0,0,0.000,6.615,6.607,0.188,0.157,0.183,25.904,865755
1782481648757,0,0,0.006,6.624,6.607,0.188,0.157,0.167,25.990,865788
1782481648790,0,0,0.000,6.624,6.607,0.188,0.188,0.167,25.904,865821
1782481648823,0,0,0.000,6.615,6.607,0.188,0.157,0.177,25.904,865854
1782481648857,0,0,0.000,6.615,6.624,0.157,0.157,0.194,25.904,865887
1782481648890,0,0,0.000,6.624,6.607,0.126,0.157,0.183,25.904,865920
1782481648923,0,0,0.006,6.607,6.607,0.188,0.188,0.199,25.904,865953
1782481648956,0,0,0.000,6.607,6.607,0.188,0.157,0.194,25.904,865986
1782481648990,0,0,0.006,6.615,6.607,0.188,0.157,0.194,25.904,866019
1782481649023,0,0,0.000,6.615,6.615,0.188,0.157,0.183,25.904,866052
1782481649058,0,0,0.000,6.615,6.607,0.188,0.157,0.183,25.904,866085
1782481649090,0,0,0.000,6.607,6.599,0.188,0.157,0.177,25.904,866118
1782481649123,0,0,0.000,6.615,6.599,0.188,0.157,0.177,25.904,866151
1782481649162,0,0,0.000,6.607,6.607,0.188,0.157,0.194,25.904,866184
1782481649189,0,0,0.000,6.607,6.607,0.157,0.188,0.188,25.904,866217
1782481649222,0,0,0.000,6.607,6.615,0.188,0.157,0.177,25.904,866250
1782481649259,0,0,0.000,6.607,6.615,0.188,0.157,0.194,25.990,866283
1782481649299,0,0,0.000,6.607,6.607,0.157,0.188,0.172,25.990,866316
1782481649322,0,0,0.000,6.615,6.607,0.188,0.157,0.167,25.904,866349
1782481649355,0,0,0.000,6.607,6.607,0.157,0.188,0.194,25.904,866382
1782481649389,0,0,0.000,6.615,6.607,0.188,0.157,0.167,25.904,866415
1782481649422,0,0,0.000,6.615,6.607,0.188,0.157,0.199,25.990,866448
1782481649455,0,0,0.000,6.615,6.599,0.188,0.188,0.172,25.904,866481
1782481649489,0,0,0.000,6.615,6.615,0.188,0.188,0.172,25.904,866514
1782481649522,0,0,0.000,6.599,6.607,0.188,0.157,0.199,25.818,866547
1782481649555,0,0,0.000,6.615,6.607,0.188,0.157,0.183,25.904,866580
1782481649589,0,0,0.006,6.615,6.607,0.188,0.157,0.199,25.904,866613
1782481649622,0,0,0.000,6.624,6.607,0.188,0.157,0.194,25.818,866646
1782481649654,0,0,0.000,6.607,6.607,0.157,0.157,0.172,25.904,866679
1782481649688,0,0,0.000,6.624,6.607,0.157,0.157,0.188,25.990,866712
1782481649721,0,0,0.000,6.615,6.607,0.157,0.094,0.194,25.904,866745
1782481649754,0,0,0.000,6.615,6.607,0.126,0.157,0.194,25.904,866778
1782481649790,0,0,0.000,6.615,6.615,0.157,0.126,0.177,25.904,866811
1782481649821,0,0,0.000,6.615,6.615,0.157,0.188,0.177,25.904,866844
1782481649856,0,0,0.000,6.607,6.607,0.188,0.157,0.194,25.904,866877
1782481649887,0,0,0.006,6.615,6.607,0.188,0.157,0.161,25.904,866910
1782481649925,0,0,0.000,6.607,6.607,0.220,0.157,0.194,25.904,866943
1782481649954,0,0,0.000,6.624,6.607,0.188,0.157,0.177,25.904,866976
1782481649988,0,0,0.000,6.607,6.607,0.188,0.157,0.161,25.904,867009
1782481650022,0,0,0.000,6.615,6.607,0.188,0.157,0.204,25.990,867042
1782481650053,0,0,0.000,6.632,6.607,0.188,0.157,0.183,25.904,867075
1782481650087,0,0,0.000,6.615,6.607,0.157,0.126,0.188,25.904,867108
1782481650120,0,0,0.000,6.624,6.607,0.188,0.157,0.161,25.904,867141
1782481650153,0,0,0.000,6.615,6.607,0.188,0.157,0.177,25.904,867174
1782481650187,0,0,0.000,6.624,6.607,0.126,0.157,0.199,25.904,867207
1782481650220,0,0,0.000,6.615,6.607,0.188,0.157,0.188,25.904,867240
1782481650253,0,0,0.000,6.624,6.607,0.157,0.157,0.199,25.990,867273
1782481650293,0,0,0.000,6.615,6.607,0.220,0.157,0.161,25.990,867306
1782481650320,0,0,0.000,6.615,6.607,0.188,0.157,0.188,25.990,867339
1782481650352,0,0,0.000,6.615,6.607,0.188,0.126,0.194,25.904,867372
1782481650389,0,0,0.000,6.615,6.607,0.188,0.157,0.204,25.904,867405
1782481650420,0,0,0.000,6.615,6.615,0.220,0.157,0.194,25.818,867438
1782481650453,0,0,0.000,6.607,6.607,0.220,0.126,0.183,25.990,867471
1782481650491,0,0,0.000,6.607,6.607,0.188,0.157,0.194,25.904,867504
1782481650520,0,0,0.000,6.624,6.615,0.220,0.157,0.188,25.904,867537
1782481650556,0,0,0.000,6.615,6.607,0.188,0.157,0.194,25.904,867570
1782481650598,0,0,0.000,6.607,6.607,0.188,0.157,0.172,25.904,867603
1782481650620,0,0,0.000,6.624,6.607,0.157,0.188,0.167,25.904,867636
1782481650652,0,0,0.000,6.615,6.599,0.188,0.157,0.172,25.990,867669
1782481650686,0,0,0.000,6.615,6.607,0.220,0.157,0.167,25.904,867702
1782481650718,0,0,0.012,6.615,6.607,0.188,0.157,0.161,25.904,867735
1782481650753,0,0,0.000,6.607,6.599,0.188,0.157,0.188,25.990,867768
1782481650785,0,0,0.000,6.615,6.615,0.188,0.157,0.183,25.904,867801
1782481650819,0,0,0.000,6.615,6.607,0.188,0.157,0.177,25.904,867834
1782481650852,0,0,0.000,6.615,6.624,0.157,0.157,0.188,25.904,867867
1782481650885,0,0,0.000,6.615,6.607,0.220,0.157,0.177,25.904,867900
1782481650919,0,0,0.000,6.615,6.615,0.188,0.157,0.167,25.904,867933
1782481650952,0,0,0.000,6.615,6.607,0.157,0.157,0.177,25.904,867966
1782481650994,0,0,0.000,6.607,6.615,0.220,0.157,0.194,25.904,867999
1782481651027,0,0,0.000,6.615,6.607,0.188,0.157,0.188,25.904,868032
1782481651060,0,0,0.000,6.615,6.607,0.188,0.157,0.172,25.904,868065
1782481651093,0,0,0.000,6.615,6.607,0.188,0.157,0.183,25.904,868098
1782481651126,0,0,0.000,6.607,6.607,0.188,0.157,0.167,25.904,868131
1782481651163,0,0,0.000,6.624,6.615,0.188,0.188,0.188,25.904,868164
1782481651192,0,0,0.000,6.615,6.607,0.188,0.157,0.194,25.904,868197
1782481651225,0,0,0.000,6.615,6.615,0.188,0.126,0.156,25.904,868230
1782481651259,0,0,0.000,6.615,6.607,0.188,0.126,0.183,25.990,868263
1782481651291,0,0,0.000,6.624,6.607,0.188,0.157,0.194,25.904,868296
1782481651326,0,0,0.000,6.615,6.607,0.157,0.157,0.140,25.904,868329
1782481651357,0,0,0.000,6.607,6.615,0.188,0.157,0.183,25.904,868362
1782481651390,0,0,0.000,6.624,6.624,0.188,0.126,0.151,25.904,868395
1782481651423,0,0,0.000,6.615,6.615,0.188,0.157,0.134,25.904,868428
1782481651456,0,0,0.000,6.632,6.615,0.188,0.157,0.118,25.904,868461
1782481651489,0,0,0.000,6.624,6.607,0.188,0.126,0.145,25.904,868494
1782481651523,0,0,0.006,6.607,6.624,0.126,0.220,0.134,25.904,868527
1782481651555,0,0,0.000,6.615,6.615,0.188,0.157,0.156,25.904,868560
1782481651600,0,0,0.000,6.624,6.615,0.188,0.157,0.134,25.990,868593
1782481651634,0,0,0.000,6.624,6.615,0.126,0.157,0.129,25.904,868626
1782481651654,0,0,0.006,6.624,6.615,0.188,0.157,0.129,25.904,868659
1782481651687,0,0,0.000,6.615,6.615,0.157,0.188,0.129,25.904,868692
1782481651721,0,0,0.000,6.624,6.615,0.157,0.157,0.124,25.904,868725
1782481651753,0,0,0.012,6.624,6.607,0.188,0.157,0.129,25.904,868758
1782481651786,0,0,0.000,6.615,6.607,0.188,0.157,0.129,25.904,868791
1782481651823,0,0,0.000,6.624,6.615,0.220,0.157,0.134,25.904,868824
1782481651852,0,0,0.006,6.615,6.607,0.157,0.157,0.156,25.904,868857
1782481651885,0,0,0.000,6.624,6.615,0.188,0.188,0.129,25.904,868890
1782481651925,0,0,0.000,6.624,6.615,0.188,0.157,0.134,25.990,868923
1782481651953,0,0,0.000,6.624,6.615,0.188,0.157,0.129,25.904,868956
1782481651984,0,0,0.000,6.624,6.615,0.188,0.126,0.129,25.904,868989
1782481652017,0,0,0.000,6.624,6.615,0.157,0.157,0.124,25.818,869022
1782481652050,0,0,0.000,6.624,6.615,0.188,0.157,0.129,25.904,869055
1782481652083,0,0,0.000,6.624,6.615,0.188,0.126,0.118,25.904,869088
1782481652116,0,0,0.000,6.615,6.624,0.157,0.126,0.124,25.904,869121
1782481652150,0,0,0.006,6.632,6.607,0.188,0.157,0.129,25.904,869154
1782481652183,0,0,0.000,6.624,6.615,0.188,0.126,0.124,25.990,869187
1782481652215,0,0,0.000,6.615,6.607,0.188,0.157,0.129,25.990,869220
1782481652262,0,0,0.000,6.624,6.599,0.188,0.126,0.124,25.904,869253
1782481652282,0,0,0.000,6.624,6.615,0.188,0.157,0.134,25.904,869286
1782481652315,0,0,0.000,6.624,6.615,0.188,0.188,0.129,25.904,869319
1782481652350,0,0,0.000,6.624,6.615,0.157,0.157,0.129,25.904,869352
1782481652382,0,0,0.000,6.632,6.624,0.188,0.157,0.129,25.990,869385
1782481652420,0,0,0.000,6.624,6.615,0.188,0.157,0.129,25.904,869418
1782481652448,0,0,0.000,6.624,6.615,0.157,0.188,0.151,25.904,869451
1782481652482,0,0,0.000,6.624,6.615,0.188,0.157,0.134,25.904,869484
1782481652514,0,0,0.000,6.624,6.615,0.157,0.188,0.124,25.904,869517
1782481652547,0,0,0.000,6.615,6.615,0.188,0.157,0.129,25.904,869550
1782481652583,0,0,0.000,6.624,6.615,0.220,0.157,0.134,25.904,869583
1782481652614,0,0,0.000,6.624,6.615,0.188,0.157,0.129,25.904,869616
1782481652648,0,0,0.000,6.624,6.607,0.157,0.126,0.151,25.904,869649
1782481652680,0,0,0.000,6.615,6.632,0.157,0.157,0.140,25.904,869682
1782481652714,0,0,0.000,6.607,6.607,0.188,0.157,0.199,25.904,869715
1782481652751,0,0,0.000,6.624,6.607,0.188,0.157,0.172,25.904,869748
1782481652781,0,0,0.000,6.624,6.615,0.188,0.157,0.177,25.904,869781
1782481652814,0,0,0.000,6.624,6.615,0.220,0.157,0.194,25.904,869814
1782481652848,0,0,0.000,6.615,6.615,0.188,0.126,0.194,25.904,869847
1782481652880,0,0,0.000,6.615,6.615,0.220,0.157,0.177,25.818,869880
1782481652913,0,0,0.000,6.615,6.607,0.188,0.157,0.188,25.990,869913
1782481652949,0,0,0.000,6.615,6.607,0.188,0.188,0.177,25.904,869946
1782481652980,0,0,0.000,6.615,6.632,0.188,0.157,0.183,25.990,869979
1782481653013,0,0,0.000,6.615,6.607,0.188,0.188,0.172,25.904,870012
1782481653051,0,0,0.006,6.615,6.624,0.157,0.188,0.172,25.904,870045
1782481653080,0,0,0.000,6.615,6.615,0.188,0.157,0.177,25.990,870078
1782481653113,0,0,0.000,6.607,6.607,0.188,0.157,0.183,25.904,870111
1782481653157,0,0,0.006,6.615,6.615,0.188,0.188,0.156,25.904,870144
1782481653179,0,0,0.000,6.624,6.607,0.188,0.188,0.161,25.904,870177
1782481653212,0,0,0.000,6.615,6.615,0.188,0.126,0.172,25.904,870210
1782481653255,0,0,0.000,6.615,6.607,0.188,0.157,0.204,25.990,870243
1782481653290,0,0,0.000,6.615,6.615,0.188,0.188,0.156,25.904,870276
1782481653313,0,0,0.000,6.624,6.615,0.188,0.188,0.151,25.904,870309
1782481653346,0,0,0.000,6.607,6.624,0.188,0.157,0.199,25.904,870342
1782481653380,0,0,0.000,6.615,6.615,0.188,0.188,0.183,25.904,870375
1782481653413,0,0,0.000,6.615,6.607,0.157,0.188,0.188,25.904,870408
1782481653446,0,0,0.012,6.615,6.615,0.188,0.157,0.183,25.904,870441
1782481653479,0,0,0.000,6.615,6.624,0.157,0.157,0.172,25.904,870474
1782481653517,0,0,0.000,6.615,6.615,0.188,0.157,0.161,25.904,870507
1782481653545,0,0,0.000,6.615,6.607,0.188,0.157,0.188,25.990,870540
1782481653586,0,0,0.000,6.599,6.607,0.157,0.188,0.188,25.904,870573
1782481653612,0,0,0.000,6.615,6.599,0.188,0.126,0.204,25.990,870606
1782481653646,0,0,0.000,6.624,6.632,0.188,0.188,0.188,25.904,870639
1782481653681,0,0,0.000,6.624,6.615,0.188,0.157,0.172,25.904,870672
1782481653711,0,0,0.000,6.624,6.615,0.157,0.188,0.183,25.904,870705
1782481653745,0,0,0.000,6.624,6.599,0.220,0.157,0.188,25.904,870738
1782481653778,0,0,0.000,6.624,6.624,0.188,0.157,0.183,25.990,870771
1782481653811,0,0,0.000,6.632,6.615,0.188,0.157,0.172,25.904,870804
1782481653846,0,0,0.006,6.615,6.607,0.188,0.157,0.161,25.904,870837
1782481653878,0,0,0.000,6.624,6.607,0.188,0.126,0.188,25.904,870870
1782481653916,0,0,0.000,6.615,6.607,0.188,0.157,0.204,25.904,870903
1782481653944,0,0,0.000,6.615,6.615,0.220,0.157,0.194,25.904,870936
1782481653978,0,0,0.000,6.607,6.607,0.188,0.157,0.194,25.904,870969
1782481654011,0,0,0.000,6.615,6.615,0.157,0.126,0.161,25.904,871002
1782481654044,0,0,0.000,6.615,6.607,0.188,0.126,0.183,25.904,871035
1782481654078,0,0,0.000,6.624,6.607,0.188,0.157,0.161,25.904,871068
1782481654111,0,0,0.000,6.615,6.607,0.188,0.126,0.172,25.904,871101
1782481654144,0,0,0.006,6.624,6.607,0.188,0.157,0.199,25.990,871134
1782481654178,0,0,0.000,6.615,6.615,0.188,0.126,0.188,25.904,871167
1782481654211,0,0,0.006,6.615,6.615,0.188,0.188,0.194,25.904,871200
1782481654243,0,0,0.000,6.615,6.607,0.157,0.126,0.183,25.904,871233
1782481654279,0,0,0.000,6.607,6.607,0.157,0.188,0.194,25.904,871266
1782481654310,0,0,0.000,6.607,6.607,0.188,0.220,0.177,25.818,871299
1782481654343,0,0,0.000,6.607,6.615,0.220,0.126,0.194,25.904,871332
1782481654383,0,0,0.000,6.615,6.607,0.188,0.157,0.188,25.904,871365
1782481654411,0,0,0.000,6.615,6.607,0.188,0.157,0.188,25.904,871398
1782481654443,0,0,0.000,6.615,6.615,0.220,0.188,0.172,25.904,871431
1782481654476,0,0,0.000,6.615,6.607,0.157,0.157,0.194,25.990,871464
1782481654510,0,0,0.000,6.615,6.615,0.188,0.157,0.215,25.904,871497
1782481654543,0,0,0.006,6.607,6.607,0.188,0.157,0.194,25.904,871530
1782481654576,0,0,0.006,6.615,6.615,0.188,0.157,0.188,25.904,871563
1782481654609,0,0,0.000,6.624,6.624,0.188,0.188,0.204,25.904,871596
1782481654642,0,0,0.000,6.607,6.624,0.188,0.126,0.183,25.904,871629
1782481654676,0,0,0.006,6.615,6.607,0.188,0.126,0.199,25.904,871662
1782481654708,0,0,0.000,6.615,6.607,0.188,0.157,0.183,25.904,871695
1782481654743,0,0,0.006,6.615,6.615,0.157,0.126,0.177,25.990,871728
1782481654782,0,0,0.000,6.624,6.615,0.188,0.126,0.161,25.990,871761
1782481654809,0,0,0.000,6.615,6.607,0.157,0.188,0.183,25.904,871794
1782481654842,0,0,0.000,6.615,6.607,0.157,0.220,0.156,25.904,871827
1782481654875,0,0,0.000,6.607,6.607,0.188,0.157,0.183,25.904,871860
1782481654910,0,0,0.000,6.615,6.607,0.126,0.157,0.194,25.904,871893
1782481654941,0,0,0.000,6.615,6.615,0.188,0.157,0.177,25.904,871926
1782481654975,0,0,0.000,6.607,6.624,0.188,0.157,0.194,25.904,871959
1782481655019,0,0,0.000,6.624,6.607,0.188,0.157,0.194,25.904,871992
1782481655042,0,0,0.000,6.607,6.615,0.157,0.126,0.161,25.904,872025
1782481655074,0,0,0.000,6.615,6.607,0.188,0.157,0.161,25.904,872058
1782481655107,0,0,0.006,6.624,6.615,0.220,0.188,0.172,25.904,872091
1782481655142,0,0,0.000,6.624,6.607,0.188,0.157,0.194,25.904,872124
1782481655174,0,0,0.000,6.615,6.607,0.188,0.126,0.172,25.990,872157
1782481655218,0,0,0.000,6.615,6.607,0.188,0.157,0.156,25.904,872190
1782481655240,0,0,0.000,6.624,6.615,0.188,0.157,0.156,25.904,872223
1782481655274,0,0,0.006,6.624,6.615,0.188,0.157,0.172,25.904,872256
1782481655308,0,0,0.000,6.615,6.615,0.188,0.126,0.188,25.904,872289
1782481655350,0,0,0.000,6.607,6.624,0.188,0.157,0.167,25.904,872322
1782481655383,0,0,0.000,6.607,6.607,0.188,0.157,0.188,25.904,872355
1782481655416,0,0,0.000,6.615,6.607,0.188,0.220,0.188,25.990,872388
1782481655449,0,0,0.000,6.615,6.599,0.188,0.157,0.183,25.904,872421
1782481655484,0,0,0.000,6.615,6.615,0.188,0.188,0.204,25.904,872454
1782481655528,0,0,0.000,6.624,6.607,0.188,0.126,0.145,25.904,872487
1782481655548,0,0,0.000,6.624,6.615,0.157,0.126,0.156,25.904,872520
1782481655581,0,0,0.000,6.615,6.615,0.188,0.157,0.183,25.904,872553
1782481655615,0,0,0.000,6.632,6.607,0.220,0.157,0.156,25.904,872586
1782481655647,0,0,0.000,6.624,6.624,0.188,0.157,0.161,25.904,872619
1782481655686,0,0,0.000,6.607,6.615,0.188,0.157,0.167,25.904,872652
1782481655729,0,0,0.000,6.615,6.607,0.188,0.157,0.151,25.904,872685
1782481655746,0,0,0.000,6.624,6.615,0.220,0.188,0.134,25.818,872718
1782481655778,0,0,0.006,6.607,6.624,0.188,0.157,0.161,25.904,872751
1782481655817,0,0,0.006,6.632,6.615,0.220,0.188,0.124,25.904,872784
1782481655845,0,0,0.000,6.615,6.615,0.188,0.188,0.124,25.904,872817
1782481655878,0,0,0.006,6.624,6.615,0.188,0.157,0.113,25.904,872850
1782481655914,0,0,0.000,6.615,6.615,0.188,0.157,0.129,25.904,872883
1782481655946,0,0,0.000,6.624,6.615,0.220,0.126,0.124,25.904,872916
1782481655977,0,0,0.000,6.624,6.615,0.220,0.188,0.145,25.990,872949
1782481656011,0,0,0.000,6.624,6.615,0.188,0.188,0.129,25.904,872982
1782481656044,0,0,0.000,6.624,6.615,0.188,0.126,0.129,25.990,873015
1782481656076,0,0,0.000,6.624,6.615,0.188,0.188,0.172,25.990,873048
1782481656109,0,0,0.000,6.632,6.615,0.188,0.126,0.124,25.904,873081
1782481656142,0,0,0.000,6.632,6.607,0.188,0.188,0.129,25.990,873114
1782481656177,0,0,0.006,6.615,6.615,0.188,0.220,0.156,25.990,873147
1782481656208,0,0,0.000,6.632,6.624,0.220,0.157,0.124,25.904,873180
1782481656242,0,0,0.000,6.624,6.615,0.188,0.157,0.129,25.904,873213
1782481656274,0,0,0.000,6.624,6.607,0.220,0.157,0.151,25.904,873246
1782481656307,0,0,0.000,6.624,6.632,0.188,0.157,0.129,25.904,873279
1782481656343,0,0,0.000,6.624,6.615,0.188,0.157,0.129,25.904,873312
1782481656373,0,0,0.006,6.615,6.624,0.188,0.126,0.129,25.904,873345
1782481656406,0,0,0.000,6.624,6.615,0.188,0.188,0.124,25.818,873378
1782481656439,0,0,0.000,6.624,6.607,0.188,0.126,0.129,25.904,873411
1782481656475,0,0,0.006,6.624,6.615,0.220,0.157,0.129,25.904,873444
1782481656514,0,0,0.000,6.624,6.615,0.188,0.157,0.134,25.904,873477
1782481656538,0,0,0.000,6.632,6.615,0.157,0.188,0.129,25.904,873510
1782481656571,0,0,0.000,6.624,6.615,0.157,0.157,0.129,25.904,873543
1782481656604,0,0,0.000,6.624,6.615,0.188,0.157,0.129,25.990,873576
1782481656637,0,0,0.000,6.624,6.632,0.157,0.157,0.129,25.904,873609
1782481656670,0,0,0.000,6.624,6.615,0.188,0.188,0.129,25.904,873642
1782481656704,0,0,0.000,6.624,6.615,0.188,0.126,0.129,25.904,873675
1782481656738,0,0,0.000,6.624,6.615,0.188,0.157,0.134,25.904,873708
1782481656771,0,0,0.000,6.615,6.624,0.188,0.157,0.129,25.904,873741
1782481656804,0,0,0.000,6.632,6.624,0.188,0.157,0.129,25.904,873774
1782481656841,0,0,0.006,6.624,6.615,0.188,0.157,0.124,25.904,873807
1782481656870,0,0,0.000,6.624,6.615,0.188,0.157,0.118,25.990,873840
1782481656903,0,0,0.012,6.615,6.624,0.188,0.157,0.124,25.904,873873
1782481656942,0,0,0.000,6.607,6.607,0.188,0.126,0.118,25.904,873906
1782481656970,0,0,0.006,6.615,6.624,0.188,0.157,0.118,25.990,873939
1782481657003,0,0,0.000,6.624,6.607,0.188,0.157,0.134,25.904,873972
1782481657036,0,0,0.000,6.624,6.615,0.188,0.157,0.129,25.904,874005
1782481657069,0,0,0.000,6.624,6.615,0.188,0.188,0.124,25.904,874038
1782481657103,0,0,0.000,6.615,6.615,0.188,0.157,0.177,25.990,874071
1782481657136,0,0,0.000,6.624,6.632,0.157,0.157,0.156,25.904,874104
1782481657172,0,0,0.000,6.624,6.624,0.157,0.157,0.167,25.990,874137
1782481657202,0,0,0.000,6.624,6.624,0.188,0.157,0.188,25.904,874170
1782481657236,0,0,0.000,6.615,6.624,0.188,0.188,0.183,25.904,874203
1782481657270,0,0,0.000,6.624,6.615,0.188,0.157,0.161,25.904,874236
1782481657303,0,0,0.000,6.615,6.615,0.188,0.157,0.204,25.904,874269
1782481657340,0,0,0.000,6.624,6.607,0.157,0.188,0.199,25.904,874302
1782481657369,0,0,0.000,6.615,6.615,0.188,0.157,0.183,25.904,874335
1782481657402,0,0,0.000,6.624,6.632,0.188,0.126,0.161,25.818,874368
1782481657435,0,0,0.000,6.615,6.607,0.157,0.157,0.177,25.990,874401
1782481657470,0,0,0.000,6.615,6.624,0.157,0.157,0.172,25.904,874434
1782481657502,0,0,0.000,6.615,6.615,0.188,0.157,0.183,25.904,874467
1782481657536,0,0,0.000,6.632,6.599,0.157,0.188,0.194,25.904,874500
1782481657568,0,0,0.000,6.615,6.607,0.157,0.188,0.183,25.904,874533
1782481657602,0,0,0.000,6.607,6.607,0.157,0.157,0.194,25.904,874566
1782481657635,0,0,0.006,6.615,6.615,0.188,0.157,0.172,25.990,874599
1782481657668,0,0,0.000,6.615,6.607,0.157,0.157,0.188,25.904,874632
1782481657702,0,0,0.000,6.615,6.607,0.188,0.126,0.172,25.904,874665
1782481657735,0,0,0.000,6.615,6.607,0.188,0.126,0.183,25.904,874698
1782481657768,0,0,0.000,6.624,6.624,0.126,0.157,0.183,25.904,874731
1782481657801,0,0,0.000,6.624,6.615,0.188,0.157,0.156,25.990,874764
1782481657835,0,0,0.000,6.615,6.607,0.220,0.157,0.188,25.904,874797
1782481657868,0,0,0.000,6.615,6.607,0.188,0.157,0.188,25.904,874830
1782481657901,0,0,0.000,6.624,6.615,0.157,0.157,0.161,25.904,874863
1782481657934,0,0,0.000,6.632,6.615,0.188,0.157,0.183,25.904,874896
1782481657968,0,0,0.000,6.615,6.615,0.188,0.157,0.177,25.904,874929
1782481658002,0,0,0.000,6.615,6.607,0.188,0.157,0.188,25.904,874962
1782481658034,0,0,0.012,6.615,6.615,0.188,0.157,0.188,25.990,874995
1782481658069,0,0,0.006,6.607,6.615,0.188,0.157,0.183,25.904,875028
1782481658113,0,0,0.000,6.615,6.615,0.188,0.188,0.156,25.904,875061
1782481658135,0,0,0.000,6.615,6.615,0.188,0.188,0.167,25.904,875094
1782481658171,0,0,0.000,6.615,6.615,0.188,0.157,0.188,25.904,875127
1782481658200,0,0,0.000,6.615,6.615,0.188,0.157,0.172,25.904,875160
1782481658234,0,0,0.006,6.615,6.615,0.188,0.126,0.188,25.904,875193
1782481658273,0,0,0.000,6.624,6.607,0.220,0.157,0.172,25.904,875226
1782481658304,0,0,0.000,6.615,6.607,0.188,0.188,0.199,25.904,875259
1782481658333,0,0,0.000,6.624,6.624,0.188,0.188,0.183,25.990,875292
1782481658367,0,0,0.000,6.624,6.607,0.220,0.126,0.188,25.904,875325
1782481658399,0,0,0.000,6.615,6.607,0.157,0.188,0.156,25.904,875358
1782481658433,0,0,0.000,6.615,6.615,0.188,0.188,0.194,25.904,875391
1782481658466,0,0,0.000,6.615,6.607,0.188,0.126,0.183,25.904,875424
1782481658499,0,0,0.000,6.624,6.615,0.188,0.157,0.161,25.990,875457
1782481658533,0,0,0.000,6.615,6.607,0.188,0.157,0.188,25.904,875490
1782481658566,0,0,0.000,6.615,6.607,0.188,0.157,0.177,25.904,875523
1782481658600,0,0,0.000,6.632,6.599,0.251,0.157,0.161,25.904,875556
1782481658634,0,0,0.000,6.615,6.607,0.126,0.157,0.183,25.904,875589
1782481658666,0,0,0.000,6.615,6.607,0.188,0.126,0.172,25.904,875622
1782481658700,0,0,0.000,6.615,6.607,0.126,0.157,0.188,25.904,875655
1782481658740,0,0,0.000,6.624,6.607,0.188,0.157,0.194,25.904,875688
1782481658765,0,0,0.000,6.624,6.607,0.188,0.188,0.188,25.904,875721
1782481658801,0,0,0.000,6.607,6.607,0.188,0.157,0.161,25.904,875754
1782481658832,0,0,0.000,6.615,6.607,0.188,0.188,0.172,25.990,875787
1782481658865,0,0,0.000,6.607,6.599,0.157,0.157,0.199,25.904,875820
1782481658899,0,0,0.000,6.607,6.615,0.188,0.157,0.183,25.904,875853
1782481658932,0,0,0.000,6.615,6.607,0.188,0.188,0.194,25.904,875886
1782481658973,0,0,0.000,6.607,6.607,0.220,0.157,0.167,25.904,875919
1782481659001,0,0,0.000,6.624,6.607,0.188,0.157,0.177,25.990,875952
1782481659034,0,0,0.000,6.624,6.607,0.188,0.157,0.167,25.904,875985
1782481659065,0,0,0.000,6.615,6.607,0.188,0.126,0.172,25.904,876018
1782481659098,0,0,0.000,6.615,6.599,0.157,0.157,0.183,25.904,876051
1782481659131,0,0,0.000,6.624,6.615,0.157,0.157,0.156,25.904,876084
1782481659164,0,0,0.000,6.607,6.607,0.188,0.188,0.172,25.904,876117
1782481659199,0,0,0.006,6.615,6.607,0.220,0.157,0.183,25.990,876150
1782481659231,0,0,0.006,6.615,6.607,0.188,0.188,0.177,25.904,876183
1782481659265,0,0,0.000,6.624,6.615,0.188,0.157,0.177,25.904,876216
1782481659298,0,0,0.000,6.615,6.607,0.220,0.188,0.194,25.904,876249
1782481659331,0,0,0.000,6.624,6.607,0.157,0.188,0.172,25.990,876282
1782481659364,0,0,0.000,6.615,6.607,0.188,0.157,0.183,25.904,876315
1782481659400,0,0,0.000,6.615,6.615,0.188,0.188,0.177,25.904,876348
1782481659433,0,0,0.000,6.607,6.599,0.188,0.157,0.194,25.990,876381
1782481659464,0,0,0.000,6.615,6.607,0.188,0.188,0.188,25.904,876414
1782481659502,0,0,0.000,6.607,6.615,0.188,0.188,0.172,25.904,876447
1782481659531,0,0,0.000,6.607,6.607,0.188,0.157,0.177,25.904,876480
1782481659564,0,0,0.000,6.607,6.607,0.188,0.157,0.183,25.904,876513
1782481659604,0,0,0.000,6.615,6.607,0.188,0.188,0.188,25.904,876546
1782481659630,0,0,0.000,6.615,6.599,0.188,0.157,0.183,25.904,876579
1782481659682,0,0,0.000,6.624,6.615,0.188,0.157,0.194,25.990,876612
1782481659708,0,0,0.000,6.615,6.607,0.188,0.157,0.183,25.904,876645
1782481659748,0,0,0.006,6.615,6.607,0.188,0.157,0.172,25.904,876678
1782481659778,0,0,0.006,6.615,6.624,0.188,0.188,0.172,25.904,876711
1782481659812,0,0,0.006,6.615,6.607,0.157,0.126,0.172,25.904,876744
1782481659838,0,0,0.000,6.632,6.615,0.188,0.157,0.151,25.904,876777
1782481659871,0,0,0.000,6.615,6.615,0.157,0.126,0.167,25.904,876810
1782481659904,0,0,0.000,6.607,6.599,0.188,0.157,0.183,25.904,876843
1782481659937,0,0,0.000,6.624,6.624,0.126,0.188,0.161,25.904,876876
1782481659970,0,0,0.000,6.624,6.607,0.188,0.157,0.145,25.904,876909
1782481660003,0,0,0.000,6.624,6.624,0.188,0.188,0.161,25.904,876942
1782481660037,0,0,0.000,6.624,6.615,0.188,0.157,0.151,25.904,876975
1782481660069,0,0,0.000,6.615,6.607,0.188,0.188,0.194,25.904,877008
1782481660102,0,0,0.000,6.615,6.632,0.188,0.157,0.140,25.904,877041
1782481660140,0,0,0.000,6.607,6.607,0.188,0.157,0.113,25.904,877074
1782481660169,0,0,0.000,6.624,6.607,0.188,0.157,0.129,25.904,877107
1782481660201,0,0,0.000,6.624,6.615,0.188,0.157,0.113,25.904,877140
1782481660236,0,0,0.006,6.624,6.624,0.188,0.157,0.124,25.904,877173
1782481660267,0,0,0.006,6.632,6.624,0.188,0.188,0.124,25.904,877206
1782481660300,0,0,0.000,6.624,6.607,0.188,0.157,0.124,25.904,877239
1782481660333,0,0,0.000,6.624,6.615,0.220,0.157,0.129,25.904,877272
1782481660366,0,0,0.000,6.624,6.615,0.188,0.157,0.134,25.818,877305
1782481660399,0,0,0.000,6.624,6.624,0.188,0.157,0.129,25.904,877338
1782481660441,0,0,0.000,6.624,6.624,0.188,0.157,0.129,25.818,877371
1782481660465,0,0,0.000,6.607,6.607,0.188,0.157,0.183,25.904,877404
1782481660498,0,0,0.000,6.615,6.607,0.157,0.188,0.129,25.990,877437
1782481660531,0,0,0.000,6.624,6.607,0.188,0.188,0.129,25.904,877470
1782481660564,0,0,0.000,6.624,6.607,0.188,0.157,0.140,25.904,877503
1782481660599,0,0,0.000,6.624,6.615,0.188,0.188,0.129,25.990,877536
1782481660636,0,0,0.000,6.624,6.624,0.188,0.157,0.134,25.904,877569
1782481660663,0,0,0.000,6.615,6.599,0.188,0.188,0.156,25.904,877602
1782481660696,0,0,0.006,6.624,6.615,0.188,0.188,0.129,25.904,877635
1782481660733,0,0,0.000,6.624,6.607,0.157,0.188,0.124,25.904,877668
1782481660762,0,0,0.000,6.624,6.615,0.188,0.157,0.118,25.904,877701
1782481660795,0,0,0.000,6.624,6.615,0.188,0.126,0.124,25.904,877734
1782481660834,0,0,0.006,6.624,6.615,0.188,0.188,0.129,25.904,877767
1782481660861,0,0,0.000,6.615,6.615,0.188,0.157,0.145,25.904,877800
1782481660895,0,0,0.000,6.624,6.615,0.188,0.157,0.129,25.904,877833
1782481660928,0,0,0.006,6.624,6.615,0.188,0.157,0.129,25.904,877866
1782481660960,0,0,0.000,6.624,6.615,0.188,0.157,0.124,25.904,877899
1782481660994,0,0,0.000,6.624,6.615,0.188,0.157,0.129,25.990,877932
1782481661027,0,0,0.000,6.624,6.624,0.220,0.188,0.124,25.904,877965
1782481661060,0,0,0.006,6.624,6.607,0.188,0.157,0.118,25.990,877998
1782481661096,0,0,0.006,6.624,6.624,0.188,0.126,0.134,25.904,878031
1782481661126,0,0,0.000,6.640,6.624,0.188,0.157,0.124,25.904,878064
1782481661161,0,0,0.006,6.624,6.615,0.188,0.157,0.118,25.904,878097
1782481661194,0,0,0.000,6.624,6.599,0.188,0.157,0.124,25.990,878130
1782481661227,0,0,0.000,6.624,6.615,0.188,0.188,0.129,25.904,878163
1782481661260,0,0,0.000,6.624,6.615,0.188,0.126,0.113,25.904,878196
1782481661295,2,2,0.000,6.624,6.615,0.157,0.157,0.140,25.904,878229
1782481661334,7,7,0.000,6.615,6.607,0.157,0.188,0.134,25.904,878262
1782481661361,10,10,0.000,6.624,6.607,0.188,0.157,0.194,25.904,878295
1782481661393,15,15,0.000,6.615,6.624,0.157,0.188,0.177,25.904,878328
1782481661426,17,17,0.000,6.607,6.607,0.126,0.157,0.161,25.904,878361
1782481661463,22,22,0.000,6.615,6.607,0.188,0.188,0.172,25.904,878394
1782481661492,27,27,0.000,6.615,6.607,0.157,0.126,0.194,25.904,878427
1782481661526,30,30,0.000,6.615,6.615,0.188,0.188,0.188,25.904,878460
1782481661559,35,35,0.000,6.615,6.607,0.126,0.157,0.183,25.904,878493
1782481661592,37,37,0.000,6.615,6.615,0.188,0.157,0.183,25.904,878526
1782481661626,42,42,0.006,6.624,6.607,0.188,0.157,0.183,25.904,878559
1782481661658,47,47,0.000,6.624,6.607,0.188,0.188,0.194,25.904,878592
1782481661692,52,52,0.000,6.624,6.624,0.188,0.157,0.161,25.904,878625
1782481661730,55,55,0.000,6.615,6.615,0.157,0.188,0.188,25.904,878658
1782481661759,60,60,0.000,6.615,6.615,0.220,0.157,0.177,25.904,878691
1782481661792,62,62,0.000,6.624,6.615,0.188,0.126,0.167,25.904,878724
1782481661826,67,67,0.006,6.615,6.607,0.220,0.157,0.177,25.904,878757
1782481661859,72,72,0.000,6.615,6.615,0.188,0.188,0.183,25.904,878790
1782481661891,75,75,0.006,6.624,6.607,0.157,0.126,0.199,25.990,878823
1782481661925,80,80,0.000,6.615,6.615,0.188,0.157,0.177,25.904,878856
1782481661960,85,85,0.000,6.624,6.615,0.157,0.188,0.210,25.990,878889
1782481661992,87,87,0.000,6.615,6.624,0.188,0.157,0.177,25.904,878922
1782481662025,92,92,0.000,6.624,6.599,0.188,0.188,0.183,25.904,878955
1782481662068,97,97,0.000,6.615,6.599,0.188,0.157,0.177,25.990,878988
1782481662091,100,100,0.000,6.615,6.615,0.188,0.157,0.156,25.904,879021
1782481662124,105,105,0.000,6.607,6.599,0.220,0.157,0.183,25.904,879054
1782481662166,110,110,0.000,6.591,6.582,0.251,0.251,0.183,25.904,879087
1782481662192,112,112,0.000,6.599,6.591,0.251,0.188,0.194,25.904,879120
1782481662225,117,117,0.000,6.582,6.582,0.251,0.220,0.177,25.904,879153
1782481662257,122,122,0.000,6.591,6.574,0.282,0.251,0.194,25.904,879186
1782481662299,127,127,0.000,6.599,6.557,0.377,0.251,0.167,25.904,879219
1782481662324,130,130,0.000,6.599,6.566,0.345,0.220,0.172,25.990,879252
1782481662357,135,135,0.000,6.557,6.566,0.377,0.282,0.199,25.904,879285
1782481662390,137,137,0.000,6.566,6.557,0.439,0.282,0.172,25.990,879318
1782481662424,142,142,0.000,6.557,6.549,0.502,0.408,0.177,25.904,879351
1782481662457,147,147,0.000,6.549,6.533,0.502,0.345,0.210,25.904,879384
1782481662490,150,150,0.000,6.549,6.557,0.471,0.345,0.194,25.904,879417
1782481662524,155,155,0.000,6.557,6.549,0.439,0.282,0.194,25.904,879450
1782481662557,160,160,0.000,6.557,6.541,0.471,0.251,0.188,25.904,879483
1782481662591,162,162,0.000,6.574,6.557,0.345,0.251,0.194,25.904,879516
1782481662623,167,167,0.006,6.566,6.557,0.439,0.314,0.183,25.904,879549
1782481662656,172,172,0.000,6.557,6.541,0.439,0.314,0.183,25.904,879582
1782481662693,175,175,0.006,6.557,6.557,0.345,0.251,0.194,25.904,879615
1782481662723,180,180,0.000,6.557,6.549,0.408,0.282,0.183,25.904,879648
1782481662757,185,185,0.000,6.557,6.549,0.502,0.282,0.188,25.904,879681
1782481662789,187,187,0.000,6.557,6.557,0.377,0.345,0.194,25.904,879714
1782481662823,192,192,0.000,6.557,6.533,0.439,0.314,0.204,25.904,879747
1782481662856,197,197,0.000,6.541,6.524,0.628,0.282,0.194,25.904,879780
1782481662889,200,200,0.000,6.541,6.533,0.471,0.377,0.204,25.990,879813
1782481662925,205,205,0.006,6.541,6.533,0.565,0.314,0.204,25.990,879846
1782481662956,210,210,0.006,6.524,6.516,0.596,0.439,0.194,25.904,879879
1782481662993,212,212,0.000,6.533,6.516,0.596,0.377,0.172,25.904,879912
1782481663022,217,217,0.006,6.533,6.491,0.628,0.533,0.167,25.904,879945
1782481663056,222,222,0.000,6.524,6.516,0.502,0.471,0.156,25.904,879978
1782481663089,225,225,0.000,6.499,6.491,0.722,0.502,0.194,25.904,880011
1782481663122,230,230,0.000,6.508,6.491,0.690,0.439,0.199,25.904,880044
1782481663156,235,235,0.000,6.516,6.499,0.596,0.408,0.199,25.904,880077
1782481663189,237,237,0.000,6.508,6.499,0.628,0.533,0.194,25.904,880110
1782481663222,242,242,0.000,6.491,6.475,0.973,0.502,0.177,25.904,880143
1782481663255,247,247,0.006,6.483,6.475,0.973,0.533,0.204,25.904,880176
1782481663291,250,250,0.000,6.483,6.466,0.690,0.533,0.161,25.904,880209
1782481663321,255,255,0.000,6.466,6.458,1.067,0.533,0.183,25.904,880242
1782481663393,262,262,0.006,6.458,6.450,0.784,0.722,0.183,25.904,880275
1782481663394,262,262,0.000,6.450,6.450,0.941,0.628,0.156,25.904,880308
1782481663437,270,270,0.000,6.458,6.442,0.910,0.690,0.177,25.990,880341
1782481663455,267,267,0.000,6.433,6.417,0.941,0.879,0.172,25.904,880374
1782481663496,262,262,0.000,6.442,6.425,0.973,0.784,0.172,25.818,880407
1782481663521,260,260,0.006,6.433,6.417,1.067,0.784,0.194,25.990,880440
1782481663555,255,255,0.000,6.450,6.442,0.879,0.690,0.194,25.904,880473
1782481663588,252,252,0.000,6.466,6.450,0.879,0.533,0.199,25.904,880506
1782481663620,247,247,0.000,6.466,6.433,1.130,0.659,0.177,25.904,880539
1782481663674,242,242,0.000,6.475,6.458,0.753,0.565,0.172,25.904,880572
1782481663701,237,237,0.000,6.491,6.475,0.690,0.533,0.167,25.904,880605
1782481663722,235,235,0.000,6.475,6.458,1.004,0.596,0.161,25.904,880638
1782481663754,232,232,0.000,6.491,6.475,0.628,0.471,0.167,25.904,880671
1782481663787,227,227,0.000,6.499,6.491,0.659,0.439,0.172,25.904,880704
1782481663821,222,222,0.000,6.499,6.475,0.816,0.439,0.183,25.904,880737
1782481663853,220,220,0.000,6.508,6.491,0.753,0.408,0.199,25.904,880770
1782481663887,215,215,0.000,6.516,6.508,0.628,0.471,0.188,25.904,880803
1782481663926,220,220,0.006,6.516,6.499,0.565,0.439,0.188,25.904,880836
1782481663963,225,225,0.000,6.533,6.524,0.502,0.314,0.183,25.990,880869
1782481663997,230,230,0.000,6.524,6.516,0.502,0.377,0.194,25.904,880902
1782481664030,232,232,0.000,6.516,6.499,0.690,0.377,0.172,25.990,880935
1782481664062,237,237,0.000,6.516,6.491,0.690,0.377,0.183,25.904,880968
1782481664095,242,242,0.006,6.475,6.466,0.941,0.502,0.172,25.904,881001
1782481664128,245,245,0.000,6.466,6.450,1.004,0.471,0.199,25.904,881034
1782481664161,250,250,0.000,6.458,6.450,1.035,0.408,0.188,25.904,881067
1782481664194,252,252,0.000,6.450,6.433,1.067,0.722,0.177,25.904,881100
1782481664228,257,257,0.000,6.458,6.442,1.067,0.659,0.215,25.990,881133
1782481664263,262,262,0.000,6.442,6.433,1.004,0.847,0.145,25.904,881166
1782481664299,267,267,0.000,6.458,6.450,1.004,0.596,0.140,25.904,881199
1782481664326,270,270,0.000,6.442,6.433,1.098,0.690,0.129,25.990,881232
1782481664359,265,265,0.000,6.433,6.425,0.941,0.910,0.118,25.904,881265
1782481664392,262,262,0.000,6.442,6.425,1.004,0.659,0.118,25.990,881298
1782481664425,257,257,0.000,6.442,6.425,1.255,0.690,0.124,25.904,881331
1782481664458,252,252,0.000,6.466,6.458,0.816,0.596,0.129,25.904,881364
1782481664491,250,250,0.000,6.458,6.442,0.879,0.596,0.140,25.990,881397
1782481664524,245,245,0.000,6.458,6.450,1.161,0.502,0.129,25.904,881430
1782481664557,240,240,0.000,6.491,6.499,0.690,0.439,0.129,25.990,881463
1782481664591,237,237,0.000,6.499,6.475,0.690,0.502,0.129,25.904,881496
1782481664624,232,232,0.000,6.483,6.466,0.941,0.502,0.134,25.990,881529
1782481664656,227,227,0.000,6.508,6.475,0.690,0.439,0.129,25.904,881562
1782481664689,225,225,0.000,6.491,6.483,0.722,0.471,0.129,25.990,881595
1782481664732,220,220,0.000,6.483,6.483,0.816,0.471,0.134,25.904,881628
1782481664755,217,217,0.000,6.499,6.499,0.533,0.314,0.134,25.904,881661
1782481664787,212,212,0.000,6.516,6.516,0.628,0.314,0.129,25.904,881694
1782481664821,207,207,0.000,6.524,6.516,0.628,0.345,0.124,25.904,881727
1782481664855,205,205,0.006,6.524,6.516,0.471,0.345,0.129,25.904,881760
1782481664887,200,200,0.012,6.508,6.508,0.596,0.314,0.129,25.990,881793
1782481664920,195,195,0.000,6.533,6.533,0.471,0.282,0.129,25.904,881826
1782481664953,192,192,0.000,6.541,6.533,0.502,0.220,0.134,25.818,881859
1782481664994,187,187,0.000,6.533,6.524,0.596,0.251,0.118,25.990,881892
1782481665039,180,180,0.000,6.549,6.557,0.377,0.251,0.124,25.904,881925
1782481665075,177,177,0.000,6.541,6.533,0.439,0.251,0.129,25.904,881958
1782481665085,175,175,0.000,6.549,6.541,0.377,0.282,0.129,25.904,881991
1782481665118,170,170,0.000,6.557,6.549,0.439,0.251,0.124,25.904,882024
1782481665151,167,167,0.006,6.557,6.549,0.439,0.251,0.124,25.904,882057
1782481665184,162,162,0.000,6.549,6.557,0.377,0.220,0.113,25.904,882090
1782481665218,157,157,0.000,6.557,6.557,0.345,0.220,0.129,25.904,882123
1782481665253,155,155,0.000,6.566,6.557,0.314,0.188,0.129,25.904,882156
1782481665286,150,150,0.000,6.566,6.557,0.251,0.251,0.145,25.904,882189
1782481665330,145,145,0.000,6.566,6.566,0.314,0.220,0.134,25.904,882222
1782481665351,142,142,0.000,6.574,6.566,0.282,0.188,0.129,25.990,882255
1782481665394,137,137,0.000,6.557,6.549,0.377,0.251,0.124,25.904,882288
1782481665417,132,132,0.000,6.582,6.582,0.220,0.220,0.129,25.990,882321
1782481665450,130,130,0.000,6.574,6.557,0.314,0.157,0.129,25.904,882354
1782481665495,125,125,0.000,6.574,6.557,0.314,0.220,0.156,25.990,882387
1782481665541,117,117,0.000,6.566,6.557,0.345,0.220,0.129,25.904,882420
1782481665571,115,115,0.000,6.557,6.549,0.345,0.251,0.129,25.904,882453
1782481665583,112,112,0.000,6.549,6.557,0.377,0.251,0.124,25.990,882486
1782481665617,107,107,0.000,6.566,6.557,0.314,0.220,0.140,25.990,882519
1782481665649,105,105,0.000,6.574,6.574,0.282,0.188,0.134,25.904,882552
1782481665683,100,100,0.000,6.582,6.574,0.251,0.188,0.204,25.990,882585
1782481665716,97,97,0.000,6.574,6.582,0.251,0.220,0.199,25.904,882618
1782481665750,92,92,0.000,6.582,6.574,0.282,0.188,0.183,25.904,882651
1782481665783,87,87,0.000,6.591,6.574,0.282,0.157,0.188,25.904,882684
1782481665816,85,85,0.000,6.599,6.582,0.188,0.188,0.183,25.904,882717
1782481665851,80,80,0.006,6.607,6.591,0.188,0.126,0.183,25.904,882750
1782481665882,75,75,0.000,6.591,6.607,0.188,0.157,0.194,25.818,882783
1782481665916,72,72,0.000,6.591,6.599,0.188,0.157,0.194,25.990,882816
1782481665954,67,67,0.000,6.591,6.591,0.157,0.157,0.177,25.904,882849
1782481665984,62,62,0.000,6.599,6.591,0.188,0.157,0.172,25.990,882882
1782481666015,60,60,0.000,6.599,6.591,0.220,0.157,0.188,25.904,882915
1782481666053,55,55,0.006,6.599,6.591,0.188,0.188,0.161,26.077,882948
1782481666082,50,50,0.000,6.591,6.582,0.251,0.157,0.188,25.990,882981
1782481666115,47,47,0.000,6.599,6.591,0.126,0.157,0.172,25.990,883014
1782481666148,42,42,0.006,6.591,6.582,0.188,0.157,0.188,25.904,883047
1782481666182,37,37,0.000,6.591,6.591,0.188,0.157,0.167,25.990,883080
1782481666215,35,35,0.000,6.599,6.591,0.157,0.157,0.161,25.904,883113
1782481666250,30,30,0.000,6.591,6.591,0.188,0.157,0.172,25.904,883146
1782481666282,25,25,0.006,6.599,6.591,0.188,0.126,0.177,25.904,883179
1782481666315,22,22,0.000,6.599,6.591,0.220,0.157,0.204,25.904,883212
1782481666349,17,17,0.000,6.599,6.591,0.188,0.126,0.188,25.990,883245
1782481666382,12,12,0.006,6.607,6.591,0.188,0.157,0.177,25.904,883278
1782481666414,10,10,0.000,6.607,6.615,0.157,0.126,0.167,25.904,883311
1782481666448,5,5,0.000,6.599,6.607,0.157,0.157,0.177,25.990,883344
1782481666481,0,0,0.000,6.591,6.591,0.126,0.188,0.177,25.904,883377
1782481666514,-2,-2,0.000,6.607,6.599,0.188,0.126,0.183,25.990,883410
1782481666548,-7,-7,0.000,6.599,6.599,0.188,0.157,0.172,25.990,883443
1782481666584,-12,-12,0.000,6.599,6.591,0.188,0.157,0.188,25.904,883476
1782481666645,-20,-20,0.000,6.599,6.591,0.188,0.157,0.172,25.904,883509
1782481666649,-20,-20,0.000,6.591,6.591,0.188,0.188,0.151,25.990,883542
1782481666688,-25,-25,0.000,6.607,6.599,0.157,0.157,0.156,25.904,883575
1782481666732,-30,-30,0.006,6.599,6.599,0.188,0.126,0.161,25.904,883608
1782481666747,-32,-32,0.000,6.599,6.599,0.157,0.188,0.167,25.904,883641
1782481666781,-37,-37,0.000,6.599,6.599,0.188,0.157,0.172,25.904,883674
1782481666815,-40,-40,0.000,6.599,6.599,0.157,0.157,0.177,25.990,883707
1782481666846,-45,-45,0.000,6.607,6.591,0.188,0.157,0.199,25.818,883740
1782481666881,-50,-50,0.006,6.607,6.599,0.188,0.126,0.183,25.904,883773
1782481666940,-57,-57,0.000,6.607,6.607,0.220,0.126,0.161,25.990,883806
1782481666978,-62,-62,0.000,6.599,6.607,0.188,0.157,0.161,25.990,883839
1782481666980,-62,-62,0.006,6.607,6.607,0.188,0.157,0.161,25.904,883872
1782481667013,-65,-65,0.000,6.607,6.599,0.157,0.157,0.167,25.904,883905
1782481667046,-70,-70,0.000,6.599,6.599,0.188,0.157,0.167,25.904,883938
1782481667081,-75,-75,0.000,6.599,6.591,0.188,0.188,0.204,25.904,883971
1782481667113,-77,-77,0.000,6.591,6.591,0.157,0.157,0.177,25.990,884004
1782481667147,-82,-82,0.000,6.599,6.591,0.188,0.126,0.172,25.904,884037
1782481667187,-87,-87,0.000,6.615,6.607,0.188,0.157,0.156,25.904,884070
1782481667221,-92,-92,0.000,6.599,6.599,0.188,0.220,0.188,25.990,884103
1782481667246,-95,-95,0.000,6.599,6.599,0.157,0.126,0.215,25.904,884136
1782481667284,-100,-100,0.000,6.599,6.591,0.188,0.220,0.177,25.904,884169
1782481667312,-102,-102,0.000,6.599,6.591,0.188,0.157,0.188,25.904,884202
1782481667346,-107,-107,0.000,6.599,6.599,0.188,0.157,0.188,25.904,884235
1782481667379,-112,-112,0.000,6.591,6.582,0.188,0.220,0.199,25.904,884268
1782481667413,-115,-115,0.006,6.599,6.591,0.188,0.188,0.161,25.904,884301
1782481667446,-120,-120,0.006,6.582,6.574,0.282,0.251,0.177,25.904,884334
1782481667479,-125,-125,0.012,6.566,6.574,0.251,0.251,0.172,25.990,884367
1782481667512,-127,-127,0.006,6.574,6.557,0.282,0.282,0.172,25.990,884400
1782481667545,-132,-132,0.000,6.582,6.566,0.188,0.314,0.194,25.904,884433
1782481667582,-137,-137,0.000,6.574,6.566,0.251,0.314,0.188,25.904,884466
1782481667612,-140,-140,0.000,6.574,6.566,0.251,0.314,0.172,25.904,884499
1782481667646,-145,-145,0.000,6.557,6.557,0.220,0.345,0.199,25.904,884532
1782481667678,-147,-147,0.000,6.549,6.549,0.345,0.282,0.177,25.990,884565
1782481667712,-152,-152,0.000,6.541,6.533,0.565,0.377,0.172,25.904,884598
1782481667744,-157,-157,0.000,6.549,6.549,0.345,0.345,0.194,25.904,884631
1782481667778,-160,-160,0.000,6.557,6.541,0.345,0.314,0.177,25.990,884664
1782481667813,-165,-165,0.006,6.549,6.541,0.345,0.439,0.183,25.990,884697
1782481667845,-170,-170,0.000,6.549,6.533,0.377,0.377,0.204,25.904,884730
1782481667878,-172,-172,0.000,6.541,6.533,0.314,0.345,0.172,25.904,884763
1782481667911,-177,-177,0.000,6.541,6.533,0.408,0.377,0.167,25.904,884796
1782481667945,-182,-182,0.006,6.557,6.549,0.314,0.282,0.172,25.904,884829
1782481667977,-185,-185,0.000,6.549,6.541,0.408,0.282,0.199,25.904,884862
1782481668012,-190,-190,0.006,6.557,6.549,0.345,0.314,0.172,25.904,884895
1782481668044,-195,-195,0.006,6.541,6.549,0.377,0.282,0.172,25.990,884928
1782481668078,-197,-197,0.006,6.549,6.541,0.377,0.408,0.183,25.904,884961
1782481668110,-202,-202,0.000,6.533,6.524,0.471,0.408,0.194,25.904,884994
1782481668144,-207,-207,0.000,6.533,6.516,0.502,0.502,0.156,25.904,885027
1782481668177,-210,-210,0.000,6.533,6.516,0.377,0.345,0.183,25.904,885060
1782481668210,-215,-215,0.000,6.524,6.508,0.502,0.471,0.194,25.904,885093
1782481668255,-220,-220,0.000,6.516,6.508,0.596,0.471,0.172,25.904,885126
1782481668308,-227,-227,0.000,6.524,6.516,0.439,0.408,0.188,26.077,885159
1782481668330,-230,-230,0.000,6.499,6.499,0.628,0.533,0.183,25.990,885192
1782481668353,-232,-232,0.000,6.516,6.516,0.439,0.565,0.172,25.904,885225
1782481668385,-237,-237,0.000,6.491,6.491,0.690,0.471,0.177,25.990,885258
1782481668418,-240,-240,0.000,6.499,6.483,0.596,0.565,0.188,25.990,885291
1782481668451,-245,-245,0.006,6.483,6.475,0.690,0.565,0.172,25.904,885324
1782481668484,-250,-250,0.000,6.491,6.475,0.722,0.596,0.161,25.904,885357
1782481668518,-252,-252,0.000,6.475,6.458,0.847,0.533,0.177,25.904,885390
1782481668561,-260,-260,0.000,6.475,6.458,0.847,0.565,0.167,25.904,885423
1782481668583,-262,-262,0.000,6.466,6.450,0.816,0.659,0.118,25.904,885456
1782481668622,-267,-267,0.000,6.450,6.442,0.910,0.690,0.151,25.904,885489
1782481668649,-270,-270,0.006,6.458,6.442,0.816,0.753,0.129,25.990,885522
1782481668682,-265,-265,0.000,6.425,6.417,1.035,0.659,0.134,25.990,885555
1782481668719,-262,-262,0.000,6.450,6.433,0.753,0.753,0.140,25.990,885588
1782481668748,-257,-257,0.006,6.442,6.433,0.784,0.784,0.129,25.904,885621
1782481668782,-252,-252,0.000,6.458,6.442,0.879,0.690,0.134,25.990,885654
1782481668821,-247,-247,0.000,6.466,6.450,0.847,0.596,0.156,25.904,885687
1782481668853,-245,-245,0.000,6.483,6.466,0.690,0.596,0.129,25.990,885720
1782481668880,-242,-242,0.000,6.475,6.466,0.690,0.722,0.134,25.904,885753
1782481668913,-237,-237,0.000,6.483,6.483,0.659,0.565,0.129,25.904,885786
1782481668946,-232,-232,0.000,6.499,6.483,0.628,0.533,0.134,25.990,885819
1782481668979,-230,-230,0.006,6.499,6.483,0.565,0.659,0.129,25.990,885852
1782481669012,-225,-225,0.000,6.491,6.475,0.816,0.439,0.118,25.990,885885
1782481669045,-220,-220,0.000,6.499,6.483,0.753,0.533,0.134,25.904,885918
1782481669079,-217,-217,0.000,6.524,6.516,0.471,0.408,0.129,25.904,885951
1782481669111,-212,-212,0.000,6.516,6.516,0.502,0.408,0.113,25.904,885984
1782481669145,-207,-207,0.000,6.524,6.516,0.565,0.408,0.134,25.818,886017
1782481669176,-205,-205,0.000,6.516,6.508,0.596,0.408,0.129,25.904,886050
1782481669210,-200,-200,0.000,6.533,6.516,0.439,0.345,0.118,25.904,886083
1782481669247,-195,-195,0.006,6.533,6.524,0.439,0.408,0.129,25.904,886116
1782481669276,-192,-192,0.000,6.524,6.533,0.471,0.345,0.156,25.904,886149
1782481669309,-187,-187,0.000,6.549,6.533,0.377,0.282,0.161,25.990,886182
1782481669342,-182,-182,0.000,6.541,6.533,0.314,0.345,0.134,25.904,886215
1782481669375,-180,-180,0.000,6.541,6.541,0.408,0.282,0.124,25.904,886248
1782481669408,-175,-175,0.000,6.541,6.533,0.314,0.345,0.172,25.990,886281
1782481669441,-175,-165,0.000,6.566,6.557,0.220,0.314,0.124,25.904,886314
1782481669474,-175,-160,0.000,6.549,6.549,0.314,0.377,0.134,25.990,886347
1782481669510,-175,-150,0.000,6.541,6.541,0.314,0.314,0.145,25.990,886380
1782481669554,-175,-140,0.000,6.566,6.557,0.251,0.282,0.129,25.904,886413
1782481669574,-175,-135,0.000,6.574,6.574,0.220,0.251,0.129,25.904,886446
1782481669617,-175,-125,0.000,6.566,6.557,0.188,0.377,0.140,25.904,886479
1782481669640,-175,-120,0.000,6.566,6.549,0.188,0.345,0.129,25.818,886512
1782481669674,-175,-110,0.000,6.566,6.557,0.220,0.377,0.134,25.904,886545
1782481669707,-175,-100,0.000,6.566,6.557,0.157,0.345,0.124,25.904,886578
1782481669743,-175,-90,0.000,6.557,6.549,0.220,0.408,0.129,25.904,886611
1782481669773,-175,-85,0.000,6.574,6.557,0.126,0.345,0.129,25.904,886644
1782481669806,-175,-75,0.000,6.549,6.549,0.188,0.502,0.124,25.904,886677
1782481669845,-175,-65,0.000,6.566,6.549,0.188,0.408,0.124,25.904,886710
1782481669873,-175,-60,0.000,6.566,6.557,0.188,0.377,0.129,25.904,886743
1782481669906,-175,-50,0.000,6.574,6.566,0.188,0.377,0.134,25.904,886776
1782481669946,-175,-40,0.000,6.566,6.566,0.251,0.345,0.124,25.990,886809
1782481669975,-175,-35,0.000,6.557,6.549,0.251,0.502,0.161,25.904,886842
1782481670006,-175,-25,0.000,6.557,6.549,0.188,0.471,0.156,25.904,886875
1782481670039,-175,-20,0.006,6.574,6.574,0.188,0.377,0.194,25.990,886908
1782481670072,-175,-10,0.000,6.566,6.566,0.188,0.345,0.167,25.904,886941
1782481670105,-175,0,0.000,6.566,6.557,0.188,0.377,0.194,25.904,886974
1782481670139,-175,5,0.000,6.557,6.549,0.220,0.408,0.183,25.904,887007
1782481670173,-175,15,0.000,6.557,6.549,0.188,0.377,0.161,25.904,887040
1782481670206,-175,25,0.006,6.557,6.549,0.188,0.377,0.194,25.904,887073
1782481670239,-175,30,0.000,6.574,6.566,0.188,0.345,0.188,25.904,887106
1782481670273,-175,40,0.000,6.574,6.574,0.220,0.282,0.161,25.904,887139
1782481670306,-175,50,0.000,6.566,6.557,0.188,0.439,0.177,25.904,887172
1782481670339,-175,55,0.000,6.566,6.557,0.188,0.439,0.188,25.904,887205
1782481670372,-175,65,0.000,6.566,6.557,0.188,0.408,0.194,25.990,887238
1782481670405,-175,75,0.006,6.557,6.549,0.188,0.439,0.172,25.990,887271
1782481670439,-175,80,0.000,6.574,6.557,0.188,0.377,0.194,25.818,887304
1782481670475,-175,90,0.000,6.566,6.557,0.157,0.408,0.194,25.904,887337
1782481670505,-175,100,0.000,6.574,6.549,0.188,0.377,0.204,25.904,887370
1782481670538,-175,105,0.000,6.557,6.549,0.188,0.439,0.194,25.904,887403
1782481670571,-175,115,0.000,6.566,6.566,0.157,0.439,0.172,25.904,887436
1782481670605,-175,125,0.000,6.557,6.549,0.251,0.439,0.188,25.904,887469
1782481670637,-175,130,0.000,6.557,6.541,0.251,0.314,0.188,25.904,887502
1782481670671,-175,140,0.000,6.549,6.541,0.251,0.377,0.194,25.904,887535
1782481670704,-175,150,0.006,6.533,6.524,0.377,0.408,0.177,25.904,887568
1782481670737,-175,155,0.000,6.524,6.516,0.502,0.408,0.204,25.904,887601
1782481670770,-175,165,0.000,6.508,6.499,0.628,0.408,0.194,25.904,887634
1782481670805,-175,175,0.000,6.508,6.491,0.659,0.345,0.183,25.904,887667
1782481670837,-177,177,0.000,6.491,6.475,0.816,0.314,0.177,25.904,887700
1782481670871,-182,182,0.000,6.475,6.458,0.941,0.439,0.199,25.990,887733
1782481670904,-187,187,0.000,6.516,6.516,0.408,0.408,0.177,25.904,887766
1782481670937,-190,190,0.000,6.508,6.491,0.565,0.439,0.177,25.904,887799
1782481670972,-195,195,0.006,6.508,6.491,0.533,0.533,0.172,25.904,887832
1782481671003,-200,200,0.000,6.508,6.508,0.439,0.471,0.194,25.990,887865
1782481671037,-202,202,0.006,6.516,6.508,0.439,0.439,0.194,25.990,887898
1782481671074,-207,207,0.000,6.508,6.499,0.502,0.471,0.204,25.990,887931
1782481671103,-212,212,0.006,6.499,6.491,0.596,0.565,0.204,25.904,887964
1782481671136,-215,215,0.000,6.491,6.483,0.502,0.533,0.194,25.990,887997
1782481671176,-220,220,0.006,6.499,6.475,0.722,0.565,0.172,25.990,888030
1782481671203,-225,225,0.000,6.491,6.483,0.628,0.565,0.194,25.904,888063
1782481671238,-227,227,0.000,6.475,6.458,0.596,0.628,0.177,25.904,888096
1782481671270,-232,232,0.000,6.483,6.466,0.628,0.565,0.183,25.990,888129
1782481671303,-235,235,0.000,6.458,6.458,0.816,0.659,0.167,25.990,888162
1782481671336,-240,240,0.006,6.483,6.466,0.565,0.690,0.177,25.990,888195
1782481671369,-245,245,0.000,6.466,6.442,0.628,0.753,0.199,25.904,888228
1782481671404,-250,250,0.000,6.466,6.458,0.628,0.753,0.161,25.904,888261
1782481671437,-252,252,0.012,6.458,6.442,0.659,0.753,0.204,25.904,888294
1782481671469,-257,257,0.000,6.442,6.425,0.973,0.753,0.172,25.818,888327
1782481671503,-260,260,0.000,6.425,6.408,0.847,0.847,0.188,25.904,888360
1782481671541,-265,265,0.006,6.442,6.425,0.722,0.816,0.177,25.904,888393
1782481671569,-270,270,0.000,6.442,6.417,0.784,0.753,0.204,25.990,888426
1782481671603,-275,275,0.006,6.417,6.408,1.130,0.816,0.183,25.904,888459
1782481671636,-277,277,0.000,6.375,6.359,1.161,1.224,0.183,25.990,888492
1782481671669,-282,282,0.000,6.392,6.359,1.098,1.161,0.199,25.990,888525
1782481671705,-287,287,0.000,6.392,6.375,0.973,1.004,0.199,25.904,888558
1782481671735,-290,290,0.000,6.392,6.392,1.035,1.004,0.204,25.904,888591
1782481671768,-295,295,0.000,6.400,6.392,0.879,0.910,0.199,25.904,888624
1782481671802,-297,297,0.000,6.375,6.375,1.067,1.004,0.204,25.904,888657
1782481671834,-302,302,0.000,6.375,6.359,1.286,1.067,0.199,25.904,888690
1782481671869,-307,307,0.006,6.408,6.384,0.941,1.004,0.204,25.990,888723
1782481671909,-312,312,0.000,6.367,6.342,0.879,1.318,0.194,25.990,888756
1782481671937,-315,315,0.000,6.367,6.359,0.941,1.161,0.199,25.990,888789
1782481671967,-320,320,0.006,6.367,6.350,1.004,1.192,0.183,25.990,888822
1782481672001,-322,322,0.000,6.342,6.326,1.286,1.161,0.172,25.990,888855
1782481672034,-327,327,0.012,6.359,6.334,1.192,1.255,0.177,25.990,888888
1782481672082,-332,332,0.000,6.334,6.317,1.443,1.255,0.204,25.904,888921
1782481672106,-337,337,0.000,6.326,6.309,1.224,1.412,0.161,25.904,888954
1782481672134,-340,340,0.000,6.326,6.309,1.098,1.506,0.183,25.990,888987
1782481672167,-345,345,0.000,6.326,6.309,1.192,1.381,0.204,25.990,889020
1782481672201,-347,347,0.000,6.309,6.301,1.286,1.412,0.204,25.990,889053
1782481672234,-352,352,0.000,6.301,6.284,1.537,1.632,0.226,25.990,889086
1782481672268,-352,352,0.012,6.334,6.326,1.004,1.537,0.204,25.904,889119
1782481672303,-350,350,0.006,6.309,6.292,1.506,1.506,0.215,25.904,889152
1782481672334,-345,345,0.000,6.284,6.276,1.569,1.475,0.199,25.904,889185
1782481672367,-340,340,0.006,6.317,6.309,1.192,1.412,0.194,25.990,889218
1782481672404,-335,335,0.006,6.317,6.292,1.286,1.349,0.177,25.990,889251
1782481672433,-332,332,0.000,6.326,6.301,1.224,1.318,0.199,25.990,889284
1782481672467,-327,327,0.000,6.317,6.301,1.067,1.694,0.177,25.904,889317
1782481672501,-325,325,0.000,6.334,6.317,0.941,1.569,0.215,25.904,889350
1782481672535,-320,320,0.000,6.342,6.326,1.192,1.224,0.199,25.904,889383
1782481672566,-315,315,0.000,6.359,6.334,0.910,1.318,0.194,25.904,889416
1782481672610,-310,310,0.000,6.384,6.359,0.879,1.255,0.183,25.990,889449
1782481672642,-307,307,0.000,6.384,6.375,0.941,1.035,0.183,25.990,889482
1782481672675,-302,302,0.012,6.367,6.342,0.879,1.130,0.204,25.990,889515
1782481672708,-297,297,0.000,6.367,6.359,1.098,0.973,0.194,25.990,889548
1782481672741,-295,295,0.006,6.384,6.359,0.910,1.035,0.177,25.990,889581
1782481672775,-290,290,0.006,6.384,6.367,0.879,1.067,0.172,26.077,889614
1782481672808,-285,285,0.000,6.400,6.384,0.816,0.879,0.177,25.990,889647
1782481672840,-282,282,0.000,6.384,6.375,0.565,1.381,0.199,25.990,889680
1782481672874,-277,277,0.000,6.392,6.384,0.816,0.973,0.204,25.990,889713
1782481672906,-272,272,0.000,6.400,6.392,0.753,0.879,0.177,25.990,889746
1782481672943,-270,270,0.000,6.400,6.384,0.816,1.098,0.167,25.904,889779
1782481672972,-265,265,0.000,6.417,6.392,0.847,0.753,0.129,25.990,889812
1782481673005,-262,262,0.000,6.425,6.408,0.722,1.130,0.118,25.990,889845
1782481673039,-257,257,0.000,6.433,6.417,0.628,0.784,0.151,25.990,889878
1782481673072,-252,252,0.006,6.417,6.400,0.722,0.879,0.140,25.990,889911
1782481673105,-247,247,0.000,6.442,6.425,0.659,0.690,0.151,25.990,889944
1782481673138,-245,245,0.006,6.425,6.417,0.879,0.659,0.151,25.990,889977
1782481673201,-237,237,0.000,6.425,6.408,0.847,0.847,0.145,25.990,890010
1782481673203,-237,237,0.000,6.450,6.433,0.753,0.628,0.134,25.990,890043
1782481673256,-230,230,0.000,6.458,6.433,0.816,0.533,0.129,25.990,890076
1782481673269,-227,227,0.000,6.475,6.458,0.565,0.659,0.134,25.990,890109
1782481673302,-225,225,0.000,6.475,6.458,0.502,0.659,0.134,25.990,890142
1782481673335,-220,220,0.000,6.458,6.458,0.408,0.690,0.134,25.990,890175
1782481673369,-215,215,0.000,6.483,6.475,0.502,0.533,0.129,25.990,890208
1782481673401,-212,212,0.000,6.483,6.466,0.753,0.408,0.129,25.990,890241
1782481673434,-207,207,0.000,6.475,6.483,0.628,0.408,0.140,25.990,890274
1782481673467,-202,202,0.000,6.458,6.475,0.439,0.659,0.129,25.904,890307
1782481673500,-200,200,0.000,6.491,6.483,0.439,0.471,0.129,25.990,890340
1782481673533,-195,195,0.000,6.483,6.491,0.502,0.502,0.129,25.990,890373
1782481673566,-190,190,0.000,6.499,6.491,0.502,0.471,0.140,25.990,890406
1782481673599,-187,187,0.000,6.508,6.499,0.345,0.502,0.134,25.990,890439
1782481673634,-182,182,0.006,6.508,6.499,0.282,0.471,0.129,25.990,890472
1782481673665,-180,180,0.000,6.508,6.508,0.377,0.408,0.134,25.990,890505
1782481673706,-172,172,0.000,6.516,6.508,0.314,0.439,0.134,25.990,890538
1782481673733,-170,170,0.000,6.524,6.516,0.377,0.314,0.151,25.990,890571
1782481673767,-165,165,0.006,6.524,6.524,0.345,0.314,0.134,25.990,890604
1782481673797,-162,162,0.000,6.533,6.524,0.314,0.314,0.129,25.990,890637
1782481673834,-157,157,0.000,6.533,6.524,0.314,0.314,0.124,25.990,890670
1782481673863,-155,155,0.000,6.524,6.524,0.314,0.345,0.129,25.990,890703
1782481673897,-150,150,0.000,6.533,6.524,0.282,0.345,0.129,25.990,890736
1782481673930,-145,145,0.000,6.541,6.533,0.282,0.251,0.129,25.990,890769
1782481673963,-142,142,0.000,6.533,6.524,0.314,0.345,0.129,25.990,890802
1782481673996,-137,137,0.006,6.549,6.524,0.282,0.251,0.129,25.990,890835
1782481674029,-132,132,0.000,6.533,6.524,0.282,0.314,0.129,25.904,890868
1782481674064,-130,130,0.006,6.541,6.524,0.282,0.282,0.118,25.990,890901
1782481674097,-125,125,0.000,6.533,6.524,0.314,0.377,0.129,25.990,890934
1782481674129,-120,120,0.000,6.524,6.524,0.314,0.314,0.134,26.077,890967
1782481674163,-117,117,0.000,6.524,6.516,0.377,0.377,0.129,25.990,891000
1782481674196,-112,112,0.000,6.533,6.524,0.282,0.314,0.129,25.990,891033
1782481674229,-107,107,0.000,6.524,6.533,0.408,0.251,0.129,25.904,891066
1782481674264,-105,105,0.000,6.549,6.541,0.314,0.220,0.145,25.990,891099
1782481674295,-100,100,0.000,6.549,6.541,0.251,0.220,0.140,25.990,891132
1782481674329,-95,95,0.006,6.557,6.549,0.220,0.251,0.134,25.990,891165
1782481674362,-92,92,0.000,6.566,6.566,0.220,0.157,0.194,25.990,891198
1782481674395,-87,87,0.000,6.566,6.557,0.220,0.126,0.167,25.990,891231
1782481674429,-82,82,0.000,6.557,6.557,0.251,0.157,0.188,25.990,891264
1782481674462,-80,80,0.006,6.591,6.566,0.188,0.157,0.183,25.904,891297
1782481674495,-75,75,0.000,6.574,6.574,0.188,0.188,0.194,25.990,891330
1782481674528,-70,70,0.006,6.574,6.574,0.188,0.188,0.161,25.990,891363
1782481674562,-67,67,0.000,6.582,6.574,0.157,0.188,0.177,26.077,891396
1782481674601,-62,62,0.000,6.574,6.574,0.188,0.188,0.161,25.990,891429
1782481674627,-57,57,0.000,6.591,6.566,0.188,0.126,0.199,25.990,891462
1782481674661,-55,55,0.000,6.582,6.582,0.188,0.157,0.199,25.990,891495
1782481674694,-50,50,0.000,6.574,6.566,0.220,0.157,0.172,25.990,891528
1782481674728,-45,45,0.000,6.574,6.574,0.188,0.157,0.194,25.904,891561
1782481674761,-42,42,0.000,6.574,6.574,0.126,0.157,0.172,25.990,891594
1782481674798,-37,37,0.006,6.582,6.574,0.188,0.157,0.183,25.990,891627
1782481674828,-32,32,0.000,6.582,6.566,0.188,0.157,0.167,25.990,891660
1782481674861,-30,30,0.000,6.574,6.574,0.188,0.188,0.199,25.990,891693
1782481674894,-25,25,0.000,6.582,6.582,0.157,0.157,0.199,25.990,891726
1782481674927,-20,20,0.000,6.582,6.582,0.188,0.188,0.183,25.904,891759
1782481674961,-17,17,0.000,6.591,6.574,0.188,0.188,0.183,25.990,891792
1782481674994,-12,12,0.000,6.582,6.582,0.188,0.157,0.194,25.990,891825
1782481675027,-7,7,0.000,6.582,6.574,0.157,0.126,0.210,25.904,891858
1782481675063,-5,5,0.000,6.591,6.582,0.188,0.157,0.172,25.904,891891
1782481675095,0,0,0.006,6.574,6.574,0.188,0.188,0.204,25.990,891924
1782481675126,2,-2,0.006,6.582,6.574,0.188,0.157,0.156,25.990,891957
1782481675160,7,-7,0.000,6.582,6.582,0.188,0.157,0.188,25.904,891990
1782481675196,12,-12,0.000,6.582,6.574,0.188,0.126,0.172,25.990,892023
1782481675226,15,-15,0.000,6.591,6.566,0.188,0.157,0.167,25.990,892056
1782481675260,20,-20,0.006,6.574,6.582,0.188,0.157,0.194,25.990,892089
1782481675294,25,-25,0.006,6.591,6.574,0.188,0.157,0.188,26.077,892122
1782481675328,30,-30,0.000,6.582,6.574,0.188,0.157,0.199,25.990,892155
1782481675374,35,-35,0.000,6.582,6.574,0.188,0.157,0.172,25.990,892188
1782481675403,37,-37,0.000,6.582,6.591,0.188,0.157,0.161,26.077,892221
1782481675428,42,-42,0.006,6.582,6.582,0.188,0.126,0.172,25.990,892254
1782481675460,45,-45,0.000,6.582,6.574,0.188,0.157,0.194,26.077,892287
1782481675494,50,-50,0.000,6.582,6.582,0.157,0.157,0.194,25.990,892320
1782481675525,52,-52,0.000,6.591,6.582,0.126,0.126,0.199,25.990,892353
1782481675559,57,-57,0.000,6.582,6.574,0.188,0.157,0.183,25.990,892386
1782481675596,62,-62,0.000,6.582,6.574,0.157,0.094,0.177,25.990,892419
1782481675626,65,-65,0.000,6.582,6.582,0.188,0.157,0.177,25.990,892452
1782481675659,70,-70,0.000,6.591,6.574,0.188,0.157,0.177,25.990,892485
1782481675693,75,-75,0.000,6.591,6.574,0.188,0.157,0.188,25.990,892518
1782481675725,77,-77,0.000,6.574,6.574,0.220,0.157,0.161,25.990,892551
1782481675758,82,-82,0.000,6.582,6.582,0.126,0.188,0.183,25.990,892584
1782481675793,87,-87,0.000,6.582,6.574,0.188,0.157,0.183,25.990,892617
1782481675825,90,-90,0.006,6.591,6.582,0.157,0.157,0.172,25.990,892650
1782481675859,95,-95,0.000,6.591,6.582,0.157,0.157,0.172,25.990,892683
1782481675891,100,-100,0.000,6.582,6.574,0.251,0.157,0.194,25.990,892716
1782481675925,102,-102,0.000,6.591,6.582,0.188,0.157,0.161,25.990,892749
1782481675958,107,-107,0.000,6.582,6.582,0.188,0.188,0.188,25.990,892782
1782481675991,112,-112,0.000,6.582,6.582,0.188,0.188,0.172,25.990,892815
1782481676024,115,-115,0.000,6.574,6.574,0.157,0.220,0.183,25.990,892848
1782481676057,120,-120,0.000,6.557,6.557,0.314,0.188,0.194,25.990,892881
1782481676092,125,-125,0.000,6.566,6.566,0.188,0.251,0.183,26.077,892914
1782481676124,127,-127,0.000,6.566,6.566,0.220,0.220,0.172,25.990,892947
1782481676160,132,-132,0.000,6.557,6.566,0.157,0.282,0.177,25.990,892980
1782481676192,137,-137,0.000,6.557,6.549,0.220,0.408,0.183,25.904,893013
1782481676225,140,-140,0.006,6.549,6.533,0.282,0.314,0.177,25.990,893046
1782481676257,145,-145,0.000,6.533,6.533,0.345,0.345,0.194,25.990,893079
1782481676291,150,-150,0.000,6.524,6.524,0.377,0.471,0.183,25.990,893112
1782481676325,152,-152,0.006,6.516,6.516,0.471,0.377,0.177,25.990,893145
1782481676357,157,-157,0.000,6.499,6.491,0.408,0.533,0.194,25.990,893178
1782481676391,162,-162,0.000,6.483,6.475,0.439,0.659,0.194,25.990,893211
1782481676424,165,-165,0.000,6.499,6.483,0.408,0.596,0.194,25.990,893244
1782481676460,170,-170,0.000,6.491,6.483,0.345,0.753,0.194,25.990,893277
1782481676490,175,-175,0.000,6.516,6.508,0.377,0.502,0.172,25.990,893310
1782481676524,177,-177,0.000,6.533,6.499,0.345,0.565,0.188,25.990,893343
1782481676557,182,-182,0.000,6.524,6.508,0.377,0.471,0.172,25.990,893376
1782481676589,187,-187,0.000,6.516,6.516,0.314,0.471,0.177,26.077,893409
1782481676625,190,-190,0.000,6.508,6.508,0.345,0.471,0.210,25.990,893442
1782481676657,195,-195,0.000,6.524,6.508,0.377,0.439,0.204,25.990,893475
1782481676691,200,-200,0.000,6.524,6.524,0.314,0.408,0.188,25.990,893508
1782481676723,202,-202,0.000,6.524,6.524,0.377,0.408,0.188,25.990,893541
1782481676761,207,-207,0.000,6.533,6.524,0.314,0.408,0.183,25.990,893574
1782481676796,212,-212,0.000,6.516,6.499,0.377,0.502,0.172,25.990,893607
1782481676825,215,-215,0.000,6.499,6.491,0.377,0.659,0.183,25.990,893640
1782481676858,220,-220,0.000,6.508,6.491,0.408,0.502,0.183,25.990,893673
1782481676890,225,-225,0.006,6.516,6.491,0.345,0.502,0.194,25.990,893706
1782481676932,230,-230,0.000,6.491,6.483,0.345,0.753,0.194,25.990,893739
1782481676973,235,-235,0.000,6.491,6.483,0.439,0.596,0.194,25.990,893772
1782481677021,240,-240,0.000,6.499,6.466,0.471,0.659,0.172,25.990,893805
1782481677061,245,-245,0.000,6.483,6.483,0.471,0.659,0.161,25.990,893838
1782481677066,245,-245,0.006,6.483,6.475,0.565,0.565,0.156,25.990,893871
1782481677097,250,-250,0.000,6.475,6.466,0.596,0.628,0.199,25.990,893904
1782481677132,255,-255,0.000,6.475,6.466,0.471,0.816,0.204,25.990,893937
1782481677163,257,-257,0.000,6.483,6.466,0.471,0.722,0.134,25.990,893970
1782481677196,262,-262,0.000,6.458,6.458,0.659,0.784,0.161,25.990,894003
1782481677233,267,-267,0.000,6.466,6.458,0.596,0.753,0.172,25.990,894036
1782481677262,270,-270,0.000,6.450,6.433,0.565,0.784,0.177,25.990,894069
1782481677295,275,-275,0.000,6.450,6.425,0.690,0.816,0.161,25.990,894102
1782481677328,277,-277,0.000,6.458,6.442,0.596,0.816,0.134,25.990,894135
1782481677361,282,-282,0.000,6.425,6.417,0.628,0.910,0.161,25.990,894168
1782481677394,287,-287,0.000,6.417,6.408,0.753,1.098,0.156,25.990,894201
1782481677438,292,-292,0.012,6.425,6.417,0.628,1.035,0.156,26.077,894234
1782481677460,295,-295,0.000,6.433,6.417,0.628,0.973,0.129,26.077,894267
1782481677493,300,-300,0.000,6.433,6.417,0.690,1.004,0.151,25.990,894300
1782481677526,302,-302,0.000,6.417,6.400,0.879,1.004,0.134,25.990,894333
1782481677559,307,-307,0.000,6.425,6.417,0.659,1.004,0.129,25.990,894366
1782481677592,312,-312,0.006,6.417,6.392,0.628,1.161,0.124,26.077,894399
1782481677627,315,-315,0.000,6.392,6.384,0.690,1.443,0.134,25.990,894432
1782481677658,320,-320,0.012,6.400,6.375,0.973,1.255,0.124,25.990,894465
1782481677692,325,-325,0.000,6.400,6.375,0.690,1.161,0.134,25.990,894498
1782481677724,327,-327,0.006,6.375,6.359,1.035,1.161,0.129,25.990,894531
1782481677757,332,-332,0.000,6.367,6.359,1.067,1.318,0.134,25.990,894564
1782481677790,335,-335,0.000,6.384,6.367,0.816,1.286,0.134,25.990,894597
1782481677823,340,-340,0.006,6.375,6.359,0.941,1.412,0.145,25.990,894630
1782481677856,340,-340,0.000,6.375,6.350,0.941,1.412,0.140,25.904,894663
1782481677888,337,-337,0.000,6.375,6.367,0.784,1.381,0.118,25.990,894696
1782481677922,332,-332,0.000,6.359,6.342,0.847,1.506,0.124,25.990,894729
1782481677956,327,-327,0.006,6.384,6.375,0.690,1.224,0.129,25.990,894762
1782481677988,325,-325,0.000,6.375,6.359,1.098,1.255,0.140,26.077,894795
1782481678021,320,-320,0.000,6.384,6.367,0.722,1.381,0.134,25.990,894828
1782481678054,315,-315,0.000,6.384,6.367,0.690,1.286,0.129,25.990,894861
1782481678087,312,-312,0.006,6.400,6.392,0.659,1.161,0.134,25.990,894894
1782481678139,305,-305,0.000,6.392,6.384,0.941,1.161,0.140,25.990,894927
1782481678155,302,-302,0.000,6.417,6.400,0.722,1.004,0.140,25.990,894960
1782481678186,300,-300,0.006,6.417,6.417,0.628,1.035,0.129,25.990,894993
1782481678219,305,-305,0.000,6.408,6.392,0.659,1.004,0.134,25.904,895026
1782481678253,310,-310,0.000,6.425,6.400,0.753,0.973,0.129,25.990,895059
1782481678285,312,-312,0.000,6.425,6.408,0.628,1.004,0.124,25.990,895092
1782481678318,317,-317,0.000,6.408,6.392,0.753,1.004,0.118,25.990,895125
1782481678352,322,-322,0.000,6.392,6.375,0.753,1.161,0.129,25.990,895158
1782481678393,327,-327,0.000,6.384,6.359,0.784,1.318,0.129,25.990,895191
1782481678420,330,-330,0.000,6.375,6.367,0.816,1.318,0.199,25.990,895224
1782481678452,335,-335,0.000,6.400,6.384,0.847,1.224,0.145,25.990,895257
1782481678485,332,-332,0.000,6.375,6.359,0.847,1.255,0.129,25.990,895290
1782481678518,327,-327,0.000,6.359,6.334,1.004,1.255,0.145,25.990,895323
1782481678551,322,-322,0.000,6.367,6.359,1.067,1.443,0.134,25.990,895356
1782481678585,320,-320,0.000,6.384,6.375,0.690,1.318,0.140,25.990,895389
1782481678618,315,-315,0.000,6.400,6.384,0.816,1.130,0.167,25.990,895422
1782481678652,310,-310,0.000,6.408,6.384,0.690,1.161,0.140,25.990,895455
1782481678684,307,-307,0.000,6.408,6.375,0.879,1.004,0.140,25.990,895488
1782481678718,302,-302,0.000,6.425,6.408,0.628,1.004,0.188,25.990,895521
1782481678754,297,-297,0.006,6.408,6.400,0.533,1.161,0.204,25.990,895554
1782481678785,295,-295,0.006,6.408,6.392,0.659,1.067,0.194,25.990,895587
1782481678817,290,-290,0.000,6.425,6.408,0.690,1.004,0.204,26.077,895620
1782481678857,285,-285,0.000,6.425,6.408,0.565,1.098,0.194,25.990,895653
1782481678884,282,-282,0.000,6.417,6.417,0.533,1.067,0.194,25.990,895686
1782481678917,277,-277,0.006,6.425,6.417,0.533,1.098,0.194,25.990,895719
1782481678955,272,-272,0.000,6.425,6.400,0.628,0.910,0.194,25.990,895752
1782481678985,270,-270,0.006,6.433,6.425,0.596,0.816,0.167,25.904,895785
1782481679022,265,-265,0.000,6.450,6.433,0.408,0.879,0.177,25.990,895818
1782481679050,262,-262,0.000,6.450,6.425,0.565,0.816,0.161,25.990,895851
1782481679084,257,-257,0.000,6.442,6.433,0.565,0.816,0.172,25.990,895884
1782481679117,252,-252,0.000,6.442,6.425,0.596,1.035,0.194,25.990,895917
1782481679150,250,-250,0.000,6.425,6.425,0.565,0.941,0.194,25.990,895950
1782481679185,245,-245,0.000,6.442,6.425,0.502,0.847,0.183,25.990,895983
1782481679217,240,-240,0.006,6.450,6.450,0.502,0.722,0.204,25.990,896016
1782481679250,237,-237,0.006,6.450,6.442,0.502,0.847,0.204,25.990,896049
1782481679283,232,-232,0.000,6.466,6.450,0.439,0.816,0.177,26.077,896082
1782481679317,227,-227,0.000,6.475,6.466,0.439,0.659,0.194,25.990,896115
1782481679350,225,-225,0.000,6.483,6.475,0.377,0.565,0.199,25.990,896148
1782481679384,222,-217,0.000,6.475,6.475,0.502,0.502,0.204,25.990,896181
1782481679416,222,-207,0.000,6.483,6.475,0.377,0.628,0.194,25.990,896214
1782481679451,222,-202,0.000,6.483,6.475,0.408,0.690,0.194,25.990,896247
1782481679485,222,-192,0.000,6.491,6.483,0.377,0.533,0.194,25.990,896280
1782481679516,222,-182,0.000,6.499,6.483,0.282,0.628,0.194,25.990,896313
1782481679549,222,-177,0.000,6.499,6.491,0.220,0.533,0.199,25.990,896346
1782481679582,222,-167,0.000,6.499,6.491,0.282,0.533,0.188,25.990,896379
1782481679616,222,-157,0.000,6.508,6.491,0.220,0.533,0.210,25.990,896412
1782481679649,222,-152,0.000,6.499,6.491,0.251,0.596,0.194,25.990,896445
1782481679681,222,-142,0.000,6.508,6.508,0.220,0.565,0.194,25.990,896478
1782481679715,222,-132,0.000,6.516,6.499,0.251,0.565,0.167,25.990,896511
1782481679748,222,-127,0.000,6.516,6.508,0.188,0.565,0.194,25.990,896544
1782481679782,222,-117,0.000,6.508,6.508,0.188,0.502,0.199,25.990,896577
1782481679815,222,-107,0.000,6.516,6.508,0.251,0.502,0.188,25.990,896610
1782481679849,222,-102,0.000,6.508,6.499,0.220,0.533,0.199,25.990,896643
1782481679882,222,-92,0.000,6.499,6.499,0.251,0.471,0.194,25.990,896676
1782481679920,222,-82,0.006,6.524,6.508,0.220,0.565,0.199,25.990,896709
1782481679948,222,-77,0.000,6.508,6.516,0.188,0.596,0.177,25.990,896742
1782481679983,222,-67,0.000,6.524,6.516,0.188,0.502,0.188,25.990,896775
1782481680016,222,-57,0.000,6.524,6.508,0.188,0.533,0.194,25.990,896808
1782481680048,222,-52,0.000,6.533,6.516,0.220,0.502,0.188,25.990,896841
1782481680086,212,-52,0.000,6.516,6.499,0.188,0.565,0.194,25.990,896874
1782481680114,202,-52,0.000,6.516,6.524,0.188,0.471,0.188,25.990,896907
1782481680148,197,-52,0.000,6.524,6.508,0.188,0.565,0.188,25.904,896940
1782481680187,187,-52,0.000,6.533,6.533,0.188,0.408,0.188,25.904,896973
1782481680215,177,-52,0.000,6.541,6.524,0.188,0.377,0.172,25.990,897006
1782481680248,172,-52,0.000,6.541,6.533,0.188,0.377,0.183,25.990,897039
1782481680280,162,-52,0.000,6.541,6.541,0.188,0.377,0.172,25.990,897072
1782481680317,152,-52,0.000,6.541,6.524,0.188,0.377,0.194,25.990,897105
1782481680347,147,-52,0.000,6.549,6.549,0.220,0.282,0.194,25.990,897138
1782481680381,137,-52,0.000,6.541,6.541,0.188,0.251,0.194,26.077,897171
1782481680414,127,-52,0.000,6.574,6.557,0.188,0.251,0.172,25.990,897204
1782481680447,122,-52,0.012,6.557,6.549,0.157,0.251,0.204,25.990,897237
1782481680480,112,-52,0.000,6.574,6.557,0.220,0.251,0.172,25.990,897270
1782481680516,102,-52,0.000,6.557,6.541,0.188,0.251,0.172,25.904,897303
1782481680547,97,-52,0.000,6.566,6.557,0.188,0.251,0.199,25.990,897336
1782481680580,87,-52,0.000,6.566,6.557,0.126,0.220,0.172,25.990,897369
1782481680614,77,-52,0.000,6.574,6.566,0.157,0.157,0.172,25.990,897402
1782481680646,72,-52,0.006,6.566,6.557,0.188,0.157,0.177,25.990,897435
1782481680680,62,-52,0.000,6.574,6.582,0.188,0.157,0.172,25.990,897468
1782481680716,52,-52,0.000,6.582,6.557,0.188,0.157,0.188,25.990,897501
1782481680746,50,-50,0.006,6.582,6.566,0.157,0.157,0.199,25.990,897534
1782481680780,45,-45,0.000,6.574,6.566,0.188,0.157,0.194,25.990,897567
1782481680813,40,-40,0.000,6.574,6.582,0.188,0.157,0.194,25.990,897600
1782481680846,40,-35,0.000,6.582,6.582,0.188,0.157,0.167,25.990,897633
1782481680880,40,-25,0.000,6.557,6.557,0.220,0.188,0.188,25.990,897666
1782481680913,40,-15,0.000,6.566,6.566,0.188,0.188,0.183,25.904,897699
1782481680946,40,-10,0.000,6.566,6.574,0.188,0.157,0.194,25.990,897732
1782481680980,40,0,0.000,6.582,6.566,0.188,0.157,0.183,26.077,897765
1782481681012,40,5,0.000,6.582,6.566,0.188,0.188,0.177,25.990,897798
1782481681046,40,15,0.000,6.582,6.574,0.188,0.126,0.156,25.990,897831
1782481681079,40,25,0.000,6.574,6.574,0.188,0.220,0.167,25.990,897864
1782481681121,40,35,0.006,6.574,6.574,0.188,0.157,0.183,25.990,897897
1782481681146,40,40,0.000,6.574,6.574,0.220,0.157,0.161,25.904,897930
1782481681178,45,45,0.000,6.574,6.574,0.188,0.157,0.172,25.990,897963
1782481681212,47,47,0.000,6.574,6.574,0.188,0.157,0.183,25.990,897996
1782481681245,52,52,0.000,6.574,6.574,0.126,0.157,0.188,25.990,898029
1782481681287,57,57,0.000,6.574,6.574,0.188,0.157,0.188,25.990,898062
1782481681321,62,62,0.000,6.574,6.574,0.126,0.157,0.204,25.990,898095
1782481681354,67,67,0.000,6.574,6.574,0.220,0.157,0.188,25.990,898128
1782481681387,70,70,0.006,6.582,6.574,0.188,0.188,0.188,25.990,898161
1782481681420,75,75,0.000,6.574,6.582,0.188,0.188,0.183,25.990,898194
1782481681454,80,80,0.000,6.574,6.574,0.188,0.157,0.172,25.990,898227
1782481681486,82,82,0.000,6.582,6.574,0.126,0.157,0.161,25.990,898260
1782481681520,87,87,0.000,6.591,6.574,0.188,0.157,0.183,25.990,898293
1782481681553,90,90,0.000,6.574,6.574,0.188,0.157,0.161,25.990,898326
1782481681585,95,95,0.000,6.582,6.574,0.188,0.157,0.145,25.990,898359
1782481681621,100,100,0.000,6.574,6.574,0.188,0.188,0.167,25.990,898392
1782481681651,102,102,0.000,6.582,6.582,0.157,0.157,0.134,25.990,898425
1782481681684,107,107,0.000,6.574,6.566,0.251,0.188,0.113,25.990,898458
1782481681724,112,112,0.006,6.557,6.557,0.188,0.188,0.151,25.990,898491
1782481681750,115,115,0.000,6.574,6.566,0.188,0.220,0.129,25.990,898524
1782481681796,122,122,0.000,6.566,6.566,0.220,0.220,0.129,25.990,898557
1782481681817,125,125,0.000,6.566,6.574,0.220,0.251,0.124,25.990,898590
1782481681849,127,127,0.000,6.557,6.557,0.220,0.220,0.140,25.990,898623
1782481681882,132,132,0.000,6.566,6.557,0.251,0.220,0.140,25.990,898656
1782481681933,137,137,0.006,6.541,6.566,0.220,0.314,0.134,25.990,898689
1782481681952,140,140,0.000,6.549,6.533,0.251,0.345,0.129,25.990,898722
1782481681981,145,145,0.000,6.549,6.533,0.220,0.282,0.129,25.990,898755
1782481682014,147,147,0.000,6.541,6.533,0.220,0.408,0.134,25.990,898788
1782481682047,152,152,0.000,6.541,6.541,0.251,0.408,0.129,26.077,898821
1782481682080,157,157,0.000,6.533,6.524,0.220,0.408,0.129,25.904,898854
1782481682113,160,160,0.000,6.541,6.524,0.220,0.471,0.129,25.904,898887
1782481682149,165,165,0.000,6.533,6.533,0.251,0.408,0.118,25.990,898920
1782481682197,172,172,0.000,6.541,6.508,0.251,0.471,0.156,26.077,898953
1782481682215,175,175,0.006,6.524,6.508,0.251,0.596,0.129,25.990,898986
1782481682245,177,177,0.000,6.549,6.516,0.251,0.471,0.113,25.990,899019
1782481682278,182,182,0.006,6.508,6.533,0.314,0.502,0.140,25.990,899052
1782481682311,185,185,0.006,6.524,6.516,0.251,0.565,0.129,25.990,899085
1782481682344,190,190,0.000,6.524,6.524,0.251,0.471,0.129,26.077,899118
1782481682377,195,195,0.000,6.533,6.533,0.282,0.408,0.129,25.990,899151
1782481682410,197,197,0.000,6.524,6.516,0.408,0.471,0.129,25.990,899184
1782481682443,192,192,0.000,6.524,6.508,0.408,0.471,0.140,25.990,899217
1782481682476,187,187,0.006,6.524,6.499,0.377,0.408,0.134,25.990,899250
1782481682509,185,185,0.006,6.524,6.516,0.314,0.408,0.129,25.990,899283
1782481682542,180,180,0.000,6.516,6.516,0.314,0.502,0.145,25.990,899316
1782481682581,175,175,0.000,6.524,6.524,0.345,0.439,0.124,25.904,899349
1782481682609,172,172,0.000,6.533,6.524,0.314,0.408,0.156,26.077,899382
1782481682645,167,167,0.006,6.541,6.533,0.282,0.282,0.156,25.990,899415
1782481682675,165,165,0.000,6.541,6.524,0.314,0.282,0.124,25.990,899448
1782481682709,160,160,0.000,6.549,6.541,0.251,0.251,0.129,25.990,899481
1782481682743,155,155,0.000,6.549,6.533,0.251,0.282,0.134,25.990,899514
1782481682775,152,152,0.006,6.549,6.549,0.251,0.314,0.124,25.990,899547
1782481682808,147,147,0.000,6.566,6.557,0.251,0.251,0.118,25.990,899580
1782481682841,142,142,0.000,6.557,6.557,0.220,0.251,0.129,25.990,899613
1782481682875,145,145,0.000,6.557,6.549,0.220,0.282,0.129,25.990,899646
1782481682907,150,150,0.000,6.541,6.541,0.220,0.345,0.124,25.990,899679
1782481682941,155,155,0.000,6.557,6.557,0.220,0.220,0.129,25.990,899712
1782481682974,157,157,0.000,6.541,6.524,0.220,0.408,0.134,25.904,899745
1782481683008,162,162,0.000,6.541,6.533,0.220,0.377,0.151,25.990,899778
1782481683040,167,167,0.000,6.541,6.524,0.220,0.439,0.145,25.990,899811
1782481683073,170,170,0.000,6.508,6.508,0.314,0.690,0.145,25.990,899844
1782481683107,175,175,0.000,6.524,6.533,0.251,0.408,0.194,25.990,899877
1782481683140,180,180,0.006,6.524,6.508,0.345,0.502,0.199,25.990,899910
1782481683174,182,182,0.006,6.524,6.524,0.282,0.408,0.194,25.990,899943
1782481683207,187,187,0.000,6.516,6.508,0.345,0.502,0.183,25.990,899976
1782481683240,192,192,0.006,6.524,6.508,0.377,0.439,0.167,25.990,900009
1782481683276,197,197,0.000,6.524,6.524,0.314,0.533,0.199,25.990,900042
1782481683307,200,200,0.006,6.508,6.499,0.377,0.471,0.194,25.990,900075
1782481683340,205,205,0.000,6.516,6.499,0.377,0.408,0.199,26.077,900108
1782481683373,207,207,0.000,6.508,6.508,0.345,0.408,0.199,25.990,900141
1782481683406,212,212,0.000,6.508,6.508,0.377,0.502,0.194,25.990,900174
1782481683439,217,217,0.000,6.491,6.499,0.408,0.533,0.194,25.990,900207
1782481683473,220,220,0.000,6.491,6.475,0.439,0.533,0.172,25.990,900240
1782481683507,225,225,0.000,6.491,6.475,0.533,0.565,0.215,25.990,900273
1782481683540,220,220,0.000,6.499,6.483,0.471,0.471,0.161,25.990,900306
1782481683573,217,217,0.006,6.491,6.466,0.565,0.628,0.199,25.990,900339
1782481683606,212,212,0.000,6.483,6.475,0.408,0.628,0.172,25.904,900372
1782481683640,207,207,0.000,6.491,6.483,0.439,0.690,0.177,25.990,900405
1782481683672,205,205,0.000,6.499,6.499,0.377,0.439,0.177,25.990,900438
1782481683706,200,200,0.000,6.508,6.491,0.377,0.471,0.183,25.990,900471
1782481683739,195,195,0.000,6.516,6.499,0.377,0.439,0.194,25.990,900504
1782481683773,192,192,0.000,6.516,6.508,0.408,0.408,0.172,25.990,900537
1782481683805,187,187,0.006,6.516,6.508,0.314,0.377,0.188,25.990,900570
1782481683840,182,182,0.000,6.524,6.516,0.408,0.282,0.167,25.990,900603
1782481683877,177,177,0.000,6.533,6.516,0.345,0.377,0.177,25.990,900636
1782481683906,175,175,0.000,6.524,6.524,0.314,0.408,0.183,25.990,900669
1782481683939,170,170,0.006,6.524,6.533,0.282,0.345,0.204,25.990,900702
1782481683976,167,167,0.000,6.541,6.533,0.314,0.282,0.183,25.990,900735
1782481684005,162,162,0.000,6.533,6.533,0.251,0.345,0.172,25.990,900768
1782481684039,157,157,0.000,6.549,6.533,0.314,0.251,0.210,25.990,900801
1782481684078,152,152,0.000,6.549,6.541,0.251,0.251,0.172,25.990,900834
1782481684105,150,150,0.000,6.549,6.549,0.251,0.220,0.199,25.990,900867
1782481684138,145,145,0.000,6.549,6.541,0.188,0.282,0.172,25.990,900900
1782481684171,142,142,0.000,6.549,6.541,0.220,0.282,0.194,25.990,900933
1782481684205,137,137,0.000,6.549,6.541,0.220,0.251,0.167,25.990,900966
1782481684238,132,132,0.000,6.541,6.533,0.188,0.377,0.199,25.990,900999
1782481684271,130,130,0.000,6.524,6.533,0.220,0.314,0.194,25.990,901032
1782481684304,125,125,0.000,6.549,6.541,0.220,0.314,0.188,25.990,901065
1782481684351,120,120,0.000,6.549,6.533,0.220,0.314,0.183,25.990,901098
1782481684376,117,117,0.000,6.541,6.541,0.220,0.251,0.167,26.077,901131
1782481684408,112,112,0.000,6.549,6.541,0.251,0.251,0.167,25.990,901164
1782481684438,107,107,0.000,6.566,6.557,0.220,0.251,0.194,25.990,901197
1782481684471,105,105,0.000,6.557,6.557,0.251,0.251,0.194,25.990,901230
1782481684505,100,100,0.000,6.549,6.557,0.282,0.251,0.183,25.904,901263
1782481684537,95,95,0.000,6.557,6.549,0.251,0.220,0.167,25.990,901296
1782481684571,92,92,0.006,6.566,6.557,0.188,0.188,0.194,25.990,901329
1782481684607,87,87,0.000,6.574,6.566,0.220,0.157,0.177,25.990,901362
1782481684637,82,82,0.000,6.582,6.574,0.188,0.157,0.188,25.990,901395
1782481684670,80,80,0.006,6.591,6.574,0.188,0.157,0.183,25.990,901428
1782481684704,75,75,0.000,6.582,6.574,0.188,0.157,0.188,25.990,901461
1782481684740,70,70,0.000,6.591,6.574,0.188,0.157,0.177,25.990,901494
1782481684771,67,67,0.000,6.582,6.574,0.188,0.126,0.161,25.990,901527
1782481684806,62,62,0.000,6.574,6.574,0.188,0.126,0.204,25.990,901560
1782481684838,57,57,0.000,6.582,6.582,0.188,0.220,0.156,26.077,901593
1782481684869,55,55,0.000,6.582,6.574,0.188,0.188,0.194,26.077,901626
1782481684903,50,50,0.000,6.591,6.582,0.188,0.157,0.177,25.990,901659
1782481684937,47,47,0.000,6.582,6.582,0.188,0.157,0.161,25.990,901692
1782481684970,42,42,0.000,6.582,6.574,0.220,0.157,0.194,25.990,901725
1782481685003,37,37,0.006,6.582,6.582,0.188,0.157,0.188,25.990,901758
1782481685036,35,35,0.000,6.582,6.574,0.188,0.157,0.199,25.990,901791
1782481685069,30,30,0.000,6.599,6.574,0.188,0.157,0.188,25.990,901824
1782481685104,25,25,0.000,6.582,6.574,0.188,0.157,0.183,25.904,901857
1782481685136,22,22,0.000,6.591,6.582,0.188,0.157,0.199,25.990,901890
1782481685169,17,17,0.006,6.582,6.582,0.188,0.157,0.188,25.990,901923
1782481685205,12,12,0.000,6.591,6.574,0.188,0.157,0.188,25.904,901956
1782481685244,7,7,0.000,6.582,6.582,0.188,0.157,0.167,25.904,901989
1782481685269,5,5,0.000,6.582,6.599,0.188,0.126,0.161,25.990,902022
1782481685307,0,0,0.006,6.591,6.582,0.188,0.126,0.199,25.990,902055
1782481685335,-2,-2,0.000,6.582,6.574,0.188,0.157,0.177,25.904,902088
1782481685369,-7,-7,0.000,6.582,6.566,0.157,0.157,0.194,25.990,902121
1782481685405,-12,-12,0.000,6.591,6.582,0.188,0.220,0.177,25.990,902154
1782481685435,-15,-15,0.000,6.574,6.574,0.188,0.157,0.194,25.904,902187
1782481685477,-20,-20,0.000,6.574,6.582,0.157,0.157,0.194,25.990,902220
1782481685508,-25,-25,0.000,6.582,6.582,0.251,0.157,0.167,25.990,902253
1782481685535,-27,-27,0.000,6.591,6.591,0.188,0.157,0.172,25.990,902286
1782481685569,-32,-32,0.000,6.591,6.582,0.188,0.157,0.172,25.990,902319
1782481685602,-37,-37,0.000,6.582,6.574,0.188,0.157,0.199,25.990,902352
1782481685636,-40,-40,0.006,6.591,6.582,0.188,0.126,0.172,25.990,902385
1782481685677,-45,-45,0.000,6.582,6.574,0.188,0.157,0.199,25.904,902418
1782481685716,-50,-50,0.006,6.582,6.582,0.188,0.126,0.194,25.904,902451
1782481685743,-55,-55,0.000,6.591,6.582,0.188,0.157,0.177,25.990,902484
1782481685776,-57,-57,0.000,6.591,6.582,0.188,0.188,0.194,25.990,902517
1782481685809,-62,-62,0.000,6.591,6.591,0.157,0.188,0.194,25.990,902550
1782481685842,-67,-67,0.000,6.591,6.591,0.188,0.188,0.194,25.990,902583
1782481685875,-70,-70,0.000,6.591,6.591,0.188,0.157,0.156,25.990,902616
1782481685908,-75,-75,0.000,6.582,6.574,0.188,0.157,0.177,25.990,902649
1782481685943,-80,-80,0.000,6.591,6.582,0.188,0.126,0.172,25.990,902682
1782481685982,-85,-85,0.000,6.591,6.582,0.157,0.157,0.161,25.990,902715
1782481686008,-87,-87,0.000,6.591,6.591,0.220,0.157,0.129,25.990,902748
1782481686041,-92,-92,0.000,6.582,6.582,0.157,0.157,0.161,25.990,902781
1782481686077,-95,-95,0.000,6.591,6.574,0.188,0.157,0.140,25.990,902814
1782481686106,-100,-100,0.000,6.591,6.582,0.188,0.157,0.151,25.990,902847
1782481686141,-105,-105,0.000,6.582,6.582,0.188,0.157,0.129,25.990,902880
1782481686172,-107,-107,0.012,6.607,6.591,0.188,0.157,0.145,25.904,902913
1782481686205,-112,-112,0.000,6.582,6.574,0.188,0.188,0.129,25.990,902946
1782481686238,-115,-115,0.000,6.582,6.599,0.157,0.188,0.129,25.990,902979
1782481686271,-120,-120,0.000,6.574,6.566,0.282,0.220,0.118,26.077,903012
1782481686304,-125,-125,0.000,6.582,6.557,0.220,0.220,0.118,25.990,903045
1782481686337,-127,-127,0.006,6.566,6.557,0.188,0.314,0.129,25.990,903078
1782481686370,-132,-132,0.000,6.574,6.566,0.188,0.282,0.172,25.990,903111
1782481686403,-137,-137,0.000,6.574,6.557,0.220,0.220,0.129,25.990,903144
1782481686439,-140,-140,0.000,6.549,6.533,0.220,0.377,0.129,25.990,903177
1782481686469,-145,-145,0.000,6.557,6.541,0.282,0.314,0.145,26.077,903210
1782481686501,-150,-150,0.006,6.566,6.549,0.220,0.282,0.134,25.990,903243
1782481686536,-152,-152,0.006,6.557,6.541,0.188,0.377,0.129,25.990,903276
1782481686568,-157,-157,0.000,6.557,6.566,0.251,0.345,0.161,25.990,903309
1782481686601,-162,-162,0.000,6.557,6.549,0.251,0.377,0.129,25.990,903342
1782481686640,-167,-167,0.000,6.557,6.533,0.282,0.439,0.134,25.990,903375
1782481686667,-170,-170,0.000,6.549,6.541,0.282,0.377,0.129,25.990,903408
1782481686699,-175,-175,0.006,6.557,6.549,0.220,0.345,0.129,25.990,903441
1782481686737,-177,-177,0.000,6.541,6.549,0.282,0.439,0.129,25.990,903474
1782481686769,-182,-182,0.000,6.541,6.533,0.251,0.439,0.134,25.990,903507
1782481686799,-187,-187,0.006,6.549,6.541,0.282,0.377,0.134,25.990,903540
1782481686832,-190,-190,0.012,6.549,6.524,0.251,0.502,0.124,25.990,903573
1782481686865,-195,-195,0.000,6.524,6.524,0.282,0.471,0.134,25.904,903606
1782481686899,-197,-197,0.000,6.524,6.516,0.408,0.533,0.129,25.990,903639
1782481686932,-202,-202,0.000,6.533,6.516,0.377,0.502,0.129,25.904,903672
1782481686965,-207,-207,0.000,6.524,6.524,0.377,0.502,0.129,25.990,903705
1782481686999,-210,-210,0.000,6.508,6.508,0.345,0.502,0.118,25.904,903738
1782481687031,-215,-215,0.000,6.516,6.508,0.377,0.502,0.124,25.990,903771
1782481687065,-220,-220,0.000,6.516,6.499,0.345,0.565,0.134,25.990,903804
1782481687099,-222,-222,0.000,6.516,6.508,0.377,0.471,0.129,25.990,903837
1782481687130,-227,-227,0.006,6.499,6.491,0.439,0.690,0.134,25.904,903870
1782481687166,-232,-232,0.000,6.499,6.466,0.439,0.784,0.118,25.990,903903
1782481687197,-235,-235,0.000,6.508,6.491,0.408,0.596,0.134,25.990,903936
1782481687231,-240,-240,0.000,6.491,6.483,0.533,0.690,0.118,25.990,903969
1782481687264,-245,-245,0.000,6.499,6.491,0.471,0.628,0.129,25.990,904002
1782481687298,-247,-247,0.000,6.491,6.475,0.377,0.753,0.156,25.990,904035
1782481687330,-252,-252,0.000,6.483,6.475,0.439,0.753,0.151,25.990,904068
1782481687363,-257,-257,0.000,6.475,6.458,0.628,0.879,0.145,25.990,904101
1782481687397,-260,-260,0.000,6.483,6.475,0.471,0.816,0.188,25.904,904134
1782481687430,-255,-255,0.000,6.475,6.458,0.502,0.816,0.194,25.990,904167
1782481687470,-250,-250,0.000,6.450,6.433,0.628,0.910,0.183,25.990,904200
1782481687497,-247,-247,0.000,6.483,6.475,0.565,0.690,0.161,25.990,904233
1782481687530,-242,-242,0.012,6.475,6.475,0.408,0.816,0.199,25.990,904266
1782481687564,-237,-237,0.000,6.475,6.491,0.439,0.628,0.199,25.904,904299
1782481687596,-235,-235,0.000,6.491,6.458,0.439,0.722,0.204,25.990,904332
1782481687630,-230,-230,0.000,6.483,6.475,0.471,0.628,0.172,25.990,904365
1782481687671,-225,-225,0.000,6.508,6.483,0.408,0.596,0.188,25.990,904398
1782481687697,-222,-222,0.000,6.483,6.475,0.533,0.690,0.220,25.990,904431
1782481687730,-217,-217,0.006,6.491,6.491,0.471,0.565,0.188,25.990,904464
1782481687765,-212,-212,0.012,6.499,6.483,0.377,0.690,0.188,25.904,904497
1782481687796,-210,-210,0.000,6.499,6.491,0.345,0.565,0.172,25.990,904530
1782481687830,-215,-215,0.000,6.508,6.499,0.345,0.533,0.199,26.077,904563
1782481687867,-220,-220,0.006,6.508,6.499,0.439,0.533,0.188,25.904,904596
1782481687895,-222,-222,0.000,6.508,6.499,0.377,0.502,0.183,25.990,904629
1782481687930,-227,-227,0.000,6.499,6.475,0.377,0.753,0.188,25.990,904662
1782481687962,-232,-232,0.000,6.491,6.491,0.377,0.628,0.194,25.990,904695
1782481687996,-235,-235,0.000,6.491,6.475,0.377,0.565,0.183,25.990,904728
1782481688029,-240,-240,0.000,6.483,6.475,0.502,0.690,0.183,25.990,904761
1782481688068,-245,-245,0.000,6.491,6.491,0.377,0.690,0.177,25.990,904794
1782481688095,-247,-247,0.000,6.491,6.458,0.439,0.753,0.167,25.990,904827
1782481688129,-252,-252,0.000,6.475,6.475,0.502,0.753,0.183,25.904,904860
1782481688162,-255,-255,0.000,6.475,6.458,0.471,0.722,0.194,25.990,904893
1782481688196,-260,-260,0.000,6.458,6.475,0.596,0.722,0.167,25.990,904926
1782481688229,-255,-255,0.000,6.475,6.466,0.471,0.784,0.194,25.990,904959
1782481688261,-252,-252,0.000,6.475,6.450,0.565,0.753,0.177,25.990,904992
1782481688295,-247,-247,0.000,6.475,6.466,0.408,0.628,0.172,25.990,905025
1782481688328,-242,-242,0.000,6.466,6.450,0.471,0.941,0.188,25.990,905058
1782481688362,-240,-240,0.000,6.483,6.475,0.533,0.722,0.204,25.904,905091
1782481688396,-235,-235,0.000,6.499,6.491,0.439,0.533,0.194,25.990,905124
1782481688429,-230,-230,0.006,6.499,6.483,0.377,0.596,0.204,25.904,905157
1782481688461,-227,-227,0.006,6.508,6.491,0.439,0.502,0.172,25.990,905190
1782481688499,-222,-222,0.006,6.516,6.499,0.314,0.439,0.183,25.990,905223
1782481688527,-217,-217,0.000,6.499,6.491,0.408,0.565,0.172,25.990,905256
1782481688560,-215,-215,0.000,6.499,6.499,0.345,0.596,0.194,25.990,905289
1782481688594,-210,-210,0.000,6.499,6.516,0.314,0.533,0.204,25.904,905322
1782481688628,-205,-205,0.000,6.516,6.508,0.314,0.439,0.194,25.990,905355
1782481688661,-202,-202,0.000,6.499,6.499,0.377,0.533,0.188,25.990,905388
1782481688695,-197,-197,0.000,6.508,6.508,0.282,0.565,0.194,25.990,905421
1782481688727,-195,-190,0.000,6.516,6.516,0.251,0.502,0.156,25.990,905454
1782481688761,-195,-185,0.000,6.524,6.524,0.314,0.471,0.194,25.904,905487
1782481688793,-195,-175,0.000,6.524,6.516,0.282,0.502,0.177,25.990,905520
1782481688827,-195,-165,0.006,6.533,6.516,0.220,0.377,0.167,25.990,905553
1782481688861,-195,-160,0.000,6.533,6.524,0.188,0.408,0.183,25.990,905586
1782481688894,-185,-160,0.000,6.524,6.516,0.188,0.471,0.172,25.990,905619
1782481688927,-175,-160,0.012,6.524,6.524,0.220,0.408,0.188,25.990,905652
1782481688960,-170,-160,0.000,6.541,6.533,0.220,0.408,0.188,25.904,905685
1782481688994,-160,-160,0.000,6.541,6.541,0.220,0.377,0.199,25.990,905718
1782481689031,-155,-155,0.000,6.557,6.541,0.188,0.314,0.188,25.990,905751
1782481689068,-150,-150,0.000,6.549,6.541,0.220,0.282,0.172,25.904,905784
1782481689096,-147,-147,0.000,6.566,6.541,0.188,0.282,0.177,25.990,905817
1782481689137,-142,-142,0.000,6.541,6.541,0.251,0.408,0.199,25.904,905850
1782481689160,-140,-140,0.000,6.541,6.533,0.188,0.377,0.167,25.990,905883
1782481689198,-135,-135,0.006,6.549,6.541,0.188,0.408,0.183,25.990,905916
1782481689226,-130,-130,0.006,6.541,6.541,0.188,0.377,0.204,25.904,905949
1782481689267,-125,-125,0.000,6.541,6.533,0.188,0.439,0.194,25.990,905982
1782481689301,-122,-122,0.000,6.541,6.533,0.220,0.471,0.247,25.990,906015
1782481689337,-117,-117,0.000,6.557,6.541,0.188,0.282,0.172,25.990,906048
1782481689359,-115,-115,0.000,6.549,6.549,0.220,0.345,0.161,25.990,906081
1782481689392,-110,-110,0.000,6.566,6.557,0.188,0.251,0.183,25.990,906114
1782481689425,-105,-105,0.000,6.566,6.557,0.188,0.282,0.167,25.990,906147
1782481689459,-102,-102,0.000,6.566,6.557,0.220,0.251,0.204,25.990,906180
1782481689492,-97,-97,0.000,6.557,6.566,0.220,0.220,0.177,25.990,906213
1782481689527,-92,-92,0.000,6.574,6.582,0.188,0.157,0.161,25.904,906246
1782481689559,-90,-90,0.006,6.582,6.574,0.188,0.157,0.188,26.077,906279
1782481689592,-85,-85,0.000,6.591,6.574,0.220,0.126,0.172,25.990,906312
1782481689625,-80,-80,0.000,6.566,6.574,0.188,0.126,0.194,25.904,906345
1782481689659,-77,-77,0.006,6.574,6.574,0.188,0.157,0.183,25.990,906378
1782481689691,-72,-72,0.000,6.582,6.574,0.188,0.157,0.177,26.077,906411
1782481689727,-67,-67,0.000,6.582,6.574,0.188,0.157,0.183,25.990,906444
1782481689757,-65,-65,0.000,6.574,6.591,0.157,0.157,0.204,25.990,906477
1782481689791,-60,-60,0.000,6.582,6.574,0.188,0.188,0.172,25.990,906510
1782481689824,-57,-57,0.006,6.582,6.582,0.188,0.126,0.194,25.990,906543
1782481689857,-52,-52,0.000,6.591,6.566,0.157,0.157,0.172,25.990,906576
1782481689891,-47,-47,0.000,6.599,6.591,0.188,0.157,0.183,25.990,906609
1782481689924,-45,-45,0.000,6.574,6.582,0.188,0.157,0.188,25.990,906642
1782481689967,-37,-37,0.000,6.591,6.582,0.157,0.188,0.188,25.904,906675
1782481689992,-35,-35,0.000,6.591,6.582,0.157,0.188,0.172,26.077,906708
1782481690034,-30,-30,0.000,6.582,6.574,0.188,0.220,0.188,25.990,906741
1782481690066,-25,-25,0.000,6.582,6.582,0.188,0.157,0.156,25.990,906774
1782481690100,-22,-22,0.000,6.591,6.582,0.188,0.157,0.177,25.990,906807
1782481690131,-17,-17,0.000,6.582,6.582,0.220,0.157,0.167,25.990,906840
1782481690165,-15,-15,0.006,6.582,6.582,0.188,0.157,0.183,25.990,906873
1782481690198,-10,-10,0.000,6.591,6.582,0.157,0.188,0.183,25.990,906906
1782481690231,-5,-5,0.006,6.591,6.582,0.188,0.157,0.172,26.077,906939
1782481690264,-2,-2,0.006,6.591,6.582,0.188,0.157,0.134,25.990,906972
1782481690296,0,0,0.000,6.591,6.582,0.126,0.157,0.167,25.990,907005
1782481690330,0,0,0.000,6.591,6.591,0.126,0.157,0.140,25.990,907038
1782481690363,0,0,0.000,6.591,6.582,0.188,0.188,0.124,25.990,907071
1782481690396,0,0,0.000,6.591,6.582,0.157,0.157,0.129,25.904,907104
1782481690429,0,0,0.000,6.591,6.574,0.188,0.157,0.129,25.990,907137
1782481690465,0,0,0.000,6.591,6.591,0.188,0.157,0.140,25.990,907170
1782481690495,0,0,0.000,6.591,6.582,0.157,0.157,0.151,25.990,907203
1782481690531,0,0,0.000,6.591,6.591,0.157,0.188,0.129,25.990,907236
1782481690561,0,0,0.006,6.591,6.582,0.188,0.157,0.151,25.904,907269
1782481690594,0,0,0.000,6.591,6.582,0.188,0.157,0.129,25.990,907302
1782481690629,0,0,0.000,6.591,6.591,0.188,0.188,0.129,25.990,907335
1782481690672,0,0,0.000,6.599,6.582,0.188,0.157,0.129,25.990,907368
1782481690693,0,0,0.000,6.591,6.591,0.188,0.157,0.118,26.077,907401
1782481690727,0,0,0.000,6.599,6.591,0.188,0.157,0.129,25.990,907434
1782481690766,0,0,0.000,6.591,6.582,0.188,0.188,0.134,25.990,907467
1782481690792,0,0,0.000,6.574,6.591,0.188,0.157,0.124,25.990,907500
1782481690825,0,0,0.000,6.591,6.591,0.157,0.157,0.129,25.990,907533
1782481690858,0,0,0.000,6.591,6.591,0.188,0.157,0.124,25.990,907566
1782481690891,0,0,0.000,6.599,6.591,0.188,0.157,0.129,25.990,907599
1782481690939,0,0,0.000,6.591,6.591,0.188,0.157,0.129,25.990,907632
1782481690957,0,0,0.006,6.591,6.591,0.188,0.188,0.129,25.990,907665
1782481690990,0,0,0.000,6.582,6.599,0.188,0.157,0.129,25.990,907698
1782481691023,0,0,0.000,6.582,6.582,0.188,0.157,0.124,25.990,907731
1782481691057,0,0,0.000,6.607,6.574,0.188,0.157,0.129,25.990,907764
1782481691089,0,0,0.000,6.599,6.591,0.188,0.157,0.134,25.990,907797
1782481691122,0,0,0.000,6.607,6.582,0.220,0.126,0.129,25.990,907830
1782481691155,0,0,0.006,6.591,6.582,0.157,0.157,0.129,25.904,907863
1782481691188,0,0,0.000,6.599,6.591,0.188,0.157,0.124,25.990,907896
1782481691221,0,0,0.000,6.591,6.582,0.188,0.157,0.129,25.990,907929
1782481691255,0,0,0.000,6.591,6.591,0.188,0.157,0.118,25.990,907962
1782481691287,0,0,0.000,6.599,6.599,0.188,0.188,0.118,25.990,907995
1782481691321,0,0,0.000,6.599,6.591,0.157,0.126,0.129,25.990,908028
1782481691353,0,0,0.000,6.591,6.591,0.188,0.157,0.118,25.990,908061
1782481691387,0,0,0.000,6.599,6.582,0.126,0.188,0.129,25.990,908094
1782481691420,0,0,0.000,6.599,6.591,0.188,0.157,0.129,25.990,908127
1782481691454,0,0,0.000,6.599,6.591,0.188,0.188,0.124,25.990,908160
1782481691486,0,0,0.000,6.591,6.582,0.126,0.157,0.129,25.990,908193
1782481691520,0,0,0.000,6.591,6.591,0.188,0.188,0.129,25.990,908226
1782481691555,0,0,0.000,6.591,6.591,0.188,0.157,0.161,25.904,908259
1782481691586,0,0,0.000,6.599,6.591,0.188,0.157,0.129,25.904,908292
1782481691620,0,0,0.000,6.591,6.582,0.188,0.157,0.129,25.990,908325
1782481691660,0,0,0.000,6.599,6.591,0.188,0.126,0.161,25.990,908358
1782481691687,0,0,0.000,6.607,6.607,0.188,0.188,0.156,25.990,908391
1782481691720,0,0,0.000,6.591,6.574,0.188,0.157,0.134,25.990,908424
1782481691760,0,0,0.000,6.599,6.574,0.188,0.220,0.210,25.904,908457
1782481691786,0,0,0.000,6.591,6.591,0.188,0.157,0.188,25.990,908490
1782481691819,0,0,0.000,6.599,6.591,0.188,0.126,0.177,25.990,908523
1782481691856,0,0,0.000,6.591,6.591,0.188,0.157,0.204,25.990,908556
1782481691885,0,0,0.000,6.591,6.582,0.157,0.126,0.204,25.990,908589
1782481691920,0,0,0.000,6.582,6.599,0.188,0.157,0.183,25.990,908622
1782481691952,0,0,0.000,6.599,6.591,0.188,0.157,0.188,25.990,908655
1782481691986,0,0,0.000,6.599,6.591,0.220,0.188,0.172,25.990,908688
1782481692036,0,0,0.000,6.591,6.582,0.188,0.126,0.177,25.990,908721
1782481692053,0,0,0.000,6.591,6.591,0.126,0.157,0.172,25.990,908754
1782481692086,0,0,0.000,6.591,6.591,0.157,0.188,0.156,25.904,908787
1782481692118,0,0,0.000,6.599,6.591,0.157,0.157,0.167,25.990,908820
1782481692152,0,0,0.000,6.591,6.582,0.157,0.188,0.199,25.904,908853
1782481692185,0,0,0.000,6.591,6.591,0.157,0.188,0.183,25.990,908886
1782481692218,0,0,0.000,6.599,6.591,0.157,0.157,0.167,25.990,908919
1782481692251,0,0,0.006,6.599,6.591,0.188,0.188,0.183,25.904,908952
1782481692287,0,0,0.000,6.591,6.591,0.220,0.157,0.210,25.990,908985
1782481692318,0,0,0.000,6.591,6.582,0.188,0.157,0.167,25.904,909018
1782481692352,0,0,0.000,6.591,6.591,0.126,0.157,0.204,25.990,909051
1782481692385,0,0,0.000,6.591,6.574,0.188,0.157,0.161,26.077,909084
1782481692420,0,0,0.000,6.607,6.591,0.188,0.157,0.188,25.990,909117
1782481692451,0,0,0.000,6.591,6.582,0.188,0.157,0.161,25.990,909150
1782481692484,0,0,0.000,6.591,6.599,0.188,0.157,0.183,25.904,909183
1782481692519,0,0,0.000,6.591,6.582,0.126,0.157,0.177,25.990,909216
1782481692550,0,0,0.000,6.591,6.582,0.157,0.157,0.194,25.990,909249
1782481692588,0,0,0.006,6.599,6.599,0.188,0.157,0.172,25.990,909282
1782481692617,0,0,0.000,6.607,6.591,0.188,0.157,0.167,25.990,909315
1782481692651,0,0,0.000,6.599,6.574,0.188,0.188,0.172,25.904,909348
1782481692684,0,0,0.000,6.591,6.591,0.188,0.157,0.194,25.990,909381
1782481692717,0,0,0.000,6.591,6.599,0.188,0.157,0.172,25.990,909414
1782481692751,0,0,0.000,6.591,6.591,0.188,0.157,0.188,25.990,909447
1782481692784,0,0,0.000,6.591,6.591,0.188,0.157,0.194,25.990,909480
1782481692817,0,0,0.000,6.607,6.591,0.157,0.157,0.194,25.990,909513
1782481692850,0,0,0.000,6.591,6.591,0.157,0.126,0.183,25.904,909546
1782481692885,0,0,0.000,6.599,6.582,0.188,0.157,0.199,25.990,909579
1782481692917,0,0,0.000,6.591,6.591,0.126,0.126,0.188,25.904,909612
