t_unix_ms,l,r,v_cell_1,v_bat,v_q,i_esc_1,i_esc_2,i_sys,temp_c,uptime_ms
1782536884340,0,0,0.000,6.557,6.549,0.188,0.157,0.124,25.215,884928
1782536884374,0,0,0.000,6.557,6.549,0.157,0.157,0.188,25.215,884961
1782536884408,0,0,0.000,6.549,6.549,0.220,0.157,0.177,25.215,884994
1782536884438,0,0,0.000,6.549,6.549,0.220,0.126,0.183,25.215,885027
1782536884475,0,0,0.000,6.549,6.541,0.188,0.157,0.172,25.215,885060
1782536884505,0,0,0.000,6.549,6.541,0.157,0.126,0.188,25.129,885093
1782536884540,0,0,0.000,6.549,6.549,0.157,0.157,0.177,25.301,885126
1782536884577,0,0,0.000,6.549,6.541,0.188,0.157,0.188,25.215,885159
1782536884605,0,0,0.000,6.549,6.541,0.188,0.157,0.183,25.215,885192
1782536884639,0,0,0.000,6.549,6.541,0.220,0.157,0.204,25.215,885225
1782536884671,0,0,0.000,6.549,6.541,0.220,0.126,0.167,25.215,885258
1782536884725,0,0,0.000,6.557,6.541,0.188,0.157,0.172,25.215,885291
1782536884756,0,0,0.000,6.549,6.541,0.188,0.157,0.177,25.215,885324
1782536884785,0,0,0.000,6.541,6.541,0.188,0.157,0.177,25.301,885357
1782536884804,0,0,0.006,6.549,6.541,0.188,0.157,0.188,25.129,885390
1782536884838,0,0,0.000,6.541,6.541,0.188,0.157,0.231,25.215,885423
1782536884871,0,0,0.000,6.541,6.533,0.157,0.188,0.312,25.215,885456
1782536884904,0,0,0.000,6.541,6.541,0.188,0.157,0.215,25.215,885489
1782536884947,0,0,0.000,6.541,6.541,0.188,0.157,0.237,25.215,885522
1782536885001,0,0,0.000,6.541,6.541,0.188,0.157,0.210,25.215,885555
1782536885007,0,0,0.000,6.549,6.541,0.188,0.188,0.210,25.215,885588
1782536885042,0,0,0.000,6.557,6.541,0.157,0.188,0.323,25.301,885621
1782536885071,0,0,0.000,6.549,6.533,0.188,0.188,0.210,25.215,885654
1782536885104,0,0,0.000,6.557,6.533,0.188,0.157,0.204,25.215,885687
1782536885137,0,0,0.000,6.549,6.524,0.188,0.126,0.220,25.215,885720
1782536885170,0,0,0.000,6.533,6.524,0.188,0.157,0.237,25.215,885753
1782536885204,0,0,0.000,6.541,6.541,0.188,0.157,0.226,25.129,885786
1782536885237,0,0,0.000,6.541,6.541,0.157,0.157,0.215,25.215,885819
1782536885270,0,0,0.000,6.533,6.533,0.188,0.157,0.323,25.215,885852
1782536885305,0,0,0.000,6.549,6.541,0.157,0.157,0.242,25.215,885885
1782536885336,0,0,0.000,6.541,6.533,0.188,0.157,0.247,25.215,885918
1782536885370,0,0,0.000,6.541,6.541,0.188,0.157,0.220,25.215,885951
1782536885403,0,0,0.000,6.549,6.541,0.126,0.126,0.210,25.215,885984
1782536885438,0,0,0.006,6.533,6.549,0.188,0.157,0.317,25.215,886017
1782536885470,0,0,0.006,6.533,6.533,0.251,0.157,0.344,25.215,886050
1782536885503,0,0,0.000,6.557,6.533,0.157,0.220,0.226,25.215,886083
1782536885537,0,0,0.006,6.541,6.533,0.188,0.188,0.237,25.215,886116
1782536885569,0,0,0.000,6.549,6.541,0.188,0.188,0.226,25.215,886149
1782536885603,0,0,0.000,6.549,6.541,0.188,0.157,0.226,25.215,886182
1782536885637,0,0,0.000,6.541,6.533,0.220,0.220,0.220,25.215,886215
1782536885671,0,0,0.000,6.541,6.524,0.220,0.126,0.323,25.215,886248
1782536885703,0,0,0.000,6.541,6.541,0.188,0.126,0.220,25.215,886281
1782536885747,0,0,0.000,6.541,6.533,0.188,0.126,0.237,25.215,886314
1782536885768,0,0,0.000,6.533,6.549,0.188,0.157,0.215,25.215,886347
1782536885802,0,0,0.000,6.541,6.541,0.157,0.126,0.237,25.215,886380
1782536885836,0,0,0.000,6.549,6.524,0.188,0.126,0.237,25.215,886413
1782536885871,0,0,0.000,6.549,6.533,0.188,0.157,0.237,25.129,886446
1782536885902,0,0,0.000,6.541,6.533,0.188,0.188,0.231,25.215,886479
1782536885935,0,0,0.000,6.541,6.541,0.157,0.157,0.237,25.215,886512
1782536885970,0,0,0.000,6.541,6.541,0.126,0.157,0.237,25.215,886545
1782536886003,0,0,0.000,6.541,6.541,0.157,0.157,0.237,25.215,886578
1782536886035,0,0,0.006,6.549,6.541,0.188,0.126,0.210,25.215,886611
1782536886073,0,0,0.000,6.549,6.533,0.157,0.157,0.215,25.301,886644
1782536886101,0,0,0.000,6.541,6.549,0.188,0.157,0.204,25.215,886677
1782536886136,0,0,0.000,6.541,6.541,0.220,0.157,0.226,25.215,886710
1782536886167,0,0,0.000,6.541,6.541,0.126,0.188,0.237,25.301,886743
1782536886201,0,0,0.000,6.533,6.541,0.188,0.157,0.269,25.215,886776
1782536886235,0,0,0.006,6.541,6.524,0.157,0.188,0.237,25.215,886809
1782536886268,0,0,0.000,6.541,6.541,0.188,0.126,0.204,25.215,886842
1782536886301,0,0,0.000,6.541,6.541,0.188,0.157,0.204,25.215,886875
1782536886335,0,0,0.006,6.541,6.533,0.251,0.157,0.258,25.215,886908
1782536886368,0,0,0.000,6.541,6.541,0.157,0.220,0.237,25.215,886941
1782536886401,0,0,0.000,6.549,6.541,0.188,0.157,0.220,25.215,886974
1782536886434,0,0,0.000,6.541,6.533,0.188,0.157,0.242,25.215,887007
1782536886467,0,0,0.000,6.524,6.516,0.188,0.157,0.435,25.215,887040
1782536886502,0,0,0.000,6.541,6.541,0.157,0.188,0.215,25.129,887073
1782536886536,0,0,0.000,6.557,6.541,0.188,0.157,0.215,25.215,887106
1782536886576,0,0,0.000,6.541,6.541,0.188,0.157,0.237,25.215,887139
1782536886610,0,0,0.000,6.541,6.541,0.188,0.126,0.231,25.215,887172
1782536886643,0,0,0.000,6.533,6.541,0.188,0.157,0.220,25.215,887205
1782536886679,0,0,0.000,6.549,6.549,0.251,0.157,0.210,25.215,887238
1782536886708,0,0,0.000,6.549,6.533,0.157,0.157,0.355,25.129,887271
1782536886741,0,0,0.000,6.541,6.541,0.188,0.126,0.226,25.215,887304
1782536886774,0,0,0.000,6.541,6.541,0.188,0.188,0.210,25.215,887337
1782536886818,0,0,0.000,6.541,6.533,0.188,0.188,0.220,25.215,887370
1782536886841,0,0,0.000,6.533,6.549,0.157,0.126,0.231,25.215,887403
1782536886874,0,0,0.000,6.541,6.541,0.220,0.188,0.220,25.129,887436
1782536886909,0,0,0.000,6.541,6.541,0.188,0.157,0.220,25.129,887469
1782536886939,0,0,0.000,6.533,6.524,0.157,0.157,0.387,25.215,887502
1782536886972,0,0,0.000,6.533,6.541,0.188,0.157,0.215,25.129,887535
1782536887008,0,0,0.000,6.541,6.533,0.157,0.157,0.215,25.215,887568
1782536887038,0,0,0.000,6.549,6.541,0.188,0.157,0.285,25.215,887601
1782536887071,0,0,0.000,6.549,6.541,0.188,0.157,0.215,25.301,887634
1782536887104,0,0,0.006,6.549,6.533,0.188,0.188,0.215,25.215,887667
1782536887140,0,0,0.000,6.533,6.524,0.188,0.188,0.296,25.215,887700
1782536887181,0,0,0.000,6.541,6.557,0.188,0.157,0.263,25.215,887733
1782536887204,0,0,0.006,6.533,6.533,0.188,0.188,0.339,25.215,887766
1782536887240,0,0,0.000,6.541,6.541,0.188,0.157,0.204,25.215,887799
1782536887270,0,0,0.000,6.541,6.524,0.188,0.126,0.263,25.301,887832
1782536887304,0,0,0.000,6.541,6.541,0.157,0.157,0.215,25.129,887865
1782536887336,0,0,0.000,6.557,6.533,0.157,0.157,0.204,25.215,887898
1782536887378,0,0,0.000,6.541,6.541,0.188,0.157,0.215,25.215,887931
1782536887401,0,0,0.000,6.549,6.533,0.188,0.157,0.220,25.215,887964
1782536887435,0,0,0.006,6.541,6.549,0.188,0.157,0.210,25.215,887997
1782536887467,0,0,0.000,6.541,6.541,0.157,0.188,0.258,25.215,888030
1782536887500,0,0,0.000,6.541,6.541,0.157,0.157,0.215,25.215,888063
1782536887533,0,0,0.000,6.541,6.533,0.188,0.157,0.366,25.215,888096
1782536887566,0,0,0.000,6.549,6.533,0.188,0.157,0.215,25.301,888129
1782536887599,0,0,0.000,6.541,6.533,0.126,0.157,0.290,25.215,888162
1782536887634,0,0,0.000,6.549,6.533,0.157,0.188,0.204,25.215,888195
1782536887666,0,0,0.006,6.541,6.524,0.188,0.157,0.220,25.129,888228
1782536887698,0,0,0.000,6.541,6.533,0.188,0.157,0.204,25.215,888261
1782536887731,0,0,0.000,6.541,6.541,0.188,0.126,0.210,25.215,888294
1782536887764,0,0,0.000,6.533,6.524,0.188,0.126,0.392,25.215,888327
1782536887803,0,0,0.000,6.549,6.533,0.188,0.188,0.253,25.215,888360
1782536887831,0,0,0.000,6.557,6.541,0.188,0.157,0.215,25.215,888393
1782536887864,0,0,0.006,6.541,6.524,0.188,0.157,0.306,25.215,888426
1782536887901,0,0,0.000,6.549,6.524,0.188,0.126,0.226,25.215,888459
1782536887930,0,0,0.000,6.541,6.533,0.157,0.157,0.215,25.215,888492
1782536887967,0,0,0.000,6.557,6.524,0.188,0.188,0.220,25.215,888525
1782536888026,0,0,0.000,6.524,6.533,0.188,0.188,0.258,25.215,888558
1782536888039,0,0,0.000,6.541,6.541,0.188,0.157,0.237,25.215,888591
1782536888064,0,0,0.006,6.533,6.524,0.188,0.188,0.376,25.215,888624
1782536888097,0,0,0.000,6.541,6.524,0.188,0.157,0.285,25.215,888657
1782536888130,0,0,0.000,6.524,6.524,0.188,0.126,0.425,25.215,888690
1782536888171,0,0,0.000,6.541,6.533,0.220,0.126,0.247,25.215,888723
1782536888205,0,0,0.006,6.533,6.524,0.157,0.157,0.349,25.215,888756
1782536888229,0,0,0.006,6.541,6.533,0.157,0.157,0.269,25.215,888789
1782536888264,15,15,0.000,6.533,6.533,0.220,0.220,0.430,25.215,888822
1782536888306,45,45,0.000,6.533,6.541,0.157,0.157,0.280,25.215,888855
1782536888330,60,60,0.000,6.541,6.533,0.157,0.188,0.349,25.215,888888
1782536888366,90,90,0.000,6.549,6.541,0.188,0.157,0.215,25.129,888921
1782536888396,105,105,0.000,6.541,6.533,0.188,0.126,0.215,25.215,888954
1782536888428,135,135,0.000,6.541,6.524,0.251,0.220,0.382,25.215,888987
1782536888465,165,165,0.000,6.541,6.524,0.188,0.188,0.220,25.215,889020
1782536888498,180,180,0.006,6.508,6.499,0.439,0.282,0.258,25.215,889053
1782536888529,210,210,0.000,6.475,6.450,0.941,0.377,0.237,25.301,889086
1782536888562,240,240,0.000,6.400,6.392,1.475,0.565,0.247,25.215,889119
1782536888597,255,255,0.006,6.392,6.375,1.412,0.722,0.247,25.129,889152
1782536888630,285,285,0.000,6.433,6.400,0.941,0.722,0.220,25.215,889185
1782536888663,245,245,0.000,6.384,6.359,1.255,0.879,0.231,25.215,889218
1782536888695,225,225,0.000,6.359,6.342,1.694,0.753,0.323,25.215,889251
1782536888729,185,185,0.000,6.425,6.417,0.847,0.596,0.220,25.215,889284
1782536888761,145,145,0.000,6.475,6.475,0.565,0.282,0.215,25.215,889317
1782536888794,125,125,0.000,6.483,6.466,0.408,0.345,0.392,25.215,889350
1782536888828,85,85,0.000,6.516,6.524,0.220,0.157,0.242,25.215,889383
1782536888861,65,65,0.000,6.533,6.524,0.188,0.220,0.237,25.215,889416
1782536888894,25,25,0.006,6.524,6.516,0.188,0.157,0.306,25.215,889449
1782536888929,0,0,0.000,6.533,6.524,0.188,0.157,0.242,25.215,889482
1782536888961,0,0,0.000,6.533,6.533,0.188,0.157,0.231,25.215,889515
1782536888995,0,0,0.000,6.549,6.516,0.126,0.157,0.231,25.215,889548
1782536889037,0,0,0.000,6.541,6.516,0.188,0.157,0.226,25.215,889581
1782536889072,0,0,0.000,6.524,6.541,0.157,0.188,0.210,25.215,889614
1782536889097,0,0,0.000,6.541,6.541,0.220,0.188,0.215,25.301,889647
1782536889130,0,0,0.006,6.533,6.533,0.188,0.188,0.220,25.215,889680
1782536889160,0,0,0.000,6.533,6.533,0.188,0.157,0.242,25.215,889713
1782536889193,-30,-30,0.000,6.541,6.533,0.188,0.157,0.220,25.215,889746
1782536889226,-60,-60,0.000,6.533,6.533,0.188,0.188,0.237,25.301,889779
1782536889261,-75,-75,0.000,6.533,6.533,0.188,0.188,0.210,25.215,889812
1782536889294,-105,-105,0.000,6.533,6.541,0.251,0.157,0.231,25.215,889845
1782536889327,-135,-135,0.000,6.541,6.533,0.188,0.157,0.215,25.301,889878
1782536889367,-165,-165,0.012,6.541,6.541,0.188,0.157,0.220,25.215,889911
1782536889397,-180,-180,0.000,6.524,6.499,0.188,0.251,0.382,25.129,889944
1782536889428,-210,-210,0.006,6.475,6.475,0.345,0.533,0.231,25.215,889977
1782536889460,-225,-225,0.000,6.491,6.483,0.220,0.533,0.242,25.301,890010
1782536889494,-255,-255,0.000,6.466,6.458,0.377,0.816,0.226,25.129,890043
1782536889528,-285,-285,0.000,6.433,6.433,0.533,0.753,0.204,25.215,890076
1782536889559,-300,-300,0.000,6.400,6.375,1.004,1.004,0.258,25.129,890109
1782536889596,-330,-330,0.000,6.408,6.392,0.910,0.941,0.215,25.215,890142
1782536889663,-390,-390,0.006,6.384,6.375,1.161,0.910,0.247,25.129,890175
1782536889672,-390,-390,0.006,6.342,6.309,1.475,1.286,0.226,25.215,890208
1782536889692,-405,-405,0.006,6.326,6.301,1.663,1.098,0.296,25.129,890241
1782536889726,-365,-365,0.000,6.309,6.276,1.757,1.255,0.220,25.215,890274
1782536889759,-345,-345,0.006,6.251,6.226,2.165,1.537,0.285,25.215,890307
1782536889791,-305,-305,0.000,6.326,6.301,1.632,1.130,0.242,25.215,890340
1782536889855,-245,-245,0.000,6.400,6.392,1.035,0.628,0.274,25.215,890373
1782536889866,-225,-225,0.006,6.475,6.466,0.533,0.282,0.215,25.215,890406
1782536889893,-205,-205,0.006,6.458,6.450,0.502,0.408,0.237,25.215,890439
1782536889926,-165,-165,0.006,6.491,6.475,0.251,0.282,0.344,25.129,890472
1782536889959,-145,-145,0.000,6.516,6.516,0.188,0.220,0.237,25.215,890505
1782536889991,-105,-105,0.000,6.508,6.499,0.220,0.251,0.210,25.301,890538
1782536890026,-65,-65,0.000,6.516,6.508,0.220,0.157,0.215,25.215,890571
1782536890060,-45,-45,0.000,6.516,6.524,0.188,0.188,0.280,25.215,890604
1782536890091,-5,-5,0.000,6.524,6.516,0.188,0.157,0.226,25.215,890637
1782536890127,0,0,0.000,6.524,6.524,0.188,0.157,0.210,25.215,890670
1782536890157,0,0,0.000,6.524,6.516,0.157,0.157,0.237,25.215,890703
1782536890192,0,0,0.000,6.524,6.516,0.188,0.157,0.237,25.215,890736
1782536890225,0,0,0.000,6.508,6.516,0.188,0.157,0.333,25.301,890769
1782536890260,0,0,0.000,6.533,6.524,0.188,0.157,0.242,25.301,890802
1782536890291,0,0,0.006,6.524,6.533,0.188,0.157,0.215,25.215,890835
1782536890324,0,0,0.000,6.516,6.516,0.188,0.188,0.231,25.215,890868
1782536890358,0,0,0.000,6.524,6.524,0.157,0.157,0.226,25.215,890901
1782536890390,0,0,0.000,6.524,6.524,0.188,0.188,0.215,25.215,890934
1782536890425,0,0,0.006,6.533,6.524,0.188,0.126,0.215,25.129,890967
1782536890457,0,0,0.000,6.533,6.524,0.157,0.188,0.210,25.215,891000
1782536890492,0,0,0.006,6.541,6.524,0.188,0.157,0.215,25.215,891033
1782536890524,0,0,0.000,6.524,6.524,0.188,0.188,0.231,25.215,891066
1782536890557,0,0,0.000,6.524,6.524,0.188,0.157,0.237,25.215,891099
1782536890606,0,0,0.000,6.533,6.533,0.188,0.157,0.215,25.215,891132
1782536890632,0,0,0.006,6.524,6.533,0.188,0.157,0.210,25.129,891165
1782536890680,0,0,0.000,6.524,6.524,0.220,0.157,0.247,25.215,891198
1782536890690,0,0,0.000,6.524,6.516,0.220,0.188,0.317,25.215,891231
1782536890726,0,0,0.000,6.524,6.524,0.188,0.188,0.210,25.129,891264
1782536890758,0,0,0.000,6.533,6.533,0.188,0.188,0.226,25.215,891297
1782536890790,0,0,0.000,6.524,6.533,0.188,0.157,0.204,25.215,891330
1782536890825,0,0,0.000,6.533,6.524,0.188,0.157,0.231,25.215,891363
1782536890860,0,0,0.000,6.541,6.541,0.188,0.188,0.237,25.215,891396
1782536890889,0,0,0.006,6.524,6.524,0.188,0.157,0.231,25.215,891429
1782536890928,0,0,0.000,6.533,6.524,0.188,0.188,0.226,25.215,891462
1782536890984,0,0,0.006,6.533,6.524,0.188,0.157,0.220,25.215,891495
1782536891005,0,0,0.000,6.524,6.524,0.188,0.157,0.215,25.129,891528
1782536891037,0,0,0.000,6.541,6.524,0.188,0.126,0.226,25.129,891561
1782536891065,0,0,0.000,6.533,6.524,0.157,0.126,0.210,25.215,891594
1782536891099,0,0,0.000,6.533,6.524,0.188,0.157,0.226,25.215,891627
1782536891133,0,0,0.006,6.541,6.524,0.188,0.188,0.253,25.129,891660
1782536891167,0,0,0.000,6.533,6.533,0.188,0.157,0.204,25.215,891693
1782536891198,0,0,0.000,6.516,6.524,0.188,0.126,0.306,25.215,891726
1782536891234,0,0,0.000,6.533,6.533,0.157,0.126,0.226,25.215,891759
1782536891271,0,0,0.000,6.533,6.524,0.188,0.157,0.237,25.215,891792
1782536891330,0,0,0.000,6.541,6.541,0.157,0.157,0.215,25.215,891825
1782536891332,0,0,0.006,6.524,6.533,0.188,0.126,0.204,25.215,891858
1782536891371,0,0,0.000,6.533,6.524,0.157,0.157,0.231,25.301,891891
1782536891395,0,0,0.000,6.533,6.524,0.188,0.157,0.333,25.301,891924
1782536891441,0,0,0.000,6.524,6.541,0.188,0.157,0.204,25.215,891957
1782536891466,0,0,0.000,6.533,6.533,0.157,0.157,0.263,25.215,891990
1782536891495,0,0,0.006,6.524,6.533,0.188,0.157,0.296,25.215,892023
1782536891543,0,0,0.000,6.524,6.524,0.188,0.220,0.210,25.215,892056
1782536891560,0,0,0.006,6.524,6.516,0.188,0.157,0.355,25.215,892089
1782536891592,0,0,0.000,6.549,6.533,0.188,0.126,0.210,25.301,892122
1782536891626,-30,-30,0.000,6.533,6.541,0.157,0.126,0.215,25.301,892155
1782536891658,-45,-45,0.000,6.541,6.533,0.157,0.157,0.204,25.129,892188
1782536891693,-75,-75,0.000,6.541,6.533,0.188,0.157,0.215,25.215,892221
1782536891724,-90,-90,0.000,6.533,6.533,0.188,0.157,0.204,25.301,892254
1782536891757,-120,-120,0.000,6.533,6.524,0.188,0.157,0.210,25.215,892287
1782536891790,-150,-150,0.000,6.541,6.524,0.188,0.157,0.215,25.301,892320
1782536891823,-165,-165,0.000,6.524,6.516,0.188,0.251,0.328,25.215,892353
1782536891858,-195,-195,0.000,6.508,6.508,0.251,0.251,0.215,25.215,892386
1782536891890,-225,-225,0.000,6.458,6.442,0.879,0.282,0.355,25.215,892419
1782536891927,-255,-255,0.000,6.400,6.384,1.130,0.690,0.215,25.215,892452
1782536891963,-270,-270,0.000,6.425,6.408,0.941,0.628,0.226,25.215,892485
1782536891989,-300,-300,0.000,6.408,6.408,0.941,0.753,0.215,25.215,892518
1782536892021,-315,-315,0.000,6.384,6.359,1.098,1.035,0.263,25.215,892551
1782536892056,-275,-275,0.000,6.400,6.384,0.941,0.784,0.215,25.215,892584
1782536892088,-235,-235,0.000,6.367,6.342,1.318,0.910,0.296,25.215,892617
1782536892121,-215,-215,0.000,6.425,6.417,0.690,0.408,0.376,25.215,892650
1782536892154,-175,-175,0.006,6.475,6.458,0.408,0.377,0.204,25.215,892683
1782536892186,-135,-135,0.006,6.516,6.499,0.220,0.188,0.194,25.215,892716
1782536892221,-115,-115,0.000,6.516,6.508,0.188,0.188,0.344,25.215,892749
1782536892258,-75,-75,0.000,6.524,6.516,0.188,0.188,0.194,25.215,892782
1782536892288,-35,-35,0.000,6.524,6.524,0.188,0.126,0.204,25.215,892815
1782536892320,-15,-15,0.000,6.524,6.524,0.188,0.157,0.269,25.215,892848
1782536892352,0,0,0.000,6.524,6.524,0.157,0.157,0.204,25.215,892881
1782536892386,0,0,0.006,6.516,6.508,0.188,0.188,0.360,25.215,892914
1782536892422,0,0,0.000,6.524,6.524,0.157,0.157,0.263,25.301,892947
1782536892453,0,0,0.000,6.516,6.516,0.188,0.157,0.371,25.129,892980
1782536892486,0,0,0.000,6.549,6.533,0.220,0.157,0.247,25.215,893013
1782536892519,0,0,0.000,6.524,6.516,0.188,0.188,0.220,25.215,893046
1782536892555,0,0,0.000,6.533,6.524,0.188,0.157,0.210,25.215,893079
1782536892585,0,0,0.000,6.533,6.524,0.188,0.126,0.242,25.215,893112
1782536892648,0,0,0.006,6.524,6.524,0.126,0.188,0.274,25.215,893145
1782536892681,0,0,0.000,6.524,6.508,0.188,0.157,0.446,25.215,893178
1782536892689,0,0,0.000,6.524,6.524,0.188,0.188,0.210,25.215,893211
1782536892719,0,0,0.000,6.524,6.533,0.188,0.157,0.226,25.301,893244
1782536892754,0,0,0.000,6.533,6.541,0.126,0.157,0.215,25.215,893277
1782536892785,0,0,0.000,6.541,6.524,0.188,0.126,0.226,25.215,893310
1782536892819,0,0,0.000,6.516,6.508,0.157,0.157,0.392,25.215,893343
1782536892856,0,0,0.000,6.533,6.524,0.220,0.126,0.226,25.215,893376
1782536892889,0,0,0.000,6.524,6.524,0.188,0.188,0.301,25.215,893409
1782536892921,0,0,0.000,6.524,6.524,0.188,0.157,0.349,25.215,893442
1782536892965,0,0,0.000,6.533,6.533,0.157,0.157,0.204,25.215,893475
1782536892997,0,0,0.000,6.533,6.524,0.188,0.157,0.199,25.215,893508
1782536893018,0,0,0.000,6.533,6.524,0.188,0.157,0.199,25.215,893541
1782536893051,0,0,0.000,6.524,6.524,0.188,0.157,0.317,25.215,893574
1782536893086,0,0,0.000,6.533,6.524,0.188,0.157,0.215,25.215,893607
1782536893119,0,0,0.000,6.524,6.516,0.188,0.157,0.312,25.301,893640
1782536893151,0,0,0.000,6.533,6.524,0.188,0.157,0.210,25.129,893673
1782536893184,0,0,0.012,6.516,6.516,0.188,0.126,0.285,25.215,893706
1782536893219,0,0,0.000,6.533,6.524,0.188,0.157,0.220,25.215,893739
1782536893252,0,0,0.000,6.524,6.516,0.188,0.188,0.323,25.301,893772
1782536893284,0,0,0.000,6.524,6.541,0.188,0.188,0.237,25.215,893805
1782536893318,0,0,0.000,6.533,6.524,0.188,0.157,0.210,25.215,893838
1782536893352,-30,-30,0.000,6.533,6.524,0.188,0.157,0.204,25.215,893871
1782536893386,-45,-45,0.000,6.533,6.524,0.188,0.157,0.220,25.301,893904
1782536893419,-75,-75,0.006,6.524,6.524,0.157,0.220,0.220,25.301,893937
1782536893450,-105,-105,0.000,6.533,6.533,0.188,0.157,0.204,25.301,893970
1782536893487,-120,-120,0.000,6.541,6.516,0.220,0.126,0.237,25.215,894003
1782536893517,-150,-150,0.000,6.516,6.516,0.157,0.126,0.280,25.215,894036
1782536893551,-180,-180,0.006,6.516,6.516,0.126,0.282,0.199,25.215,894069
1782536893587,-195,-195,0.000,6.483,6.458,0.533,0.439,0.312,25.215,894102
1782536893617,-225,-225,0.000,6.442,6.408,1.130,0.533,0.204,25.215,894135
1782536893660,-255,-255,0.012,6.392,6.384,1.412,0.628,0.280,25.215,894168
1782536893686,-270,-270,0.000,6.400,6.384,0.847,0.784,0.323,25.215,894201
1782536893729,-245,-245,0.000,6.400,6.384,1.255,0.784,0.220,25.129,894234
1782536893750,-225,-225,0.006,6.392,6.375,1.161,0.659,0.210,25.215,894267
1782536893783,-205,-205,0.000,6.433,6.425,0.690,0.596,0.226,25.215,894300
1782536893817,-165,-165,0.000,6.491,6.475,0.345,0.251,0.247,25.215,894333
1782536893860,-125,-125,0.000,6.491,6.499,0.282,0.251,0.226,25.215,894366
1782536893886,-105,-105,0.000,6.524,6.516,0.220,0.157,0.204,25.301,894399
1782536893915,-65,-65,0.000,6.533,6.533,0.157,0.188,0.204,25.215,894432
1782536893951,-25,-25,0.000,6.533,6.516,0.157,0.188,0.226,25.215,894465
1782536893982,-5,-5,0.000,6.524,6.524,0.188,0.157,0.204,25.215,894498
1782536894015,0,0,0.000,6.516,6.524,0.188,0.188,0.317,25.215,894531
1782536894049,0,0,0.000,6.533,6.524,0.188,0.157,0.226,25.215,894564
1782536894082,0,0,0.000,6.524,6.516,0.188,0.157,0.226,25.215,894597
1782536894116,0,0,0.000,6.524,6.524,0.220,0.188,0.220,25.301,894630
1782536894149,0,0,0.006,6.524,6.524,0.188,0.188,0.194,25.215,894663
1782536894182,0,0,0.000,6.524,6.524,0.188,0.157,0.210,25.301,894696
1782536894216,0,0,0.000,6.541,6.533,0.126,0.126,0.215,25.215,894729
1782536894302,0,0,0.000,6.533,6.533,0.188,0.157,0.204,25.301,894762
1782536894303,0,0,0.000,6.524,6.516,0.220,0.188,0.204,25.301,894795
1782536894352,0,0,0.000,6.541,6.524,0.251,0.157,0.204,25.215,894828
1782536894352,0,0,0.000,6.508,6.516,0.157,0.126,0.306,25.215,894861
1782536894381,0,0,0.006,6.533,6.524,0.157,0.188,0.220,25.215,894894
1782536894415,0,0,0.000,6.524,6.524,0.188,0.157,0.215,25.301,894927
1782536894448,0,0,0.000,6.541,6.516,0.188,0.188,0.237,25.215,894960
1782536894482,0,0,0.000,6.533,6.524,0.188,0.126,0.210,25.215,894993
1782536894515,0,0,0.000,6.541,6.524,0.126,0.157,0.231,25.215,895026
1782536894566,0,0,0.000,6.533,6.524,0.188,0.157,0.204,25.215,895059
1782536894582,0,0,0.000,6.541,6.541,0.188,0.157,0.204,25.215,895092
1782536894617,0,0,0.000,6.533,6.516,0.188,0.126,0.215,25.215,895125
1782536894649,0,0,0.000,6.533,6.524,0.188,0.126,0.215,25.215,895158
1782536894680,0,0,0.012,6.533,6.533,0.188,0.126,0.204,25.129,895191
1782536894746,0,0,0.000,6.533,6.524,0.188,0.157,0.226,25.215,895224
1782536894760,0,0,0.000,6.533,6.533,0.188,0.126,0.204,25.215,895257
1782536894784,0,0,0.000,6.524,6.524,0.188,0.157,0.306,25.301,895290
1782536894820,0,0,0.000,6.524,6.524,0.188,0.157,0.237,25.215,895323
1782536894847,0,0,0.000,6.533,6.524,0.157,0.157,0.237,25.215,895356
1782536894880,0,0,0.000,6.549,6.524,0.188,0.126,0.323,25.129,895389
1782536894916,0,0,0.006,6.541,6.524,0.157,0.157,0.215,25.215,895422
1782536894949,0,0,0.000,6.533,6.533,0.188,0.157,0.199,25.215,895455
1782536894980,0,0,0.000,6.533,6.541,0.188,0.157,0.215,25.215,895488
1782536895014,0,0,0.000,6.533,6.524,0.220,0.157,0.226,25.215,895521
1782536895046,0,0,0.000,6.533,6.524,0.188,0.157,0.215,25.215,895554
1782536895080,0,0,0.000,6.541,6.533,0.188,0.157,0.199,25.215,895587
1782536895113,0,0,0.006,6.541,6.533,0.188,0.157,0.220,25.215,895620
1782536895148,0,0,0.006,6.533,6.533,0.157,0.157,0.199,25.215,895653
1782536895180,0,0,0.000,6.533,6.524,0.188,0.157,0.204,25.215,895686
1782536895214,0,0,0.006,6.533,6.524,0.188,0.157,0.210,25.215,895719
1782536895256,0,0,0.000,6.533,6.524,0.157,0.094,0.204,25.215,895752
1782536895288,0,0,0.000,6.533,6.524,0.188,0.157,0.237,25.215,895785
1782536895321,0,0,0.000,6.533,6.524,0.188,0.188,0.215,25.215,895818
1782536895365,0,0,0.006,6.541,6.524,0.188,0.157,0.226,25.215,895851
1782536895387,0,0,0.000,6.524,6.524,0.188,0.157,0.247,25.215,895884
1782536895420,0,0,0.000,6.524,6.516,0.157,0.157,0.226,25.215,895917
1782536895454,0,0,0.000,6.541,6.524,0.126,0.126,0.215,25.215,895950
1782536895487,0,0,0.000,6.533,6.541,0.188,0.188,0.210,25.215,895983
1782536895527,0,0,0.006,6.541,6.541,0.220,0.188,0.215,25.215,896016
1782536895578,0,0,0.000,6.541,6.524,0.188,0.157,0.199,25.215,896049
1782536895585,0,0,0.000,6.533,6.524,0.188,0.157,0.210,25.215,896082
1782536895623,0,0,0.000,6.533,6.516,0.188,0.126,0.199,25.129,896115
1782536895652,0,0,0.000,6.524,6.541,0.188,0.126,0.339,25.301,896148
1782536895684,0,0,0.000,6.524,6.541,0.188,0.157,0.199,25.215,896181
1782536895718,0,0,0.000,6.524,6.524,0.157,0.157,0.194,25.215,896214
1782536895750,0,0,0.000,6.533,6.533,0.188,0.188,0.215,25.215,896247
1782536895783,0,0,0.000,6.549,6.533,0.188,0.157,0.194,25.215,896280
1782536895816,0,0,0.006,6.524,6.533,0.188,0.157,0.339,25.215,896313
1782536895849,0,0,0.006,6.524,6.541,0.157,0.157,0.199,25.215,896346
1782536895882,0,0,0.000,6.533,6.524,0.220,0.188,0.194,25.215,896379
1782536895915,0,0,0.000,6.533,6.541,0.220,0.157,0.204,25.215,896412
1782536895952,0,0,0.000,6.541,6.533,0.220,0.157,0.194,25.215,896445
1782536895982,0,0,0.000,6.533,6.533,0.188,0.157,0.220,25.215,896478
1782536896014,0,0,0.000,6.533,6.524,0.188,0.157,0.301,25.215,896511
1782536896048,0,0,0.000,6.541,6.524,0.188,0.188,0.188,25.215,896544
1782536896082,-30,30,0.000,6.533,6.533,0.188,0.157,0.242,25.215,896577
1782536896113,-60,60,0.000,6.541,6.533,0.126,0.188,0.210,25.215,896610
1782536896150,-90,90,0.000,6.524,6.524,0.188,0.157,0.323,25.215,896643
1782536896196,-120,120,0.006,6.533,6.541,0.188,0.094,0.258,25.215,896676
1782536896213,-135,135,0.000,6.524,6.516,0.188,0.157,0.435,25.215,896709
1782536896253,-165,165,0.000,6.541,6.524,0.188,0.157,0.253,25.215,896742
1782536896279,-180,180,0.000,6.541,6.533,0.188,0.220,0.194,25.301,896775
1782536896311,-210,210,0.000,6.516,6.508,0.314,0.251,0.204,25.215,896808
1782536896344,-225,225,0.000,6.491,6.483,0.282,0.377,0.312,25.215,896841
1782536896401,-270,270,0.006,6.450,6.425,0.596,0.784,0.274,25.215,896874
1782536896410,-270,270,0.000,6.417,6.400,0.879,0.879,0.312,25.215,896907
1782536896445,-300,300,0.000,6.375,6.359,1.381,0.847,0.204,25.301,896940
1782536896481,-295,295,0.000,6.342,6.326,1.663,1.130,0.237,25.215,896973
1782536896516,-255,255,0.000,6.326,6.317,1.475,1.098,0.210,25.215,897006
1782536896543,-235,235,0.000,6.292,6.268,1.977,1.349,0.226,25.301,897039
1782536896576,-195,195,0.000,6.392,6.367,1.130,0.722,0.226,25.215,897072
1782536896609,-175,175,0.000,6.433,6.400,0.690,0.690,0.210,25.215,897105
1782536896643,-135,135,0.000,6.466,6.450,0.565,0.345,0.210,25.215,897138
1782536896676,-95,95,0.000,6.483,6.475,0.251,0.282,0.344,25.215,897171
1782536896710,-75,75,0.000,6.508,6.499,0.220,0.220,0.210,25.301,897204
1782536896744,-35,35,0.000,6.524,6.508,0.157,0.220,0.210,25.215,897237
1782536896776,0,0,0.000,6.524,6.516,0.188,0.157,0.274,25.215,897270
1782536896810,0,0,0.006,6.524,6.508,0.157,0.094,0.280,25.301,897303
1782536896842,0,0,0.012,6.508,6.508,0.157,0.157,0.376,25.215,897336
1782536896876,0,0,0.000,6.533,6.516,0.188,0.188,0.301,25.215,897369
1782536896909,0,0,0.006,6.533,6.516,0.188,0.157,0.306,25.215,897402
1782536896942,0,0,0.000,6.524,6.516,0.220,0.126,0.274,25.301,897435
1782536896975,0,0,0.000,6.516,6.508,0.188,0.157,0.435,25.215,897468
1782536897008,0,0,0.000,6.524,6.516,0.188,0.126,0.306,25.215,897501
1782536897043,0,0,0.000,6.533,6.524,0.157,0.157,0.333,25.215,897534
1782536897075,0,0,0.000,6.524,6.524,0.188,0.157,0.237,25.215,897567
1782536897109,0,0,0.000,6.533,6.533,0.188,0.157,0.220,25.215,897600
1782536897151,0,0,0.000,6.524,6.508,0.157,0.188,0.360,25.215,897633
1782536897190,0,0,0.000,6.533,6.524,0.157,0.157,0.210,25.215,897666
1782536897209,0,0,0.000,6.541,6.524,0.188,0.157,0.210,25.215,897699
1782536897241,0,0,0.000,6.524,6.508,0.251,0.157,0.317,25.215,897732
1782536897276,0,0,0.000,6.524,6.524,0.188,0.157,0.226,25.215,897765
1782536897313,0,0,0.000,6.533,6.524,0.188,0.157,0.231,25.215,897798
1782536897342,0,0,0.000,6.524,6.516,0.188,0.157,0.328,25.215,897831
1782536897380,0,0,0.000,6.533,6.524,0.188,0.126,0.226,25.215,897864
1782536897407,0,0,0.000,6.524,6.516,0.220,0.188,0.258,25.215,897897
1782536897443,0,0,0.000,6.516,6.516,0.188,0.126,0.382,25.301,897930
1782536897480,0,0,0.006,6.533,6.533,0.220,0.126,0.231,25.215,897963
1782536897508,0,0,0.000,6.524,6.516,0.188,0.157,0.344,25.215,897996
1782536897571,-30,30,0.000,6.541,6.524,0.188,0.157,0.215,25.215,898029
1782536897576,-45,45,0.000,6.516,6.516,0.157,0.188,0.452,25.215,898062
1782536897607,-60,60,0.000,6.541,6.524,0.157,0.126,0.220,25.215,898095
1782536897641,-90,90,0.000,6.541,6.533,0.188,0.157,0.210,25.215,898128
1782536897673,-105,105,0.000,6.524,6.524,0.157,0.126,0.231,25.301,898161
1782536897706,-135,135,0.000,6.541,6.533,0.157,0.157,0.204,25.215,898194
1782536897740,-165,165,0.000,6.524,6.533,0.188,0.188,0.231,25.215,898227
1782536897775,-195,195,0.000,6.499,6.499,0.345,0.282,0.215,25.129,898260
1782536897807,-210,210,0.000,6.433,6.417,0.973,0.439,0.317,25.215,898293
1782536897841,-240,240,0.012,6.375,6.359,1.318,0.847,0.258,25.215,898326
1782536897874,-255,255,0.000,6.367,6.342,1.569,0.784,0.263,25.215,898359
1782536897907,-285,285,0.000,6.359,6.342,1.412,1.004,0.237,25.215,898392
1782536897941,-315,315,0.000,6.359,6.350,1.443,0.910,0.220,25.215,898425
1782536897978,-345,345,0.000,6.350,6.334,1.475,0.910,0.258,25.301,898458
1782536898005,-360,360,0.000,6.326,6.301,1.569,1.224,0.242,25.215,898491
1782536898056,-335,335,0.000,6.268,6.259,1.820,1.537,0.280,25.215,898524
1782536898072,-335,335,0.000,6.259,6.251,1.883,1.381,0.231,25.215,898557
1782536898106,-295,295,0.000,6.243,6.218,2.102,1.694,0.387,25.215,898590
1782536898139,-255,255,0.000,6.350,6.326,1.192,1.004,0.231,25.215,898623
1782536898178,-215,215,0.000,6.359,6.334,1.412,0.879,0.242,25.215,898656
1782536898205,-195,195,0.000,6.425,6.408,0.753,0.565,0.215,25.215,898689
1782536898239,-155,155,0.006,6.450,6.450,0.502,0.377,0.231,25.301,898722
1782536898272,-135,135,0.000,6.458,6.458,0.439,0.377,0.215,25.215,898755
1782536898305,-95,95,0.000,6.491,6.475,0.345,0.251,0.215,25.215,898788
1782536898339,-55,55,0.000,6.508,6.499,0.188,0.188,0.215,25.215,898821
1782536898371,-35,35,0.000,6.508,6.499,0.188,0.188,0.237,25.215,898854
1782536898405,0,0,0.000,6.516,6.499,0.220,0.157,0.306,25.215,898887
1782536898439,0,0,0.006,6.524,6.516,0.126,0.157,0.204,25.215,898920
1782536898474,0,0,0.000,6.524,6.524,0.188,0.157,0.231,25.129,898953
1782536898505,0,0,0.006,6.516,6.508,0.157,0.220,0.204,25.215,898986
1782536898539,0,0,0.000,6.516,6.524,0.157,0.157,0.210,25.215,899019
1782536898574,0,0,0.000,6.516,6.508,0.188,0.157,0.215,25.129,899052
1782536898605,0,0,0.000,6.524,6.516,0.188,0.188,0.237,25.215,899085
1782536898638,0,0,0.000,6.533,6.516,0.126,0.157,0.215,25.215,899118
1782536898671,0,0,0.000,6.516,6.508,0.188,0.157,0.237,25.215,899151
1782536898705,-15,15,0.000,6.524,6.516,0.157,0.157,0.220,25.215,899184
1782536898737,-45,45,0.000,6.524,6.499,0.188,0.157,0.231,25.215,899217
1782536898771,-60,60,0.000,6.524,6.524,0.188,0.157,0.220,25.301,899250
1782536898807,-90,90,0.000,6.524,6.516,0.188,0.188,0.194,25.215,899283
1782536898839,-120,120,0.000,6.524,6.516,0.188,0.126,0.215,25.301,899316
1782536898877,-150,150,0.000,6.524,6.516,0.157,0.188,0.210,25.215,899349
1782536898904,-165,165,0.000,6.508,6.508,0.126,0.157,0.328,25.215,899382
1782536898949,-195,195,0.006,6.466,6.466,0.502,0.282,0.210,25.215,899415
1782536898970,-210,210,0.000,6.442,6.425,0.722,0.565,0.215,25.301,899448
1782536899006,-240,240,0.000,6.400,6.384,0.784,0.910,0.237,25.215,899481
1782536899037,-200,200,0.000,6.375,6.367,1.161,0.879,0.253,25.215,899514
1782536899071,-180,180,0.006,6.384,6.367,0.941,1.004,0.231,25.215,899547
1782536899103,-140,140,0.000,6.417,6.408,0.753,0.659,0.242,25.215,899580
1782536899136,-100,100,0.000,6.475,6.466,0.377,0.282,0.215,25.215,899613
1782536899170,-80,80,0.000,6.483,6.491,0.282,0.157,0.247,25.215,899646
1782536899215,-40,40,0.000,6.508,6.499,0.220,0.157,0.199,25.215,899679
1782536899237,0,0,0.000,6.516,6.516,0.157,0.126,0.210,25.215,899712
1782536899270,0,0,0.000,6.508,6.508,0.188,0.188,0.237,25.215,899745
1782536899303,0,0,0.000,6.524,6.508,0.188,0.157,0.210,25.129,899778
1782536899336,0,0,0.000,6.516,6.516,0.188,0.157,0.204,25.215,899811
1782536899370,0,0,0.000,6.524,6.516,0.157,0.188,0.210,25.215,899844
1782536899403,0,0,0.000,6.524,6.508,0.220,0.126,0.215,25.215,899877
1782536899460,0,0,0.000,6.524,6.516,0.188,0.157,0.204,25.301,899910
1782536899471,0,0,0.000,6.524,6.508,0.188,0.188,0.204,25.215,899943
1782536899502,0,0,0.000,6.524,6.516,0.188,0.188,0.220,25.215,899976
1782536899546,0,0,0.000,6.524,6.516,0.220,0.157,0.247,25.215,900009
1782536899579,0,0,0.000,6.516,6.516,0.188,0.157,0.220,25.215,900042
1782536899611,0,0,0.000,6.516,6.524,0.157,0.157,0.231,25.129,900075
1782536899644,0,0,0.006,6.524,6.516,0.188,0.126,0.226,25.215,900108
1782536899677,0,0,0.000,6.516,6.516,0.188,0.157,0.328,25.215,900141
1782536899710,0,0,0.000,6.524,6.524,0.188,0.157,0.220,25.215,900174
1782536899749,-30,30,0.000,6.524,6.516,0.188,0.157,0.231,25.129,900207
1782536899777,-60,60,0.006,6.508,6.516,0.157,0.157,0.210,25.215,900240
1782536899809,-75,75,0.000,6.524,6.516,0.188,0.157,0.247,25.215,900273
1782536899842,-105,105,0.000,6.524,6.516,0.188,0.157,0.215,25.215,900306
1782536899876,-120,120,0.006,6.524,6.524,0.188,0.157,0.215,25.215,900339
1782536899908,-150,150,0.000,6.524,6.524,0.188,0.157,0.215,25.215,900372
1782536899942,-180,180,0.000,6.516,6.516,0.188,0.188,0.204,25.215,900405
1782536899977,-195,195,0.000,6.458,6.450,0.628,0.439,0.210,25.215,900438
1782536900008,-225,225,0.000,6.400,6.367,1.224,0.941,0.220,25.215,900471
1782536900041,-185,185,0.000,6.392,6.375,0.879,1.004,0.226,25.301,900504
1782536900075,-165,165,0.000,6.400,6.375,1.004,0.784,0.215,25.301,900537
1782536900107,-125,125,0.006,6.442,6.433,0.565,0.471,0.242,25.215,900570
1782536900143,-85,85,0.000,6.458,6.466,0.408,0.408,0.204,25.215,900603
1782536900172,-65,65,0.000,6.491,6.499,0.251,0.188,0.210,25.215,900636
1782536900205,-25,25,0.000,6.508,6.508,0.188,0.157,0.306,25.301,900669
1782536900241,0,0,0.000,6.524,6.516,0.188,0.157,0.210,25.215,900702
1782536900271,0,0,0.000,6.524,6.524,0.220,0.157,0.210,25.301,900735
1782536900304,0,0,0.000,6.524,6.508,0.188,0.157,0.312,25.301,900768
1782536900338,0,0,0.012,6.533,6.524,0.126,0.188,0.204,25.215,900801
1782536900370,0,0,0.006,6.524,6.524,0.188,0.157,0.215,25.215,900834
1782536900417,0,0,0.000,6.516,6.499,0.126,0.157,0.199,25.215,900867
1782536900446,0,0,0.000,6.524,6.516,0.157,0.126,0.247,25.215,900900
1782536900474,0,0,0.000,6.524,6.516,0.157,0.157,0.269,25.215,900933
1782536900504,0,0,0.006,6.524,6.524,0.188,0.157,0.220,25.215,900966
1782536900535,0,0,0.000,6.516,6.516,0.251,0.126,0.215,25.215,900999
1782536900568,0,0,0.000,6.524,6.524,0.188,0.157,0.215,25.301,901032
1782536900607,0,0,0.000,6.533,6.516,0.220,0.188,0.215,25.215,901065
1782536900638,0,0,0.006,6.516,6.508,0.188,0.157,0.339,25.301,901098
1782536900667,0,0,0.000,6.524,6.524,0.188,0.157,0.210,25.215,901131
1782536900703,0,0,0.000,6.524,6.533,0.188,0.126,0.323,25.215,901164
1782536900736,0,0,0.000,6.524,6.524,0.188,0.188,0.210,25.301,901197
1782536900767,0,0,0.000,6.516,6.499,0.188,0.157,0.349,25.215,901230
1782536900807,0,0,0.000,6.524,6.524,0.188,0.157,0.237,25.215,901263
1782536900834,0,0,0.000,6.516,6.508,0.188,0.157,0.312,25.301,901296
1782536900869,0,0,0.000,6.533,6.516,0.188,0.157,0.204,25.215,901329
1782536900900,0,0,0.000,6.524,6.533,0.188,0.188,0.210,25.215,901362
1782536900932,0,0,0.000,6.533,6.508,0.188,0.188,0.269,25.215,901395
1782536900966,0,0,0.006,6.524,6.524,0.251,0.157,0.199,25.215,901428
1782536900999,0,0,0.006,6.533,6.524,0.188,0.188,0.204,25.215,901461
1782536901032,0,0,0.006,6.516,6.524,0.220,0.157,0.204,25.215,901494
1782536901066,0,0,0.000,6.524,6.516,0.157,0.157,0.204,25.215,901527
1782536901127,-30,30,0.000,6.533,6.524,0.188,0.188,0.204,25.215,901560
1782536901136,-30,30,0.000,6.533,6.524,0.157,0.157,0.210,25.215,901593
1782536901166,-60,60,0.000,6.533,6.524,0.157,0.157,0.215,25.215,901626
1782536901202,-90,90,0.000,6.524,6.516,0.188,0.157,0.285,25.129,901659
1782536901231,-105,105,0.000,6.524,6.524,0.188,0.157,0.253,25.215,901692
1782536901270,-135,135,0.006,6.524,6.508,0.188,0.126,0.349,25.215,901725
1782536901298,-150,150,0.006,6.524,6.524,0.188,0.157,0.204,25.129,901758
1782536901332,-180,180,0.000,6.491,6.499,0.314,0.220,0.403,25.215,901791
1782536901365,-210,210,0.000,6.442,6.442,0.690,0.439,0.247,25.215,901824
1782536901398,-225,225,0.000,6.375,6.350,1.035,1.098,0.457,25.215,901857
1782536901432,-255,255,0.000,6.375,6.359,0.910,1.098,0.231,25.215,901890
1782536901464,-285,285,0.000,6.375,6.367,1.161,0.816,0.333,25.215,901923
1782536901498,-300,300,0.000,6.350,6.342,1.318,1.067,0.242,25.215,901956
1782536901531,-330,330,0.000,6.350,6.334,1.161,1.035,0.290,25.215,901989
1782536901566,-290,290,0.000,6.326,6.309,1.349,1.098,0.226,25.215,902022
1782536901597,-270,270,0.000,6.268,6.243,1.914,1.569,0.317,25.129,902055
1782536901630,-230,230,0.000,6.350,6.326,1.475,0.941,0.242,25.215,902088
1782536901671,-190,190,0.000,6.400,6.384,0.941,0.596,0.247,25.215,902121
1782536901697,-170,170,0.000,6.417,6.392,0.973,0.502,0.290,25.215,902154
1782536901730,-130,130,0.000,6.466,6.466,0.502,0.314,0.215,25.215,902187
1782536901765,-90,90,0.000,6.499,6.483,0.251,0.251,0.226,25.215,902220
1782536901799,-70,70,0.000,6.499,6.491,0.188,0.126,0.312,25.215,902253
1782536901830,-30,30,0.000,6.516,6.508,0.126,0.188,0.231,25.215,902286
1782536901870,0,0,0.000,6.516,6.508,0.188,0.157,0.296,25.301,902319
1782536901897,0,0,0.006,6.508,6.499,0.188,0.188,0.333,25.215,902352
1782536901930,0,0,0.006,6.524,6.499,0.188,0.094,0.237,25.215,902385
1782536901963,0,0,0.000,6.516,6.508,0.157,0.157,0.237,25.215,902418
1782536901997,0,0,0.000,6.516,6.516,0.220,0.157,0.226,25.215,902451
1782536902030,0,0,0.000,6.516,6.516,0.188,0.157,0.220,25.301,902484
1782536902063,0,0,0.000,6.516,6.508,0.188,0.157,0.215,25.215,902517
1782536902096,0,0,0.000,6.516,6.508,0.188,0.188,0.301,25.301,902550
1782536902129,-15,15,0.006,6.516,6.533,0.188,0.188,0.220,25.301,902583
1782536902163,-45,45,0.000,6.516,6.524,0.188,0.188,0.274,25.215,902616
1782536902197,-60,60,0.000,6.524,6.516,0.188,0.157,0.220,25.215,902649
1782536902230,-90,90,0.000,6.516,6.508,0.188,0.188,0.231,25.301,902682
1782536902263,-120,120,0.000,6.524,6.516,0.188,0.094,0.215,25.215,902715
1782536902296,-135,135,0.000,6.524,6.516,0.188,0.157,0.215,25.301,902748
1782536902329,-165,165,0.006,6.516,6.508,0.251,0.157,0.204,25.215,902781
1782536902363,-195,195,0.012,6.475,6.458,0.471,0.377,0.242,25.215,902814
1782536902396,-210,210,0.000,6.425,6.408,0.941,0.533,0.220,25.215,902847
1782536902431,-205,205,0.006,6.375,6.359,1.255,0.784,0.220,25.301,902880
1782536902466,-165,165,0.000,6.317,6.317,2.008,0.847,0.242,25.301,902913
1782536902500,-125,125,0.006,6.400,6.375,1.004,0.596,0.215,25.215,902946
1782536902528,-105,105,0.000,6.458,6.442,0.628,0.377,0.215,25.215,902979
1782536902563,-65,65,0.006,6.491,6.466,0.345,0.282,0.226,25.215,903012
1782536902599,-45,45,0.000,6.508,6.499,0.220,0.188,0.220,25.215,903045
1782536902628,-5,5,0.000,6.516,6.508,0.126,0.126,0.226,25.215,903078
1782536902662,0,0,0.000,6.533,6.508,0.126,0.157,0.253,25.215,903111
1782536902695,0,0,0.000,6.516,6.516,0.188,0.157,0.231,25.215,903144
1782536902745,0,0,0.000,6.516,6.508,0.188,0.126,0.226,25.215,903177
1782536902762,0,0,0.006,6.516,6.508,0.188,0.220,0.220,25.215,903210
1782536902795,0,0,0.000,6.524,6.508,0.188,0.157,0.231,25.301,903243
1782536902829,0,0,0.000,6.508,6.524,0.188,0.126,0.226,25.215,903276
1782536902863,0,0,0.000,6.524,6.508,0.188,0.157,0.226,25.129,903309
1782536902894,0,0,0.000,6.524,6.508,0.188,0.157,0.215,25.215,903342
1782536902937,-15,15,0.000,6.524,6.516,0.188,0.157,0.226,25.215,903375
1782536902962,-45,45,0.000,6.516,6.516,0.188,0.157,0.247,25.301,903408
1782536902994,-60,60,0.000,6.524,6.516,0.188,0.157,0.210,25.215,903441
1782536903028,-90,90,0.000,6.516,6.508,0.188,0.157,0.210,25.215,903474
1782536903061,-120,120,0.006,6.516,6.516,0.220,0.126,0.242,25.215,903507
1782536903095,-135,135,0.006,6.516,6.524,0.126,0.188,0.220,25.215,903540
1782536903127,-165,165,0.000,6.508,6.508,0.220,0.188,0.220,25.129,903573
1782536903163,-195,195,0.000,6.475,6.475,0.502,0.377,0.215,25.129,903606
1782536903205,-155,155,0.006,6.425,6.417,0.847,0.533,0.247,25.215,903639
1782536903227,-135,135,0.000,6.384,6.384,1.286,0.690,0.355,25.301,903672
1782536903261,-95,95,0.000,6.400,6.384,0.941,0.816,0.215,25.215,903705
1782536903293,-75,75,0.000,6.450,6.442,0.502,0.471,0.215,25.215,903738
1782536903327,-35,35,0.000,6.499,6.491,0.282,0.251,0.210,25.301,903771
1782536903368,0,0,0.000,6.516,6.516,0.188,0.157,0.253,25.215,903804
1782536903393,0,0,0.006,6.524,6.508,0.188,0.126,0.220,25.215,903837
1782536903428,0,0,0.006,6.524,6.508,0.157,0.157,0.210,25.215,903870
1782536903460,0,0,0.000,6.524,6.516,0.188,0.157,0.237,25.215,903903
1782536903493,0,0,0.000,6.533,6.508,0.126,0.188,0.199,25.215,903936
1782536903527,0,0,0.000,6.524,6.516,0.188,0.157,0.237,25.215,903969
1782536903559,0,0,0.000,6.524,6.516,0.188,0.157,0.242,25.301,904002
1782536903593,0,0,0.006,6.524,6.516,0.188,0.157,0.220,25.301,904035
1782536903626,0,0,0.000,6.524,6.524,0.157,0.126,0.231,25.215,904068
1782536903659,0,0,0.000,6.533,6.508,0.188,0.157,0.220,25.215,904101
1782536903695,0,0,0.000,6.533,6.516,0.157,0.157,0.242,25.129,904134
1782536903727,0,0,0.000,6.516,6.516,0.188,0.157,0.210,25.215,904167
1782536903762,-15,-15,0.000,6.516,6.508,0.157,0.157,0.237,25.215,904200
1782536903793,-45,-45,0.006,6.524,6.499,0.188,0.157,0.344,25.301,904233
1782536903827,-75,-75,0.000,6.516,6.524,0.188,0.157,0.226,25.215,904266
1782536903860,-90,-90,0.000,6.533,6.533,0.157,0.157,0.328,25.215,904299
1782536903891,-120,-120,0.006,6.533,6.508,0.188,0.126,0.220,25.215,904332
1782536903934,-150,-150,0.000,6.524,6.516,0.188,0.157,0.237,25.215,904365
1782536903967,-180,-180,0.006,6.524,6.508,0.251,0.220,0.242,25.215,904398
1782536904001,-195,-195,0.000,6.491,6.483,0.251,0.377,0.226,25.301,904431
1782536904033,-225,-225,0.000,6.466,6.442,0.314,0.628,0.242,25.215,904464
1782536904069,-255,-255,0.000,6.408,6.392,0.628,1.067,0.323,25.301,904497
1782536904103,-270,-270,0.000,6.417,6.400,0.628,0.847,0.274,25.215,904530
1782536904133,-265,-265,0.006,6.450,6.442,0.533,0.533,0.328,25.129,904563
1782536904165,-245,-245,0.000,6.384,6.359,1.130,1.035,0.237,25.215,904596
1782536904198,-205,-205,0.000,6.359,6.342,1.161,1.035,0.204,25.215,904629
1782536904233,-165,-165,0.006,6.450,6.442,0.565,0.439,0.215,25.215,904662
1782536904264,-145,-145,0.000,6.508,6.491,0.188,0.220,0.210,25.215,904695
1782536904297,-105,-105,0.000,6.491,6.475,0.314,0.282,0.220,25.215,904728
1782536904337,-65,-65,0.000,6.516,6.508,0.188,0.157,0.204,25.215,904761
1782536904363,-45,-45,0.000,6.508,6.508,0.188,0.188,0.371,25.215,904794
1782536904397,-5,-5,0.000,6.516,6.516,0.188,0.157,0.210,25.301,904827
1782536904429,0,0,0.000,6.524,6.516,0.220,0.157,0.215,25.215,904860
1782536904465,0,0,0.006,6.533,6.499,0.188,0.157,0.210,25.301,904893
1782536904496,0,0,0.000,6.516,6.524,0.188,0.157,0.263,25.129,904926
1782536904528,0,0,0.000,6.524,6.508,0.188,0.157,0.220,25.215,904959
1782536904581,0,0,0.000,6.516,6.524,0.188,0.126,0.210,25.215,904992
1782536904595,0,0,0.000,6.516,6.516,0.188,0.157,0.220,25.215,905025
1782536904629,-15,15,0.000,6.524,6.524,0.188,0.188,0.215,25.215,905058
1782536904661,-30,30,0.000,6.533,6.516,0.188,0.157,0.210,25.215,905091
1782536904693,-60,60,0.000,6.533,6.524,0.188,0.157,0.204,25.129,905124
1782536904726,-90,90,0.006,6.508,6.516,0.220,0.188,0.366,25.215,905157
1782536904759,-105,105,0.000,6.524,6.524,0.188,0.126,0.226,25.301,905190
1782536904793,-135,135,0.000,6.524,6.508,0.157,0.188,0.210,25.215,905223
1782536904825,-150,150,0.000,6.524,6.524,0.220,0.157,0.220,25.215,905256
1782536904858,-180,180,0.000,6.499,6.491,0.188,0.220,0.306,25.301,905289
1782536904891,-210,210,0.000,6.508,6.491,0.251,0.251,0.220,25.215,905322
1782536904924,-225,225,0.000,6.442,6.433,0.502,0.628,0.392,25.215,905355
1782536904957,-255,255,0.000,6.433,6.417,0.784,0.690,0.220,25.215,905388
1782536904991,-215,215,0.000,6.408,6.384,1.098,0.596,0.280,25.215,905421
1782536905025,-195,195,0.000,6.384,6.367,1.130,0.910,0.226,25.215,905454
1782536905057,-155,155,0.000,6.400,6.384,0.941,0.784,0.204,25.215,905487
1782536905100,-115,115,0.000,6.475,6.458,0.502,0.314,0.215,25.215,905520
1782536905124,-95,95,0.006,6.475,6.466,0.345,0.251,0.301,25.215,905553
1782536905156,-55,55,0.000,6.508,6.508,0.157,0.157,0.210,25.215,905586
1782536905190,-15,15,0.000,6.508,6.499,0.188,0.157,0.312,25.301,905619
1782536905222,0,0,0.000,6.516,6.516,0.188,0.157,0.296,25.215,905652
1782536905257,0,0,0.006,6.508,6.508,0.188,0.188,0.360,25.301,905685
1782536905291,0,0,0.000,6.516,6.508,0.157,0.188,0.253,25.215,905718
1782536905340,0,0,0.000,6.524,6.516,0.251,0.157,0.215,25.215,905751
1782536905359,0,0,0.006,6.508,6.516,0.157,0.157,0.204,25.215,905784
1782536905388,0,0,0.000,6.516,6.516,0.188,0.157,0.210,25.215,905817
1782536905427,0,0,0.000,6.508,6.508,0.188,0.157,0.419,25.301,905850
1782536905456,0,0,0.000,6.516,6.516,0.220,0.157,0.204,25.301,905883
1782536905494,0,0,0.000,6.508,6.508,0.188,0.126,0.220,25.215,905916
1782536905521,0,0,0.000,6.524,6.516,0.188,0.126,0.237,25.215,905949
1782536905555,0,0,0.000,6.524,6.524,0.220,0.157,0.210,25.215,905982
1782536905588,0,0,0.000,6.516,6.524,0.188,0.157,0.215,25.215,906015
1782536905621,0,0,0.006,6.508,6.524,0.188,0.094,0.215,25.301,906048
1782536905655,0,0,0.000,6.524,6.524,0.188,0.126,0.231,25.129,906081
1782536905693,0,0,0.000,6.524,6.516,0.157,0.126,0.215,25.215,906114
1782536905728,0,0,0.006,6.516,6.516,0.188,0.126,0.323,25.215,906147
1782536905784,0,0,0.000,6.524,6.508,0.188,0.157,0.231,25.215,906180
1782536905792,0,0,0.000,6.508,6.524,0.188,0.188,0.328,25.215,906213
1782536905823,0,0,0.006,6.508,6.508,0.188,0.157,0.237,25.215,906246
1782536905855,0,0,0.000,6.516,6.516,0.188,0.157,0.349,25.129,906279
1782536905888,0,0,0.000,6.516,6.524,0.188,0.188,0.226,25.301,906312
1782536905920,0,0,0.000,6.524,6.516,0.157,0.157,0.231,25.215,906345
1782536905955,0,0,0.000,6.516,6.533,0.157,0.126,0.237,25.215,906378
1782536905987,0,0,0.000,6.516,6.516,0.220,0.157,0.317,25.215,906411
1782536906022,0,0,0.000,6.524,6.524,0.188,0.157,0.226,25.215,906444
1782536906054,0,0,0.000,6.533,6.524,0.157,0.157,0.220,25.215,906477
1782536906088,0,0,0.000,6.524,6.524,0.188,0.157,0.210,25.215,906510
1782536906120,0,0,0.000,6.524,6.524,0.188,0.220,0.215,25.301,906543
1782536906154,0,0,0.000,6.524,6.524,0.188,0.157,0.274,25.215,906576
1782536906186,0,0,0.000,6.516,6.516,0.188,0.157,0.231,25.301,906609
1782536906220,0,0,0.000,6.524,6.524,0.188,0.157,0.237,25.215,906642
1782536906262,0,0,0.000,6.524,6.524,0.188,0.157,0.237,25.301,906675
1782536906287,0,0,0.000,6.524,6.524,0.188,0.157,0.333,25.129,906708
1782536906322,0,0,0.006,6.524,6.516,0.188,0.188,0.210,25.215,906741
1782536906356,0,0,0.000,6.533,6.516,0.188,0.188,0.220,25.215,906774
1782536906388,15,15,0.000,6.533,6.524,0.188,0.157,0.242,25.215,906807
1782536906420,30,30,0.000,6.524,6.524,0.157,0.188,0.237,25.129,906840
1782536906452,60,60,0.000,6.516,6.524,0.188,0.157,0.220,25.215,906873
1782536906490,90,90,0.000,6.524,6.524,0.188,0.157,0.215,25.215,906906
1782536906520,105,105,0.000,6.524,6.541,0.126,0.126,0.231,25.215,906939
1782536906552,135,135,0.000,6.524,6.516,0.188,0.157,0.242,25.215,906972
1782536906590,165,165,0.000,6.524,6.524,0.188,0.126,0.215,25.301,907005
1782536906621,180,180,0.000,6.491,6.475,0.471,0.251,0.237,25.215,907038
1782536906652,210,210,0.000,6.475,6.475,0.502,0.282,0.215,25.215,907071
1782536906688,240,240,0.000,6.408,6.392,1.318,0.377,0.258,25.301,907104
1782536906719,255,255,0.000,6.408,6.408,1.067,0.408,0.231,25.129,907137
1782536906754,215,215,0.000,6.392,6.375,1.255,0.533,0.242,25.129,907170
1782536906789,175,175,0.000,6.375,6.359,1.318,0.879,0.226,25.215,907203
1782536906818,155,155,0.000,6.442,6.433,0.659,0.408,0.237,25.215,907236
1782536906852,115,115,0.000,6.475,6.458,0.408,0.314,0.231,25.215,907269
1782536906885,95,95,0.000,6.508,6.475,0.188,0.251,0.215,25.215,907302
1782536906926,55,55,0.000,6.508,6.516,0.188,0.188,0.220,25.215,907335
1782536906951,15,15,0.000,6.508,6.516,0.188,0.157,0.366,25.215,907368
1782536906985,0,0,0.006,6.524,6.524,0.220,0.157,0.247,25.215,907401
1782536907026,0,0,0.000,6.533,6.524,0.188,0.188,0.215,25.301,907434
1782536907051,0,0,0.000,6.516,6.516,0.188,0.188,0.231,25.215,907467
1782536907085,0,0,0.000,6.524,6.524,0.188,0.126,0.210,25.301,907500
1782536907118,0,0,0.006,6.524,6.533,0.157,0.220,0.226,25.215,907533
1782536907152,0,0,0.000,6.516,6.508,0.188,0.126,0.296,25.215,907566
1782536907184,0,0,0.000,6.524,6.516,0.188,0.188,0.349,25.301,907599
1782536907218,0,0,0.000,6.524,6.524,0.188,0.157,0.231,25.215,907632
1782536907252,0,0,0.000,6.533,6.516,0.188,0.220,0.226,25.301,907665
1782536907283,0,0,0.000,6.524,6.516,0.188,0.157,0.204,25.215,907698
1782536907333,0,0,0.000,6.524,6.524,0.188,0.157,0.226,25.215,907731
1782536907358,0,0,0.000,6.524,6.533,0.188,0.157,0.204,25.215,907764
1782536907385,0,0,0.000,6.516,6.516,0.188,0.157,0.220,25.215,907797
1782536907416,0,0,0.000,6.533,6.524,0.188,0.157,0.194,25.215,907830
1782536907451,0,0,0.000,6.516,6.508,0.188,0.157,0.226,25.215,907863
1782536907484,0,0,0.000,6.533,6.516,0.157,0.188,0.210,25.215,907896
1782536907518,0,0,0.000,6.533,6.524,0.188,0.157,0.210,25.215,907929
1782536907554,0,0,0.000,6.524,6.516,0.188,0.157,0.220,25.215,907962
1782536907584,0,0,0.000,6.524,6.524,0.188,0.126,0.215,25.215,907995
1782536907621,0,0,0.000,6.516,6.516,0.188,0.157,0.215,25.301,908028
1782536907653,0,0,0.000,6.524,6.524,0.188,0.157,0.226,25.215,908061
1782536907684,0,0,0.000,6.516,6.516,0.188,0.157,0.226,25.301,908094
1782536907716,0,0,0.000,6.524,6.524,0.157,0.157,0.210,25.215,908127
1782536907750,0,0,0.000,6.524,6.524,0.188,0.126,0.204,25.215,908160
1782536907788,0,0,0.000,6.533,6.524,0.188,0.157,0.237,25.215,908193
1782536907818,0,0,0.000,6.516,6.524,0.126,0.220,0.204,25.215,908226
1782536907863,0,0,0.000,6.516,6.516,0.251,0.157,0.312,25.215,908259
1782536907888,0,0,0.000,6.524,6.533,0.188,0.157,0.199,25.301,908292
1782536907935,0,0,0.000,6.524,6.524,0.188,0.188,0.204,25.215,908325
1782536907951,0,0,0.000,6.533,6.524,0.188,0.157,0.204,25.215,908358
1782536907983,0,0,0.000,6.524,6.524,0.188,0.188,0.199,25.215,908391
1782536908017,-30,-30,0.000,6.533,6.516,0.157,0.157,0.215,25.215,908424
1782536908050,-60,-60,0.006,6.533,6.533,0.157,0.126,0.204,25.215,908457
1782536908083,-75,-75,0.000,6.516,6.524,0.188,0.157,0.199,25.301,908490
1782536908116,-105,-105,0.000,6.541,6.541,0.188,0.188,0.210,25.215,908523
1782536908149,-120,-120,0.000,6.524,6.524,0.188,0.157,0.204,25.215,908556
1782536908182,-150,-150,0.000,6.524,6.524,0.188,0.157,0.199,25.215,908589
1782536908224,-180,-180,0.006,6.524,6.524,0.157,0.188,0.210,25.215,908622
1782536908259,-210,-210,0.000,6.491,6.499,0.282,0.282,0.226,25.215,908655
1782536908291,-240,-240,0.000,6.466,6.466,0.439,0.628,0.204,25.215,908688
1782536908336,-270,-270,0.000,6.450,6.442,0.377,0.753,0.204,25.301,908721
1782536908369,-285,-285,0.000,6.425,6.408,0.690,0.910,0.204,25.215,908754
1782536908394,-315,-315,0.000,6.408,6.417,0.941,0.784,0.215,25.215,908787
1782536908429,-330,-330,0.000,6.450,6.433,0.565,0.502,0.231,25.215,908820
1782536908471,-375,-375,0.000,6.425,6.417,0.753,0.596,0.258,25.215,908853
1782536908491,-390,-390,0.000,6.317,6.292,1.694,1.349,0.199,25.215,908886
1782536908528,-405,-405,0.000,6.301,6.292,1.694,1.224,0.301,25.215,908919
1782536908559,-400,-400,0.000,6.309,6.284,1.600,1.286,0.204,25.215,908952
1782536908596,-360,-360,0.000,6.276,6.243,2.196,1.318,0.226,25.215,908985
1782536908621,-340,-340,0.000,6.259,6.226,2.196,1.506,0.237,25.301,909018
1782536908658,-300,-300,0.000,6.309,6.292,1.726,1.130,0.242,25.215,909051
1782536908702,-260,-260,0.000,6.375,6.367,1.004,0.753,0.317,25.301,909084
1782536908719,-240,-240,0.000,6.417,6.392,0.722,0.533,0.210,25.215,909117
1782536908762,-200,-200,0.000,6.458,6.442,0.471,0.408,0.204,25.215,909150
1782536908792,-160,-160,0.000,6.491,6.483,0.188,0.377,0.290,25.301,909183
1782536908832,-120,-120,0.000,6.483,6.475,0.377,0.377,0.204,25.215,909216
1782536908851,-100,-100,0.000,6.499,6.491,0.188,0.251,0.204,25.215,909249
1782536908884,-80,-80,0.000,6.483,6.499,0.251,0.251,0.306,25.215,909282
1782536908939,-55,-55,0.000,6.516,6.508,0.126,0.220,0.215,25.215,909315
1782536908950,-55,-55,0.000,6.508,6.508,0.157,0.094,0.199,25.215,909348
1782536909002,-100,-100,0.000,6.516,6.516,0.188,0.126,0.204,25.301,909381
1782536909041,-130,-130,0.000,6.508,6.516,0.188,0.188,0.204,25.215,909414
1782536909053,-145,-145,0.000,6.516,6.516,0.188,0.157,0.204,25.215,909447
1782536909082,-175,-145,0.006,6.524,6.508,0.188,0.157,0.247,25.215,909480
1782536909127,-235,-145,0.000,6.516,6.499,0.157,0.157,0.204,25.215,909513
1782536909157,-295,-145,0.000,6.466,6.458,0.533,0.314,0.199,25.215,909546
1782536909181,-325,-145,0.000,6.433,6.425,0.565,0.753,0.215,25.301,909579
1782536909215,-385,-145,0.000,6.425,6.417,0.439,0.910,0.210,25.215,909612
1782536909248,-415,-145,0.000,6.408,6.392,0.408,1.255,0.226,25.215,909645
1782536909299,-500,-145,0.006,6.359,6.342,0.220,2.039,0.339,25.215,909678
1782536909325,-500,-145,0.000,6.367,6.359,0.282,1.883,0.215,25.215,909711
1782536909394,-500,-250,0.012,6.359,6.334,0.251,2.039,0.215,25.215,909744
1782536909400,-500,-250,0.006,6.309,6.292,0.220,2.573,0.226,25.215,909777
1782536909414,-500,-285,0.000,6.284,6.259,0.282,3.043,0.215,25.215,909810
1782536909457,-500,-320,0.006,6.317,6.276,0.220,2.416,0.468,25.301,909843
1782536909481,-460,-320,0.000,6.342,6.326,0.220,2.039,0.215,25.215,909876
1782536909518,-380,-320,0.006,6.251,6.210,1.632,2.102,0.237,25.215,909909
1782536909547,-340,-320,0.000,6.276,6.259,1.632,1.443,0.226,25.215,909942
1782536909578,-290,-290,0.000,6.309,6.292,1.318,1.004,0.215,25.215,909975
1782536909625,-250,-250,0.000,6.367,6.367,1.192,0.816,0.215,25.301,910008
1782536909645,-230,-230,0.000,6.425,6.417,0.941,0.282,0.210,25.215,910041
1782536909678,-190,-190,0.000,6.475,6.466,0.314,0.220,0.215,25.215,910074
1782536909716,-150,-150,0.000,6.466,6.458,0.377,0.314,0.204,25.215,910107
1782536909744,-130,-130,0.006,6.475,6.491,0.220,0.251,0.204,25.215,910140
1782536909780,-90,-90,0.000,6.508,6.499,0.157,0.157,0.204,25.301,910173
1782536909812,-50,-50,0.000,6.499,6.491,0.188,0.157,0.306,25.215,910206
1782536909845,-30,-30,0.000,6.516,6.499,0.157,0.157,0.199,25.215,910239
1782536909878,0,0,0.000,6.508,6.508,0.126,0.126,0.215,25.215,910272
1782536909910,0,0,0.000,6.508,6.499,0.157,0.157,0.204,25.301,910305
1782536909944,0,0,0.000,6.508,6.508,0.157,0.157,0.199,25.215,910338
1782536909980,0,0,0.006,6.516,6.508,0.188,0.157,0.215,25.215,910371
1782536910011,0,0,0.000,6.499,6.499,0.188,0.157,0.344,25.215,910404
1782536910048,0,0,0.006,6.508,6.499,0.188,0.157,0.301,25.301,910437
1782536910077,0,0,0.000,6.533,6.508,0.188,0.126,0.210,25.301,910470
1782536910111,0,0,0.000,6.508,6.508,0.188,0.157,0.231,25.215,910503
1782536910143,0,0,0.000,6.508,6.491,0.188,0.157,0.366,25.215,910536
1782536910178,0,0,0.000,6.508,6.508,0.188,0.157,0.220,25.215,910569
1782536910213,0,0,0.000,6.508,6.508,0.188,0.157,0.435,25.301,910602
1782536910245,0,0,0.000,6.508,6.508,0.188,0.157,0.274,25.215,910635
1782536910280,0,0,0.006,6.508,6.499,0.157,0.157,0.323,25.215,910668
1782536910321,0,0,0.000,6.516,6.508,0.251,0.157,0.226,25.215,910701
1782536910346,0,0,0.000,6.499,6.499,0.188,0.188,0.387,25.301,910734
1782536910378,0,0,0.000,6.516,6.508,0.188,0.157,0.231,25.215,910767
1782536910410,0,0,0.000,6.499,6.508,0.188,0.126,0.274,25.215,910800
1782536910442,0,0,0.000,6.524,6.499,0.188,0.157,0.220,25.129,910833
1782536910483,0,0,0.000,6.516,6.508,0.188,0.188,0.328,25.215,910866
1782536910509,0,0,0.000,6.533,6.524,0.157,0.157,0.215,25.215,910899
1782536910546,0,0,0.000,6.516,6.516,0.126,0.157,0.204,25.215,910932
1782536910578,0,0,0.000,6.516,6.516,0.188,0.157,0.204,25.301,910965
1782536910610,0,0,0.000,6.516,6.516,0.126,0.157,0.215,25.215,910998
1782536910644,0,0,0.000,6.516,6.516,0.188,0.157,0.215,25.215,911031
1782536910676,0,0,0.000,6.508,6.508,0.188,0.188,0.312,25.215,911064
1782536910709,0,0,0.006,6.516,6.516,0.188,0.188,0.210,25.215,911097
1782536910742,0,0,0.000,6.516,6.508,0.157,0.157,0.263,25.301,911130
1782536910776,0,0,0.006,6.524,6.508,0.157,0.126,0.371,25.215,911163
1782536910811,0,0,0.000,6.516,6.524,0.188,0.157,0.242,25.215,911196
1782536910843,0,0,0.000,6.524,6.524,0.188,0.188,0.323,25.301,911229
1782536910887,0,0,0.000,6.516,6.524,0.157,0.157,0.226,25.215,911262
1782536910909,0,0,0.006,6.508,6.516,0.188,0.157,0.263,25.215,911295
1782536910947,0,0,0.000,6.516,6.516,0.188,0.188,0.210,25.215,911328
1782536910976,0,0,0.000,6.524,6.516,0.157,0.157,0.199,25.301,911361
1782536911009,0,0,0.000,6.524,6.516,0.157,0.157,0.210,25.301,911394
1782536911042,0,0,0.000,6.524,6.516,0.188,0.157,0.215,25.301,911427
1782536911076,0,0,0.006,6.516,6.508,0.188,0.126,0.210,25.215,911460
1782536911108,0,0,0.000,6.508,6.516,0.157,0.188,0.231,25.215,911493
1782536911142,0,0,0.006,6.524,6.508,0.157,0.157,0.210,25.301,911526
1782536911177,0,0,0.006,6.524,6.516,0.188,0.157,0.226,25.215,911559
1782536911208,0,0,0.000,6.524,6.516,0.157,0.126,0.226,25.215,911592
1782536911241,0,0,0.000,6.524,6.516,0.188,0.188,0.226,25.215,911625
1782536911274,0,0,0.000,6.524,6.524,0.188,0.157,0.226,25.301,911658
1782536911308,0,0,0.006,6.524,6.508,0.157,0.157,0.247,25.215,911691
1782536911343,0,0,0.000,6.524,6.516,0.188,0.157,0.220,25.215,911724
1782536911383,0,0,0.000,6.524,6.516,0.188,0.157,0.215,25.215,911757
1782536911409,0,0,0.000,6.516,6.516,0.188,0.220,0.237,25.215,911790
1782536911442,0,0,0.000,6.533,6.524,0.188,0.126,0.231,25.215,911823
1782536911476,0,0,0.000,6.524,6.516,0.188,0.157,0.210,25.215,911856
1782536911510,0,0,0.000,6.508,6.508,0.188,0.157,0.323,25.301,911889
1782536911541,0,0,0.012,6.516,6.524,0.126,0.157,0.204,25.215,911922
1782536911577,0,0,0.000,6.524,6.516,0.188,0.188,0.210,25.215,911955
1782536911612,0,0,0.000,6.533,6.516,0.188,0.157,0.210,25.301,911988
1782536911639,0,0,0.000,6.541,6.516,0.188,0.157,0.220,25.301,912021
1782536911674,0,0,0.000,6.524,6.516,0.188,0.157,0.226,25.301,912054
1782536911710,0,0,0.000,6.524,6.516,0.188,0.157,0.220,25.215,912087
1782536911740,0,0,0.000,6.524,6.516,0.220,0.188,0.199,25.301,912120
1782536911773,0,0,0.000,6.524,6.524,0.188,0.126,0.220,25.215,912153
1782536911808,0,0,0.000,6.541,6.516,0.188,0.157,0.215,25.215,912186
1782536911840,0,0,0.006,6.524,6.508,0.157,0.157,0.210,25.215,912219
1782536911873,0,0,0.000,6.524,6.516,0.157,0.157,0.242,25.215,912252
1782536911910,0,0,0.000,6.524,6.516,0.220,0.126,0.210,25.215,912285
1782536911941,0,0,0.000,6.524,6.524,0.188,0.157,0.210,25.215,912318
1782536911977,0,0,0.006,6.524,6.516,0.157,0.157,0.226,25.301,912351
1782536912006,0,0,0.000,6.524,6.516,0.188,0.188,0.215,25.215,912384
1782536912039,0,0,0.000,6.516,6.516,0.157,0.157,0.242,25.215,912417
1782536912074,0,0,0.000,6.524,6.524,0.188,0.157,0.199,25.215,912450
1782536912105,0,0,0.000,6.541,6.533,0.126,0.157,0.237,25.215,912483
1782536912139,0,0,0.000,6.524,6.508,0.188,0.157,0.312,25.215,912516
1782536912172,0,0,0.012,6.524,6.524,0.157,0.220,0.210,25.215,912549
1782536912212,0,0,0.000,6.533,6.516,0.188,0.188,0.296,25.301,912582
1782536912238,0,0,0.000,6.524,6.508,0.157,0.188,0.333,25.215,912615
1782536912272,0,0,0.000,6.533,6.524,0.188,0.126,0.226,25.301,912648
1782536912305,0,0,0.000,6.516,6.508,0.188,0.157,0.349,25.215,912681
1782536912340,0,0,0.000,6.524,6.524,0.126,0.220,0.226,25.215,912714
1782536912372,0,0,0.000,6.516,6.541,0.157,0.157,0.215,25.215,912747
1782536912405,0,0,0.000,6.524,6.508,0.157,0.126,0.215,25.215,912780
1782536912439,0,0,0.000,6.524,6.516,0.157,0.188,0.258,25.215,912813
1782536912471,0,0,0.000,6.516,6.524,0.188,0.157,0.231,25.301,912846
1782536912514,0,0,0.000,6.524,6.516,0.188,0.157,0.220,25.301,912879
1782536912538,0,0,0.000,6.524,6.524,0.157,0.188,0.237,25.215,912912
1782536912587,0,0,0.000,6.541,6.516,0.188,0.188,0.220,25.301,912945
1782536912613,0,0,0.000,6.524,6.524,0.188,0.157,0.215,25.215,912978
1782536912648,0,0,0.000,6.524,6.541,0.188,0.157,0.220,25.215,913011
1782536912682,0,0,0.000,6.524,6.516,0.188,0.157,0.210,25.215,913044
1782536912712,0,0,0.000,6.524,6.524,0.188,0.126,0.242,25.215,913077
1782536912745,0,0,0.000,6.524,6.516,0.188,0.157,0.231,25.301,913110
1782536912778,0,0,0.000,6.524,6.516,0.220,0.157,0.215,25.215,913143
1782536912811,0,0,0.000,6.533,6.524,0.188,0.188,0.215,25.301,913176
1782536912844,0,0,0.000,6.524,6.524,0.188,0.188,0.215,25.301,913209
1782536912877,0,0,0.000,6.541,6.524,0.188,0.188,0.215,25.215,913242
1782536912917,0,0,0.000,6.533,6.524,0.157,0.188,0.215,25.215,913275
1782536912944,0,0,0.000,6.533,6.524,0.220,0.157,0.199,25.215,913308
1782536912983,0,0,0.000,6.524,6.516,0.188,0.126,0.274,25.215,913341
1782536913011,0,0,0.000,6.524,6.516,0.220,0.157,0.231,25.215,913374
1782536913046,0,0,0.000,6.524,6.524,0.188,0.188,0.204,25.215,913407
1782536913076,0,0,0.000,6.524,6.524,0.157,0.157,0.210,25.215,913440
1782536913108,0,0,0.000,6.524,6.524,0.188,0.157,0.204,25.215,913473
1782536913144,0,0,0.000,6.524,6.516,0.220,0.157,0.226,25.215,913506
1782536913174,0,0,0.000,6.533,6.524,0.220,0.126,0.226,25.215,913539
1782536913207,15,15,0.000,6.516,6.516,0.220,0.157,0.376,25.215,913572
1782536913240,45,45,0.000,6.524,6.516,0.188,0.188,0.285,25.215,913605
1782536913273,60,60,0.000,6.524,6.524,0.157,0.157,0.237,25.215,913638
1782536913307,90,90,0.000,6.524,6.524,0.188,0.157,0.231,25.301,913671
1782536913339,120,120,0.000,6.524,6.533,0.157,0.157,0.204,25.301,913704
1782536913374,135,135,0.000,6.516,6.516,0.188,0.157,0.220,25.215,913737
1782536913407,165,165,0.000,6.516,6.516,0.188,0.188,0.215,25.215,913770
1782536913438,195,195,0.000,6.491,6.499,0.251,0.314,0.204,25.215,913803
1782536913471,210,210,0.000,6.483,6.475,0.220,0.565,0.199,25.301,913836
1782536913505,240,240,0.000,6.475,6.475,0.345,0.533,0.220,25.215,913869
1782536913538,270,270,0.000,6.425,6.425,0.628,0.784,0.323,25.215,913902
1782536913571,250,250,0.000,6.417,6.425,0.816,0.753,0.215,25.215,913935
1782536913603,210,210,0.000,6.384,6.367,1.067,0.847,0.242,25.215,913968
1782536913643,170,170,0.006,6.417,6.417,0.690,0.565,0.210,25.301,914001
1782536913671,150,150,0.000,6.466,6.466,0.533,0.377,0.290,25.215,914034
1782536913706,110,110,0.006,6.499,6.483,0.251,0.251,0.355,25.215,914067
1782536913735,90,90,0.000,6.516,6.508,0.220,0.188,0.210,25.215,914100
1782536913769,50,50,0.000,6.516,6.516,0.188,0.188,0.220,25.215,914133
1782536913802,10,10,0.000,6.524,6.516,0.188,0.157,0.220,25.215,914166
1782536913834,0,0,0.000,6.516,6.516,0.157,0.157,0.355,25.215,914199
1782536913868,0,0,0.000,6.516,6.516,0.188,0.157,0.247,25.215,914232
1782536913901,0,0,0.000,6.541,6.508,0.188,0.157,0.323,25.215,914265
1782536913937,0,0,0.000,6.516,6.516,0.188,0.188,0.285,25.215,914298
1782536913969,0,0,0.000,6.541,6.524,0.188,0.157,0.194,25.301,914331
1782536914002,15,15,0.000,6.533,6.516,0.157,0.157,0.258,25.215,914364
1782536914035,30,30,0.000,6.524,6.516,0.188,0.188,0.253,25.301,914397
1782536914069,60,60,0.006,6.524,6.516,0.188,0.188,0.215,25.301,914430
1782536914104,90,90,0.000,6.516,6.516,0.188,0.126,0.446,25.215,914463
1782536914139,120,120,0.000,6.533,6.516,0.188,0.126,0.253,25.215,914496
1782536914168,135,135,0.000,6.524,6.524,0.188,0.157,0.226,25.301,914529
1782536914202,165,165,0.000,6.524,6.516,0.188,0.157,0.210,25.215,914562
1782536914249,195,195,0.000,6.499,6.499,0.282,0.282,0.215,25.301,914595
1782536914267,210,210,0.000,6.458,6.450,0.659,0.377,0.215,25.215,914628
1782536914301,240,240,0.000,6.425,6.417,1.035,0.628,0.220,25.215,914661
1782536914333,255,255,0.000,6.433,6.417,0.753,0.628,0.312,25.215,914694
1782536914367,285,285,0.012,6.408,6.375,0.973,0.753,0.231,25.215,914727
1782536914408,315,315,0.006,6.367,6.342,1.600,0.910,0.220,25.215,914760
1782536914433,330,330,0.000,6.392,6.375,1.224,0.659,0.258,25.215,914793
1782536914468,360,360,0.000,6.350,6.334,1.443,0.910,0.231,25.215,914826
1782536914500,390,390,0.000,6.309,6.276,1.914,1.035,0.306,25.215,914859
1782536914533,405,405,0.000,6.301,6.284,1.788,1.035,0.366,25.215,914892
1782536914574,435,435,0.000,6.284,6.251,2.008,1.130,0.247,25.301,914925
1782536914600,465,465,0.000,6.235,6.210,2.134,1.349,0.274,25.301,914958
1782536914633,495,465,0.000,6.210,6.185,2.730,1.443,0.237,25.215,914991
1782536914666,500,455,0.000,6.185,6.152,2.698,1.600,0.253,25.215,915024
1782536914700,500,425,0.006,6.135,6.102,2.855,2.165,0.247,25.301,915057
1782536914734,500,410,0.000,6.152,6.110,2.636,2.416,0.253,25.301,915090
1782536914767,500,380,0.000,6.218,6.177,1.851,1.883,0.220,25.301,915123
1782536914800,500,420,0.000,6.276,6.259,1.318,1.663,0.237,25.215,915156
1782536914836,500,440,0.012,6.292,6.276,1.224,1.569,0.231,25.301,915189
1782536914866,500,480,0.000,6.284,6.276,1.192,1.632,0.258,25.215,915222
1782536914899,460,460,0.006,6.218,6.201,2.039,1.632,0.226,25.215,915255
1782536914933,440,440,0.006,6.193,6.160,2.228,2.008,0.247,25.301,915288
1782536914967,400,400,0.006,6.218,6.193,2.447,1.381,0.237,25.215,915321
1782536914999,360,360,0.000,6.317,6.292,1.506,0.816,0.306,25.215,915354
1782536915036,340,340,0.000,6.334,6.317,1.349,0.722,0.296,25.215,915387
1782536915065,335,335,0.000,6.384,6.384,0.879,0.628,0.226,25.301,915420
1782536915098,365,365,0.000,6.425,6.417,0.533,0.408,0.237,25.215,915453
1782536915132,380,380,0.000,6.408,6.400,0.784,0.471,0.237,25.301,915486
1782536915166,425,395,0.000,6.342,6.326,1.224,0.847,0.210,25.215,915519
1782536915212,485,395,0.006,6.268,6.243,1.757,1.161,0.285,25.301,915552
1782536915235,500,395,0.000,6.243,6.218,2.322,1.286,0.247,25.215,915585
1782536915267,500,395,0.018,6.201,6.160,2.008,2.008,0.242,25.215,915618
1782536915298,500,380,0.000,6.152,6.135,1.788,2.855,0.242,25.215,915651
1782536915332,500,365,0.012,6.201,6.168,1.694,2.290,0.237,25.215,915684
1782536915367,500,335,0.006,6.243,6.210,1.192,2.134,0.231,25.215,915717
1782536915402,500,340,0.000,6.251,6.226,1.098,1.914,0.210,25.301,915750
1782536915431,500,360,0.006,6.292,6.259,0.596,2.071,0.220,25.301,915783
1782536915464,500,400,0.006,6.309,6.292,0.502,1.883,0.242,25.301,915816
1782536915504,500,400,0.000,6.268,6.226,1.035,2.134,0.220,25.301,915849
1782536915533,480,400,0.000,6.251,6.218,1.130,2.071,0.247,25.301,915882
1782536915576,400,400,0.000,6.243,6.226,1.192,2.008,0.263,25.301,915915
1782536915597,380,380,0.000,6.268,6.226,1.443,1.443,0.210,25.301,915948
1782536915630,340,340,0.000,6.292,6.284,1.412,1.067,0.242,25.301,915981
1782536915666,300,300,0.006,6.359,6.350,0.816,0.628,0.210,25.301,916014
1782536915697,280,280,0.000,6.425,6.433,0.502,0.314,0.210,25.301,916047
1782536915730,240,240,0.000,6.400,6.392,0.753,0.565,0.220,25.301,916080
1782536915764,200,200,0.000,6.442,6.433,0.377,0.377,0.231,25.301,916113
1782536915796,180,180,0.000,6.466,6.466,0.220,0.157,0.210,25.301,916146
1782536915830,140,140,0.000,6.450,6.442,0.377,0.282,0.215,25.301,916179
1782536915922,40,40,0.006,6.475,6.475,0.251,0.157,0.253,25.301,916212
1782536915924,40,40,0.000,6.491,6.466,0.188,0.188,0.215,25.301,916245
1782536915944,20,20,0.000,6.491,6.483,0.188,0.157,0.215,25.301,916278
1782536915963,0,0,0.000,6.475,6.483,0.188,0.157,0.290,25.215,916311
1782536915996,0,0,0.000,6.491,6.483,0.188,0.157,0.215,25.301,916344
1782536916031,0,0,0.000,6.483,6.483,0.188,0.157,0.333,25.301,916377
1782536916063,0,0,0.000,6.499,6.491,0.157,0.126,0.231,25.301,916410
1782536916099,0,0,0.000,6.491,6.491,0.157,0.126,0.215,25.301,916443
1782536916135,0,0,0.006,6.508,6.483,0.220,0.157,0.231,25.215,916476
1782536916164,0,0,0.000,6.499,6.491,0.126,0.188,0.231,25.301,916509
1782536916196,0,0,0.000,6.491,6.483,0.188,0.157,0.226,25.301,916542
1782536916229,0,0,0.000,6.499,6.491,0.157,0.126,0.226,25.215,916575
1782536916263,0,0,0.000,6.499,6.491,0.188,0.157,0.247,25.301,916608
1782536916297,0,0,0.000,6.499,6.491,0.157,0.157,0.215,25.215,916641
1782536916328,0,0,0.000,6.499,6.491,0.157,0.157,0.231,25.301,916674
1782536916362,0,0,0.000,6.499,6.491,0.188,0.157,0.237,25.301,916707
1782536916395,0,0,0.000,6.499,6.491,0.188,0.157,0.237,25.301,916740
1782536916432,0,0,0.006,6.508,6.499,0.188,0.157,0.231,25.301,916773
1782536916461,0,0,0.000,6.491,6.499,0.188,0.157,0.215,25.301,916806
1782536916496,0,0,0.000,6.499,6.499,0.188,0.220,0.237,25.301,916839
1782536916529,0,0,0.000,6.499,6.499,0.157,0.157,0.242,25.215,916872
1782536916573,0,0,0.000,6.499,6.491,0.188,0.188,0.290,25.301,916905
1782536916595,0,0,0.012,6.499,6.491,0.157,0.157,0.349,25.301,916938
1782536916630,0,0,0.000,6.499,6.508,0.188,0.157,0.231,25.301,916971
1782536916663,0,0,0.000,6.508,6.491,0.188,0.157,0.242,25.301,917004
1782536916695,0,0,0.000,6.499,6.499,0.188,0.126,0.220,25.215,917037
1782536916732,0,0,0.000,6.508,6.491,0.188,0.157,0.220,25.301,917070
1782536916762,0,0,0.000,6.499,6.508,0.188,0.157,0.237,25.301,917103
1782536916794,0,0,0.000,6.508,6.491,0.220,0.188,0.220,25.301,917136
1782536916833,0,0,0.000,6.508,6.508,0.188,0.157,0.242,25.301,917169
1782536916879,0,0,0.000,6.508,6.508,0.188,0.157,0.215,25.301,917202
1782536916934,0,0,0.000,6.499,6.499,0.188,0.188,0.231,25.301,917235
1782536916937,0,0,0.000,6.516,6.491,0.188,0.157,0.215,25.301,917268
1782536916972,-15,-15,0.000,6.508,6.491,0.188,0.126,0.237,25.301,917301
1782536917003,-45,-45,0.000,6.508,6.499,0.188,0.157,0.215,25.215,917334
1782536917039,-75,-75,0.006,6.508,6.499,0.188,0.188,0.210,25.215,917367
1782536917069,-90,-90,0.000,6.508,6.508,0.188,0.157,0.237,25.301,917400
1782536917102,-120,-120,0.000,6.499,6.508,0.220,0.126,0.220,25.301,917433
1782536917141,-150,-150,0.000,6.508,6.508,0.157,0.157,0.210,25.301,917466
1782536917167,-165,-165,0.000,6.508,6.508,0.188,0.126,0.199,25.301,917499
1782536917200,-195,-195,0.000,6.483,6.491,0.157,0.157,0.215,25.301,917532
1782536917242,-225,-225,0.000,6.442,6.450,0.377,0.439,0.323,25.301,917565
1782536917266,-240,-240,0.000,6.458,6.442,0.282,0.784,0.210,25.301,917598
1782536917301,-270,-270,0.000,6.425,6.417,0.408,0.816,0.215,25.215,917631
1782536917337,-285,-285,0.006,6.408,6.392,0.502,0.879,0.258,25.301,917664
1782536917366,-315,-315,0.006,6.350,6.342,1.192,1.130,0.210,25.301,917697
1782536917404,-345,-345,0.006,6.392,6.375,0.816,0.847,0.220,25.215,917730
1782536917431,-360,-360,0.000,6.342,6.326,1.224,0.973,0.349,25.215,917763
1782536917464,-390,-390,0.012,6.284,6.276,1.600,1.381,0.215,25.301,917796
1782536917506,-420,-420,0.000,6.309,6.292,1.412,1.255,0.220,25.387,917829
1782536917532,-435,-435,0.012,6.251,6.235,1.757,1.318,0.349,25.301,917862
1782536917571,-465,-465,0.000,6.218,6.201,2.259,1.475,0.226,25.301,917895
1782536917599,-480,-480,0.012,6.226,6.201,2.134,1.569,0.366,25.301,917928
1782536917629,-500,-500,0.000,6.226,6.210,2.102,1.506,0.226,25.301,917961
1782536917662,-500,-500,0.000,6.152,6.127,2.479,2.008,0.237,25.215,917994
1782536917708,-500,-500,0.000,6.135,6.110,2.698,1.945,0.457,25.301,918027
1782536917736,-500,-500,0.000,6.152,6.127,2.479,1.820,0.301,25.301,918060
1782536917761,-500,-500,0.012,6.193,6.160,2.353,1.537,0.333,25.301,918093
1782536917795,-500,-500,0.006,6.210,6.185,2.322,1.506,0.231,25.301,918126
1782536917827,-500,-500,0.018,6.210,6.185,2.322,1.318,0.220,25.301,918159
1782536917860,-460,-460,0.000,6.226,6.193,2.290,1.412,0.247,25.301,918192
1782536917894,-440,-440,0.000,6.235,6.201,2.228,1.412,0.220,25.215,918225
1782536917926,-400,-400,0.000,6.268,6.243,1.820,1.004,0.242,25.301,918258
1782536917961,-360,-360,0.006,6.359,6.334,1.067,0.533,0.312,25.301,918291
1782536917996,-340,-340,0.006,6.359,6.334,1.035,0.784,0.210,25.301,918324
1782536918035,-300,-300,0.000,6.408,6.400,0.596,0.533,0.215,25.301,918357
1782536918065,-260,-260,0.000,6.442,6.442,0.439,0.282,0.204,25.301,918390
1782536918091,-240,-240,0.000,6.417,6.408,0.533,0.533,0.204,25.301,918423
1782536918124,-200,-200,0.006,6.442,6.442,0.314,0.377,0.360,25.301,918456
1782536918161,-165,-165,0.000,6.466,6.458,0.188,0.157,0.280,25.301,918489
1782536918191,-150,-150,0.000,6.458,6.442,0.377,0.345,0.215,25.301,918522
1782536918225,-120,-120,0.000,6.466,6.466,0.251,0.220,0.231,25.301,918555
1782536918264,-90,-90,0.000,6.475,6.475,0.188,0.157,0.269,25.215,918588
1782536918292,-75,-75,0.000,6.483,6.475,0.188,0.188,0.317,25.301,918621
1782536918324,-45,-45,0.000,6.499,6.475,0.188,0.157,0.285,25.301,918654
1782536918360,-30,-30,0.012,6.491,6.483,0.157,0.157,0.242,25.301,918687
1782536918390,0,0,0.000,6.491,6.483,0.188,0.157,0.258,25.301,918720
1782536918425,30,30,0.000,6.491,6.475,0.157,0.126,0.355,25.301,918753
1782536918462,60,60,0.000,6.475,6.491,0.188,0.157,0.215,25.301,918786
1782536918492,75,75,0.000,6.491,6.475,0.188,0.126,0.220,25.301,918819
1782536918523,105,105,0.000,6.499,6.483,0.126,0.188,0.247,25.301,918852
1782536918556,120,120,0.000,6.491,6.491,0.188,0.157,0.371,25.301,918885
1782536918589,120,180,0.000,6.499,6.499,0.220,0.188,0.215,25.301,918918
1782536918625,120,240,0.000,6.483,6.483,0.251,0.188,0.247,25.301,918951
1782536918656,120,270,0.000,6.425,6.425,1.004,0.251,0.215,25.215,918984
1782536918696,120,330,0.000,6.458,6.442,0.533,0.314,0.215,25.215,919017
1782536918723,120,390,0.000,6.375,6.350,1.537,0.345,0.226,25.301,919050
1782536918757,120,420,0.000,6.284,6.284,2.824,0.157,0.253,25.301,919083
1782536918789,120,480,0.000,6.284,6.259,2.824,0.126,0.269,25.301,919116
1782536918826,120,500,0.000,6.226,6.210,3.294,0.282,0.263,25.301,919149
1782536918872,120,500,0.000,6.185,6.152,4.330,0.345,0.220,25.301,919182
1782536918920,120,500,0.000,6.185,6.160,4.016,0.314,0.226,25.301,919215
1782536918926,155,500,0.006,6.235,6.218,3.075,0.314,0.215,25.301,919248
1782536918965,225,500,0.000,6.251,6.218,3.012,0.220,0.242,25.301,919281
1782536918989,260,500,0.000,6.243,6.226,2.730,0.251,0.452,25.301,919314
1782536919023,330,500,0.000,6.235,6.210,2.792,0.502,0.247,25.301,919347
1782536919056,365,500,0.000,6.210,6.193,2.887,0.973,0.220,25.301,919380
1782536919104,430,500,0.000,6.201,6.177,3.012,0.816,0.253,25.301,919413
1782536919123,430,500,0.012,6.135,6.102,3.012,1.632,0.468,25.301,919446
1782536919155,430,490,0.006,6.143,6.127,2.730,1.914,0.220,25.301,919479
1782536919192,420,420,0.000,6.143,6.119,2.573,1.788,0.220,25.301,919512
1782536919223,380,380,0.000,6.177,6.143,2.510,1.600,0.220,25.301,919545
1782536919256,360,360,0.006,6.235,6.218,1.757,1.318,0.231,25.301,919578
1782536919289,320,320,0.006,6.334,6.301,1.349,0.847,0.220,25.301,919611
1782536919327,280,280,0.000,6.392,6.367,0.784,0.502,0.210,25.301,919644
1782536919354,260,260,0.000,6.392,6.375,0.690,0.471,0.215,25.301,919677
1782536919395,220,220,0.000,6.408,6.392,0.628,0.408,0.220,25.215,919710
1782536919423,180,180,0.000,6.442,6.442,0.408,0.282,0.247,25.301,919743
1782536919454,160,160,0.000,6.442,6.425,0.439,0.345,0.242,25.301,919776
1782536919488,120,120,0.000,6.458,6.450,0.345,0.251,0.231,25.387,919809
1782536919523,80,80,0.000,6.475,6.466,0.188,0.188,0.215,25.301,919842
1782536919555,60,60,0.000,6.483,6.475,0.157,0.157,0.215,25.301,919875
1782536919590,20,20,0.006,6.483,6.475,0.188,0.126,0.215,25.301,919908
1782536919620,0,0,0.000,6.483,6.483,0.188,0.157,0.253,25.215,919941
1782536919654,0,0,0.000,6.483,6.475,0.188,0.157,0.210,25.215,919974
1782536919691,0,0,0.000,6.483,6.483,0.188,0.126,0.220,25.387,920007
1782536919721,0,0,0.000,6.483,6.475,0.157,0.220,0.339,25.301,920040
1782536919754,0,0,0.000,6.499,6.491,0.188,0.157,0.226,25.301,920073
1782536919787,0,0,0.006,6.499,6.491,0.188,0.188,0.220,25.301,920106
1782536919821,0,0,0.000,6.491,6.483,0.188,0.251,0.226,25.387,920139
1782536919854,-30,-30,0.000,6.483,6.466,0.188,0.157,0.220,25.301,920172
1782536919887,-60,-60,0.000,6.491,6.483,0.188,0.188,0.210,25.301,920205
1782536919921,-75,-75,0.000,6.483,6.475,0.188,0.220,0.253,25.301,920238
1782536919953,-105,-105,0.000,6.483,6.491,0.188,0.157,0.215,25.301,920271
1782536919987,-135,-135,0.000,6.491,6.491,0.188,0.157,0.210,25.301,920304
1782536920022,-150,-150,0.000,6.491,6.483,0.188,0.157,0.242,25.301,920337
1782536920053,-180,-180,0.000,6.483,6.475,0.188,0.251,0.220,25.301,920370
1782536920086,-210,-210,0.000,6.425,6.417,0.377,0.753,0.215,25.301,920403
1782536920120,-225,-225,0.006,6.417,6.400,0.314,0.941,0.220,25.301,920436
1782536920153,-255,-255,0.000,6.425,6.408,0.377,0.659,0.253,25.301,920469
1782536920199,-285,-285,0.000,6.375,6.367,0.816,0.910,0.220,25.301,920502
1782536920219,-300,-300,0.000,6.342,6.326,0.910,1.067,0.317,25.301,920535
1782536920252,-330,-330,0.000,6.375,6.367,0.941,0.753,0.210,25.301,920568
1782536920289,-360,-360,0.000,6.326,6.326,1.130,0.973,0.226,25.301,920601
1782536920319,-375,-375,0.000,6.284,6.268,1.569,1.224,0.226,25.301,920634
1782536920353,-375,-435,0.000,6.292,6.268,1.600,1.098,0.215,25.301,920667
1782536920393,-375,-495,0.000,6.251,6.226,1.977,1.475,0.226,25.301,920700
1782536920419,-375,-500,0.000,6.185,6.152,2.761,1.161,0.366,25.301,920733
1782536920456,-375,-500,0.000,6.193,6.152,2.981,0.941,0.258,25.301,920766
1782536920486,-365,-500,0.000,6.168,6.143,3.326,0.847,0.226,25.301,920799
1782536920534,-335,-500,0.000,6.193,6.168,2.949,0.879,0.263,25.301,920832
1782536920555,-300,-500,0.000,6.210,6.193,2.604,0.941,0.237,25.301,920865
1782536920587,-230,-500,0.012,6.235,6.218,2.855,0.533,0.237,25.301,920898
1782536920623,-195,-500,0.000,6.292,6.276,2.573,0.188,0.258,25.301,920931
1782536920652,-195,-500,0.000,6.284,6.251,2.510,0.282,0.242,25.301,920964
1782536920685,-195,-485,0.000,6.276,6.259,2.604,0.220,0.237,25.301,920997
1782536920719,-195,-445,0.000,6.276,6.259,2.510,0.314,0.220,25.301,921030
1782536920788,-195,-285,0.006,6.284,6.251,2.322,0.345,0.231,25.301,921063
1782536920797,-195,-285,0.006,6.359,6.342,1.286,0.314,0.215,25.301,921096
1782536920819,-195,-245,0.006,6.425,6.417,0.377,0.251,0.344,25.301,921129
1782536920850,-125,-235,0.000,6.433,6.425,0.408,0.282,0.226,25.301,921162
1782536920884,-90,-230,0.000,6.458,6.442,0.251,0.314,0.226,25.387,921195
1782536920926,15,-215,0.000,6.458,6.450,0.314,0.188,0.296,25.301,921228
1782536920972,85,-205,0.000,6.442,6.433,0.565,0.157,0.323,25.301,921261
1782536920984,85,-205,0.000,6.458,6.433,0.533,0.188,0.215,25.387,921294
1782536921018,155,-195,0.000,6.450,6.442,0.533,0.157,0.204,25.301,921327
1782536921050,155,-255,0.000,6.450,6.442,0.471,0.157,0.242,25.301,921360
1782536921085,155,-285,0.000,6.433,6.425,0.345,0.408,0.242,25.301,921393
1782536921120,155,-345,0.000,6.392,6.384,0.659,0.659,0.237,25.301,921426
1782536921151,155,-405,0.000,6.326,6.309,1.726,0.690,0.258,25.301,921459
1782536921184,155,-435,0.000,6.284,6.259,2.196,0.596,0.349,25.301,921492
1782536921216,155,-495,0.006,6.235,6.218,3.200,0.471,0.280,25.301,921525
1782536921267,155,-500,0.000,6.276,6.235,2.604,0.377,0.269,25.301,921558
1782536921293,155,-500,0.012,6.201,6.185,3.608,0.408,0.258,25.301,921591
1782536921325,190,-500,0.000,6.218,6.193,3.483,0.314,0.231,25.301,921624
1782536921359,190,-500,0.000,6.243,6.218,3.043,0.251,0.247,25.301,921657
1782536921391,190,-450,0.000,6.218,6.201,3.012,0.596,0.231,25.387,921690
1782536921426,190,-410,0.006,6.243,6.226,2.604,0.439,0.226,25.301,921723
1782536921457,190,-330,0.006,6.243,6.235,2.510,0.565,0.226,25.387,921756
1782536921490,190,-250,0.006,6.359,6.334,1.318,0.471,0.231,25.301,921789
1782536921526,190,-210,0.000,6.400,6.400,0.471,0.408,0.226,25.301,921822
1782536921556,160,-160,0.006,6.408,6.400,0.502,0.439,0.274,25.301,921855
1782536921590,120,-120,0.000,6.458,6.450,0.157,0.377,0.215,25.301,921888
1782536921627,100,-100,0.000,6.466,6.458,0.157,0.251,0.210,25.301,921921
1782536921655,60,-60,0.006,6.466,6.466,0.220,0.251,0.215,25.301,921954
1782536921688,40,-40,0.006,6.491,6.466,0.188,0.157,0.220,25.301,921987
1782536921721,0,0,0.000,6.475,6.475,0.188,0.126,0.220,25.301,922020
1782536921765,0,0,0.000,6.483,6.475,0.188,0.157,0.215,25.301,922053
1782536921792,0,0,0.000,6.491,6.458,0.188,0.157,0.247,25.301,922086
1782536921834,0,0,0.000,6.475,6.475,0.126,0.157,0.349,25.301,922119
1782536921857,0,0,0.000,6.483,6.491,0.188,0.157,0.204,25.301,922152
1782536921887,0,0,0.000,6.491,6.483,0.188,0.157,0.242,25.301,922185
1782536921924,-15,15,0.006,6.483,6.483,0.157,0.157,0.215,25.301,922218
1782536921955,-45,45,0.006,6.491,6.475,0.188,0.157,0.204,25.215,922251
1782536921988,-60,60,0.000,6.491,6.475,0.157,0.126,0.226,25.301,922284
1782536922019,-75,105,0.000,6.475,6.475,0.188,0.157,0.344,25.301,922317
1782536922056,-75,165,0.000,6.491,6.483,0.188,0.157,0.210,25.301,922350
1782536922084,-75,195,0.000,6.491,6.483,0.188,0.157,0.242,25.301,922383
1782536922126,-75,255,0.000,6.483,6.458,0.345,0.157,0.215,25.301,922416
1782536922151,-75,315,0.000,6.450,6.442,0.533,0.157,0.328,25.301,922449
1782536922183,-75,345,0.000,6.392,6.384,1.224,0.188,0.204,25.301,922482
1782536922218,-75,405,0.006,6.392,6.392,1.381,0.188,0.237,25.301,922515
1782536922250,-75,435,0.000,6.301,6.284,2.636,0.251,0.220,25.301,922548
1782536922282,-75,495,0.000,6.268,6.243,3.294,0.251,0.215,25.301,922581
1782536922326,-75,500,0.000,6.259,6.243,2.981,0.157,0.226,25.301,922614
1782536922349,-75,500,0.000,6.201,6.185,3.702,0.220,0.371,25.387,922647
1782536922418,-75,500,0.000,6.235,6.201,3.451,0.251,0.210,25.301,922680
1782536922462,-75,500,0.012,6.259,6.226,2.949,0.251,0.237,25.301,922713
1782536922464,-75,500,0.000,6.259,6.218,2.981,0.157,0.446,25.301,922746
1782536922482,-75,500,0.000,6.268,6.243,2.949,0.188,0.226,25.301,922779
1782536922513,-75,435,0.000,6.276,6.259,2.667,0.251,0.199,25.301,922812
1782536922547,-75,395,0.000,6.259,6.243,2.698,0.251,0.339,25.387,922845
1782536922580,-75,315,0.000,6.367,6.342,1.318,0.220,0.194,25.301,922878
1782536922638,-75,195,0.000,6.384,6.367,1.286,0.188,0.274,25.301,922911
1782536922648,-75,195,0.000,6.458,6.442,0.533,0.157,0.210,25.301,922944
1782536922680,-75,115,0.000,6.483,6.475,0.220,0.157,0.355,25.301,922977
1782536922719,-55,55,0.000,6.483,6.475,0.220,0.157,0.210,25.301,923010
1782536922747,-35,35,0.000,6.466,6.475,0.188,0.126,0.220,25.301,923043
1782536922779,0,0,0.000,6.475,6.475,0.220,0.157,0.210,25.301,923076
1782536922815,0,0,0.000,6.483,6.475,0.188,0.157,0.231,25.301,923109
1782536922845,0,0,0.000,6.491,6.475,0.188,0.157,0.204,25.301,923142
1782536922878,0,0,0.000,6.483,6.483,0.188,0.157,0.220,25.387,923175
1782536922914,30,-30,0.000,6.491,6.483,0.188,0.126,0.204,25.301,923208
1782536922946,45,-45,0.000,6.491,6.483,0.220,0.157,0.183,25.301,923241
1782536922982,75,-75,0.000,6.491,6.475,0.157,0.157,0.274,25.301,923274
1782536923014,90,-120,0.000,6.475,6.483,0.126,0.157,0.280,25.301,923307
1782536923047,90,-150,0.000,6.491,6.483,0.188,0.188,0.204,25.301,923340
1782536923079,90,-210,0.000,6.491,6.483,0.188,0.157,0.220,25.301,923373
1782536923111,90,-240,0.000,6.475,6.466,0.314,0.157,0.237,25.301,923406
1782536923145,90,-300,0.006,6.417,6.425,0.941,0.157,0.215,25.301,923439
1782536923178,90,-360,0.006,6.326,6.309,2.385,0.251,0.355,25.387,923472
1782536923213,90,-420,0.000,6.375,6.359,1.600,0.126,0.210,25.301,923505
1782536923244,90,-450,0.000,6.317,6.292,2.290,0.188,0.237,25.301,923538
1782536923278,90,-500,0.006,6.243,6.218,3.169,0.282,0.323,25.387,923571
1782536923311,90,-500,0.000,6.301,6.292,2.385,0.251,0.210,25.387,923604
1782536923362,125,-500,0.000,6.235,6.218,3.263,0.282,0.210,25.301,923637
1782536923389,125,-485,0.000,6.259,6.235,2.949,0.282,0.194,25.387,923670
1782536923412,125,-405,0.006,6.259,6.243,2.887,0.251,0.204,25.387,923703
1782536923445,125,-365,0.006,6.268,6.259,2.416,0.408,0.366,25.387,923736
1782536923481,125,-285,0.000,6.375,6.367,1.004,0.377,0.226,25.387,923769
1782536923512,125,-205,0.000,6.334,6.317,1.506,0.314,0.349,25.301,923802
1782536923544,125,-165,0.000,6.442,6.442,0.251,0.282,0.199,25.387,923835
1782536923578,105,-105,0.000,6.466,6.458,0.157,0.314,0.274,25.301,923868
1782536923610,85,-85,0.000,6.466,6.458,0.157,0.282,0.226,25.301,923901
1782536923644,45,-45,0.000,6.475,6.458,0.188,0.251,0.215,25.301,923934
1782536923677,5,-5,0.006,6.483,6.475,0.188,0.251,0.220,25.301,923967
1782536923710,0,0,0.000,6.483,6.483,0.188,0.188,0.204,25.387,924000
1782536923750,15,15,0.000,6.483,6.475,0.188,0.157,0.215,25.387,924033
1782536923788,45,45,0.000,6.475,6.475,0.188,0.188,0.414,25.301,924066
1782536923819,75,75,0.000,6.491,6.483,0.126,0.157,0.215,25.301,924099
1782536923843,90,90,0.000,6.475,6.475,0.126,0.157,0.339,25.387,924132
1782536923876,120,120,0.006,6.499,6.475,0.126,0.157,0.231,25.301,924165
1782536923910,135,135,0.006,6.475,6.475,0.157,0.157,0.360,25.301,924198
1782536923943,165,165,0.000,6.458,6.458,0.282,0.282,0.215,25.301,924231
1782536923977,195,195,0.006,6.442,6.425,0.377,0.596,0.220,25.301,924264
1782536924009,210,210,0.000,6.458,6.450,0.345,0.282,0.210,25.387,924297
1782536924054,255,255,0.000,6.392,6.375,0.910,0.690,0.210,25.301,924330
1782536924075,270,270,0.000,6.375,6.367,1.067,0.816,0.220,25.387,924363
1782536924109,285,285,0.000,6.367,6.359,0.847,0.784,0.328,25.301,924396
1782536924154,330,330,0.006,6.359,6.350,1.035,0.847,0.237,25.387,924429
1782536924176,310,310,0.006,6.301,6.292,1.600,1.098,0.355,25.301,924462
1782536924209,290,290,0.006,6.342,6.309,1.412,0.784,0.220,25.301,924495
1782536924243,250,250,0.000,6.309,6.309,1.224,0.910,0.323,25.387,924528
1782536924289,210,210,0.000,6.392,6.375,0.879,0.439,0.220,25.387,924561
1782536924308,190,190,0.000,6.417,6.408,0.565,0.408,0.215,25.301,924594
1782536924344,150,150,0.000,6.458,6.450,0.314,0.251,0.210,25.387,924627
1782536924375,115,115,0.000,6.466,6.450,0.251,0.188,0.226,25.301,924660
1782536924410,100,100,0.000,6.466,6.458,0.251,0.251,0.220,25.301,924693
1782536924442,70,70,0.000,6.483,6.475,0.157,0.188,0.247,25.301,924726
1782536924476,40,40,0.000,6.491,6.483,0.188,0.188,0.204,25.301,924759
1782536924508,25,25,0.006,6.475,6.483,0.188,0.220,0.215,25.387,924792
1782536924541,-5,-5,0.000,6.491,6.483,0.188,0.157,0.204,25.387,924825
1782536924575,-35,-35,0.006,6.508,6.483,0.188,0.157,0.226,25.301,924858
1782536924607,-50,-50,0.000,6.491,6.475,0.188,0.188,0.242,25.301,924891
1782536924655,-95,-95,0.000,6.491,6.499,0.126,0.157,0.210,25.301,924924
1782536924677,-110,-110,0.006,6.475,6.483,0.220,0.157,0.226,25.387,924957
1782536924707,-125,-125,0.000,6.499,6.499,0.188,0.157,0.226,25.301,924990
1782536924742,-155,-155,0.000,6.491,6.483,0.188,0.157,0.220,25.301,925023
1782536924775,-185,-185,0.000,6.475,6.466,0.188,0.282,0.323,25.387,925056
1782536924807,-200,-200,0.000,6.458,6.442,0.251,0.502,0.237,25.301,925089
1782536924840,-230,-230,0.006,6.417,6.408,0.314,0.910,0.220,25.301,925122
1782536924874,-260,-260,0.000,6.408,6.400,0.533,0.722,0.220,25.301,925155
1782536924918,-290,-290,0.006,6.367,6.359,0.753,1.004,0.210,25.387,925188
1782536924941,-305,-305,0.000,6.350,6.334,0.784,1.130,0.306,25.301,925221
1782536924974,-335,-335,0.012,6.392,6.375,0.690,0.753,0.204,25.387,925254
1782536925007,-350,-350,0.006,6.317,6.292,1.255,1.161,0.220,25.387,925287
1782536925041,-380,-380,0.000,6.268,6.243,1.663,1.318,0.210,25.387,925320
1782536925073,-395,-395,0.000,6.292,6.276,1.443,1.161,0.247,25.387,925353
1782536925108,-425,-425,0.000,6.243,6.218,2.008,1.412,0.220,25.301,925386
1782536925139,-455,-455,0.000,6.210,6.201,2.322,1.286,0.242,25.301,925419
1782536925173,-470,-470,0.000,6.201,6.177,2.228,1.537,0.215,25.387,925452
1782536925207,-500,-500,0.000,6.177,6.160,2.322,1.726,0.215,25.387,925485
1782536925240,-500,-500,0.000,6.143,6.110,2.698,1.914,0.237,25.387,925518
1782536925276,-500,-500,0.018,6.152,6.127,2.604,1.851,0.210,25.387,925551
1782536925307,-500,-500,0.006,6.168,6.143,2.259,1.726,0.242,25.301,925584
1782536925339,-500,-500,0.006,6.185,6.160,2.259,1.632,0.226,25.301,925617
1782536925372,-500,-500,0.000,6.193,6.160,2.322,1.569,0.242,25.301,925650
1782536925413,-500,-500,0.000,6.210,6.177,2.290,1.475,0.231,25.301,925683
1782536925439,-500,-500,0.012,6.210,6.185,2.165,1.443,0.242,25.301,925716
1782536925473,-500,-500,0.006,6.201,6.177,2.134,1.412,0.231,25.301,925749
1782536925506,-500,-500,0.006,6.201,6.168,2.322,1.318,0.462,25.301,925782
1782536925540,-500,-500,0.000,6.193,6.160,2.134,1.537,0.237,25.387,925815
1782536925573,-500,-500,0.000,6.201,6.177,2.290,1.255,0.242,25.301,925848
1782536925615,-500,-500,0.000,6.210,6.177,2.353,1.098,0.253,25.301,925881
1782536925640,-500,-500,0.000,6.201,6.185,2.322,1.318,0.247,25.301,925914
1782536925675,-500,-500,0.000,6.201,6.177,2.259,1.318,0.285,25.301,925947
1782536925722,-500,-500,0.006,6.201,6.177,1.977,1.443,0.204,25.387,925980
1782536925747,-500,-500,0.000,6.210,6.185,1.757,1.475,0.317,25.301,926013
1782536925786,-500,-500,0.000,6.210,6.185,2.259,1.224,0.247,25.301,926046
1782536925813,-500,-500,0.006,6.210,6.193,2.039,1.286,0.349,25.387,926079
1782536925853,-500,-500,0.006,6.210,6.177,2.510,1.255,0.247,25.387,926112
1782536925881,-500,-500,0.000,6.201,6.177,2.196,1.349,0.349,25.301,926145
1782536925922,-480,-480,0.000,6.210,6.168,2.134,1.224,0.215,25.387,926178
1782536925949,-460,-460,0.000,6.210,6.185,2.228,1.224,0.215,25.301,926211
1782536925979,-420,-420,0.000,6.201,6.168,2.102,1.286,0.242,25.387,926244
1782536926011,-400,-400,0.006,6.193,6.160,2.259,1.412,0.220,25.387,926277
1782536926047,-360,-360,0.000,6.342,6.342,1.161,0.345,0.215,25.387,926310
1782536926078,-355,-355,0.000,6.334,6.301,1.224,0.722,0.215,25.301,926343
1782536926110,-370,-370,0.000,6.384,6.367,0.690,0.628,0.210,25.301,926376
1782536926158,-415,-415,0.000,6.408,6.417,0.471,0.439,0.204,25.387,926409
1782536926176,-415,-415,0.000,6.350,6.334,0.879,0.816,0.296,25.387,926442
1782536926212,-445,-445,0.000,6.276,6.259,1.569,1.004,0.210,25.387,926475
1782536926246,-475,-475,0.000,6.218,6.193,2.039,1.381,0.231,25.387,926508
1782536926276,-490,-490,0.012,6.185,6.143,2.353,1.600,0.215,25.387,926541
1782536926309,-500,-500,0.006,6.135,6.119,2.447,1.945,0.204,25.387,926574
1782536926341,-485,-500,0.006,6.077,6.044,3.451,2.102,0.220,25.387,926607
1782536926375,-470,-500,0.000,6.094,6.069,2.981,1.820,0.339,25.387,926640
1782536926407,-440,-500,0.000,6.127,6.110,2.604,1.757,0.231,25.387,926673
1782536926440,-410,-500,0.000,6.185,6.160,2.447,1.130,0.231,25.387,926706
1782536926473,-395,-500,0.000,6.210,6.201,2.447,0.941,0.237,25.387,926739
1782536926507,-400,-500,0.000,6.210,6.185,2.322,0.847,0.484,25.387,926772
1782536926539,-440,-500,0.006,6.259,6.243,2.165,0.439,0.220,25.387,926805
1782536926572,-460,-500,0.000,6.243,6.210,2.290,0.659,0.323,25.301,926838
1782536926606,-500,-500,0.018,6.201,6.177,2.416,1.130,0.220,25.301,926871
1782536926638,-500,-500,0.000,6.210,6.168,2.541,1.130,0.382,25.387,926904
1782536926672,-500,-500,0.006,6.160,6.127,2.510,1.475,0.253,25.387,926937
1782536926704,-500,-500,0.000,6.127,6.085,2.447,1.945,0.269,25.387,926970
1782536926737,-500,-500,0.000,6.160,6.127,2.510,1.475,0.263,25.387,927003
1782536926771,-480,-480,0.000,6.193,6.143,2.322,1.318,0.366,25.387,927036
1782536926803,-455,-425,0.000,6.201,6.168,2.353,1.192,0.226,25.387,927069
1782536926836,-485,-425,0.000,6.210,6.210,1.883,1.098,0.231,25.387,927102
1782536926870,-500,-425,0.000,6.268,6.251,1.632,0.879,0.220,25.387,927135
1782536926904,-500,-410,0.000,6.292,6.276,1.130,1.098,0.269,25.387,927168
1782536926936,-500,-395,0.000,6.259,6.226,1.224,1.569,0.220,25.387,927201
1782536926971,-500,-365,0.000,6.243,6.226,1.224,1.663,0.220,25.387,927234
1782536927011,-500,-335,0.000,6.251,6.226,0.910,1.820,0.242,25.387,927267
1782536927036,-500,-320,0.000,6.259,6.243,0.722,1.914,0.210,25.387,927300
1782536927086,-500,-275,0.000,6.276,6.259,0.502,1.726,0.220,25.387,927333
1782536927102,-500,-260,0.000,6.301,6.276,0.377,1.883,0.231,25.387,927366
1782536927140,-500,-230,0.000,6.292,6.276,0.314,2.008,0.220,25.387,927399
1782536927168,-500,-215,0.000,6.284,6.276,0.282,2.071,0.210,25.387,927432
1782536927203,-500,-185,0.000,6.284,6.276,0.314,1.914,0.419,25.387,927465
1782536927234,-500,-170,0.000,6.292,6.268,0.314,1.945,0.253,25.387,927498
1782536927270,-500,-175,0.000,6.301,6.292,0.220,1.883,0.376,25.387,927531
1782536927301,-500,-145,0.006,6.309,6.284,0.220,2.039,0.258,25.387,927564
1782536927334,-500,-130,0.000,6.276,6.259,0.314,2.416,0.366,25.387,927597
1782536927368,-500,-100,0.000,6.309,6.301,0.188,1.914,0.220,25.387,927630
1782536927401,-500,-70,0.018,6.309,6.292,0.188,2.039,0.226,25.387,927663
1782536927434,-500,-55,0.000,6.301,6.284,0.188,2.008,0.226,25.387,927696
1782536927467,-500,-25,0.000,6.301,6.276,0.188,1.945,0.457,25.387,927729
1782536927505,-500,-65,0.006,6.301,6.309,0.188,1.977,0.296,25.387,927762
1782536927534,-500,-85,0.006,6.309,6.292,0.188,2.008,0.263,25.387,927795
1782536927568,-500,-85,0.000,6.309,6.292,0.188,1.851,0.242,25.387,927828
1782536927601,-500,-155,0.000,6.301,6.268,0.188,2.102,0.484,25.387,927861
1782536927633,-500,-185,0.000,6.292,6.284,0.188,2.165,0.237,25.387,927894
1782536927669,-500,-155,0.000,6.301,6.268,0.220,2.228,0.247,25.387,927927
1782536927700,-500,-125,0.000,6.243,6.226,1.004,1.945,0.231,25.387,927960
1782536927733,-500,-110,0.012,6.276,6.243,0.377,2.134,0.220,25.387,927993
1782536927768,-500,-80,0.000,6.292,6.259,0.220,2.165,0.274,25.387,928026
1782536927800,-500,-50,0.006,6.301,6.284,0.220,2.039,0.215,25.301,928059
1782536927836,-500,-35,0.000,6.301,6.276,0.220,2.071,0.247,25.387,928092
1782536927867,-500,15,0.000,6.301,6.292,0.220,2.008,0.237,25.387,928125
1782536927900,-500,15,0.000,6.301,6.284,0.220,2.102,0.263,25.473,928158
1782536927933,-500,15,0.000,6.309,6.284,0.188,2.102,0.237,25.387,928191
1782536927966,-500,15,0.000,6.309,6.276,0.220,2.039,0.280,25.387,928224
1782536928000,-500,15,0.006,6.301,6.284,0.188,2.008,0.355,25.387,928257
1782536928033,-500,15,0.000,6.309,6.292,0.220,2.071,0.263,25.387,928290
1782536928066,-500,85,0.006,6.317,6.284,0.220,2.134,0.220,25.387,928323
1782536928100,-500,120,0.000,6.301,6.284,0.188,2.228,0.247,25.387,928356
1782536928133,-500,190,0.000,6.301,6.276,0.220,2.165,0.226,25.387,928389
1782536928166,-500,260,0.000,6.309,6.292,0.251,1.945,0.215,25.387,928422
1782536928200,-500,295,0.000,6.259,6.226,0.722,1.914,0.312,25.387,928455
1782536928236,-500,365,0.006,6.201,6.168,1.694,2.008,0.247,25.387,928488
1782536928268,-500,420,0.000,6.160,6.127,1.977,2.071,0.231,25.387,928521
1782536928303,-500,440,0.006,6.127,6.094,2.667,1.914,0.242,25.387,928554
1782536928333,-500,480,0.000,6.127,6.102,2.290,2.071,0.382,25.387,928587
1782536928365,-500,500,0.012,6.094,6.061,2.949,1.945,0.263,25.387,928620
1782536928407,-500,500,0.000,6.052,6.028,3.263,2.102,0.253,25.387,928653
1782536928432,-500,500,0.006,6.085,6.052,3.075,1.883,0.231,25.473,928686
1782536928465,-480,480,0.000,6.094,6.061,2.855,1.632,0.263,25.473,928719
1782536928500,-460,460,0.000,6.077,6.036,3.326,1.726,0.360,25.387,928752
1782536928531,-420,420,0.000,6.094,6.061,3.012,1.694,0.237,25.387,928785
1782536928565,-380,380,0.000,6.143,6.110,2.353,1.694,0.231,25.387,928818
1782536928611,-340,340,0.000,6.210,6.193,1.883,1.286,0.253,25.387,928851
1782536928645,-300,300,0.000,6.226,6.193,1.945,1.161,0.226,25.387,928884
1782536928678,-280,280,0.000,6.268,6.259,1.349,1.004,0.258,25.387,928917
1782536928699,-260,260,0.000,6.309,6.301,0.816,0.659,0.253,25.387,928950
1782536928734,-220,220,0.000,6.317,6.301,1.098,0.753,0.231,25.387,928983
1782536928764,-200,200,0.000,6.359,6.350,0.847,0.408,0.226,25.473,929016
1782536928799,-160,160,0.012,6.392,6.400,0.596,0.251,0.210,25.387,929049
1782536928831,-90,150,0.006,6.392,6.384,0.596,0.314,0.242,25.387,929082
1782536928864,-55,145,0.000,6.433,6.417,0.282,0.251,0.210,25.387,929115
1782536928897,15,135,0.000,6.433,6.425,0.251,0.157,0.306,25.301,929148
1782536928931,85,125,0.000,6.450,6.442,0.314,0.157,0.237,25.387,929181
1782536928964,120,120,0.000,6.442,6.442,0.220,0.157,0.226,25.473,929214
1782536929001,150,150,0.000,6.450,6.433,0.251,0.157,0.242,25.387,929247
1782536929030,180,180,0.000,6.442,6.442,0.282,0.157,0.210,25.387,929280
1782536929063,195,195,0.000,6.417,6.417,0.408,0.251,0.226,25.387,929313
1782536929098,225,225,0.000,6.367,6.350,1.224,0.314,0.366,25.473,929346
1782536929130,255,255,0.000,6.359,6.334,1.224,0.345,0.247,25.387,929379
1782536929163,270,270,0.000,6.326,6.309,1.286,0.565,0.231,25.387,929412
1782536929199,300,300,0.006,6.309,6.292,1.412,0.816,0.231,25.387,929445
1782536929229,360,300,0.000,6.317,6.301,1.192,0.722,0.237,25.387,929478
1782536929263,390,300,0.000,6.301,6.276,1.443,0.659,0.253,25.559,929511
1782536929298,450,300,0.006,6.276,6.243,1.506,1.318,0.220,25.387,929544
1782536929329,500,300,0.000,6.276,6.251,1.224,1.412,0.285,25.387,929577
1782536929363,500,335,0.000,6.235,6.210,1.004,2.008,0.220,25.387,929610
1782536929406,455,405,0.000,6.160,6.127,0.816,3.765,0.253,25.387,929643
1782536929431,415,405,0.000,6.177,6.152,0.816,2.824,0.360,25.387,929676
1782536929465,390,390,0.000,6.152,6.127,1.788,2.290,0.269,25.387,929709
1782536929496,350,350,0.000,6.168,6.152,1.788,1.694,0.258,25.387,929742
1782536929533,310,310,0.000,6.235,6.210,1.600,1.130,0.366,25.387,929775
1782536929562,290,290,0.000,6.342,6.334,0.753,0.565,0.263,25.387,929808
1782536929599,250,250,0.000,6.375,6.375,0.565,0.377,0.237,25.387,929841
1782536929634,210,210,0.000,6.392,6.375,0.471,0.502,0.231,25.387,929874
1782536929662,190,190,0.000,6.425,6.417,0.314,0.282,0.220,25.387,929907
1782536929696,150,150,0.000,6.425,6.408,0.377,0.314,0.220,25.387,929940
1782536929729,110,110,0.000,6.417,6.425,0.314,0.251,0.258,25.387,929973
1782536929763,90,90,0.000,6.450,6.442,0.188,0.157,0.215,25.473,930006
1782536929796,50,50,0.006,6.450,6.450,0.188,0.126,0.215,25.473,930039
1782536929828,10,10,0.000,6.458,6.458,0.188,0.126,0.306,25.473,930072
1782536929862,0,0,0.000,6.458,6.458,0.188,0.188,0.231,25.387,930105
1782536929894,0,0,0.006,6.458,6.458,0.188,0.157,0.242,25.387,930138
1782536929929,0,0,0.000,6.466,6.458,0.188,0.157,0.215,25.559,930171
1782536929976,0,0,0.000,6.475,6.466,0.188,0.188,0.226,25.473,930204
1782536929994,0,0,0.006,6.466,6.458,0.157,0.157,0.231,25.387,930237
1782536930028,0,0,0.000,6.458,6.458,0.220,0.157,0.204,25.387,930270
1782536930070,0,0,0.006,6.466,6.458,0.188,0.157,0.237,25.473,930303
1782536930106,0,0,0.012,6.466,6.466,0.188,0.126,0.220,25.387,930336
1782536930136,0,0,0.006,6.466,6.466,0.188,0.157,0.204,25.387,930369
1782536930170,0,0,0.000,6.466,6.458,0.188,0.157,0.220,25.473,930402
1782536930202,0,0,0.000,6.475,6.458,0.157,0.157,0.312,25.473,930435
1782536930237,0,0,0.000,6.475,6.458,0.188,0.157,0.226,25.473,930468
1782536930270,0,0,0.006,6.466,6.458,0.188,0.157,0.220,25.473,930501
1782536930301,0,0,0.006,6.475,6.466,0.157,0.126,0.210,25.473,930534
1782536930366,0,0,0.000,6.466,6.466,0.188,0.126,0.215,25.473,930567
1782536930370,0,0,0.000,6.475,6.458,0.188,0.188,0.215,25.473,930600
1782536930400,0,0,0.000,6.475,6.466,0.188,0.157,0.220,25.473,930633
1782536930433,0,0,0.000,6.475,6.466,0.188,0.188,0.215,25.473,930666
1782536930467,0,0,0.000,6.475,6.466,0.188,0.251,0.215,25.473,930699
1782536930499,0,0,0.000,6.483,6.458,0.157,0.157,0.237,25.473,930732
1782536930532,0,0,0.000,6.475,6.475,0.188,0.126,0.215,25.387,930765
1782536930565,0,0,0.000,6.475,6.466,0.220,0.188,0.296,25.473,930798
1782536930599,0,0,0.000,6.475,6.466,0.188,0.157,0.215,25.473,930831
1782536930632,0,0,0.000,6.466,6.466,0.188,0.188,0.215,25.387,930864
1782536930664,0,0,0.000,6.466,6.483,0.220,0.157,0.210,25.387,930897
1782536930697,15,15,0.000,6.475,6.475,0.188,0.157,0.231,25.473,930930
1782536930730,45,45,0.006,6.483,6.466,0.157,0.126,0.355,25.473,930963
1782536930763,60,60,0.000,6.483,6.475,0.188,0.157,0.204,25.473,930996
1782536930800,90,90,0.000,6.491,6.483,0.157,0.157,0.215,25.473,931029
1782536930830,120,120,0.012,6.475,6.491,0.157,0.188,0.247,25.473,931062
1782536930865,135,135,0.000,6.475,6.475,0.188,0.188,0.210,25.387,931095
1782536930906,165,165,0.000,6.483,6.466,0.157,0.157,0.280,25.473,931128
1782536930929,195,195,0.000,6.450,6.450,0.377,0.188,0.328,25.473,931161
1782536930966,210,210,0.006,6.392,6.384,0.784,0.565,0.210,25.473,931194
1782536930994,240,240,0.006,6.392,6.375,1.004,0.439,0.242,25.473,931227
1782536931039,270,270,0.000,6.375,6.359,1.004,0.502,0.215,25.473,931260
1782536931064,285,285,0.000,6.326,6.309,1.255,0.690,0.457,25.473,931293
1782536931093,315,315,0.000,6.334,6.326,1.192,0.753,0.274,25.473,931326
1782536931126,330,330,0.000,6.334,6.309,1.255,0.784,0.366,25.473,931359
1782536931160,290,290,0.006,6.276,6.268,1.632,1.098,0.220,25.473,931392
1782536931193,250,250,0.000,6.292,6.292,1.506,0.879,0.301,25.559,931425
1782536931236,210,210,0.006,6.334,6.317,1.161,0.784,0.226,25.473,931458
1782536931261,190,190,0.000,6.392,6.384,0.753,0.314,0.237,25.473,931491
1782536931292,150,150,0.000,6.417,6.408,0.502,0.377,0.215,25.387,931524
1782536931329,115,115,0.000,6.458,6.442,0.251,0.251,0.430,25.473,931557
1782536931359,100,100,0.000,6.475,6.475,0.188,0.188,0.280,25.473,931590
1782536931390,70,70,0.000,6.458,6.458,0.220,0.188,0.269,25.387,931623
1782536931424,55,55,0.000,6.475,6.466,0.188,0.126,0.210,25.473,931656
1782536931474,10,10,0.000,6.475,6.475,0.188,0.188,0.210,25.473,931689
1782536931490,-5,-5,0.000,6.466,6.466,0.188,0.188,0.296,25.473,931722
1782536931534,-35,-35,0.000,6.475,6.475,0.188,0.157,0.204,25.473,931755
1782536931565,-50,-50,0.000,6.483,6.475,0.188,0.157,0.210,25.473,931788
1782536931593,-80,-80,0.000,6.475,6.475,0.157,0.157,0.333,25.387,931821
1782536931623,-95,-95,0.000,6.483,6.475,0.188,0.188,0.204,25.387,931854
1782536931657,-125,-125,0.000,6.475,6.475,0.188,0.157,0.349,25.559,931887
1782536931710,-170,-170,0.000,6.475,6.475,0.126,0.188,0.280,25.473,931920
1782536931725,-170,-170,0.000,6.483,6.475,0.220,0.157,0.215,25.473,931953
1782536931757,-200,-200,0.000,6.450,6.442,0.345,0.251,0.339,25.473,931986
1782536931790,-230,-230,0.000,6.442,6.425,0.377,0.502,0.220,25.387,932019
1782536931823,-245,-245,0.000,6.392,6.375,0.408,0.690,0.425,25.473,932052
1782536931858,-275,-275,0.006,6.375,6.367,0.628,0.816,0.301,25.473,932085
1782536931890,-305,-305,0.000,6.367,6.359,0.753,0.628,0.366,25.473,932118
1782536931963,-350,-350,0.000,6.359,6.342,1.067,0.816,0.220,25.473,932151
1782536931992,-380,-380,0.000,6.309,6.284,1.224,1.192,0.306,25.387,932184
1782536932005,-380,-380,0.000,6.326,6.309,1.098,0.910,0.333,25.473,932217
1782536932033,-410,-410,0.000,6.276,6.259,1.632,1.130,0.263,25.387,932250
1782536932056,-425,-425,0.006,6.226,6.201,1.600,1.788,0.457,25.473,932283
1782536932100,-455,-455,0.000,6.226,6.210,2.102,1.255,0.285,25.387,932316
1782536932122,-470,-470,0.000,6.185,6.152,2.039,1.726,0.382,25.387,932349
1782536932155,-485,-500,0.000,6.160,6.135,2.667,1.663,0.215,25.473,932382
1782536932190,-455,-500,0.006,6.168,6.127,2.573,1.663,0.226,25.387,932415
1782536932229,-425,-500,0.006,6.119,6.077,2.792,2.008,0.237,25.387,932448
1782536932259,-410,-500,0.000,6.160,6.127,2.792,1.349,0.263,25.473,932481
1782536932300,-380,-500,0.000,6.201,6.168,2.573,1.224,0.237,25.473,932514
1782536932322,-365,-500,0.000,6.226,6.201,2.447,0.722,0.231,25.387,932547
1782536932356,-335,-500,0.006,6.243,6.235,2.416,0.596,0.258,25.387,932580
1782536932388,-300,-500,0.000,6.243,6.218,2.385,0.628,0.231,25.387,932613
1782536932423,-300,-500,0.000,6.243,6.235,2.510,0.596,0.220,25.473,932646
1782536932456,-300,-500,0.006,6.226,6.218,2.479,0.659,0.231,25.387,932679
1782536932488,-300,-460,0.006,6.259,6.226,2.447,0.408,0.339,25.387,932712
1782536932521,-300,-380,0.006,6.235,6.210,2.604,0.565,0.242,25.387,932745
1782536932556,-300,-300,0.000,6.226,6.210,2.604,0.533,0.344,25.387,932778
1782536932588,-280,-280,0.000,6.326,6.309,1.255,0.596,0.237,25.387,932811
1782536932621,-240,-240,0.000,6.400,6.400,0.439,0.533,0.220,25.387,932844
1782536932655,-200,-200,0.000,6.400,6.392,0.408,0.565,0.226,25.387,932877
1782536932687,-165,-195,0.000,6.433,6.425,0.314,0.251,0.226,25.387,932910
1782536932722,-95,-185,0.000,6.450,6.442,0.220,0.251,0.237,25.387,932943
1782536932755,-25,-175,0.000,6.442,6.450,0.251,0.251,0.220,25.387,932976
1782536932788,10,-170,0.006,6.475,6.450,0.282,0.157,0.215,25.387,933009
1782536932821,-25,-195,0.000,6.458,6.450,0.282,0.157,0.226,25.473,933042
1782536932855,-95,-185,0.000,6.458,6.458,0.314,0.157,0.296,25.473,933075
1782536932886,-130,-180,0.006,6.417,6.408,0.690,0.157,0.226,25.473,933108
1782536932921,-185,-185,0.000,6.433,6.408,0.659,0.188,0.215,25.473,933141
1782536932953,-215,-215,0.000,6.433,6.425,0.408,0.157,0.317,25.387,933174
1782536932987,-230,-230,0.000,6.417,6.400,0.377,0.533,0.226,25.473,933207
1782536933021,-260,-260,0.006,6.375,6.359,0.910,0.439,0.269,25.473,933240
1782536933053,-290,-290,0.000,6.350,6.334,1.035,0.565,0.355,25.473,933273
1782536933086,-305,-305,0.006,6.350,6.334,0.941,0.847,0.220,25.387,933306
1782536933120,-335,-335,0.000,6.326,6.292,1.161,1.035,0.204,25.473,933339
1782536933154,-365,-365,0.012,6.309,6.284,1.443,1.067,0.231,25.473,933372
1782536933198,-395,-395,0.000,6.301,6.276,1.412,0.941,0.231,25.473,933405
1782536933220,-410,-410,0.000,6.251,6.226,1.851,1.130,0.312,25.387,933438
1782536933257,-440,-440,0.000,6.235,6.201,1.820,1.318,0.242,25.473,933471
1782536933286,-455,-455,0.012,6.201,6.185,2.196,1.506,0.237,25.473,933504
1782536933319,-485,-485,0.000,6.193,6.160,2.165,1.569,0.258,25.387,933537
1782536933355,-500,-500,0.006,6.177,6.152,2.353,1.537,0.237,25.559,933570
1782536933387,-480,-480,0.000,6.143,6.102,2.636,1.788,0.226,25.387,933603
1782536933423,-440,-440,0.018,6.094,6.061,3.043,2.039,0.237,25.387,933636
1782536933453,-400,-400,0.000,6.152,6.102,2.604,1.632,0.263,25.387,933669
1782536933488,-380,-380,0.000,6.259,6.226,1.914,1.004,0.226,25.387,933702
1782536933522,-340,-340,0.006,6.342,6.317,1.098,0.596,0.231,25.387,933735
1782536933554,-300,-300,0.000,6.342,6.326,0.879,0.753,0.269,25.387,933768
1782536933584,-280,-280,0.000,6.392,6.375,0.690,0.439,0.226,25.387,933801
1782536933626,-240,-240,0.006,6.425,6.417,0.282,0.377,0.247,25.473,933834
1782536933654,-200,-200,0.000,6.400,6.384,0.565,0.439,0.263,25.387,933867
1782536933697,-160,-160,0.000,6.425,6.425,0.314,0.377,0.285,25.473,933900
1782536933720,-140,-140,0.012,6.442,6.442,0.251,0.251,0.210,25.473,933933
1782536933753,-100,-100,0.000,6.442,6.433,0.314,0.282,0.226,25.387,933966
1782536933795,-60,-60,0.006,6.458,6.466,0.220,0.188,0.226,25.387,933999
1782536933818,-40,-40,0.000,6.466,6.458,0.188,0.157,0.258,25.473,934032
1782536933861,0,0,0.000,6.475,6.458,0.188,0.157,0.215,25.473,934065
1782536933894,0,0,0.000,6.475,6.458,0.188,0.126,0.328,25.473,934098
1782536933919,0,0,0.012,6.466,6.458,0.188,0.157,0.220,25.473,934131
1782536933951,0,0,0.000,6.475,6.466,0.188,0.157,0.237,25.473,934164
1782536933985,0,0,0.000,6.466,6.466,0.188,0.157,0.285,25.473,934197
1782536934017,0,0,0.000,6.475,6.466,0.188,0.126,0.220,25.387,934230
1782536934051,0,0,0.006,6.475,6.475,0.188,0.157,0.220,25.473,934263
1782536934097,0,0,0.006,6.483,6.475,0.188,0.188,0.220,25.473,934296
1782536934118,0,0,0.000,6.483,6.475,0.188,0.157,0.226,25.473,934329
1782536934152,0,0,0.000,6.475,6.475,0.188,0.157,0.237,25.387,934362
1782536934186,0,0,0.000,6.475,6.475,0.188,0.157,0.242,25.387,934395
1782536934219,0,0,0.000,6.475,6.483,0.188,0.157,0.253,25.387,934428
1782536934251,0,0,0.006,6.475,6.475,0.188,0.157,0.237,25.473,934461
1782536934283,0,0,0.000,6.475,6.475,0.188,0.157,0.210,25.387,934494
1782536934317,0,0,0.000,6.475,6.475,0.188,0.220,0.226,25.387,934527
1782536934351,0,0,0.006,6.483,6.475,0.126,0.157,0.215,25.559,934560
1782536934384,0,0,0.006,6.483,6.475,0.220,0.188,0.215,25.473,934593
1782536934425,0,0,0.000,6.475,6.475,0.157,0.188,0.237,25.473,934626
1782536934462,0,0,0.000,6.483,6.458,0.188,0.188,0.328,25.387,934659
1782536934492,0,0,0.000,6.483,6.475,0.188,0.157,0.226,25.473,934692
1782536934525,0,0,0.000,6.491,6.475,0.157,0.126,0.242,25.387,934725
1782536934559,0,0,0.000,6.475,6.483,0.220,0.157,0.226,25.473,934758
1782536934592,0,0,0.000,6.483,6.475,0.188,0.157,0.215,25.473,934791
1782536934624,0,0,0.000,6.499,6.475,0.188,0.157,0.220,25.559,934824
1782536934657,0,0,0.000,6.483,6.491,0.157,0.157,0.210,25.387,934857
1782536934691,0,0,0.000,6.483,6.466,0.188,0.157,0.220,25.473,934890
1782536934723,0,0,0.000,6.491,6.483,0.157,0.126,0.220,25.473,934923
1782536934756,0,0,0.006,6.483,6.483,0.188,0.157,0.210,25.473,934956
1782536934808,0,0,0.006,6.491,6.466,0.220,0.157,0.231,25.473,934989
1782536934823,0,0,0.000,6.483,6.499,0.188,0.157,0.210,25.387,935022
1782536934878,0,0,0.000,6.483,6.483,0.188,0.157,0.226,25.387,935055
1782536934891,0,0,0.006,6.475,6.483,0.188,0.157,0.210,25.473,935088
1782536934921,0,0,0.006,6.491,6.466,0.188,0.157,0.312,25.387,935121
1782536934955,0,0,0.000,6.483,6.483,0.188,0.157,0.220,25.473,935154
1782536934989,0,0,0.000,6.483,6.491,0.188,0.157,0.215,25.473,935187
1782536935020,0,0,0.000,6.475,6.491,0.188,0.157,0.215,25.387,935220
1782536935058,0,0,0.000,6.483,6.483,0.126,0.126,0.210,25.473,935253
1782536935086,0,0,0.000,6.483,6.491,0.188,0.157,0.220,25.473,935286
1782536935120,0,0,0.006,6.491,6.491,0.220,0.188,0.210,25.387,935319
1782536935152,0,0,0.000,6.491,6.483,0.188,0.188,0.220,25.473,935352
1782536935186,0,0,0.000,6.483,6.475,0.157,0.157,0.204,25.473,935385
1782536935237,0,0,0.000,6.491,6.483,0.188,0.157,0.210,25.473,935418
1782536935301,0,0,0.000,6.491,6.483,0.188,0.188,0.220,25.473,935451
1782536935303,0,0,0.000,6.491,6.483,0.157,0.157,0.215,25.387,935484
1782536935318,0,0,0.000,6.491,6.483,0.188,0.157,0.226,25.473,935517
1782536935350,0,0,0.000,6.491,6.483,0.126,0.157,0.204,25.473,935550
1782536935383,0,0,0.000,6.491,6.491,0.188,0.157,0.215,25.473,935583
1782536935417,0,0,0.000,6.499,6.491,0.188,0.157,0.274,25.387,935616
1782536935450,0,0,0.000,6.491,6.483,0.220,0.188,0.237,25.387,935649
1782536935482,0,0,0.000,6.483,6.483,0.188,0.220,0.382,25.473,935682
1782536935535,0,0,0.000,6.475,6.475,0.157,0.126,0.290,25.387,935715
1782536935548,0,0,0.000,6.491,6.499,0.188,0.188,0.204,25.387,935748
1782536935581,0,0,0.000,6.483,6.483,0.188,0.157,0.285,25.387,935781
1782536935614,0,0,0.000,6.483,6.483,0.220,0.157,0.355,25.387,935814
1782536935647,0,0,0.000,6.491,6.491,0.188,0.157,0.210,25.387,935847
1782536935680,0,0,0.000,6.483,6.491,0.188,0.188,0.344,25.473,935880
1782536935714,0,0,0.000,6.491,6.499,0.188,0.157,0.269,25.387,935913
1782536935754,0,0,0.000,6.483,6.475,0.188,0.157,0.468,25.301,935946
1782536935802,0,0,0.000,6.475,6.483,0.188,0.157,0.280,25.387,935979
1782536935814,0,0,0.000,6.491,6.483,0.188,0.157,0.199,25.387,936012
1782536935847,0,0,0.000,6.499,6.491,0.251,0.157,0.204,25.387,936045
1782536935881,0,0,0.000,6.491,6.475,0.188,0.126,0.290,25.387,936078
1782536935915,0,0,0.006,6.483,6.483,0.188,0.157,0.360,25.473,936111
1782536935948,0,0,0.000,6.491,6.491,0.188,0.157,0.204,25.387,936144
1782536935984,0,0,0.000,6.491,6.483,0.188,0.188,0.204,25.387,936177
1782536936013,0,0,0.000,6.499,6.483,0.220,0.188,0.204,25.387,936210
1782536936045,0,0,0.006,6.491,6.491,0.188,0.157,0.215,25.473,936243
1782536936085,0,0,0.000,6.508,6.491,0.188,0.126,0.204,25.387,936276
1782536936113,0,0,0.000,6.499,6.491,0.188,0.157,0.210,25.387,936309
1782536936148,0,0,0.006,6.499,6.499,0.188,0.157,0.204,25.473,936342
1782536936179,0,0,0.000,6.491,6.483,0.188,0.126,0.312,25.473,936375
1782536936211,0,0,0.000,6.499,6.491,0.188,0.126,0.269,25.387,936408
1782536936245,0,0,0.012,6.491,6.491,0.188,0.188,0.306,25.387,936441
1782536936280,0,0,0.000,6.491,6.491,0.188,0.157,0.285,25.387,936474
1782536936312,0,0,0.000,6.491,6.491,0.188,0.157,0.312,25.387,936507
1782536936346,0,0,0.000,6.508,6.491,0.188,0.157,0.285,25.387,936540
1782536936379,0,0,0.000,6.491,6.483,0.188,0.157,0.328,25.387,936573
1782536936430,0,0,0.000,6.508,6.499,0.188,0.126,0.253,25.473,936606
1782536936457,0,0,0.000,6.508,6.491,0.188,0.157,0.210,25.387,936639
1782536936484,0,0,0.000,6.483,6.491,0.188,0.157,0.274,25.473,936672
1782536936562,0,0,0.000,6.491,6.499,0.188,0.188,0.344,25.301,936705
1782536936571,0,0,0.000,6.499,6.491,0.188,0.126,0.204,25.559,936738
1782536936579,0,0,0.000,6.499,6.491,0.157,0.220,0.290,25.301,936771
1782536936612,0,0,0.000,6.508,6.483,0.188,0.157,0.220,25.387,936804
1782536936645,0,0,0.006,6.508,6.491,0.157,0.157,0.226,25.387,936837
1782536936677,0,0,0.006,6.483,6.491,0.188,0.188,0.226,25.387,936870
1782536936710,0,0,0.000,6.508,6.491,0.188,0.126,0.301,25.387,936903
1782536936760,0,0,0.000,6.491,6.483,0.188,0.157,0.226,25.387,936936
1782536936777,0,0,0.000,6.508,6.499,0.188,0.157,0.204,25.387,936969
1782536936814,0,0,0.000,6.508,6.491,0.188,0.157,0.226,25.387,937002
1782536936844,0,0,0.000,6.499,6.483,0.188,0.157,0.220,25.473,937035
1782536936877,0,0,0.000,6.499,6.491,0.188,0.157,0.231,25.387,937068
1782536936917,0,0,0.000,6.499,6.491,0.188,0.126,0.199,25.387,937101
1782536936945,0,0,0.000,6.491,6.483,0.188,0.157,0.215,25.387,937134
1782536936976,0,0,0.000,6.508,6.499,0.188,0.126,0.204,25.473,937167
1782536937010,0,0,0.000,6.499,6.499,0.188,0.157,0.215,25.387,937200
1782536937043,0,0,0.000,6.508,6.491,0.157,0.157,0.226,25.387,937233
1782536937078,0,0,0.006,6.499,6.491,0.188,0.157,0.242,25.387,937266
1782536937110,0,0,0.000,6.516,6.516,0.220,0.157,0.204,25.387,937299
1782536937155,0,0,0.000,6.499,6.491,0.157,0.157,0.210,25.387,937332
1782536937193,0,0,0.000,6.499,6.499,0.188,0.157,0.210,25.387,937365
1782536937226,0,0,0.000,6.508,6.508,0.188,0.157,0.204,25.387,937398
1782536937253,0,0,0.000,6.508,6.491,0.220,0.157,0.204,25.387,937431
1782536937277,0,0,0.006,6.508,6.491,0.251,0.188,0.323,25.387,937464
1782536937314,0,0,0.000,6.499,6.508,0.188,0.126,0.215,25.387,937497
1782536937343,0,0,0.000,6.499,6.499,0.188,0.157,0.215,25.387,937530
1782536937377,0,0,0.000,6.499,6.499,0.251,0.126,0.231,25.387,937563
1782536937409,0,0,0.000,6.491,6.491,0.157,0.157,0.290,25.387,937596
1782536937445,0,0,0.000,6.508,6.491,0.126,0.157,0.237,25.387,937629
1782536937476,0,0,0.000,6.508,6.499,0.188,0.157,0.204,25.387,937662
1782536937518,0,0,0.000,6.508,6.491,0.188,0.157,0.215,25.473,937695
1782536937542,0,0,0.000,6.516,6.491,0.188,0.157,0.204,25.387,937728
1782536937575,0,0,0.000,6.499,6.499,0.188,0.157,0.199,25.473,937761
1782536937612,0,0,0.000,6.516,6.491,0.188,0.220,0.204,25.387,937794
1782536937644,0,0,0.000,6.508,6.499,0.157,0.126,0.204,25.387,937827
1782536937676,0,0,0.000,6.508,6.508,0.188,0.188,0.215,25.387,937860
1782536937709,0,0,0.000,6.508,6.499,0.188,0.157,0.210,25.387,937893
1782536937742,0,0,0.000,6.508,6.499,0.188,0.157,0.215,25.473,937926
1782536937776,0,0,0.000,6.516,6.491,0.188,0.188,0.215,25.473,937959
1782536937808,0,0,0.000,6.508,6.499,0.188,0.157,0.226,25.387,937992
1782536937841,0,0,0.000,6.508,6.499,0.188,0.157,0.220,25.387,938025
1782536937874,0,0,0.000,6.483,6.483,0.188,0.126,0.253,25.387,938058
1782536937908,0,0,0.000,6.516,6.491,0.157,0.188,0.231,25.387,938091
1782536937941,0,0,0.000,6.499,6.499,0.188,0.188,0.237,25.387,938124
1782536937974,0,0,0.000,6.508,6.499,0.188,0.188,0.210,25.387,938157
1782536938009,0,0,0.000,6.491,6.499,0.188,0.188,0.215,25.387,938190
1782536938041,0,0,0.000,6.508,6.508,0.220,0.126,0.199,25.387,938223
1782536938075,0,0,0.000,6.508,6.499,0.188,0.157,0.210,25.473,938256
1782536938108,0,0,0.006,6.508,6.491,0.188,0.157,0.220,25.387,938289
1782536938140,0,0,0.000,6.516,6.499,0.188,0.188,0.226,25.387,938322
1782536938176,0,0,0.000,6.508,6.491,0.220,0.126,0.220,25.387,938355
1782536938208,0,0,0.006,6.508,6.499,0.188,0.157,0.237,25.387,938388
1782536938244,0,0,0.000,6.508,6.499,0.188,0.094,0.210,25.387,938421
1782536938274,0,0,0.006,6.508,6.499,0.188,0.188,0.215,25.387,938454
1782536938307,0,0,0.000,6.508,6.499,0.157,0.157,0.210,25.473,938487
1782536938341,0,0,0.000,6.499,6.491,0.188,0.157,0.323,25.387,938520
1782536938394,0,0,0.000,6.516,6.508,0.188,0.188,0.220,25.387,938553
1782536938442,0,0,0.000,6.508,6.499,0.188,0.157,0.199,25.387,938586
1782536938451,0,0,0.000,6.508,6.508,0.188,0.157,0.204,25.301,938619
1782536938476,0,0,0.000,6.499,6.499,0.220,0.157,0.349,25.473,938652
1782536938509,0,0,0.000,6.508,6.499,0.157,0.126,0.231,25.387,938685
1782536938546,0,0,0.000,6.508,6.508,0.157,0.188,0.210,25.473,938718
1782536938574,0,0,0.000,6.508,6.491,0.188,0.188,0.210,25.473,938751
1782536938606,0,0,0.000,6.491,6.499,0.188,0.126,0.349,25.387,938784
1782536938640,0,0,0.000,6.508,6.508,0.188,0.157,0.231,25.387,938817
1782536938672,0,0,0.000,6.508,6.491,0.220,0.188,0.328,25.387,938850
1782536938705,0,0,0.006,6.508,6.508,0.188,0.157,0.226,25.387,938883
1782536938739,0,0,0.000,6.508,6.499,0.188,0.157,0.237,25.473,938916
1782536938772,0,0,0.000,6.516,6.499,0.126,0.157,0.215,25.473,938949
1782536938816,0,0,0.006,6.516,6.499,0.188,0.157,0.204,25.387,938982
1782536938859,0,0,0.000,6.516,6.508,0.188,0.157,0.215,25.387,939015
1782536938885,0,0,0.000,6.508,6.508,0.220,0.157,0.204,25.387,939048
1782536938916,0,0,0.000,6.499,6.508,0.157,0.126,0.296,25.301,939081
1782536938953,0,0,0.000,6.508,6.499,0.188,0.157,0.210,25.387,939114
1782536938980,0,0,0.000,6.524,6.516,0.188,0.188,0.204,25.387,939147
1782536939027,0,0,0.006,6.508,6.499,0.220,0.157,0.226,25.301,939180
1782536939046,0,0,0.000,6.508,6.499,0.188,0.188,0.215,25.387,939213
1782536939093,0,0,0.000,6.508,6.499,0.126,0.157,0.231,25.473,939246
1782536939112,0,0,0.000,6.508,6.508,0.188,0.157,0.215,25.387,939279
1782536939145,0,0,0.006,6.508,6.499,0.188,0.157,0.215,25.387,939312
1782536939182,0,0,0.000,6.516,6.499,0.188,0.157,0.210,25.387,939345
1782536939212,0,0,0.000,6.508,6.508,0.188,0.188,0.194,25.387,939378
1782536939244,0,0,0.000,6.508,6.508,0.188,0.126,0.220,25.387,939411
1782536939281,0,0,0.006,6.508,6.508,0.220,0.188,0.210,25.387,939444
1782536939312,0,0,0.000,6.499,6.499,0.188,0.157,0.360,25.473,939477
1782536939343,0,0,0.000,6.508,6.499,0.188,0.157,0.199,25.387,939510
1782536939379,0,0,0.000,6.508,6.508,0.188,0.157,0.204,25.387,939543
1782536939409,0,0,0.006,6.516,6.491,0.157,0.157,0.199,25.387,939576
1782536939442,0,0,0.006,6.499,6.491,0.157,0.157,0.210,25.387,939609
1782536939475,0,0,0.006,6.508,6.508,0.188,0.188,0.199,25.387,939642
1782536939509,0,0,0.006,6.508,6.499,0.188,0.157,0.242,25.301,939675
1782536939541,0,0,0.000,6.516,6.516,0.188,0.188,0.204,25.387,939708
1782536939587,0,0,0.000,6.516,6.499,0.188,0.157,0.204,25.387,939741
1782536939607,0,0,0.000,6.499,6.491,0.126,0.157,0.435,25.301,939774
1782536939640,0,0,0.000,6.499,6.508,0.188,0.157,0.194,25.387,939807
1782536939673,0,0,0.000,6.508,6.508,0.220,0.188,0.204,25.387,939840
1782536939712,0,0,0.000,6.508,6.508,0.188,0.157,0.237,25.387,939873
1782536939759,0,0,0.000,6.508,6.499,0.126,0.126,0.210,25.387,939906
1782536939789,0,0,0.000,6.516,6.508,0.188,0.220,0.199,25.387,939939
1782536939829,0,0,0.000,6.508,6.516,0.188,0.157,0.210,25.301,939972
1782536939839,0,0,0.000,6.516,6.508,0.157,0.157,0.204,25.387,940005
1782536939874,0,0,0.000,6.516,6.516,0.188,0.157,0.215,25.387,940038
1782536939909,0,0,0.000,6.508,6.508,0.188,0.157,0.199,25.387,940071
1782536939937,0,0,0.000,6.516,6.508,0.220,0.126,0.204,25.387,940104
1782536939976,0,0,0.006,6.516,6.499,0.157,0.157,0.204,25.387,940137
1782536940004,0,0,0.000,6.508,6.508,0.188,0.157,0.237,25.387,940170
1782536940036,0,0,0.000,6.508,6.499,0.220,0.157,0.215,25.387,940203
1782536940069,0,0,0.000,6.524,6.499,0.188,0.157,0.247,25.387,940236
1782536940102,0,0,0.000,6.499,6.491,0.188,0.157,0.392,25.387,940269
1782536940144,0,0,0.000,6.508,6.508,0.220,0.126,0.210,25.387,940302
1782536940170,0,0,0.000,6.499,6.491,0.188,0.157,0.441,25.387,940335
1782536940201,0,0,0.000,6.508,6.508,0.188,0.157,0.247,25.387,940368
1782536940235,0,0,0.006,6.499,6.499,0.188,0.188,0.215,25.387,940401
1782536940268,0,0,0.000,6.516,6.508,0.188,0.126,0.199,25.387,940434
1782536940301,0,0,0.000,6.516,6.508,0.188,0.188,0.199,25.387,940467
1782536940336,0,0,0.000,6.499,6.491,0.188,0.157,0.452,25.301,940500
1782536940367,0,0,0.000,6.516,6.508,0.126,0.157,0.204,25.387,940533
1782536940454,0,0,0.006,6.508,6.508,0.188,0.126,0.199,25.473,940566
1782536940454,0,0,0.000,6.524,6.499,0.251,0.220,0.328,25.387,940599
1782536940507,0,0,0.000,6.508,6.508,0.188,0.126,0.210,25.387,940632
1782536940507,0,0,0.006,6.524,6.508,0.188,0.157,0.210,25.301,940665
1782536940535,0,0,0.000,6.508,6.508,0.220,0.188,0.210,25.387,940698
1782536940568,0,0,0.000,6.516,6.508,0.188,0.157,0.220,25.387,940731
1782536940616,0,0,0.000,6.516,6.508,0.188,0.157,0.210,25.387,940764
1782536940643,0,0,0.000,6.508,6.508,0.188,0.126,0.231,25.387,940797
1782536940715,0,0,0.006,6.508,6.499,0.220,0.188,0.403,25.387,940830
1782536940717,0,0,0.000,6.508,6.499,0.188,0.188,0.323,25.387,940863
1782536940734,0,0,0.006,6.516,6.516,0.188,0.157,0.210,25.387,940896
1782536940767,0,0,0.000,6.508,6.524,0.188,0.157,0.215,25.387,940929
1782536940801,0,0,0.000,6.508,6.499,0.188,0.188,0.344,25.387,940962
1782536940834,0,0,0.006,6.516,6.508,0.157,0.157,0.280,25.387,940995
1782536940866,0,0,0.000,6.499,6.491,0.188,0.157,0.435,25.387,941028
1782536940900,0,0,0.000,6.508,6.499,0.188,0.126,0.274,25.387,941061
1782536940934,0,0,0.000,6.516,6.499,0.188,0.157,0.323,25.387,941094
1782536940966,0,0,0.000,6.516,6.508,0.157,0.157,0.226,25.387,941127
1782536941001,0,0,0.000,6.524,6.508,0.188,0.157,0.247,25.387,941160
1782536941036,0,0,0.000,6.508,6.499,0.188,0.157,0.392,25.387,941193
1782536941068,0,0,0.000,6.516,6.508,0.188,0.157,0.210,25.387,941226
1782536941105,0,0,0.000,6.516,6.508,0.157,0.157,0.231,25.387,941259
1782536941133,0,0,0.000,6.524,6.516,0.188,0.157,0.242,25.387,941292
1782536941166,0,0,0.000,6.508,6.516,0.220,0.126,0.226,25.387,941325
1782536941206,0,0,0.006,6.516,6.516,0.188,0.157,0.215,25.387,941358
1782536941236,0,0,0.000,6.508,6.524,0.220,0.126,0.231,25.387,941391
1782536941265,0,0,0.000,6.516,6.508,0.188,0.094,0.231,25.387,941424
1782536941300,0,0,0.000,6.524,6.516,0.188,0.126,0.231,25.387,941457
1782536941333,0,0,0.000,6.516,6.508,0.188,0.188,0.215,25.387,941490
1782536941368,0,0,0.000,6.533,6.516,0.126,0.157,0.204,25.387,941523
1782536941406,0,0,0.000,6.516,6.516,0.220,0.188,0.210,25.387,941556
1782536941440,0,0,0.000,6.516,6.516,0.188,0.251,0.220,25.387,941589
1782536941468,0,0,0.000,6.499,6.508,0.126,0.188,0.231,25.387,941622
1782536941514,0,0,0.000,6.516,6.508,0.251,0.188,0.210,25.301,941655
1782536941531,0,0,0.006,6.516,6.508,0.126,0.157,0.231,25.387,941688
1782536941565,0,0,0.000,6.516,6.516,0.188,0.188,0.247,25.387,941721
1782536941598,0,0,0.000,6.516,6.508,0.157,0.157,0.231,25.387,941754
1782536941631,0,0,0.000,6.508,6.508,0.157,0.157,0.220,25.387,941787
1782536941665,0,0,0.000,6.524,6.516,0.157,0.126,0.226,25.387,941820
1782536941703,0,0,0.006,6.524,6.508,0.188,0.157,0.237,25.387,941853
1782536941742,0,0,0.000,6.516,6.499,0.157,0.188,0.215,25.387,941886
1782536941787,0,0,0.000,6.516,6.508,0.188,0.157,0.215,25.387,941919
1782536941809,0,0,0.000,6.524,6.508,0.188,0.126,0.215,25.387,941952
1782536941860,0,0,0.000,6.516,6.508,0.188,0.157,0.312,25.387,941985
1782536941866,0,0,0.000,6.508,6.516,0.188,0.157,0.204,25.387,942018
1782536941899,0,0,0.000,6.516,6.516,0.220,0.157,0.220,25.301,942051
1782536941931,0,0,0.000,6.516,6.508,0.188,0.188,0.215,25.301,942084
1782536941964,0,0,0.000,6.516,6.508,0.188,0.157,0.242,25.301,942117
1782536942001,0,0,0.000,6.516,6.508,0.220,0.188,0.215,25.387,942150
1782536942064,0,0,0.000,6.516,6.516,0.220,0.188,0.220,25.387,942183
1782536942071,0,0,0.000,6.516,6.516,0.251,0.157,0.215,25.387,942216
1782536942112,0,0,0.000,6.516,6.499,0.188,0.157,0.306,25.387,942249
1782536942133,0,0,0.000,6.516,6.508,0.157,0.157,0.242,25.387,942282
1782536942164,0,0,0.006,6.524,6.516,0.188,0.188,0.226,25.387,942315
1782536942198,0,0,0.000,6.524,6.508,0.188,0.157,0.220,25.387,942348
1782536942231,0,0,0.000,6.516,6.508,0.188,0.157,0.231,25.301,942381
1782536942265,0,0,0.000,6.516,6.508,0.188,0.157,0.226,25.387,942414
1782536942318,0,0,0.000,6.508,6.516,0.157,0.157,0.220,25.387,942447
1782536942345,0,0,0.000,6.524,6.508,0.188,0.188,0.226,25.387,942480
1782536942363,0,0,0.000,6.516,6.516,0.157,0.220,0.215,25.387,942513
1782536942403,0,0,0.000,6.516,6.508,0.188,0.157,0.247,25.387,942546
1782536942435,0,0,0.000,6.508,6.516,0.157,0.157,0.269,25.387,942579
1782536942469,0,0,0.000,6.508,6.508,0.157,0.126,0.237,25.387,942612
1782536942498,0,0,0.000,6.524,6.508,0.220,0.157,0.242,25.387,942645
1782536942533,0,0,0.000,6.516,6.516,0.157,0.188,0.237,25.473,942678
1782536942562,0,0,0.000,6.516,6.508,0.157,0.188,0.247,25.387,942711
1782536942598,0,0,0.000,6.516,6.524,0.188,0.157,0.204,25.301,942744
1782536942629,0,0,0.000,6.524,6.516,0.188,0.157,0.237,25.387,942777
1782536942662,0,0,0.006,6.508,6.516,0.188,0.157,0.237,25.387,942810
1782536942695,0,0,0.000,6.508,6.516,0.188,0.157,0.226,25.387,942843
1782536942731,0,0,0.000,6.516,6.516,0.188,0.157,0.220,25.387,942876
1782536942762,0,0,0.000,6.524,6.516,0.188,0.220,0.210,25.387,942909
1782536942796,0,0,0.000,6.516,6.516,0.188,0.126,0.215,25.301,942942
1782536942829,0,0,0.006,6.524,6.516,0.157,0.157,0.204,25.387,942975
1782536942862,0,0,0.000,6.516,6.508,0.126,0.157,0.215,25.387,943008
1782536942896,0,0,0.000,6.508,6.524,0.188,0.157,0.242,25.387,943041
1782536942927,0,0,0.000,6.516,6.508,0.157,0.126,0.280,25.301,943074
1782536942965,0,0,0.000,6.524,6.499,0.188,0.188,0.231,25.387,943107
1782536943000,0,0,0.000,6.524,6.516,0.126,0.157,0.237,25.387,943140
1782536943028,0,0,0.000,6.524,6.499,0.188,0.157,0.237,25.387,943173
1782536943099,0,0,0.000,6.524,6.516,0.157,0.188,0.215,25.387,943206
1782536943100,0,0,0.000,6.516,6.516,0.188,0.157,0.210,25.387,943239
1782536943128,0,0,0.000,6.533,6.508,0.157,0.157,0.220,25.387,943272
1782536943161,0,0,0.000,6.516,6.524,0.188,0.188,0.210,25.387,943305
1782536943196,0,0,0.000,6.533,6.516,0.157,0.188,0.215,25.387,943338
1782536943229,0,0,0.000,6.516,6.508,0.188,0.157,0.253,25.301,943371
1782536943270,0,0,0.000,6.516,6.516,0.157,0.157,0.204,25.387,943404
1782536943306,0,0,0.000,6.524,6.516,0.157,0.157,0.204,25.387,943437
1782536943338,0,0,0.000,6.516,6.516,0.220,0.157,0.226,25.387,943470
1782536943393,0,0,0.000,6.524,6.508,0.188,0.188,0.215,25.387,943503
1782536943418,0,0,0.000,6.516,6.516,0.220,0.126,0.312,25.387,943536
1782536943442,0,0,0.000,6.524,6.516,0.188,0.188,0.215,25.387,943569
1782536943494,0,0,0.000,6.516,6.499,0.157,0.188,0.306,25.387,943602
1782536943506,0,0,0.000,6.524,6.524,0.126,0.157,0.210,25.387,943635
1782536943534,0,0,0.006,6.516,6.516,0.157,0.188,0.263,25.387,943668
1782536943567,0,0,0.000,6.524,6.516,0.188,0.157,0.215,25.301,943701
1782536943600,0,0,0.000,6.524,6.516,0.188,0.157,0.210,25.387,943734
1782536943633,0,0,0.000,6.524,6.516,0.188,0.157,0.220,25.473,943767
1782536943666,0,0,0.000,6.516,6.516,0.188,0.157,0.210,25.301,943800
1782536943700,0,0,0.000,6.524,6.508,0.220,0.220,0.269,25.387,943833
1782536943747,0,0,0.006,6.516,6.516,0.188,0.126,0.220,25.301,943866
1782536943774,0,0,0.000,6.508,6.508,0.188,0.157,0.263,25.387,943899
1782536943800,0,0,0.000,6.516,6.524,0.126,0.157,0.215,25.301,943932
1782536943832,0,0,0.000,6.516,6.516,0.188,0.094,0.253,25.387,943965
1782536943869,0,0,0.000,6.533,6.524,0.126,0.188,0.210,25.387,943998
1782536943899,0,0,0.000,6.524,6.516,0.188,0.188,0.220,25.387,944031
1782536943931,0,0,0.006,6.524,6.516,0.188,0.157,0.220,25.387,944064
1782536943964,0,0,0.000,6.516,6.508,0.157,0.126,0.258,25.301,944097
1782536943997,0,0,0.006,6.524,6.516,0.188,0.157,0.215,25.301,944130
1782536944028,0,0,0.000,6.516,6.516,0.188,0.157,0.269,25.387,944163
1782536944064,0,0,0.006,6.524,6.516,0.188,0.157,0.204,25.387,944196
1782536944095,0,0,0.000,6.524,6.508,0.188,0.126,0.231,25.301,944229
1782536944129,0,0,0.000,6.516,6.516,0.157,0.157,0.220,25.301,944262
1782536944161,0,0,0.000,6.524,6.516,0.220,0.126,0.333,25.301,944295
1782536944195,0,0,0.000,6.524,6.508,0.220,0.157,0.220,25.301,944328
1782536944229,0,0,0.000,6.516,6.516,0.188,0.126,0.301,25.301,944361
1782536944266,0,0,0.000,6.516,6.516,0.220,0.188,0.231,25.301,944394
1782536944293,0,0,0.000,6.524,6.516,0.188,0.126,0.237,25.387,944427
1782536944328,0,0,0.000,6.524,6.516,0.188,0.157,0.215,25.301,944460
1782536944359,0,0,0.006,6.516,6.524,0.157,0.188,0.215,25.301,944493
1782536944392,0,0,0.000,6.524,6.516,0.251,0.157,0.215,25.387,944526
1782536944425,0,0,0.000,6.516,6.508,0.188,0.188,0.360,25.387,944559
1782536944458,0,0,0.000,6.516,6.499,0.188,0.157,0.280,25.387,944592
1782536944493,0,0,0.000,6.516,6.524,0.188,0.157,0.457,25.301,944625
1782536944530,0,0,0.000,6.524,6.516,0.157,0.157,0.210,25.387,944658
1782536944557,0,0,0.000,6.524,6.508,0.188,0.157,0.194,25.301,944691
1782536944590,0,0,0.000,6.524,6.516,0.188,0.157,0.204,25.301,944724
1782536944625,0,0,0.000,6.524,6.524,0.126,0.188,0.204,25.301,944757
1782536944658,0,0,0.000,6.524,6.516,0.157,0.126,0.220,25.387,944790
1782536944700,0,0,0.006,6.508,6.508,0.126,0.157,0.317,25.301,944823
1782536944724,0,0,0.006,6.533,6.524,0.157,0.157,0.215,25.301,944856
1782536944758,0,0,0.000,6.533,6.524,0.188,0.157,0.210,25.301,944889
1782536944791,0,0,0.000,6.516,6.516,0.188,0.157,0.242,25.301,944922
1782536944825,0,0,0.000,6.508,6.499,0.157,0.126,0.258,25.301,944955
1782536944857,0,0,0.000,6.516,6.524,0.188,0.188,0.263,25.387,944988
1782536944892,0,0,0.000,6.516,6.508,0.188,0.188,0.231,25.387,945021
1782536944926,0,0,0.000,6.516,6.508,0.188,0.157,0.344,25.387,945054
1782536944957,0,0,0.000,6.516,6.508,0.188,0.157,0.258,25.387,945087
1782536944994,0,0,0.000,6.516,6.508,0.188,0.157,0.290,25.301,945120
1782536945046,0,0,0.006,6.516,6.516,0.188,0.157,0.301,25.301,945153
1782536945077,0,0,0.000,6.499,6.499,0.188,0.126,0.462,25.301,945186
1782536945091,0,0,0.000,6.524,6.516,0.188,0.126,0.210,25.301,945219
1782536945124,0,0,0.000,6.524,6.508,0.188,0.188,0.317,25.301,945252
1782536945163,0,0,0.000,6.533,6.516,0.188,0.157,0.215,25.301,945285
1782536945189,0,0,0.006,6.533,6.516,0.157,0.126,0.247,25.301,945318
1782536945222,0,0,0.000,6.524,6.516,0.188,0.157,0.231,25.387,945351
1782536945255,0,0,0.000,6.524,6.499,0.188,0.157,0.457,25.301,945384
1782536945291,0,0,0.000,6.524,6.516,0.188,0.157,0.242,25.301,945417
1782536945323,0,0,0.000,6.524,6.516,0.188,0.157,0.215,25.301,945450
1782536945357,0,0,0.000,6.508,6.508,0.220,0.188,0.339,25.301,945483
1782536945393,0,0,0.000,6.524,6.524,0.188,0.157,0.204,25.301,945516
1782536945432,0,0,0.000,6.524,6.516,0.188,0.126,0.215,25.387,945549
1782536945456,0,0,0.000,6.508,6.508,0.188,0.126,0.280,25.387,945582
1782536945488,0,0,0.000,6.524,6.516,0.188,0.157,0.237,25.301,945615
1782536945521,0,0,0.000,6.524,6.516,0.188,0.126,0.242,25.301,945648
1782536945566,0,0,0.012,6.508,6.516,0.157,0.126,0.242,25.387,945681
1782536945590,0,0,0.012,6.541,6.516,0.188,0.188,0.231,25.301,945714
1782536945621,0,0,0.000,6.524,6.524,0.157,0.126,0.210,25.301,945747
1782536945655,0,0,0.006,6.533,6.516,0.188,0.157,0.237,25.387,945780
1782536945688,0,0,0.006,6.524,6.516,0.188,0.157,0.226,25.387,945813
1782536945721,0,0,0.000,6.516,6.499,0.188,0.157,0.247,25.387,945846
1782536945755,0,0,0.000,6.516,6.516,0.188,0.157,0.312,25.301,945879
1782536945787,0,0,0.000,6.541,6.533,0.188,0.188,0.210,25.301,945912
1782536945822,0,0,0.000,6.516,6.524,0.157,0.157,0.220,25.301,945945
1782536945856,0,0,0.000,6.524,6.516,0.188,0.157,0.215,25.301,945978
1782536945889,0,0,0.000,6.524,6.516,0.188,0.157,0.215,25.301,946011
1782536945921,0,0,0.000,6.524,6.516,0.188,0.188,0.215,25.387,946044
1782536945956,0,0,0.006,6.524,6.524,0.188,0.126,0.220,25.301,946077
1782536945987,0,0,0.006,6.524,6.516,0.126,0.126,0.215,25.301,946110
1782536946020,0,0,0.000,6.524,6.516,0.188,0.157,0.215,25.387,946143
1782536946060,0,0,0.000,6.524,6.516,0.188,0.157,0.204,25.301,946176
1782536946087,0,0,0.000,6.524,6.516,0.188,0.126,0.215,25.301,946209
1782536946121,0,0,0.000,6.524,6.516,0.188,0.157,0.220,25.387,946242
1782536946156,0,0,0.006,6.524,6.516,0.188,0.126,0.215,25.387,946275
1782536946189,0,0,0.000,6.524,6.516,0.157,0.157,0.231,25.301,946308
1782536946224,0,0,0.006,6.524,6.524,0.188,0.188,0.220,25.301,946341
1782536946299,0,0,0.000,6.524,6.524,0.188,0.157,0.215,25.301,946374
1782536946301,0,0,0.006,6.516,6.516,0.188,0.157,0.349,25.301,946407
1782536946324,0,0,0.000,6.524,6.524,0.188,0.188,0.210,25.301,946440
1782536946353,0,0,0.006,6.524,6.533,0.188,0.157,0.226,25.387,946473
1782536946388,0,0,0.000,6.524,6.516,0.220,0.157,0.328,25.301,946506
1782536946442,0,0,0.006,6.524,6.516,0.157,0.157,0.215,25.301,946539
1782536946457,0,0,0.000,6.516,6.516,0.157,0.157,0.306,25.301,946572
1782536946486,0,0,0.000,6.524,6.524,0.188,0.157,0.210,25.301,946605
1782536946519,0,0,0.000,6.524,6.516,0.157,0.157,0.215,25.301,946638
1782536946560,0,0,0.000,6.524,6.524,0.188,0.157,0.296,25.301,946671
1782536946585,0,0,0.000,6.508,6.508,0.188,0.188,0.274,25.387,946704
1782536946621,0,0,0.000,6.541,6.516,0.188,0.157,0.231,25.301,946737
1782536946655,0,0,0.000,6.524,6.524,0.220,0.188,0.215,25.301,946770
1782536946685,0,0,0.000,6.524,6.524,0.188,0.157,0.215,25.301,946803
1782536946719,0,0,0.000,6.516,6.524,0.188,0.188,0.237,25.301,946836
1782536946752,0,0,0.000,6.524,6.524,0.188,0.188,0.215,25.387,946869
1782536946785,0,0,0.006,6.524,6.524,0.188,0.157,0.215,25.301,946902
1782536946819,0,0,0.000,6.524,6.516,0.157,0.157,0.247,25.387,946935
1782536946855,0,0,0.000,6.524,6.524,0.188,0.188,0.226,25.301,946968
1782536946885,0,0,0.006,6.524,6.516,0.188,0.157,0.215,25.387,947001
1782536946918,0,0,0.000,6.516,6.524,0.188,0.157,0.237,25.301,947034
1782536946952,0,0,0.000,6.524,6.524,0.188,0.157,0.210,25.301,947067
1782536946986,0,0,0.000,6.516,6.508,0.157,0.157,0.344,25.387,947100
1782536947020,0,0,0.000,6.533,6.508,0.220,0.157,0.237,25.301,947133
1782536947055,0,0,0.000,6.533,6.516,0.188,0.157,0.237,25.301,947166
1782536947084,0,0,0.000,6.524,6.508,0.188,0.157,0.231,25.301,947199
1782536947117,0,0,0.006,6.516,6.516,0.157,0.126,0.210,25.387,947232
1782536947150,0,0,0.000,6.524,6.508,0.188,0.188,0.220,25.301,947265
1782536947185,0,0,0.000,6.533,6.524,0.188,0.188,0.242,25.301,947298
1782536947232,0,0,0.000,6.524,6.516,0.220,0.157,0.237,25.387,947331
1782536947257,0,0,0.000,6.533,6.533,0.188,0.188,0.215,25.301,947364
1782536947284,0,0,0.000,6.533,6.524,0.188,0.188,0.210,25.301,947397
1782536947319,0,0,0.000,6.516,6.524,0.188,0.157,0.226,25.301,947430
1782536947350,0,0,0.000,6.516,6.516,0.188,0.126,0.355,25.387,947463
1782536947385,0,0,0.000,6.524,6.524,0.220,0.157,0.210,25.387,947496
