t_unix_ms,l,r,v_cell_1,v_bat,v_q,i_esc_1,i_esc_2,i_sys,temp_c,uptime_ms
1782481978951,0,0,0.006,6.632,6.615,0.188,0.157,0.156,25.818,162921
1782481978983,0,0,0.000,6.624,6.632,0.157,0.157,0.124,25.818,162954
1782481979018,0,0,0.000,6.632,6.615,0.188,0.157,0.167,25.731,162987
1782481979049,0,0,0.000,6.632,6.624,0.220,0.157,0.172,25.818,163020
1782481979082,0,0,0.000,6.632,6.624,0.157,0.188,0.161,25.818,163053
1782481979115,0,0,0.000,6.640,6.632,0.188,0.188,0.161,25.818,163086
1782481979149,0,0,0.000,6.640,6.624,0.220,0.126,0.161,25.731,163119
1782481979182,0,0,0.000,6.632,6.624,0.157,0.188,0.167,25.818,163152
1782481979216,0,0,0.000,6.632,6.624,0.188,0.126,0.172,25.818,163185
1782481979249,0,0,0.000,6.632,6.624,0.251,0.157,0.177,25.818,163218
1782481979281,0,0,0.000,6.632,6.615,0.188,0.157,0.183,25.818,163251
1782481979317,0,0,0.000,6.632,6.632,0.157,0.157,0.151,25.818,163284
1782481979348,0,0,0.000,6.640,6.632,0.157,0.157,0.172,25.818,163317
1782481979381,0,0,0.000,6.632,6.624,0.157,0.188,0.172,25.818,163350
1782481979415,0,0,0.000,6.624,6.632,0.188,0.188,0.151,25.818,163383
1782481979448,0,0,0.000,6.632,6.624,0.188,0.188,0.161,25.818,163416
1782481979481,0,0,0.000,6.632,6.624,0.220,0.188,0.204,25.818,163449
1782481979514,0,0,0.000,6.632,6.624,0.188,0.157,0.199,25.731,163482
1782481979548,0,0,0.000,6.632,6.624,0.188,0.157,0.210,25.731,163515
1782481979581,0,0,0.000,6.624,6.615,0.220,0.251,0.290,25.818,163548
1782481979614,0,0,0.012,6.640,6.624,0.188,0.188,0.199,25.818,163581
1782481979647,0,0,0.000,6.624,6.615,0.188,0.188,0.269,25.818,163614
1782481979680,0,0,0.000,6.640,6.624,0.188,0.188,0.199,25.818,163647
1782481979714,0,0,0.000,6.640,6.607,0.188,0.126,0.290,25.818,163680
1782481979747,0,0,0.000,6.624,6.624,0.157,0.157,0.204,25.818,163713
1782481979780,0,0,0.000,6.624,6.615,0.157,0.188,0.312,25.818,163746
1782481979813,0,0,0.000,6.632,6.624,0.188,0.220,0.215,25.818,163779
1782481979846,0,0,0.000,6.624,6.615,0.188,0.188,0.333,25.818,163812
1782481979879,0,0,0.006,6.632,6.624,0.188,0.157,0.247,25.818,163845
1782481979917,0,0,0.000,6.624,6.624,0.188,0.157,0.210,25.818,163878
1782481979946,0,0,0.006,6.632,6.624,0.251,0.157,0.231,25.731,163911
1782481979979,0,0,0.000,6.632,6.624,0.220,0.126,0.210,25.818,163944
1782481980016,0,0,0.000,6.632,6.624,0.188,0.157,0.220,25.818,163977
1782481980046,0,0,0.000,6.624,6.615,0.157,0.220,0.306,25.818,164010
1782481980080,0,0,0.000,6.624,6.624,0.188,0.157,0.215,25.818,164043
1782481980118,0,0,0.000,6.624,6.624,0.188,0.188,0.242,25.818,164076
1782481980145,0,0,0.000,6.624,6.615,0.188,0.157,0.317,25.818,164109
1782481980179,0,0,0.000,6.615,6.624,0.188,0.157,0.226,25.818,164142
1782481980212,0,0,0.000,6.624,6.615,0.157,0.188,0.237,25.818,164175
1782481980246,0,0,0.006,6.632,6.615,0.188,0.188,0.199,25.818,164208
1782481980278,0,0,0.000,6.615,6.624,0.188,0.157,0.231,25.731,164241
1782481980312,0,0,0.006,6.632,6.615,0.188,0.188,0.226,25.818,164274
1782481980346,0,0,0.000,6.615,6.615,0.188,0.157,0.199,25.818,164307
1782481980380,0,0,0.000,6.624,6.624,0.126,0.126,0.210,25.731,164340
1782481980412,0,0,0.000,6.624,6.624,0.188,0.157,0.226,25.818,164373
1782481980445,0,0,0.000,6.624,6.624,0.188,0.157,0.199,25.818,164406
1782481980480,0,0,0.000,6.624,6.624,0.188,0.157,0.204,25.818,164439
1782481980511,0,0,0.000,6.615,6.607,0.188,0.157,0.371,25.818,164472
1782481980547,0,0,0.000,6.624,6.624,0.188,0.157,0.204,25.818,164505
1782481980578,0,0,0.000,6.624,6.624,0.157,0.157,0.215,25.818,164538
1782481980611,0,0,0.000,6.632,6.624,0.157,0.157,0.226,25.818,164571
1782481980648,0,0,0.000,6.624,6.615,0.188,0.188,0.204,25.818,164604
1782481980678,0,0,0.006,6.624,6.624,0.188,0.157,0.226,25.818,164637
1782481980711,0,0,0.000,6.624,6.624,0.188,0.157,0.199,25.731,164670
1782481980745,0,0,0.000,6.632,6.615,0.220,0.126,0.204,25.818,164703
1782481980777,0,0,0.000,6.624,6.624,0.157,0.157,0.210,25.818,164736
1782481980810,0,0,0.000,6.632,6.624,0.188,0.188,0.199,25.731,164769
1782481980844,0,0,0.000,6.624,6.632,0.188,0.188,0.258,25.818,164802
1782481980880,0,0,0.000,6.624,6.624,0.188,0.157,0.199,25.731,164835
1782481980910,0,0,0.000,6.624,6.624,0.157,0.157,0.242,25.818,164868
1782481980943,0,0,0.000,6.624,6.624,0.188,0.157,0.204,25.818,164901
1782481980978,0,0,0.000,6.632,6.624,0.188,0.157,0.226,25.818,164934
1782481981010,0,0,0.000,6.632,6.615,0.188,0.157,0.215,25.818,164967
1782481981046,0,0,0.006,6.632,6.624,0.188,0.157,0.215,25.818,165000
1782481981077,0,0,0.006,6.632,6.624,0.188,0.157,0.215,25.731,165033
1782481981109,0,0,0.000,6.624,6.632,0.188,0.126,0.188,25.818,165066
1782481981144,0,0,0.000,6.624,6.607,0.188,0.157,0.220,25.818,165099
1782481981179,0,0,0.000,6.624,6.615,0.188,0.157,0.210,25.818,165132
1782481981210,0,0,0.000,6.624,6.624,0.188,0.126,0.215,25.818,165165
1782481981245,0,0,0.006,6.624,6.615,0.251,0.157,0.210,25.818,165198
1782481981277,0,0,0.000,6.624,6.615,0.188,0.126,0.199,25.818,165231
1782481981312,0,0,0.000,6.624,6.632,0.188,0.157,0.194,25.731,165264
1782481981348,0,0,0.000,6.624,6.632,0.220,0.157,0.237,25.818,165297
1782481981377,0,0,0.000,6.624,6.632,0.188,0.126,0.199,25.818,165330
1782481981409,0,0,0.000,6.624,6.624,0.126,0.157,0.204,25.731,165363
1782481981449,0,0,0.000,6.615,6.624,0.157,0.157,0.237,25.818,165396
1782481981475,0,0,0.006,6.607,6.615,0.188,0.157,0.344,25.818,165429
1782481981509,0,0,0.000,6.624,6.624,0.157,0.188,0.204,25.818,165462
1782481981542,0,0,0.000,6.624,6.615,0.188,0.157,0.231,25.731,165495
1782481981575,0,0,0.000,6.624,6.615,0.220,0.157,0.204,25.731,165528
1782481981609,0,0,0.000,6.615,6.624,0.188,0.157,0.204,25.818,165561
1782481981642,0,0,0.000,6.624,6.624,0.188,0.157,0.215,25.731,165594
1782481981676,0,0,0.000,6.624,6.615,0.188,0.157,0.220,25.818,165627
1782481981708,0,0,0.000,6.624,6.615,0.188,0.126,0.242,25.731,165660
1782481981742,0,0,0.000,6.632,6.624,0.188,0.157,0.280,25.818,165693
1782481981776,0,0,0.000,6.624,6.624,0.188,0.157,0.204,25.818,165726
1782481981808,0,0,0.000,6.624,6.624,0.188,0.157,0.231,25.818,165759
1782481981855,0,0,0.000,6.615,6.624,0.188,0.157,0.210,25.731,165792
1782481981878,0,0,0.000,6.624,6.624,0.188,0.157,0.199,25.818,165825
1782481981910,0,0,0.000,6.615,6.607,0.157,0.157,0.210,25.818,165858
1782481981941,0,0,0.012,6.632,6.615,0.157,0.188,0.204,25.731,165891
1782481981974,0,0,0.000,6.624,6.615,0.188,0.157,0.285,25.731,165924
1782481982008,0,0,0.000,6.615,6.615,0.188,0.157,0.349,25.818,165957
1782481982050,0,0,0.000,6.632,6.624,0.157,0.126,0.199,25.731,165990
1782481982092,0,0,0.000,6.615,6.615,0.188,0.157,0.204,25.818,166023
1782481982107,0,0,0.000,6.624,6.615,0.188,0.157,0.204,25.818,166056
1782481982141,0,0,0.000,6.624,6.615,0.188,0.157,0.269,25.818,166089
1782481982174,0,0,0.000,6.632,6.624,0.188,0.188,0.226,25.731,166122
1782481982208,0,0,0.000,6.632,6.624,0.126,0.220,0.199,25.818,166155
1782481982240,0,0,0.000,6.632,6.615,0.188,0.157,0.210,25.818,166188
1782481982287,0,0,0.000,6.624,6.624,0.188,0.157,0.204,25.731,166221
1782481982315,0,0,0.006,6.624,6.624,0.188,0.157,0.226,25.818,166254
1782481982350,0,0,0.000,6.632,6.607,0.188,0.188,0.220,25.818,166287
1782481982382,0,0,0.000,6.624,6.615,0.157,0.157,0.226,25.818,166320
1782481982415,0,0,0.000,6.624,6.615,0.188,0.157,0.231,25.818,166353
1782481982448,0,0,0.000,6.624,6.624,0.188,0.188,0.210,25.731,166386
1782481982482,0,0,0.006,6.624,6.607,0.220,0.126,0.210,25.818,166419
1782481982515,0,0,0.000,6.615,6.615,0.188,0.157,0.231,25.731,166452
1782481982557,0,0,0.000,6.615,6.615,0.188,0.126,0.258,25.818,166485
1782481982580,0,0,0.000,6.632,6.624,0.157,0.157,0.199,25.818,166518
1782481982612,0,0,0.000,6.624,6.615,0.188,0.157,0.215,25.818,166551
1782481982646,0,0,0.000,6.624,6.615,0.157,0.157,0.280,25.818,166584
1782481982681,0,0,0.000,6.624,6.624,0.220,0.126,0.237,25.818,166617
1782481982719,0,0,0.000,6.624,6.624,0.157,0.157,0.220,25.731,166650
1782481982746,0,0,0.000,6.615,6.615,0.157,0.188,0.333,25.818,166683
1782481982786,0,0,0.000,6.615,6.607,0.188,0.126,0.215,25.818,166716
1782481982813,0,0,0.006,6.632,6.607,0.220,0.157,0.296,25.818,166749
1782481982846,0,0,0.000,6.624,6.632,0.188,0.188,0.210,25.818,166782
1782481982883,0,0,0.000,6.640,6.615,0.188,0.157,0.215,25.818,166815
1782481982909,0,0,0.000,6.624,6.624,0.188,0.157,0.210,25.818,166848
1782481982942,0,0,0.000,6.615,6.607,0.157,0.188,0.210,25.818,166881
1782481982976,0,0,0.000,6.624,6.615,0.188,0.126,0.215,25.818,166914
1782481983009,0,0,0.000,6.624,6.615,0.188,0.157,0.323,25.818,166947
1782481983042,0,0,0.000,6.632,6.624,0.188,0.188,0.215,25.818,166980
1782481983075,0,0,0.000,6.632,6.615,0.188,0.157,0.263,25.818,167013
1782481983109,0,0,0.006,6.624,6.615,0.157,0.188,0.220,25.731,167046
1782481983140,0,0,0.006,6.624,6.615,0.188,0.157,0.220,25.731,167079
1782481983174,0,0,0.006,6.640,6.632,0.188,0.157,0.204,25.818,167112
1782481983216,0,0,0.000,6.624,6.607,0.188,0.157,0.210,25.818,167145
1782481983239,0,0,0.000,6.615,6.624,0.157,0.188,0.290,25.731,167178
1782481983272,0,0,0.000,6.624,6.624,0.188,0.157,0.199,25.818,167211
1782481983307,0,0,0.006,6.615,6.599,0.220,0.188,0.355,25.818,167244
1782481983339,0,0,0.000,6.624,6.607,0.126,0.157,0.204,25.818,167277
1782481983371,0,0,0.000,6.632,6.624,0.188,0.157,0.204,25.818,167310
1782481983404,0,0,0.006,6.624,6.607,0.251,0.188,0.242,25.731,167343
1782481983438,0,0,0.000,6.615,6.624,0.157,0.157,0.285,25.818,167376
1782481983471,0,0,0.000,6.624,6.615,0.126,0.126,0.253,25.818,167409
1782481983503,0,0,0.000,6.615,6.607,0.188,0.157,0.269,25.818,167442
1782481983543,0,0,0.000,6.624,6.624,0.188,0.157,0.237,25.818,167475
1782481983570,2,2,0.006,6.624,6.615,0.188,0.157,0.220,25.818,167508
1782481983603,7,7,0.000,6.632,6.615,0.188,0.126,0.247,25.818,167541
1782481983637,10,10,0.006,6.615,6.599,0.157,0.126,0.441,25.818,167574
1782481983671,15,15,0.006,6.615,6.615,0.220,0.157,0.285,25.818,167607
1782481983715,20,20,0.006,6.624,6.615,0.126,0.188,0.274,25.818,167640
1782481983739,22,22,0.000,6.624,6.624,0.188,0.157,0.258,25.818,167673
1782481983770,27,27,0.000,6.615,6.615,0.188,0.157,0.366,25.818,167706
1782481983807,32,32,0.006,6.624,6.624,0.188,0.157,0.210,25.818,167739
1782481983837,35,35,0.000,6.615,6.624,0.188,0.157,0.199,25.818,167772
1782481983870,40,40,0.000,6.632,6.615,0.188,0.157,0.210,25.818,167805
1782481983907,45,45,0.000,6.615,6.615,0.188,0.157,0.274,25.818,167838
1782481983939,47,47,0.000,6.615,6.615,0.188,0.157,0.210,25.818,167871
1782481983969,52,52,0.000,6.624,6.624,0.188,0.126,0.215,25.818,167904
1782481984011,57,57,0.000,6.632,6.624,0.188,0.126,0.237,25.731,167937
1782481984038,60,60,0.000,6.632,6.607,0.188,0.126,0.226,25.818,167970
1782481984070,65,65,0.006,6.615,6.615,0.188,0.157,0.220,25.818,168003
1782481984112,70,70,0.000,6.624,6.624,0.188,0.157,0.242,25.818,168036
1782481984135,72,72,0.000,6.624,6.624,0.188,0.157,0.199,25.818,168069
1782481984169,77,77,0.000,6.624,6.615,0.220,0.188,0.237,25.731,168102
1782481984202,82,82,0.006,6.624,6.615,0.157,0.188,0.242,25.818,168135
1782481984244,87,87,0.000,6.624,6.624,0.188,0.157,0.226,25.818,168168
1782481984268,90,90,0.000,6.615,6.607,0.188,0.188,0.349,25.818,168201
1782481984302,95,95,0.000,6.624,6.615,0.188,0.157,0.215,25.818,168234
1782481984337,97,97,0.000,6.624,6.624,0.220,0.157,0.210,25.818,168267
1782481984368,102,102,0.000,6.624,6.615,0.188,0.157,0.210,25.818,168300
1782481984419,107,107,0.000,6.632,6.615,0.188,0.188,0.247,25.818,168333
1782481984437,110,110,0.000,6.615,6.599,0.188,0.157,0.409,25.818,168366
1782481984471,115,115,0.000,6.615,6.615,0.188,0.157,0.301,25.818,168399
1782481984502,120,120,0.000,6.607,6.615,0.188,0.157,0.360,25.818,168432
1782481984539,122,122,0.000,6.624,6.624,0.188,0.157,0.237,25.818,168465
1782481984568,127,127,0.000,6.624,6.615,0.188,0.157,0.317,25.818,168498
1782481984601,132,132,0.000,6.624,6.615,0.157,0.157,0.220,25.818,168531
1782481984636,135,135,0.000,6.624,6.615,0.188,0.157,0.215,25.818,168564
1782481984667,140,140,0.000,6.624,6.615,0.157,0.157,0.220,25.818,168597
1782481984706,145,145,0.006,6.632,6.632,0.188,0.157,0.258,25.731,168630
1782481984734,147,147,0.000,6.624,6.607,0.188,0.126,0.231,25.731,168663
1782481984767,152,152,0.000,6.624,6.624,0.188,0.157,0.210,25.818,168696
1782481984801,155,155,0.006,6.632,6.615,0.188,0.157,0.237,25.818,168729
1782481984834,160,160,0.000,6.624,6.624,0.188,0.157,0.237,25.818,168762
1782481984871,165,165,0.000,6.624,6.615,0.188,0.157,0.215,25.818,168795
1782481984900,167,167,0.000,6.624,6.607,0.188,0.157,0.220,25.818,168828
1782481984935,172,172,0.000,6.615,6.607,0.157,0.157,0.301,25.818,168861
1782481984966,177,177,0.000,6.624,6.624,0.157,0.157,0.210,25.731,168894
1782481985001,182,182,0.000,6.624,6.624,0.157,0.188,0.237,25.818,168927
1782481985034,185,185,0.000,6.640,6.615,0.188,0.157,0.210,25.818,168960
1782481985068,190,190,0.000,6.624,6.615,0.157,0.126,0.226,25.818,168993
1782481985100,192,192,0.000,6.624,6.615,0.188,0.157,0.215,25.731,169026
1782481985136,197,197,0.000,6.632,6.615,0.188,0.188,0.237,25.818,169059
1782481985166,202,202,0.000,6.624,6.624,0.157,0.188,0.237,25.818,169092
1782481985200,205,205,0.000,6.624,6.615,0.188,0.157,0.226,25.731,169125
1782481985238,210,210,0.006,6.624,6.624,0.188,0.157,0.247,25.818,169158
1782481985280,215,215,0.000,6.615,6.624,0.188,0.157,0.242,25.818,169191
1782481985305,220,220,0.012,6.632,6.624,0.188,0.126,0.210,25.731,169224
1782481985345,225,225,0.000,6.632,6.624,0.188,0.157,0.253,25.818,169257
1782481985384,227,227,0.000,6.615,6.624,0.157,0.157,0.210,25.818,169290
1782481985400,230,230,0.000,6.615,6.615,0.188,0.126,0.242,25.818,169323
1782481985433,235,235,0.000,6.615,6.624,0.188,0.157,0.210,25.818,169356
1782481985466,240,240,0.000,6.624,6.607,0.188,0.126,0.215,25.818,169389
1782481985500,242,242,0.000,6.624,6.615,0.188,0.157,0.247,25.818,169422
1782481985532,247,247,0.000,6.624,6.607,0.157,0.188,0.306,25.818,169455
1782481985566,252,252,0.000,6.624,6.624,0.188,0.126,0.210,25.818,169488
1782481985599,255,255,0.000,6.624,6.615,0.188,0.157,0.247,25.818,169521
1782481985632,260,260,0.000,6.624,6.615,0.188,0.157,0.226,25.731,169554
1782481985667,265,265,0.000,6.624,6.615,0.188,0.157,0.210,25.818,169587
1782481985699,267,267,0.000,6.624,6.615,0.188,0.157,0.231,25.818,169620
1782481985732,272,272,0.006,6.624,6.615,0.220,0.157,0.231,25.818,169653
1782481985768,277,277,0.000,6.624,6.615,0.157,0.157,0.237,25.818,169686
1782481985807,282,282,0.000,6.624,6.615,0.188,0.157,0.215,25.818,169719
1782481985832,285,285,0.000,6.624,6.615,0.126,0.220,0.220,25.818,169752
1782481985864,287,287,0.000,6.624,6.624,0.188,0.157,0.210,25.818,169785
1782481985901,292,292,0.000,6.624,6.615,0.188,0.157,0.220,25.818,169818
1782481985931,297,297,0.000,6.624,6.615,0.157,0.188,0.328,25.731,169851
1782481985965,302,302,0.000,6.624,6.615,0.188,0.188,0.220,25.818,169884
1782481985997,305,305,0.000,6.624,6.624,0.220,0.188,0.210,25.818,169917
1782481986031,310,310,0.000,6.624,6.624,0.188,0.157,0.231,25.731,169950
1782481986064,312,312,0.006,6.607,6.624,0.188,0.157,0.349,25.818,169983
1782481986097,317,317,0.000,6.624,6.624,0.188,0.157,0.210,25.818,170016
1782481986131,322,322,0.000,6.640,6.615,0.188,0.157,0.231,25.904,170049
1782481986163,325,325,0.000,6.624,6.624,0.188,0.157,0.220,25.731,170082
1782481986198,330,330,0.000,6.640,6.607,0.188,0.157,0.220,25.818,170115
1782481986236,335,335,0.000,6.624,6.607,0.188,0.157,0.237,25.818,170148
1782481986264,337,337,0.000,6.624,6.615,0.188,0.157,0.210,25.818,170181
1782481986297,342,342,0.000,6.624,6.615,0.188,0.157,0.242,25.731,170214
1782481986330,347,347,0.000,6.624,6.607,0.188,0.188,0.301,25.818,170247
1782481986365,350,350,0.000,6.615,6.607,0.188,0.188,0.312,25.818,170280
1782481986399,355,355,0.000,6.624,6.615,0.188,0.126,0.237,25.818,170313
1782481986431,360,360,0.000,6.624,6.615,0.157,0.157,0.226,25.818,170346
1782481986469,365,365,0.000,6.624,6.615,0.188,0.157,0.215,25.818,170379
1782481986496,367,367,0.000,6.624,6.615,0.157,0.157,0.215,25.731,170412
1782481986532,372,372,0.000,6.624,6.615,0.188,0.157,0.237,25.818,170445
1782481986566,375,375,0.000,6.624,6.615,0.188,0.188,0.231,25.818,170478
1782481986600,380,380,0.000,6.632,6.615,0.188,0.157,0.215,25.818,170511
1782481986630,385,385,0.000,6.624,6.615,0.126,0.126,0.210,25.818,170544
1782481986694,392,392,0.006,6.624,6.615,0.188,0.188,0.210,25.818,170577
1782481986705,392,392,0.000,6.615,6.615,0.188,0.157,0.210,25.731,170610
1782481986738,397,397,0.000,6.624,6.615,0.220,0.188,0.204,25.818,170643
1782481986774,402,402,0.000,6.624,6.615,0.188,0.126,0.220,25.818,170676
1782481986804,405,405,0.000,6.624,6.615,0.188,0.157,0.210,25.818,170709
1782481986838,410,410,0.000,6.615,6.615,0.188,0.157,0.226,25.818,170742
1782481986876,415,415,0.006,6.632,6.632,0.188,0.157,0.210,25.818,170775
1782481986902,417,417,0.000,6.615,6.624,0.188,0.157,0.263,25.731,170808
1782481986935,422,422,0.000,6.624,6.607,0.188,0.157,0.220,25.818,170841
1782481986968,427,427,0.000,6.624,6.615,0.220,0.157,0.215,25.818,170874
1782481987006,430,430,0.000,6.624,6.615,0.188,0.157,0.215,25.818,170907
1782481987035,435,435,0.000,6.607,6.615,0.157,0.188,0.328,25.731,170940
1782481987068,437,437,0.000,6.624,6.615,0.251,0.126,0.204,25.818,170973
1782481987101,442,442,0.006,6.624,6.624,0.188,0.157,0.210,25.731,171006
1782481987143,447,447,0.000,6.624,6.624,0.220,0.126,0.210,25.818,171039
1782481987166,450,450,0.000,6.624,6.615,0.188,0.157,0.274,25.818,171072
1782481987202,455,455,0.000,6.632,6.615,0.188,0.157,0.204,25.731,171105
1782481987232,457,457,0.000,6.624,6.624,0.188,0.157,0.242,25.904,171138
1782481987265,462,462,0.000,6.624,6.615,0.188,0.157,0.210,25.818,171171
1782481987298,467,467,0.000,6.615,6.615,0.157,0.157,0.210,25.818,171204
1782481987332,470,470,0.000,6.624,6.624,0.188,0.157,0.204,25.818,171237
1782481987364,475,475,0.006,6.624,6.615,0.188,0.157,0.199,25.818,171270
1782481987411,480,480,0.000,6.624,6.615,0.188,0.126,0.204,25.818,171303
1782481987432,482,482,0.000,6.615,6.607,0.220,0.157,0.366,25.818,171336
1782481987464,487,487,0.000,6.624,6.615,0.188,0.157,0.210,25.818,171369
1782481987496,492,492,0.000,6.632,6.624,0.188,0.157,0.231,25.731,171402
1782481987530,495,495,0.000,6.615,6.624,0.188,0.188,0.210,25.731,171435
1782481987564,500,500,0.000,6.607,6.599,0.126,0.188,0.398,25.818,171468
1782481987600,500,500,0.000,6.632,6.615,0.157,0.157,0.204,25.818,171501
1782481987628,500,500,0.000,6.624,6.624,0.157,0.126,0.199,25.818,171534
1782481987662,500,500,0.000,6.615,6.607,0.188,0.157,0.263,25.731,171567
1782481987696,500,500,0.006,6.615,6.624,0.188,0.126,0.204,25.818,171600
1782481987731,500,500,0.000,6.624,6.632,0.188,0.157,0.204,25.818,171633
1782481987761,500,500,0.006,6.624,6.624,0.188,0.157,0.210,25.731,171666
1782481987810,500,500,0.000,6.624,6.615,0.157,0.157,0.204,25.818,171699
1782481987827,500,500,0.000,6.624,6.624,0.220,0.220,0.204,25.818,171732
1782481987868,500,500,0.000,6.624,6.615,0.157,0.157,0.210,25.818,171765
1782481987892,500,500,0.000,6.615,6.607,0.157,0.157,0.344,25.818,171798
1782481987926,500,500,0.000,6.624,6.615,0.188,0.157,0.242,25.818,171831
1782481987959,500,500,0.000,6.624,6.607,0.126,0.188,0.323,25.731,171864
1782481987993,500,500,0.000,6.624,6.615,0.188,0.126,0.280,25.818,171897
1782481988026,500,500,0.000,6.624,6.615,0.188,0.126,0.226,25.818,171930
1782481988058,497,497,0.000,6.632,6.615,0.126,0.188,0.237,25.818,171963
1782481988092,495,495,0.000,6.607,6.599,0.188,0.188,0.435,25.731,171996
1782481988126,490,490,0.000,6.615,6.615,0.188,0.126,0.280,25.731,172029
1782481988159,485,485,0.000,6.624,6.607,0.188,0.188,0.398,25.818,172062
1782481988191,482,482,0.000,6.624,6.615,0.188,0.157,0.220,25.818,172095
1782481988226,477,477,0.000,6.615,6.599,0.188,0.157,0.457,25.731,172128
1782481988260,472,472,0.000,6.615,6.615,0.188,0.157,0.263,25.818,172161
1782481988298,467,467,0.000,6.615,6.615,0.188,0.157,0.247,25.818,172194
1782481988325,465,465,0.000,6.624,6.615,0.157,0.188,0.210,25.818,172227
1782481988360,460,460,0.000,6.624,6.624,0.188,0.157,0.194,25.818,172260
1782481988392,457,457,0.006,6.624,6.615,0.188,0.157,0.210,25.818,172293
1782481988427,452,452,0.000,6.624,6.615,0.188,0.188,0.210,25.818,172326
1782481988459,447,447,0.000,6.624,6.615,0.188,0.157,0.220,25.818,172359
1782481988492,445,445,0.000,6.615,6.615,0.188,0.157,0.339,25.731,172392
1782481988527,440,440,0.000,6.615,6.624,0.188,0.157,0.220,25.818,172425
1782481988559,435,435,0.006,6.615,6.624,0.188,0.157,0.306,25.818,172458
1782481988591,432,432,0.000,6.615,6.624,0.188,0.188,0.247,25.731,172491
1782481988626,427,427,0.000,6.615,6.615,0.188,0.126,0.242,25.818,172524
1782481988659,422,422,0.000,6.615,6.615,0.188,0.188,0.328,25.818,172557
1782481988691,420,420,0.000,6.624,6.615,0.188,0.126,0.215,25.818,172590
1782481988725,415,415,0.000,6.632,6.615,0.188,0.157,0.237,25.818,172623
1782481988758,410,410,0.000,6.615,6.607,0.220,0.157,0.366,25.818,172656
1782481988790,407,407,0.006,6.624,6.615,0.188,0.157,0.215,25.818,172689
1782481988825,402,402,0.000,6.624,6.607,0.157,0.188,0.285,25.818,172722
1782481988858,397,397,0.000,6.607,6.624,0.188,0.157,0.210,25.731,172755
1782481988890,395,395,0.000,6.624,6.615,0.188,0.157,0.237,25.904,172788
1782481988926,390,390,0.000,6.615,6.615,0.188,0.126,0.231,25.818,172821
1782481988956,385,385,0.000,6.624,6.615,0.188,0.126,0.220,25.818,172854
1782481988990,382,382,0.000,6.624,6.615,0.188,0.157,0.242,25.818,172887
1782481989030,377,377,0.000,6.607,6.607,0.188,0.188,0.220,25.818,172920
1782481989058,372,372,0.006,6.615,6.615,0.188,0.188,0.242,25.731,172953
1782481989089,370,370,0.000,6.615,6.615,0.188,0.157,0.215,25.818,172986
1782481989129,365,365,0.000,6.624,6.615,0.188,0.188,0.237,25.818,173019
1782481989156,362,362,0.000,6.624,6.607,0.188,0.220,0.237,25.818,173052
1782481989189,357,357,0.000,6.607,6.615,0.220,0.157,0.226,25.818,173085
1782481989223,352,352,0.006,6.624,6.615,0.188,0.157,0.220,25.818,173118
1782481989256,350,350,0.000,6.624,6.615,0.251,0.126,0.242,25.818,173151
1782481989289,345,345,0.000,6.615,6.615,0.188,0.157,0.285,25.818,173184
1782481989322,340,340,0.000,6.615,6.615,0.157,0.126,0.339,25.818,173217
1782481989358,335,335,0.006,6.615,6.624,0.188,0.157,0.215,25.731,173250
1782481989394,332,332,0.000,6.624,6.624,0.188,0.157,0.226,25.818,173283
1782481989423,327,327,0.000,6.615,6.624,0.188,0.157,0.215,25.818,173316
1782481989463,322,322,0.006,6.624,6.615,0.188,0.157,0.215,25.818,173349
1782481989488,320,320,0.000,6.632,6.607,0.188,0.126,0.237,25.818,173382
1782481989523,315,315,0.000,6.615,6.607,0.188,0.126,0.226,25.731,173415
1782481989557,310,310,0.000,6.632,6.615,0.188,0.157,0.253,25.818,173448
1782481989589,307,307,0.000,6.632,6.624,0.188,0.157,0.210,25.731,173481
1782481989623,302,302,0.006,6.624,6.615,0.188,0.126,0.237,25.818,173514
1782481989656,300,300,0.000,6.615,6.607,0.220,0.126,0.231,25.818,173547
1782481989688,295,295,0.000,6.624,6.615,0.157,0.188,0.220,25.818,173580
1782481989722,290,290,0.006,6.624,6.615,0.188,0.157,0.226,25.818,173613
1782481989755,287,287,0.000,6.624,6.607,0.157,0.188,0.204,25.818,173646
1782481989788,282,282,0.000,6.615,6.624,0.188,0.157,0.204,25.818,173679
1782481989824,277,277,0.006,6.624,6.615,0.188,0.157,0.237,25.818,173712
1782481989855,275,275,0.000,6.624,6.607,0.188,0.126,0.237,25.818,173745
1782481989888,270,270,0.000,6.624,6.615,0.188,0.157,0.215,25.818,173778
1782481989921,265,265,0.000,6.624,6.615,0.157,0.188,0.215,25.818,173811
1782481989963,260,260,0.000,6.632,6.615,0.188,0.157,0.215,25.904,173844
1782481989987,257,257,0.000,6.615,6.624,0.188,0.157,0.312,25.818,173877
1782481990024,252,252,0.006,6.615,6.607,0.188,0.157,0.274,25.731,173910
1782481990054,250,250,0.000,6.607,6.607,0.188,0.188,0.237,25.818,173943
1782481990087,245,245,0.000,6.624,6.607,0.188,0.188,0.210,25.818,173976
1782481990120,240,240,0.000,6.624,6.615,0.188,0.157,0.215,25.818,174009
1782481990153,237,237,0.000,6.624,6.624,0.157,0.157,0.237,25.818,174042
1782481990187,232,232,0.000,6.624,6.615,0.157,0.157,0.237,25.818,174075
1782481990220,227,227,0.000,6.624,6.615,0.220,0.157,0.237,25.818,174108
1782481990256,225,225,0.000,6.615,6.607,0.188,0.126,0.220,25.818,174141
1782481990286,220,220,0.000,6.624,6.624,0.220,0.126,0.242,25.731,174174
1782481990320,215,215,0.000,6.607,6.615,0.188,0.157,0.220,25.818,174207
1782481990358,210,210,0.006,6.624,6.615,0.188,0.157,0.237,25.818,174240
1782481990386,207,207,0.000,6.640,6.607,0.188,0.157,0.204,25.818,174273
1782481990419,202,202,0.000,6.615,6.632,0.220,0.157,0.226,25.818,174306
1782481990452,200,200,0.000,6.624,6.615,0.188,0.126,0.215,25.818,174339
1782481990486,195,195,0.000,6.624,6.615,0.188,0.188,0.204,25.731,174372
1782481990519,190,190,0.000,6.624,6.615,0.188,0.157,0.237,25.818,174405
1782481990552,187,187,0.006,6.615,6.615,0.188,0.188,0.215,25.818,174438
1782481990586,182,182,0.000,6.615,6.615,0.188,0.126,0.204,25.818,174471
1782481990618,177,177,0.000,6.624,6.615,0.188,0.157,0.210,25.731,174504
1782481990657,175,175,0.000,6.624,6.615,0.188,0.157,0.215,25.818,174537
1782481990688,170,170,0.000,6.640,6.624,0.188,0.157,0.215,25.731,174570
1782481990727,165,165,0.000,6.624,6.615,0.188,0.157,0.215,25.818,174603
1782481990752,162,162,0.000,6.624,6.615,0.220,0.157,0.199,25.818,174636
1782481990787,157,157,0.000,6.624,6.607,0.188,0.126,0.355,25.818,174669
1782481990818,152,152,0.000,6.624,6.615,0.188,0.157,0.210,25.818,174702
1782481990852,150,150,0.000,6.624,6.615,0.188,0.188,0.215,25.818,174735
1782481990888,145,145,0.000,6.615,6.632,0.188,0.157,0.210,25.818,174768
1782481990920,140,140,0.000,6.624,6.615,0.188,0.126,0.220,25.818,174801
1782481990952,137,137,0.000,6.624,6.615,0.188,0.188,0.226,25.818,174834
1782481990985,132,132,0.000,6.624,6.615,0.188,0.157,0.237,25.818,174867
1782481991019,127,127,0.000,6.624,6.615,0.188,0.157,0.215,25.818,174900
1782481991052,125,125,0.000,6.624,6.615,0.188,0.157,0.237,25.818,174933
1782481991095,120,120,0.000,6.624,6.624,0.188,0.157,0.237,25.818,174966
1782481991127,115,115,0.000,6.640,6.615,0.188,0.126,0.210,25.818,174999
1782481991159,110,110,0.006,6.624,6.615,0.188,0.157,0.258,25.731,175032
1782481991192,107,107,0.000,6.632,6.615,0.188,0.157,0.220,25.818,175065
1782481991226,102,102,0.000,6.632,6.624,0.188,0.157,0.210,25.818,175098
1782481991259,97,97,0.000,6.640,6.624,0.188,0.157,0.231,25.731,175131
1782481991292,95,95,0.000,6.624,6.615,0.188,0.157,0.204,25.818,175164
1782481991328,90,90,0.006,6.624,6.607,0.157,0.157,0.210,25.904,175197
1782481991359,85,85,0.000,6.624,6.607,0.188,0.157,0.210,25.731,175230
1782481991392,82,82,0.006,6.632,6.624,0.157,0.157,0.231,25.818,175263
1782481991423,77,77,0.000,6.624,6.615,0.188,0.188,0.220,25.818,175296
1782481991457,75,75,0.000,6.632,6.624,0.188,0.188,0.220,25.818,175329
1782481991492,70,70,0.000,6.624,6.615,0.188,0.188,0.204,25.818,175362
1782481991523,65,65,0.000,6.624,6.615,0.188,0.188,0.210,25.818,175395
1782481991578,60,60,0.000,6.632,6.624,0.188,0.157,0.204,25.818,175428
1782481991600,55,55,0.006,6.632,6.615,0.126,0.157,0.349,25.818,175461
1782481991622,52,52,0.000,6.624,6.615,0.188,0.157,0.210,25.818,175494
1782481991654,50,50,0.000,6.615,6.599,0.188,0.188,0.215,25.731,175527
1782481991690,45,45,0.000,6.624,6.624,0.188,0.157,0.210,25.818,175560
1782481991720,40,40,0.000,6.615,6.615,0.157,0.157,0.247,25.818,175593
1782481991753,37,37,0.000,6.624,6.624,0.188,0.157,0.215,25.818,175626
1782481991791,32,32,0.000,6.615,6.615,0.157,0.188,0.204,25.818,175659
1782481991819,30,30,0.000,6.615,6.615,0.188,0.157,0.220,25.818,175692
1782481991852,25,25,0.000,6.615,6.607,0.188,0.157,0.349,25.731,175725
1782481991898,20,20,0.000,6.624,6.615,0.188,0.220,0.210,25.818,175758
1782481991918,17,17,0.000,6.615,6.607,0.188,0.157,0.349,25.818,175791
1782481991955,12,12,0.000,6.624,6.615,0.188,0.157,0.210,25.818,175824
1782481991992,7,7,0.000,6.615,6.607,0.188,0.157,0.312,25.731,175857
1782481992019,5,5,0.000,6.624,6.615,0.157,0.157,0.204,25.818,175890
1782481992053,0,0,0.000,6.624,6.615,0.188,0.126,0.210,25.818,175923
1782481992083,0,0,0.006,6.632,6.615,0.188,0.157,0.199,25.818,175956
1782481992118,0,0,0.000,6.624,6.615,0.157,0.157,0.258,25.818,175989
1782481992149,0,0,0.006,6.615,6.607,0.188,0.157,0.355,25.731,176022
1782481992184,0,0,0.000,6.632,6.615,0.157,0.157,0.194,25.818,176055
1782481992216,0,0,0.000,6.624,6.632,0.188,0.157,0.210,25.818,176088
1782481992249,0,0,0.000,6.624,6.607,0.188,0.157,0.194,25.731,176121
1782481992281,0,0,0.000,6.632,6.624,0.188,0.157,0.188,25.818,176154
1782481992315,0,0,0.000,6.624,6.615,0.188,0.188,0.220,25.818,176187
1782481992348,0,0,0.000,6.624,6.607,0.188,0.157,0.231,25.818,176220
1782481992384,0,0,0.006,6.615,6.607,0.188,0.157,0.263,25.818,176253
1782481992414,0,0,0.000,6.624,6.615,0.188,0.157,0.237,25.818,176286
1782481992448,0,0,0.000,6.615,6.615,0.188,0.188,0.204,25.818,176319
1782481992481,0,0,0.012,6.615,6.607,0.188,0.157,0.247,25.818,176352
1782481992516,0,0,0.000,6.607,6.615,0.188,0.157,0.263,25.818,176385
1782481992547,0,0,0.006,6.624,6.624,0.188,0.157,0.215,25.818,176418
1782481992581,-2,-2,0.000,6.615,6.607,0.157,0.157,0.328,25.818,176451
1782481992616,-7,-7,0.000,6.624,6.615,0.188,0.157,0.204,25.818,176484
1782481992657,-12,-12,0.000,6.607,6.607,0.188,0.157,0.360,25.818,176517
1782481992688,-17,-17,0.000,6.615,6.624,0.188,0.157,0.258,25.731,176550
1782481992719,-20,-20,0.000,6.624,6.607,0.188,0.157,0.312,25.818,176583
1782481992748,-25,-25,0.000,6.624,6.615,0.188,0.188,0.194,25.731,176616
1782481992780,-27,-27,0.000,6.615,6.615,0.188,0.157,0.306,25.731,176649
1782481992816,-32,-32,0.000,6.640,6.607,0.188,0.188,0.204,25.818,176682
1782481992847,-37,-37,0.000,6.624,6.632,0.220,0.157,0.226,25.731,176715
1782481992881,-40,-40,0.000,6.624,6.624,0.094,0.188,0.215,25.818,176748
1782481992919,-45,-45,0.006,6.624,6.607,0.188,0.157,0.210,25.731,176781
1782481992954,-50,-50,0.000,6.624,6.615,0.157,0.157,0.226,25.818,176814
1782481992980,-52,-52,0.000,6.615,6.615,0.188,0.157,0.328,25.818,176847
1782481993020,-57,-57,0.000,6.607,6.607,0.188,0.157,0.226,25.818,176880
1782481993047,-62,-62,0.000,6.632,6.624,0.188,0.157,0.215,25.818,176913
1782481993080,-65,-65,0.000,6.624,6.624,0.188,0.126,0.215,25.818,176946
1782481993114,-70,-70,0.000,6.615,6.607,0.157,0.157,0.296,25.818,176979
1782481993151,-75,-75,0.000,6.624,6.615,0.188,0.157,0.204,25.904,177012
1782481993180,-77,-77,0.000,6.607,6.615,0.188,0.157,0.435,25.731,177045
1782481993212,-82,-82,0.000,6.624,6.615,0.188,0.157,0.306,25.818,177078
1782481993249,-87,-87,0.006,6.624,6.624,0.188,0.157,0.204,25.818,177111
1782481993280,-90,-90,0.000,6.632,6.615,0.188,0.157,0.215,25.818,177144
1782481993312,-95,-95,0.000,6.615,6.607,0.188,0.126,0.339,25.818,177177
1782481993347,-100,-100,0.000,6.624,6.615,0.220,0.188,0.210,25.818,177210
1782481993379,-102,-102,0.000,6.607,6.599,0.188,0.126,0.446,25.818,177243
1782481993419,-107,-107,0.000,6.632,6.607,0.157,0.157,0.231,25.818,177276
1782481993448,-112,-112,0.000,6.607,6.599,0.188,0.157,0.441,25.818,177309
1782481993478,-115,-115,0.000,6.624,6.615,0.188,0.188,0.204,25.818,177342
1782481993512,-120,-120,0.006,6.624,6.607,0.188,0.157,0.210,25.731,177375
1782481993545,-125,-125,0.006,6.615,6.615,0.188,0.157,0.333,25.731,177408
1782481993579,-127,-127,0.006,6.615,6.615,0.188,0.157,0.204,25.731,177441
1782481993611,-132,-132,0.000,6.607,6.615,0.188,0.157,0.199,25.818,177474
1782481993648,-137,-137,0.000,6.607,6.607,0.188,0.157,0.409,25.731,177507
1782481993678,-140,-140,0.000,6.624,6.624,0.188,0.157,0.204,25.818,177540
1782481993714,-145,-145,0.000,6.624,6.615,0.220,0.157,0.210,25.818,177573
1782481993745,-150,-150,0.000,6.624,6.615,0.251,0.188,0.226,25.818,177606
1782481993778,-152,-152,0.000,6.624,6.624,0.157,0.188,0.231,25.818,177639
1782481993811,-157,-157,0.000,6.624,6.615,0.188,0.157,0.231,25.904,177672
1782481993845,-162,-162,0.000,6.632,6.624,0.188,0.157,0.204,25.818,177705
1782481993878,-165,-165,0.000,6.624,6.615,0.188,0.157,0.231,25.818,177738
1782481993911,-170,-170,0.000,6.632,6.615,0.188,0.157,0.215,25.818,177771
1782481993946,-175,-175,0.000,6.624,6.615,0.188,0.188,0.231,25.818,177804
1782481993979,-177,-177,0.000,6.607,6.591,0.188,0.220,0.446,25.731,177837
1782481994010,-182,-182,0.000,6.624,6.615,0.188,0.157,0.199,25.818,177870
1782481994045,-187,-187,0.000,6.624,6.624,0.188,0.188,0.204,25.818,177903
1782481994076,-190,-190,0.000,6.615,6.607,0.188,0.157,0.355,25.818,177936
1782481994110,-195,-195,0.006,6.615,6.607,0.188,0.157,0.226,25.818,177969
1782481994147,-200,-200,0.000,6.624,6.615,0.157,0.188,0.204,25.818,178002
1782481994177,-202,-202,0.000,6.624,6.615,0.188,0.157,0.194,25.731,178035
1782481994209,-207,-207,0.000,6.624,6.615,0.220,0.157,0.199,25.818,178068
1782481994246,-212,-212,0.000,6.632,6.624,0.188,0.126,0.226,25.818,178101
1782481994277,-215,-215,0.000,6.615,6.624,0.188,0.157,0.215,25.818,178134
1782481994311,-220,-220,0.000,6.607,6.615,0.188,0.157,0.306,25.731,178167
1782481994348,-225,-225,0.000,6.615,6.632,0.188,0.126,0.199,25.818,178200
1782481994378,-227,-227,0.000,6.615,6.615,0.188,0.157,0.199,25.731,178233
1782481994410,-232,-232,0.000,6.624,6.615,0.157,0.157,0.199,25.818,178266
1782481994443,-235,-235,0.006,6.624,6.624,0.188,0.188,0.231,25.818,178299
1782481994477,-240,-240,0.006,6.632,6.607,0.188,0.157,0.215,25.818,178332
1782481994512,-245,-245,0.000,6.615,6.615,0.157,0.157,0.204,25.818,178365
1782481994542,-247,-247,0.000,6.624,6.624,0.188,0.188,0.199,25.818,178398
1782481994579,-252,-252,0.000,6.624,6.615,0.157,0.157,0.194,25.818,178431
1782481994610,-257,-257,0.000,6.615,6.615,0.188,0.157,0.323,25.818,178464
1782481994643,-260,-260,0.006,6.632,6.624,0.188,0.157,0.220,25.818,178497
1782481994679,-265,-265,0.000,6.624,6.615,0.188,0.157,0.204,25.818,178530
1782481994709,-270,-270,0.006,6.624,6.607,0.220,0.126,0.231,25.818,178563
1782481994743,-272,-272,0.000,6.624,6.615,0.188,0.126,0.199,25.818,178596
1782481994775,-277,-277,0.000,6.624,6.615,0.188,0.126,0.231,25.818,178629
1782481994808,-282,-282,0.000,6.624,6.615,0.126,0.157,0.226,25.731,178662
1782481994856,-287,-287,0.000,6.624,6.615,0.188,0.157,0.210,25.818,178695
1782481994890,-292,-292,0.000,6.624,6.607,0.157,0.126,0.204,25.818,178728
1782481994910,-295,-295,0.000,6.624,6.615,0.188,0.188,0.269,25.818,178761
1782481994941,-297,-297,0.000,6.615,6.624,0.188,0.157,0.210,25.818,178794
1782481994975,-302,-302,0.000,6.615,6.607,0.157,0.188,0.204,25.731,178827
1782481995008,-307,-307,0.006,6.615,6.599,0.188,0.126,0.253,25.818,178860
1782481995041,-310,-310,0.000,6.624,6.615,0.188,0.157,0.258,25.818,178893
1782481995075,-315,-315,0.000,6.624,6.607,0.188,0.157,0.226,25.818,178926
1782481995109,-320,-320,0.000,6.624,6.615,0.188,0.126,0.231,25.818,178959
1782481995140,-322,-322,0.000,6.624,6.615,0.188,0.220,0.215,25.731,178992
1782481995176,-327,-327,0.006,6.624,6.607,0.188,0.157,0.242,25.818,179025
1782481995207,-330,-330,0.000,6.624,6.624,0.188,0.157,0.204,25.818,179058
1782481995240,-335,-335,0.000,6.615,6.615,0.220,0.157,0.247,25.818,179091
1782481995275,-340,-340,0.000,6.624,6.615,0.188,0.157,0.226,25.818,179124
1782481995308,-342,-342,0.000,6.624,6.615,0.188,0.157,0.215,25.818,179157
1782481995344,-347,-347,0.006,6.615,6.615,0.188,0.126,0.210,25.818,179190
1782481995376,-352,-352,0.000,6.624,6.607,0.188,0.157,0.231,25.818,179223
1782481995407,-355,-355,0.000,6.632,6.615,0.220,0.157,0.231,25.818,179256
1782481995439,-360,-360,0.000,6.607,6.599,0.188,0.157,0.339,25.818,179289
1782481995487,-365,-365,0.000,6.632,6.615,0.188,0.157,0.204,25.818,179322
1782481995517,-370,-370,0.000,6.624,6.615,0.188,0.157,0.258,25.731,179355
1782481995548,-372,-372,0.006,6.615,6.615,0.188,0.157,0.215,25.818,179388
1782481995582,-377,-377,0.000,6.607,6.615,0.157,0.157,0.199,25.818,179421
1782481995615,-382,-382,0.006,6.615,6.607,0.157,0.188,0.204,25.818,179454
1782481995647,-385,-385,0.000,6.624,6.624,0.188,0.188,0.210,25.818,179487
1782481995683,-390,-390,0.006,6.615,6.615,0.188,0.188,0.285,25.731,179520
1782481995714,-395,-395,0.006,6.624,6.615,0.157,0.188,0.188,25.731,179553
1782481995755,-400,-400,0.000,6.632,6.624,0.188,0.157,0.204,25.731,179586
1782481995785,-402,-402,0.000,6.624,6.615,0.188,0.157,0.253,25.818,179619
1782481995813,-407,-407,0.000,6.607,6.615,0.188,0.157,0.306,25.818,179652
1782481995848,-410,-410,0.000,6.607,6.615,0.188,0.157,0.194,25.731,179685
1782481995878,-415,-415,0.000,6.624,6.615,0.188,0.126,0.204,25.818,179718
1782481995912,-420,-420,0.000,6.615,6.607,0.188,0.094,0.296,25.818,179751
1782481995955,-425,-425,0.000,6.624,6.615,0.157,0.157,0.210,25.818,179784
1782481995977,-427,-427,0.000,6.624,6.607,0.188,0.157,0.194,25.818,179817
1782481996011,-432,-432,0.000,6.624,6.615,0.188,0.220,0.204,25.818,179850
1782481996043,-435,-435,0.000,6.624,6.615,0.188,0.188,0.199,25.818,179883
1782481996077,-440,-440,0.000,6.615,6.607,0.157,0.157,0.312,25.818,179916
1782481996112,-445,-445,0.000,6.624,6.615,0.220,0.188,0.204,25.818,179949
1782481996143,-447,-447,0.006,6.615,6.615,0.188,0.188,0.333,25.818,179982
1782481996176,-452,-452,0.000,6.615,6.624,0.188,0.157,0.204,25.818,180015
1782481996209,-455,-455,0.000,6.624,6.615,0.157,0.157,0.220,25.818,180048
1782481996241,-460,-460,0.000,6.624,6.615,0.157,0.157,0.204,25.818,180081
1782481996278,-465,-465,0.000,6.615,6.607,0.220,0.157,0.306,25.818,180114
1782481996312,-470,-470,0.000,6.615,6.615,0.188,0.157,0.204,25.818,180147
1782481996341,-472,-472,0.000,6.624,6.615,0.188,0.126,0.204,25.818,180180
1782481996374,-477,-477,0.000,6.632,6.607,0.188,0.157,0.194,25.818,180213
1782481996409,-480,-480,0.006,6.624,6.615,0.188,0.157,0.210,25.818,180246
1782481996439,-485,-485,0.000,6.624,6.607,0.157,0.157,0.247,25.818,180279
1782481996473,-490,-490,0.012,6.615,6.615,0.157,0.157,0.210,25.818,180312
1782481996515,-495,-495,0.006,6.615,6.615,0.188,0.188,0.199,25.818,180345
1782481996539,-497,-497,0.000,6.624,6.607,0.188,0.157,0.231,25.818,180378
1782481996572,-500,-500,0.006,6.615,6.615,0.157,0.126,0.199,25.818,180411
1782481996605,-500,-500,0.000,6.624,6.615,0.157,0.157,0.210,25.818,180444
1782481996638,-500,-500,0.000,6.607,6.607,0.157,0.157,0.403,25.731,180477
1782481996670,-500,-500,0.000,6.615,6.615,0.220,0.157,0.226,25.818,180510
1782481996708,-500,-500,0.000,6.599,6.607,0.188,0.157,0.349,25.818,180543
1782481996744,-500,-500,0.000,6.615,6.615,0.157,0.188,0.280,25.818,180576
1782481996770,-500,-500,0.006,6.615,6.607,0.188,0.157,0.231,25.818,180609
1782481996809,-500,-500,0.000,6.632,6.615,0.188,0.157,0.242,25.818,180642
1782481996837,-500,-500,0.000,6.615,6.607,0.188,0.157,0.328,25.818,180675
1782481996869,-500,-500,0.000,6.615,6.607,0.126,0.157,0.258,25.818,180708
1782481996903,-500,-500,0.000,6.615,6.607,0.157,0.126,0.312,25.818,180741
1782481996936,-500,-500,0.000,6.624,6.615,0.188,0.157,0.226,25.818,180774
1782481996970,-500,-500,0.000,6.615,6.607,0.157,0.126,0.328,25.818,180807
1782481997002,-500,-500,0.000,6.607,6.615,0.188,0.157,0.210,25.818,180840
1782481997037,-495,-495,0.000,6.607,6.607,0.157,0.126,0.349,25.731,180873
1782481997069,-492,-492,0.000,6.624,6.615,0.188,0.157,0.215,25.818,180906
1782481997105,-487,-487,0.000,6.615,6.607,0.188,0.188,0.366,25.818,180939
1782481997137,-482,-482,0.000,6.624,6.615,0.188,0.188,0.204,25.731,180972
1782481997169,-480,-480,0.000,6.615,6.615,0.220,0.157,0.226,25.818,181005
1782481997204,-475,-475,0.000,6.624,6.615,0.188,0.220,0.210,25.818,181038
1782481997243,-470,-470,0.000,6.624,6.615,0.220,0.188,0.210,25.818,181071
1782481997277,-465,-465,0.000,6.607,6.599,0.157,0.188,0.328,25.818,181104
1782481997302,-462,-462,0.000,6.615,6.624,0.188,0.157,0.220,25.731,181137
1782481997336,-457,-457,0.000,6.607,6.615,0.188,0.126,0.280,25.818,181170
1782481997370,-455,-455,0.006,6.615,6.607,0.188,0.157,0.355,25.818,181203
1782481997402,-450,-450,0.000,6.615,6.607,0.126,0.157,0.280,25.818,181236
1782481997435,-445,-445,0.000,6.624,6.624,0.188,0.157,0.296,25.818,181269
1782481997468,-442,-442,0.000,6.615,6.615,0.188,0.157,0.231,25.818,181302
1782481997504,-437,-437,0.000,6.632,6.615,0.157,0.157,0.237,25.731,181335
1782481997535,-432,-432,0.000,6.615,6.607,0.126,0.126,0.339,25.818,181368
1782481997571,-427,-427,0.000,6.615,6.607,0.188,0.157,0.280,25.818,181401
1782481997604,-425,-425,0.000,6.615,6.607,0.188,0.157,0.258,25.818,181434
1782481997635,-420,-420,0.000,6.632,6.615,0.188,0.157,0.210,25.731,181467
1782481997668,-417,-417,0.000,6.615,6.607,0.157,0.157,0.317,25.818,181500
1782481997707,-412,-412,0.000,6.624,6.615,0.188,0.126,0.226,25.731,181533
1782481997734,-407,-407,0.000,6.632,6.624,0.157,0.157,0.339,25.818,181566
1782481997767,-405,-405,0.000,6.615,6.615,0.188,0.157,0.253,25.818,181599
1782481997802,-400,-400,0.006,6.607,6.607,0.188,0.188,0.328,25.818,181632
1782481997834,-395,-395,0.000,6.607,6.607,0.157,0.157,0.237,25.731,181665
1782481997870,-392,-392,0.006,6.607,6.607,0.220,0.157,0.306,25.818,181698
1782481997900,-387,-387,0.000,6.624,6.615,0.157,0.157,0.204,25.904,181731
1782481997967,-380,-380,0.006,6.615,6.624,0.157,0.157,0.215,25.818,181764
1782481997968,-380,-380,0.006,6.607,6.607,0.188,0.157,0.312,25.818,181797
1782481998001,-375,-375,0.000,6.615,6.615,0.157,0.188,0.237,25.818,181830
1782481998040,-370,-370,0.000,6.615,6.607,0.188,0.157,0.360,25.818,181863
1782481998068,-367,-367,0.000,6.607,6.607,0.188,0.188,0.237,25.818,181896
1782481998101,-362,-362,0.000,6.624,6.615,0.157,0.157,0.220,25.818,181929
1782481998142,-357,-357,0.006,6.624,6.615,0.188,0.157,0.231,25.818,181962
1782481998167,-355,-355,0.006,6.624,6.607,0.188,0.188,0.263,25.818,181995
1782481998200,-350,-350,0.000,6.615,6.607,0.188,0.157,0.371,25.818,182028
1782481998234,-345,-345,0.000,6.624,6.615,0.188,0.157,0.220,25.818,182061
1782481998268,-342,-342,0.000,6.624,6.615,0.126,0.157,0.215,25.818,182094
1782481998300,-337,-337,0.000,6.624,6.615,0.188,0.157,0.237,25.818,182127
1782481998333,-332,-332,0.000,6.632,6.615,0.157,0.188,0.210,25.818,182160
1782481998369,-330,-330,0.000,6.632,6.624,0.188,0.157,0.210,25.818,182193
1782481998400,-325,-325,0.000,6.624,6.624,0.188,0.126,0.237,25.818,182226
1782481998434,-320,-320,0.000,6.615,6.607,0.157,0.157,0.204,25.818,182259
1782481998467,-317,-317,0.000,6.624,6.624,0.188,0.126,0.215,25.818,182292
1782481998499,-312,-312,0.006,6.615,6.615,0.220,0.188,0.210,25.818,182325
1782481998536,-307,-307,0.000,6.615,6.615,0.157,0.157,0.328,25.818,182358
1782481998569,-305,-305,0.000,6.624,6.615,0.126,0.157,0.226,25.818,182391
1782481998598,-300,-300,0.000,6.624,6.607,0.157,0.126,0.355,25.818,182424
1782481998632,-297,-297,0.000,6.615,6.615,0.188,0.157,0.226,25.818,182457
1782481998665,-292,-292,0.000,6.624,6.615,0.126,0.126,0.237,25.818,182490
1782481998699,-287,-287,0.000,6.615,6.607,0.188,0.157,0.344,25.818,182523
1782481998732,-282,-282,0.000,6.624,6.615,0.188,0.188,0.226,25.818,182556
1782481998767,-280,-280,0.000,6.624,6.615,0.188,0.157,0.220,25.818,182589
1782481998798,-275,-275,0.000,6.624,6.607,0.188,0.126,0.210,25.818,182622
1782481998833,-270,-270,0.000,6.632,6.632,0.188,0.157,0.215,25.818,182655
1782481998866,-267,-267,0.000,6.607,6.624,0.188,0.188,0.237,25.818,182688
1782481998900,-262,-262,0.000,6.624,6.615,0.188,0.157,0.210,25.818,182721
1782481998932,-260,-260,0.000,6.624,6.615,0.188,0.157,0.215,25.818,182754
1782481998965,-255,-255,0.000,6.615,6.615,0.126,0.157,0.226,25.818,182787
1782481998998,-250,-250,0.000,6.624,6.624,0.157,0.157,0.231,25.818,182820
1782481999032,-247,-247,0.000,6.615,6.607,0.188,0.157,0.215,25.818,182853
1782481999064,-242,-242,0.000,6.624,6.615,0.188,0.157,0.210,25.818,182886
1782481999097,-237,-237,0.000,6.615,6.615,0.188,0.188,0.215,25.818,182919
1782481999130,-235,-235,0.000,6.624,6.615,0.188,0.157,0.210,25.818,182952
1782481999169,-230,-230,0.000,6.624,6.615,0.188,0.157,0.226,25.818,182985
1782481999197,-225,-225,0.000,6.615,6.607,0.188,0.157,0.323,25.818,183018
1782481999234,-220,-220,0.000,6.615,6.615,0.188,0.157,0.242,25.818,183051
1782481999270,-217,-217,0.000,6.615,6.607,0.157,0.157,0.237,25.818,183084
1782481999302,-212,-212,0.000,6.624,6.624,0.188,0.157,0.237,25.818,183117
1782481999330,-210,-210,0.000,6.624,6.624,0.188,0.157,0.220,25.731,183150
1782481999369,-205,-205,0.000,6.624,6.615,0.188,0.126,0.210,25.818,183183
1782481999397,-200,-200,0.000,6.624,6.615,0.188,0.157,0.210,25.818,183216
1782481999429,-197,-197,0.000,6.615,6.607,0.188,0.126,0.306,25.818,183249
1782481999463,-192,-192,0.000,6.615,6.607,0.188,0.157,0.204,25.818,183282
1782481999496,-187,-187,0.000,6.624,6.615,0.251,0.157,0.258,25.818,183315
1782481999531,-185,-185,0.006,6.615,6.615,0.188,0.126,0.231,25.818,183348
1782481999565,-180,-180,0.000,6.632,6.607,0.188,0.188,0.210,25.818,183381
1782481999605,-175,-175,0.000,6.624,6.615,0.188,0.157,0.204,25.818,183414
1782481999629,-172,-172,0.000,6.607,6.607,0.220,0.157,0.328,25.731,183447
1782481999662,-167,-167,0.000,6.624,6.615,0.188,0.157,0.220,25.818,183480
1782481999696,-162,-162,0.000,6.615,6.615,0.188,0.188,0.312,25.818,183513
1782481999733,-157,-157,0.000,6.615,6.607,0.220,0.188,0.242,25.818,183546
1782481999769,-155,-155,0.000,6.624,6.615,0.188,0.188,0.210,25.731,183579
1782481999799,-150,-150,0.000,6.615,6.607,0.188,0.157,0.242,25.731,183612
1782481999838,-145,-145,0.000,6.632,6.624,0.157,0.157,0.215,25.818,183645
1782481999872,-142,-142,0.006,6.632,6.632,0.188,0.220,0.226,25.818,183678
1782481999905,-137,-137,0.006,6.624,6.607,0.188,0.188,0.215,25.818,183711
1782481999938,-132,-132,0.000,6.615,6.615,0.157,0.188,0.226,25.731,183744
1782481999974,-127,-127,0.000,6.624,6.607,0.188,0.126,0.220,25.731,183777
1782482000011,-125,-125,0.000,6.624,6.615,0.188,0.220,0.247,25.818,183810
1782482000039,-120,-120,0.000,6.615,6.615,0.188,0.188,0.215,25.818,183843
1782482000070,-117,-117,0.000,6.615,6.607,0.188,0.157,0.199,25.818,183876
1782482000105,-112,-112,0.000,6.615,6.607,0.188,0.188,0.220,25.818,183909
1782482000136,-107,-107,0.000,6.624,6.615,0.157,0.126,0.215,25.818,183942
1782482000169,-105,-105,0.000,6.624,6.615,0.157,0.157,0.237,25.818,183975
1782482000210,-100,-100,0.000,6.607,6.615,0.157,0.157,0.280,25.818,184008
1782482000234,-95,-95,0.000,6.615,6.615,0.188,0.188,0.339,25.731,184041
1782482000268,-92,-92,0.000,6.624,6.615,0.188,0.157,0.210,25.818,184074
1782482000301,-87,-87,0.000,6.624,6.607,0.157,0.157,0.226,25.731,184107
1782482000337,-82,-82,0.000,6.624,6.607,0.251,0.157,0.317,25.818,184140
1782482000367,-80,-80,0.000,6.624,6.615,0.188,0.157,0.204,25.818,184173
1782482000399,-75,-75,0.000,6.624,6.615,0.188,0.188,0.237,25.818,184206
1782482000432,-72,-72,0.000,6.624,6.607,0.188,0.157,0.263,25.818,184239
1782482000465,-67,-67,0.006,6.607,6.615,0.188,0.157,0.204,25.731,184272
1782482000498,-62,-62,0.000,6.624,6.615,0.188,0.157,0.204,25.731,184305
1782482000531,-60,-60,0.000,6.624,6.615,0.188,0.157,0.231,25.818,184338
1782482000567,-55,-55,0.000,6.632,6.624,0.188,0.157,0.215,25.818,184371
1782482000598,-50,-50,0.000,6.624,6.624,0.188,0.157,0.210,25.731,184404
1782482000631,-47,-47,0.000,6.624,6.607,0.188,0.157,0.210,25.818,184437
1782482000664,-42,-42,0.000,6.615,6.615,0.126,0.126,0.269,25.818,184470
1782482000708,-37,-37,0.000,6.632,6.624,0.251,0.126,0.220,25.818,184503
1782482000729,-35,-35,0.000,6.607,6.607,0.188,0.157,0.387,25.818,184536
1782482000763,-30,-30,0.006,6.624,6.615,0.157,0.220,0.220,25.818,184569
1782482000795,-25,-25,0.000,6.615,6.615,0.188,0.157,0.301,25.818,184602
1782482000831,-22,-22,0.000,6.615,6.615,0.188,0.188,0.210,25.818,184635
1782482000876,-15,-15,0.000,6.624,6.615,0.188,0.188,0.242,25.818,184668
1782482000909,-12,-12,0.000,6.624,6.615,0.188,0.157,0.210,25.818,184701
1782482000933,-10,-10,0.000,6.624,6.607,0.220,0.126,0.215,25.818,184734
1782482000961,-5,-5,0.000,6.615,6.615,0.188,0.126,0.317,25.818,184767
1782482000993,-2,-2,0.000,6.624,6.615,0.188,0.157,0.210,25.818,184800
1782482001031,0,0,0.000,6.624,6.624,0.188,0.188,0.210,25.818,184833
1782482001060,0,0,0.000,6.615,6.615,0.157,0.188,0.215,25.818,184866
1782482001094,0,0,0.006,6.624,6.615,0.220,0.157,0.199,25.731,184899
1782482001128,0,0,0.000,6.624,6.624,0.188,0.157,0.204,25.731,184932
1782482001158,0,0,0.000,6.624,6.607,0.220,0.126,0.220,25.818,184965
1782482001192,0,0,0.000,6.615,6.607,0.188,0.157,0.263,25.818,184998
1782482001226,0,0,0.000,6.624,6.607,0.188,0.157,0.210,25.818,185031
1782482001259,0,0,0.000,6.607,6.599,0.188,0.157,0.430,25.818,185064
1782482001292,0,0,0.006,6.624,6.599,0.188,0.157,0.242,25.818,185097
1782482001324,0,0,0.000,6.607,6.607,0.126,0.188,0.339,25.818,185130
1782482001358,0,0,0.000,6.624,6.607,0.188,0.157,0.258,25.731,185163
1782482001391,0,0,0.000,6.615,6.607,0.188,0.188,0.355,25.818,185196
1782482001426,0,0,0.000,6.615,6.607,0.188,0.220,0.253,25.818,185229
1782482001468,0,0,0.000,6.632,6.615,0.188,0.188,0.226,25.818,185262
1782482001492,0,0,0.000,6.624,6.607,0.188,0.157,0.215,25.818,185295
1782482001525,0,0,0.000,6.607,6.607,0.188,0.157,0.258,25.818,185328
1782482001558,0,0,0.006,6.624,6.607,0.188,0.157,0.204,25.731,185361
1782482001591,0,0,0.000,6.615,6.624,0.188,0.157,0.366,25.818,185394
1782482001624,0,0,0.000,6.624,6.615,0.220,0.157,0.199,25.818,185427
1782482001667,0,0,0.000,6.624,6.615,0.188,0.188,0.215,25.818,185460
1782482001691,0,0,0.000,6.624,6.607,0.188,0.126,0.210,25.818,185493
1782482001725,0,0,0.000,6.624,6.615,0.188,0.157,0.210,25.731,185526
1782482001758,0,0,0.000,6.607,6.615,0.157,0.157,0.253,25.818,185559
1782482001792,0,0,0.000,6.607,6.607,0.188,0.157,0.398,25.818,185592
1782482001827,0,0,0.000,6.624,6.607,0.188,0.157,0.220,25.818,185625
1782482001859,0,0,0.012,6.624,6.615,0.220,0.157,0.210,25.731,185658
1782482001891,0,0,0.000,6.615,6.607,0.188,0.157,0.344,25.818,185691
1782482001929,0,0,0.000,6.624,6.615,0.126,0.126,0.242,25.818,185724
1782482001958,0,0,0.000,6.599,6.607,0.188,0.157,0.457,25.818,185757
1782482001990,0,0,0.000,6.615,6.615,0.188,0.157,0.220,25.818,185790
1782482002031,0,0,0.000,6.624,6.615,0.220,0.157,0.215,25.818,185823
1782482002058,0,0,0.006,6.624,6.624,0.188,0.188,0.226,25.818,185856
1782482002091,0,0,0.000,6.615,6.624,0.188,0.188,0.247,25.818,185889
1782482002124,0,0,0.000,6.632,6.615,0.188,0.157,0.204,25.818,185922
1782482002157,0,0,0.000,6.615,6.615,0.157,0.157,0.242,25.818,185955
1782482002190,0,0,0.000,6.624,6.607,0.157,0.157,0.215,25.818,185988
1782482002223,0,0,0.000,6.624,6.615,0.188,0.126,0.220,25.731,186021
1782482002256,0,0,0.000,6.624,6.615,0.188,0.157,0.210,25.818,186054
1782482002290,0,0,0.000,6.615,6.615,0.157,0.157,0.237,25.818,186087
1782482002323,0,0,0.000,6.615,6.615,0.157,0.157,0.226,25.904,186120
1782482002358,0,0,0.000,6.607,6.607,0.188,0.157,0.306,25.818,186153
1782482002390,0,0,0.000,6.615,6.615,0.157,0.188,0.226,25.818,186186
1782482002423,0,0,0.000,6.624,6.607,0.188,0.157,0.215,25.731,186219
1782482002456,0,0,0.000,6.615,6.607,0.188,0.157,0.210,25.818,186252
1782482002493,0,0,0.000,6.624,6.615,0.188,0.157,0.220,25.818,186285
1782482002528,0,0,0.006,6.615,6.615,0.188,0.157,0.237,25.818,186318
1782482002566,0,0,0.006,6.615,6.615,0.157,0.188,0.237,25.818,186351
1782482002588,0,0,0.000,6.624,6.607,0.188,0.157,0.210,25.818,186384
1782482002622,0,0,0.000,6.615,6.624,0.220,0.126,0.355,25.818,186417
1782482002655,0,0,0.000,6.624,6.607,0.188,0.188,0.231,25.818,186450
1782482002689,0,0,0.000,6.624,6.624,0.188,0.188,0.220,25.818,186483
1782482002722,0,0,0.000,6.624,6.615,0.188,0.157,0.210,25.818,186516
1782482002755,0,0,0.000,6.615,6.607,0.188,0.157,0.333,25.818,186549
1782482002788,0,0,0.000,6.615,6.615,0.188,0.157,0.231,25.818,186582
1782482002822,0,0,0.000,6.615,6.607,0.157,0.157,0.333,25.818,186615
1782482002861,0,0,0.000,6.615,6.615,0.188,0.126,0.237,25.818,186648
1782482002889,0,0,0.000,6.624,6.624,0.188,0.157,0.237,25.818,186681
1782482002921,0,0,0.000,6.624,6.615,0.157,0.126,0.215,25.731,186714
1782482002956,2,2,0.000,6.624,6.615,0.188,0.126,0.210,25.818,186747
1782482002988,7,7,0.000,6.607,6.615,0.157,0.251,0.349,25.818,186780
1782482003038,12,12,0.000,6.624,6.615,0.188,0.157,0.204,25.818,186813
1782482003061,17,17,0.000,6.607,6.624,0.157,0.188,0.226,25.818,186846
1782482003088,20,20,0.000,6.615,6.624,0.157,0.126,0.226,25.818,186879
1782482003122,25,25,0.000,6.615,6.607,0.126,0.157,0.285,25.818,186912
1782482003158,27,27,0.006,6.624,6.607,0.188,0.157,0.231,25.731,186945
1782482003189,32,32,0.000,6.615,6.607,0.188,0.157,0.215,25.731,186978
1782482003221,37,37,0.000,6.624,6.615,0.188,0.157,0.204,25.818,187011
1782482003262,42,42,0.000,6.624,6.615,0.188,0.157,0.247,25.818,187044
1782482003288,45,45,0.000,6.624,6.615,0.188,0.157,0.215,25.731,187077
1782482003321,50,50,0.000,6.607,6.624,0.188,0.157,0.237,25.818,187110
1782482003355,52,52,0.006,6.624,6.615,0.188,0.157,0.247,25.818,187143
1782482003387,57,57,0.000,6.624,6.615,0.188,0.188,0.215,25.818,187176
1782482003420,62,62,0.006,6.624,6.624,0.157,0.157,0.301,25.731,187209
1782482003455,65,65,0.000,6.624,6.624,0.220,0.126,0.237,25.818,187242
1782482003488,70,70,0.000,6.624,6.615,0.188,0.157,0.226,25.731,187275
1782482003522,75,75,0.000,6.624,6.607,0.188,0.157,0.231,25.818,187308
1782482003553,77,77,0.006,6.624,6.615,0.220,0.157,0.210,25.818,187341
1782482003587,82,82,0.000,6.615,6.615,0.157,0.188,0.215,25.731,187374
1782482003620,87,87,0.000,6.624,6.615,0.157,0.188,0.220,25.818,187407
1782482003652,90,90,0.000,6.624,6.615,0.188,0.157,0.220,25.818,187440
1782482003688,95,95,0.000,6.624,6.624,0.188,0.157,0.220,25.818,187473
1782482003719,97,97,0.000,6.624,6.607,0.188,0.157,0.220,25.731,187506
1782482003754,102,102,0.000,6.615,6.615,0.157,0.157,0.210,25.818,187539
1782482003791,107,107,0.000,6.607,6.607,0.188,0.157,0.231,25.731,187572
1782482003820,112,112,0.000,6.615,6.607,0.220,0.157,0.220,25.818,187605
1782482003853,115,115,0.000,6.607,6.599,0.251,0.188,0.237,25.731,187638
1782482003898,120,120,0.000,6.591,6.591,0.314,0.220,0.242,25.818,187671
1782482003923,125,125,0.000,6.599,6.599,0.314,0.157,0.231,25.731,187704
1782482003952,127,127,0.000,6.591,6.591,0.345,0.220,0.215,25.818,187737
1782482003986,132,132,0.000,6.591,6.599,0.345,0.251,0.242,25.731,187770
1782482004019,135,135,0.000,6.582,6.591,0.408,0.251,0.210,25.818,187803
1782482004052,140,140,0.000,6.574,6.574,0.471,0.188,0.242,25.818,187836
1782482004086,145,145,0.000,6.582,6.574,0.533,0.282,0.215,25.818,187869
1782482004121,150,150,0.000,6.582,6.574,0.377,0.314,0.215,25.731,187902
1782482004152,152,152,0.000,6.574,6.574,0.439,0.282,0.231,25.818,187935
1782482004185,157,157,0.006,6.582,6.566,0.345,0.377,0.215,25.818,187968
1782482004228,162,162,0.000,6.582,6.574,0.377,0.282,0.242,25.818,188001
1782482004260,167,167,0.000,6.582,6.566,0.377,0.345,0.220,25.818,188034
1782482004294,170,170,0.000,6.566,6.557,0.565,0.314,0.215,25.731,188067
1782482004328,175,175,0.000,6.574,6.557,0.439,0.314,0.237,25.818,188100
1782482004361,180,180,0.006,6.574,6.574,0.439,0.314,0.204,25.818,188133
1782482004393,182,182,0.000,6.566,6.557,0.471,0.345,0.215,25.818,188166
1782482004435,187,187,0.006,6.574,6.557,0.533,0.314,0.220,25.731,188199
1782482004462,192,192,0.000,6.574,6.566,0.439,0.345,0.204,25.818,188232
1782482004492,195,195,0.000,6.574,6.566,0.471,0.251,0.204,25.818,188265
1782482004524,200,200,0.000,6.566,6.549,0.628,0.345,0.231,25.818,188298
1782482004558,202,202,0.000,6.557,6.549,0.565,0.377,0.210,25.818,188331
1782482004594,207,207,0.000,6.557,6.541,0.659,0.345,0.210,25.818,188364
1782482004629,212,212,0.000,6.557,6.533,0.628,0.439,0.215,25.818,188397
1782482004666,217,217,0.000,6.524,6.524,0.690,0.314,0.301,25.818,188430
1782482004704,222,222,0.000,6.549,6.541,0.690,0.377,0.220,25.818,188463
1782482004724,225,225,0.006,6.541,6.533,0.628,0.439,0.210,25.818,188496
1782482004756,227,227,0.000,6.541,6.533,0.659,0.377,0.220,25.818,188529
1782482004792,232,232,0.006,6.533,6.524,0.690,0.439,0.204,25.731,188562
1782482004822,237,237,0.000,6.533,6.533,0.753,0.471,0.226,25.731,188595
1782482004854,240,240,0.000,6.524,6.516,0.690,0.533,0.215,25.818,188628
1782482004888,235,235,0.006,6.524,6.508,0.753,0.471,0.274,25.731,188661
1782482004922,230,230,0.000,6.524,6.516,0.784,0.533,0.215,25.818,188694
1782482004955,227,227,0.000,6.524,6.516,0.847,0.471,0.210,25.818,188727
1782482004986,222,222,0.000,6.541,6.516,0.628,0.565,0.215,25.818,188760
1782482005020,220,220,0.006,6.533,6.516,0.565,0.471,0.215,25.818,188793
1782482005052,215,215,0.000,6.541,6.524,0.847,0.377,0.220,25.818,188826
1782482005087,210,210,0.006,6.549,6.541,0.565,0.377,0.210,25.731,188859
1782482005123,205,205,0.000,6.549,6.541,0.628,0.408,0.220,25.818,188892
1782482005152,202,202,0.000,6.541,6.533,0.596,0.282,0.280,25.818,188925
1782482005184,197,197,0.000,6.549,6.541,0.502,0.377,0.247,25.818,188958
1782482005218,195,195,0.000,6.549,6.541,0.659,0.314,0.220,25.818,188991
1782482005250,190,190,0.000,6.549,6.549,0.439,0.345,0.274,25.818,189024
1782482005284,185,185,0.000,6.541,6.533,0.565,0.314,0.446,25.731,189057
1782482005316,182,182,0.000,6.566,6.557,0.471,0.282,0.199,25.818,189090
1782482005350,177,177,0.000,6.566,6.549,0.439,0.251,0.323,25.818,189123
1782482005382,172,172,0.000,6.557,6.549,0.533,0.345,0.247,25.818,189156
1782482005420,170,170,0.000,6.557,6.557,0.502,0.282,0.215,25.731,189189
1782482005458,165,165,0.000,6.574,6.566,0.377,0.220,0.215,25.818,189222
1782482005482,160,160,0.000,6.566,6.574,0.502,0.251,0.253,25.818,189255
1782482005519,157,157,0.000,6.591,6.566,0.314,0.220,0.215,25.818,189288
1782482005550,152,152,0.000,6.582,6.574,0.345,0.251,0.204,25.818,189321
1782482005587,152,142,0.000,6.574,6.574,0.377,0.220,0.215,25.818,189354
1782482005617,152,137,0.000,6.582,6.574,0.251,0.220,0.204,25.818,189387
1782482005648,152,127,0.000,6.574,6.591,0.220,0.251,0.204,25.731,189420
1782482005682,152,117,0.000,6.599,6.574,0.282,0.220,0.210,25.731,189453
1782482005719,152,112,0.000,6.574,6.574,0.314,0.251,0.215,25.818,189486
1782482005748,152,102,0.006,6.566,6.574,0.251,0.220,0.409,25.818,189519
1782482005782,152,92,0.000,6.574,6.566,0.282,0.282,0.290,25.818,189552
1782482005822,152,82,0.000,6.566,6.566,0.220,0.314,0.425,25.818,189585
1782482005847,152,77,0.000,6.582,6.582,0.157,0.282,0.285,25.818,189618
1782482005881,152,72,0.000,6.582,6.566,0.188,0.377,0.366,25.904,189651
1782482005914,152,62,0.000,6.599,6.591,0.157,0.282,0.226,25.818,189684
1782482005948,152,52,0.012,6.591,6.574,0.157,0.251,0.339,25.818,189717
1782482005981,152,47,0.000,6.582,6.582,0.188,0.345,0.263,25.818,189750
1782482006015,152,37,0.000,6.582,6.582,0.188,0.345,0.371,25.818,189783
1782482006048,152,27,0.000,6.574,6.574,0.220,0.471,0.210,25.731,189816
1782482006098,152,17,0.000,6.582,6.557,0.157,0.502,0.237,25.818,189849
1782482006118,152,12,0.000,6.582,6.566,0.188,0.408,0.242,25.818,189882
1782482006149,152,2,0.000,6.599,6.582,0.188,0.314,0.210,25.818,189915
1782482006181,152,-2,0.000,6.566,6.574,0.188,0.533,0.204,25.731,189948
1782482006213,152,-12,0.000,6.582,6.566,0.188,0.408,0.323,25.731,189981
1782482006249,152,-22,0.000,6.582,6.582,0.188,0.345,0.226,25.818,190014
1782482006290,147,-27,0.000,6.599,6.591,0.251,0.282,0.274,25.818,190047
1782482006313,142,-27,0.006,6.574,6.566,0.188,0.377,0.323,25.731,190080
1782482006346,132,-27,0.000,6.574,6.582,0.188,0.408,0.210,25.818,190113
1782482006380,127,-27,0.000,6.591,6.582,0.188,0.282,0.253,25.818,190146
1782482006413,117,-27,0.000,6.607,6.599,0.157,0.251,0.210,25.818,190179
1782482006447,107,-27,0.000,6.591,6.591,0.188,0.251,0.210,25.818,190212
1782482006481,102,-27,0.000,6.599,6.582,0.188,0.251,0.247,25.818,190245
1782482006512,92,-27,0.000,6.599,6.591,0.157,0.188,0.226,25.818,190278
1782482006546,82,-27,0.000,6.607,6.599,0.157,0.157,0.226,25.818,190311
1782482006580,77,-27,0.000,6.624,6.607,0.188,0.157,0.215,25.818,190344
1782482006613,67,-27,0.000,6.607,6.599,0.126,0.188,0.210,25.818,190377
1782482006646,57,-27,0.000,6.607,6.591,0.188,0.157,0.226,25.818,190410
1782482006679,52,-27,0.000,6.599,6.591,0.188,0.188,0.226,25.818,190443
1782482006712,42,-27,0.000,6.615,6.607,0.157,0.157,0.215,25.818,190476
1782482006746,32,-27,0.000,6.615,6.607,0.157,0.126,0.210,25.818,190509
1782482006779,27,-27,0.000,6.607,6.607,0.188,0.126,0.210,25.818,190542
1782482006813,22,-22,0.000,6.607,6.599,0.188,0.126,0.204,25.818,190575
1782482006846,17,-17,0.000,6.607,6.599,0.126,0.188,0.220,25.818,190608
1782482006882,15,-15,0.006,6.615,6.591,0.188,0.157,0.210,25.818,190641
1782482006912,10,-10,0.000,6.599,6.599,0.220,0.157,0.285,25.818,190674
1782482006952,5,-5,0.000,6.599,6.599,0.157,0.157,0.231,25.818,190707
1782482007004,0,0,0.000,6.607,6.599,0.220,0.157,0.237,25.818,190740
1782482007012,0,0,0.000,6.607,6.599,0.157,0.157,0.231,25.818,190773
1782482007049,0,0,0.006,6.624,6.607,0.188,0.157,0.226,25.818,190806
1782482007079,0,0,0.000,6.607,6.599,0.188,0.188,0.253,25.818,190839
1782482007111,0,0,0.000,6.624,6.615,0.188,0.188,0.199,25.818,190872
1782482007158,0,0,0.000,6.615,6.599,0.126,0.157,0.220,25.818,190905
1782482007180,0,0,0.000,6.607,6.607,0.188,0.157,0.204,25.818,190938
1782482007212,0,0,0.000,6.615,6.615,0.188,0.126,0.199,25.818,190971
1782482007244,0,0,0.000,6.607,6.599,0.188,0.157,0.220,25.818,191004
1782482007278,2,-2,0.000,6.615,6.607,0.188,0.157,0.199,25.731,191037
1782482007311,7,-7,0.000,6.607,6.607,0.157,0.157,0.199,25.731,191070
1782482007345,12,-12,0.000,6.607,6.599,0.188,0.157,0.237,25.731,191103
1782482007379,15,-15,0.000,6.607,6.607,0.188,0.157,0.226,25.818,191136
1782482007411,20,-20,0.000,6.607,6.607,0.220,0.157,0.215,25.818,191169
1782482007446,25,-25,0.006,6.607,6.599,0.157,0.157,0.204,25.731,191202
1782482007479,27,-27,0.000,6.607,6.607,0.188,0.157,0.215,25.818,191235
1782482007511,32,-32,0.000,6.607,6.607,0.188,0.157,0.204,25.818,191268
1782482007543,35,-35,0.000,6.599,6.599,0.188,0.157,0.333,25.818,191301
1782482007580,40,-40,0.000,6.607,6.607,0.188,0.157,0.204,25.818,191334
1782482007611,45,-45,0.006,6.607,6.599,0.188,0.157,0.220,25.818,191367
1782482007644,50,-50,0.000,6.607,6.599,0.188,0.157,0.296,25.818,191400
1782482007684,55,-55,0.000,6.599,6.615,0.188,0.157,0.226,25.818,191433
1782482007720,57,-57,0.000,6.607,6.599,0.157,0.157,0.376,25.731,191466
1782482007744,62,-62,0.000,6.607,6.607,0.188,0.157,0.199,25.818,191499
1782482007790,67,-67,0.000,6.607,6.607,0.188,0.157,0.210,25.818,191532
1782482007810,70,-70,0.000,6.599,6.591,0.188,0.157,0.430,25.818,191565
1782482007843,72,-72,0.006,6.615,6.599,0.126,0.157,0.210,25.818,191598
1782482007878,77,-77,0.000,6.607,6.607,0.188,0.157,0.231,25.818,191631
1782482007910,82,-82,0.000,6.615,6.607,0.157,0.157,0.210,25.818,191664
1782482007943,85,-85,0.000,6.607,6.607,0.188,0.157,0.204,25.731,191697
1782482007977,90,-90,0.000,6.607,6.607,0.188,0.188,0.210,25.818,191730
1782482008009,95,-95,0.000,6.615,6.607,0.188,0.157,0.215,25.818,191763
1782482008043,97,-97,0.000,6.607,6.607,0.188,0.188,0.194,25.818,191796
1782482008077,102,-102,0.000,6.607,6.615,0.157,0.188,0.199,25.818,191829
1782482008109,107,-107,0.000,6.607,6.599,0.188,0.188,0.344,25.818,191862
1782482008142,110,-110,0.000,6.615,6.607,0.220,0.220,0.231,25.818,191895
1782482008176,115,-115,0.006,6.607,6.607,0.157,0.220,0.199,25.818,191928
1782482008209,120,-120,0.000,6.599,6.582,0.251,0.220,0.220,25.818,191961
1782482008244,122,-122,0.006,6.582,6.574,0.188,0.251,0.199,25.731,191994
1782482008279,127,-127,0.000,6.599,6.591,0.220,0.251,0.215,25.818,192027
1782482008309,132,-132,0.000,6.591,6.591,0.220,0.282,0.226,25.818,192060
1782482008343,135,-135,0.000,6.591,6.582,0.220,0.314,0.210,25.818,192093
1782482008382,140,-140,0.000,6.582,6.566,0.345,0.377,0.215,25.731,192126
1782482008412,145,-145,0.000,6.566,6.557,0.377,0.408,0.247,25.818,192159
1782482008442,147,-147,0.000,6.566,6.557,0.408,0.439,0.215,25.818,192192
1782482008474,152,-152,0.000,6.557,6.557,0.439,0.408,0.237,25.818,192225
1782482008518,157,-157,0.006,6.541,6.533,0.533,0.502,0.215,25.818,192258
1782482008551,162,-162,0.006,6.541,6.524,0.628,0.439,0.263,25.818,192291
1782482008590,167,-167,0.000,6.549,6.524,0.659,0.439,0.237,25.818,192324
1782482008617,170,-170,0.006,6.524,6.508,0.847,0.596,0.220,25.818,192357
1782482008649,175,-175,0.000,6.524,6.508,0.784,0.659,0.231,25.818,192390
1782482008688,180,-180,0.000,6.541,6.524,0.690,0.471,0.237,25.818,192423
1782482008717,182,-182,0.000,6.557,6.541,0.533,0.377,0.204,25.818,192456
1782482008749,187,-187,0.000,6.557,6.549,0.377,0.377,0.226,25.818,192489
1782482008781,190,-190,0.000,6.557,6.557,0.439,0.408,0.231,25.731,192522
1782482008815,195,-195,0.000,6.557,6.541,0.471,0.408,0.204,25.818,192555
1782482008848,200,-200,0.000,6.549,6.549,0.565,0.408,0.226,25.731,192588
1782482008883,202,-202,0.000,6.557,6.541,0.439,0.471,0.220,25.731,192621
1782482008915,207,-207,0.000,6.541,6.533,0.502,0.439,0.199,25.818,192654
1782482008948,212,-212,0.000,6.541,6.541,0.408,0.439,0.204,25.818,192687
1782482008979,215,-215,0.000,6.541,6.533,0.502,0.439,0.215,25.818,192720
1782482009015,210,-210,0.000,6.533,6.516,0.565,0.565,0.204,25.818,192753
1782482009045,207,-207,0.000,6.533,6.533,0.596,0.502,0.220,25.818,192786
1782482009083,202,-202,0.000,6.541,6.524,0.439,0.565,0.199,25.818,192819
1782482009117,197,-197,0.000,6.533,6.524,0.377,0.471,0.312,25.818,192852
1782482009146,192,-192,0.000,6.541,6.541,0.502,0.408,0.199,25.818,192885
1782482009177,190,-190,0.000,6.549,6.549,0.408,0.439,0.204,25.818,192918
1782482009213,185,-185,0.000,6.557,6.549,0.377,0.408,0.194,25.818,192951
1782482009248,180,-180,0.000,6.557,6.549,0.408,0.377,0.204,25.818,192984
1782482009277,177,-177,0.000,6.566,6.557,0.377,0.439,0.204,25.818,193017
1782482009309,172,-172,0.000,6.557,6.549,0.408,0.377,0.204,25.731,193050
1782482009345,170,-170,0.000,6.557,6.549,0.314,0.345,0.269,25.818,193083
1782482009396,162,-162,0.000,6.566,6.557,0.345,0.282,0.210,25.818,193116
1782482009409,160,-160,0.000,6.574,6.557,0.377,0.314,0.280,25.731,193149
1782482009442,157,-157,0.000,6.566,6.574,0.282,0.377,0.210,25.818,193182
1782482009474,152,-152,0.000,6.557,6.541,0.345,0.314,0.285,25.818,193215
1782482009508,147,-147,0.000,6.566,6.566,0.377,0.377,0.204,25.818,193248
1782482009544,145,-145,0.000,6.557,6.541,0.439,0.471,0.220,25.731,193281
1782482009586,140,-140,0.006,6.541,6.533,0.533,0.439,0.210,25.818,193314
1782482009608,135,-135,0.000,6.541,6.524,0.502,0.565,0.220,25.818,193347
1782482009640,132,-132,0.000,6.557,6.566,0.439,0.314,0.242,25.818,193380
1782482009673,127,-127,0.000,6.549,6.533,0.439,0.408,0.387,25.818,193413
1782482009711,122,-122,0.000,6.566,6.549,0.345,0.408,0.274,25.818,193446
1782482009738,120,-120,0.000,6.541,6.533,0.314,0.345,0.306,25.731,193479
1782482009772,115,-115,0.006,6.574,6.566,0.314,0.282,0.204,25.818,193512
1782482009810,110,-110,0.000,6.574,6.566,0.251,0.251,0.204,25.731,193545
1782482009851,105,-105,0.000,6.574,6.566,0.251,0.251,0.210,25.818,193578
1782482009872,102,-102,0.000,6.574,6.574,0.251,0.251,0.317,25.818,193611
1782482009906,100,-100,0.000,6.591,6.591,0.157,0.251,0.215,25.818,193644
1782482009943,95,-95,0.006,6.591,6.591,0.188,0.220,0.194,25.818,193677
1782482009971,90,-90,0.006,6.591,6.582,0.251,0.220,0.199,25.818,193710
1782482010005,87,-87,0.000,6.599,6.591,0.188,0.157,0.306,25.818,193743
1782482010039,82,-82,0.006,6.599,6.591,0.188,0.157,0.210,25.818,193776
1782482010071,77,-77,0.000,6.599,6.607,0.188,0.157,0.242,25.731,193809
1782482010104,75,-75,0.000,6.599,6.591,0.188,0.157,0.204,25.818,193842
1782482010140,70,-70,0.000,6.591,6.591,0.188,0.188,0.312,25.731,193875
1782482010181,65,-65,0.000,6.599,6.599,0.188,0.157,0.215,25.818,193908
1782482010206,62,-62,0.006,6.591,6.591,0.188,0.188,0.349,25.818,193941
1782482010238,57,-57,0.000,6.599,6.599,0.188,0.157,0.247,25.904,193974
1782482010272,52,-52,0.000,6.615,6.599,0.157,0.157,0.280,25.731,194007
1782482010305,50,-50,0.000,6.615,6.599,0.188,0.157,0.247,25.818,194040
1782482010351,42,-42,0.000,6.607,6.599,0.188,0.188,0.242,25.818,194073
1782482010370,40,-40,0.006,6.624,6.599,0.188,0.157,0.204,25.818,194106
1782482010404,37,-37,0.000,6.599,6.607,0.188,0.157,0.215,25.818,194139
1782482010439,32,-32,0.000,6.607,6.599,0.188,0.188,0.210,25.818,194172
1782482010471,27,-27,0.000,6.591,6.591,0.188,0.157,0.285,25.818,194205
1782482010504,25,-25,0.000,6.615,6.599,0.188,0.157,0.220,25.818,194238
1782482010536,20,-20,0.000,6.599,6.599,0.188,0.157,0.231,25.818,194271
1782482010570,15,-15,0.000,6.599,6.591,0.157,0.157,0.328,25.818,194304
1782482010603,12,-12,0.000,6.599,6.599,0.188,0.188,0.237,25.818,194337
1782482010641,7,-7,0.000,6.607,6.599,0.188,0.157,0.204,25.818,194370
1782482010669,2,-2,0.000,6.599,6.591,0.157,0.188,0.306,25.818,194403
1782482010704,0,0,0.000,6.607,6.599,0.220,0.126,0.210,25.818,194436
1782482010736,-5,5,0.000,6.624,6.599,0.188,0.157,0.226,25.818,194469
1782482010769,-10,10,0.000,6.607,6.599,0.188,0.157,0.290,25.818,194502
1782482010813,-15,15,0.000,6.607,6.599,0.188,0.126,0.204,25.818,194535
1782482010838,-17,17,0.000,6.599,6.591,0.157,0.188,0.247,25.818,194568
1782482010869,-22,22,0.000,6.607,6.599,0.188,0.157,0.242,25.818,194601
1782482010902,-25,25,0.000,6.607,6.599,0.188,0.188,0.226,25.818,194634
1782482010940,-30,30,0.006,6.607,6.607,0.188,0.157,0.226,25.818,194667
1782482010968,-35,35,0.000,6.607,6.599,0.188,0.188,0.220,25.818,194700
1782482011002,-37,37,0.000,6.599,6.599,0.188,0.157,0.194,25.818,194733
1782482011042,-42,42,0.000,6.599,6.599,0.157,0.157,0.204,25.731,194766
1782482011068,-47,47,0.000,6.607,6.599,0.188,0.126,0.220,25.818,194799
1782482011103,-50,50,0.000,6.607,6.599,0.188,0.157,0.226,25.818,194832
1782482011137,-55,55,0.000,6.607,6.607,0.188,0.157,0.199,25.818,194865
1782482011168,-60,60,0.000,6.607,6.599,0.188,0.157,0.285,25.818,194898
1782482011202,-62,62,0.000,6.615,6.591,0.157,0.157,0.204,25.818,194931
1782482011235,-67,67,0.006,6.607,6.607,0.157,0.157,0.199,25.818,194964
1782482011287,-72,72,0.000,6.607,6.607,0.188,0.126,0.237,25.818,194997
1782482011302,-75,75,0.000,6.607,6.607,0.188,0.126,0.210,25.818,195030
1782482011334,-80,80,0.000,6.607,6.599,0.157,0.157,0.237,25.731,195063
1782482011369,-85,85,0.006,6.599,6.599,0.220,0.157,0.306,25.818,195096
1782482011401,-87,87,0.000,6.607,6.591,0.188,0.157,0.215,25.818,195129
1782482011434,-92,92,0.000,6.607,6.599,0.188,0.157,0.349,25.731,195162
1782482011471,-97,97,0.000,6.607,6.599,0.126,0.157,0.220,25.818,195195
1782482011501,-100,100,0.000,6.615,6.599,0.188,0.157,0.226,25.818,195228
1782482011534,-105,105,0.000,6.599,6.591,0.251,0.157,0.237,25.818,195261
1782482011568,-107,107,0.006,6.599,6.591,0.251,0.157,0.210,25.818,195294
1782482011602,-112,112,0.000,6.591,6.599,0.188,0.126,0.220,25.731,195327
1782482011634,-117,117,0.006,6.591,6.599,0.188,0.220,0.220,25.731,195360
1782482011668,-120,120,0.000,6.591,6.591,0.188,0.188,0.215,25.731,195393
1782482011700,-125,125,0.006,6.599,6.591,0.314,0.220,0.220,25.731,195426
1782482011736,-130,130,0.000,6.574,6.566,0.408,0.251,0.237,25.731,195459
1782482011766,-132,132,0.000,6.566,6.566,0.408,0.345,0.215,25.818,195492
1782482011800,-137,137,0.006,6.557,6.557,0.377,0.314,0.204,25.818,195525
1782482011834,-142,142,0.000,6.541,6.541,0.533,0.408,0.360,25.818,195558
1782482011868,-145,145,0.000,6.541,6.524,0.628,0.408,0.220,25.818,195591
1782482011900,-150,150,0.000,6.524,6.533,0.659,0.377,0.263,25.818,195624
1782482011936,-155,155,0.000,6.533,6.516,0.753,0.533,0.237,25.818,195657
1782482011971,-157,157,0.000,6.533,6.524,0.784,0.533,0.220,25.818,195690
1782482011999,-162,162,0.000,6.524,6.508,0.722,0.533,0.210,25.818,195723
1782482012036,-167,167,0.000,6.524,6.524,0.628,0.471,0.226,25.818,195756
1782482012078,-172,172,0.000,6.541,6.541,0.533,0.408,0.215,25.818,195789
1782482012099,-175,175,0.000,6.549,6.541,0.471,0.408,0.226,25.731,195822
1782482012134,-180,180,0.000,6.549,6.533,0.502,0.471,0.237,25.818,195855
1782482012170,-182,182,0.006,6.549,6.533,0.471,0.565,0.210,25.818,195888
1782482012201,-187,187,0.006,6.541,6.541,0.377,0.439,0.220,25.731,195921
1782482012233,-192,192,0.000,6.549,6.524,0.502,0.408,0.226,25.818,195954
1782482012271,-195,195,0.000,6.541,6.524,0.502,0.502,0.237,25.818,195987
1782482012301,-190,190,0.000,6.533,6.524,0.502,0.533,0.349,25.818,196020
1782482012335,-185,185,0.000,6.549,6.533,0.502,0.377,0.220,25.818,196053
1782482012366,-182,182,0.000,6.541,6.541,0.439,0.408,0.231,25.818,196086
1782482012402,-177,177,0.000,6.549,6.533,0.502,0.471,0.215,25.731,196119
1782482012432,-172,172,0.000,6.541,6.549,0.659,0.439,0.215,25.731,196152
1782482012465,-170,170,0.000,6.557,6.549,0.377,0.251,0.215,25.818,196185
1782482012501,-165,165,0.006,6.541,6.541,0.502,0.345,0.220,25.818,196218
1782482012533,-160,160,0.006,6.557,6.549,0.408,0.408,0.220,25.818,196251
1782482012565,-157,157,0.000,6.557,6.549,0.471,0.345,0.242,25.731,196284
1782482012600,-152,152,0.000,6.557,6.549,0.502,0.282,0.215,25.818,196317
1782482012655,-145,145,0.000,6.557,6.557,0.408,0.282,0.237,25.818,196350
1782482012672,-145,145,0.000,6.557,6.549,0.502,0.345,0.210,25.818,196383
1782482012701,-140,140,0.000,6.541,6.533,0.565,0.377,0.226,25.818,196416
1782482012731,-137,137,0.000,6.549,6.541,0.596,0.282,0.210,25.818,196449
1782482012764,-132,132,0.000,6.549,6.541,0.596,0.282,0.210,25.818,196482
1782482012802,-127,127,0.000,6.541,6.524,0.596,0.377,0.226,25.818,196515
1782482012841,-122,122,0.006,6.524,6.533,0.596,0.377,0.263,25.818,196548
1782482012873,-117,117,0.000,6.557,6.541,0.502,0.282,0.220,25.818,196581
1782482012922,-112,112,0.000,6.557,6.549,0.377,0.314,0.242,25.818,196614
1782482012941,-110,110,0.000,6.566,6.557,0.377,0.251,0.258,25.818,196647
1782482012972,-107,107,0.000,6.574,6.574,0.282,0.251,0.210,25.818,196680
1782482013013,-100,100,0.000,6.582,6.574,0.251,0.251,0.231,25.818,196713
1782482013044,-97,97,0.000,6.574,6.574,0.220,0.220,0.220,25.731,196746
1782482013071,-95,95,0.006,6.566,6.566,0.220,0.251,0.242,25.818,196779
1782482013105,-90,90,0.000,6.591,6.566,0.251,0.157,0.333,25.818,196812
1782482013138,-85,85,0.000,6.591,6.591,0.157,0.157,0.242,25.818,196845
1782482013172,-82,82,0.000,6.599,6.591,0.157,0.126,0.226,25.731,196878
1782482013204,-77,77,0.000,6.599,6.599,0.188,0.157,0.204,25.818,196911
1782482013236,-72,72,0.000,6.599,6.591,0.188,0.157,0.215,25.818,196944
1782482013276,-67,67,0.000,6.607,6.599,0.188,0.188,0.210,25.818,196977
1782482013304,-65,65,0.000,6.591,6.591,0.188,0.157,0.360,25.818,197010
1782482013344,-60,60,0.000,6.599,6.582,0.220,0.188,0.210,25.818,197043
1782482013369,-57,57,0.000,6.599,6.591,0.188,0.157,0.349,25.818,197076
1782482013414,-50,50,0.000,6.599,6.607,0.188,0.157,0.210,25.731,197109
1782482013435,-47,47,0.000,6.591,6.591,0.188,0.157,0.263,25.818,197142
1782482013468,-45,45,0.012,6.607,6.591,0.126,0.157,0.204,25.818,197175
1782482013502,-40,40,0.000,6.591,6.591,0.188,0.188,0.204,25.731,197208
1782482013535,-35,35,0.000,6.599,6.591,0.126,0.157,0.220,25.818,197241
1782482013566,-32,32,0.000,6.607,6.607,0.188,0.157,0.199,25.818,197274
1782482013605,-27,27,0.000,6.607,6.599,0.188,0.157,0.204,25.731,197307
1782482013648,-22,22,0.000,6.599,6.582,0.157,0.126,0.312,25.818,197340
1782482013665,-20,20,0.000,6.607,6.591,0.188,0.157,0.215,25.818,197373
1782482013713,-15,15,0.000,6.599,6.599,0.126,0.188,0.199,25.818,197406
1782482013731,-12,12,0.006,6.599,6.591,0.188,0.157,0.285,25.818,197439
1782482013768,-7,7,0.000,6.599,6.591,0.188,0.157,0.258,25.818,197472
1782482013798,-2,2,0.000,6.615,6.599,0.220,0.126,0.215,25.818,197505
1782482013830,2,2,0.000,6.599,6.599,0.188,0.157,0.226,25.818,197538
1782482013865,7,7,0.000,6.607,6.599,0.157,0.126,0.215,25.818,197571
1782482013897,12,12,0.000,6.591,6.591,0.188,0.157,0.366,25.818,197604
1782482013930,15,15,0.000,6.599,6.599,0.188,0.157,0.215,25.731,197637
1782482013962,20,20,0.000,6.615,6.599,0.188,0.157,0.210,25.818,197670
1782482013997,25,25,0.000,6.599,6.591,0.188,0.157,0.215,25.818,197703
1782482014031,27,27,0.000,6.607,6.599,0.188,0.157,0.210,25.818,197736
1782482014061,32,32,0.000,6.607,6.599,0.188,0.157,0.210,25.818,197769
1782482014095,37,37,0.000,6.599,6.599,0.188,0.157,0.339,25.818,197802
1782482014128,40,40,0.000,6.599,6.599,0.188,0.157,0.210,25.818,197835
1782482014161,45,45,0.000,6.599,6.591,0.188,0.157,0.360,25.818,197868
1782482014193,47,47,0.000,6.607,6.607,0.157,0.157,0.199,25.731,197901
1782482014233,52,52,0.000,6.599,6.591,0.157,0.157,0.258,25.818,197934
1782482014271,57,57,0.000,6.599,6.599,0.157,0.157,0.204,25.818,197967
1782482014294,62,62,0.000,6.607,6.607,0.188,0.157,0.220,25.818,198000
1782482014344,67,67,0.000,6.591,6.591,0.188,0.157,0.242,25.818,198033
1782482014360,70,70,0.000,6.607,6.607,0.157,0.188,0.204,25.818,198066
1782482014400,75,75,0.006,6.599,6.599,0.188,0.157,0.253,25.731,198099
1782482014426,77,77,0.000,6.599,6.591,0.188,0.157,0.247,25.818,198132
1782482014465,82,82,0.000,6.607,6.591,0.188,0.157,0.220,25.818,198165
1782482014506,87,87,0.000,6.607,6.599,0.188,0.157,0.210,25.818,198198
1782482014528,90,90,0.000,6.599,6.599,0.126,0.188,0.210,25.818,198231
1782482014561,95,95,0.000,6.599,6.591,0.188,0.157,0.366,25.818,198264
1782482014593,97,97,0.000,6.599,6.599,0.188,0.188,0.285,25.818,198297
1782482014628,102,102,0.000,6.599,6.591,0.220,0.157,0.328,25.818,198330
1782482014659,107,107,0.000,6.599,6.591,0.251,0.157,0.204,25.818,198363
1782482014693,110,110,0.000,6.582,6.574,0.220,0.251,0.237,25.818,198396
1782482014734,115,115,0.000,6.591,6.591,0.220,0.188,0.285,25.818,198429
1782482014760,120,120,0.000,6.574,6.566,0.251,0.188,0.355,25.818,198462
1782482014792,122,122,0.000,6.591,6.582,0.282,0.220,0.215,25.818,198495
1782482014832,127,127,0.000,6.557,6.557,0.408,0.282,0.419,25.818,198528
1782482014859,132,132,0.000,6.574,6.574,0.345,0.251,0.306,25.818,198561
1782482014891,135,135,0.000,6.557,6.557,0.408,0.220,0.376,25.731,198594
1782482014930,140,140,0.000,6.566,6.557,0.565,0.251,0.242,25.818,198627
1782482014964,145,145,0.000,6.574,6.557,0.314,0.251,0.220,25.818,198660
1782482014992,147,147,0.000,6.557,6.557,0.471,0.282,0.333,25.818,198693
1782482015026,147,147,0.000,6.566,6.557,0.377,0.345,0.226,25.818,198726
1782482015060,142,142,0.000,6.557,6.557,0.377,0.314,0.344,25.818,198759
1782482015093,140,140,0.000,6.574,6.557,0.314,0.251,0.317,25.818,198792
1782482015128,135,135,0.000,6.574,6.566,0.282,0.282,0.247,25.818,198825
1782482015161,130,130,0.000,6.574,6.574,0.408,0.251,0.220,25.818,198858
1782482015191,127,127,0.000,6.591,6.566,0.282,0.188,0.210,25.818,198891
1782482015225,122,122,0.000,6.582,6.582,0.251,0.188,0.210,25.818,198924
1782482015265,117,117,0.006,6.582,6.574,0.251,0.188,0.333,25.818,198957
1782482015295,115,115,0.000,6.599,6.574,0.251,0.220,0.215,25.731,198990
1782482015324,110,110,0.000,6.574,6.582,0.282,0.220,0.204,25.818,199023
1782482015358,105,105,0.000,6.574,6.574,0.251,0.220,0.210,25.818,199056
1782482015391,102,102,0.012,6.582,6.582,0.251,0.220,0.204,25.818,199089
1782482015425,97,97,0.000,6.591,6.574,0.251,0.188,0.226,25.818,199122
1782482015461,92,92,0.000,6.591,6.574,0.251,0.220,0.215,25.818,199155
1782482015490,90,90,0.000,6.591,6.591,0.251,0.126,0.210,25.818,199188
1782482015524,85,85,0.000,6.591,6.591,0.220,0.157,0.215,25.818,199221
1782482015557,80,80,0.000,6.599,6.591,0.157,0.157,0.215,25.818,199254
1782482015591,77,77,0.006,6.599,6.591,0.094,0.126,0.204,25.818,199287
1782482015634,72,72,0.000,6.599,6.599,0.220,0.188,0.215,25.818,199320
1782482015658,67,67,0.006,6.599,6.591,0.188,0.157,0.333,25.818,199353
1782482015690,65,65,0.000,6.607,6.607,0.126,0.188,0.215,25.818,199386
1782482015725,60,60,0.000,6.591,6.607,0.188,0.126,0.312,25.818,199419
1782482015756,55,55,0.000,6.607,6.599,0.188,0.157,0.237,25.818,199452
1782482015792,52,52,0.000,6.591,6.599,0.157,0.157,0.247,25.818,199485
1782482015823,47,47,0.000,6.607,6.599,0.188,0.126,0.215,25.818,199518
1782482015856,42,42,0.000,6.607,6.591,0.220,0.157,0.226,25.818,199551
1782482015899,37,37,0.000,6.599,6.591,0.188,0.157,0.328,25.818,199584
1782482015924,35,35,0.006,6.607,6.607,0.188,0.157,0.237,25.818,199617
1782482015958,30,30,0.006,6.607,6.599,0.188,0.157,0.226,25.818,199650
1782482015989,27,27,0.000,6.607,6.599,0.188,0.157,0.210,25.818,199683
1782482016023,22,22,0.000,6.607,6.599,0.251,0.126,0.220,25.818,199716
1782482016060,17,17,0.000,6.607,6.599,0.188,0.157,0.247,25.818,199749
1782482016090,15,15,0.012,6.607,6.599,0.188,0.157,0.226,25.818,199782
1782482016123,10,10,0.000,6.607,6.599,0.188,0.157,0.215,25.818,199815
1782482016156,7,7,0.000,6.607,6.599,0.188,0.157,0.204,25.818,199848
1782482016189,2,2,0.000,6.607,6.599,0.188,0.157,0.215,25.731,199881
1782482016222,0,0,0.000,6.607,6.599,0.188,0.157,0.220,25.818,199914
1782482016256,0,0,0.000,6.615,6.599,0.188,0.157,0.237,25.818,199947
1782482016289,0,0,0.000,6.599,6.607,0.188,0.157,0.210,25.818,199980
1782482016322,0,0,0.000,6.607,6.599,0.188,0.188,0.226,25.731,200013
1782482016356,0,0,0.000,6.607,6.607,0.188,0.157,0.215,25.818,200046
1782482016390,0,0,0.000,6.607,6.591,0.188,0.157,0.204,25.818,200079
1782482016423,0,0,0.012,6.599,6.599,0.220,0.188,0.215,25.818,200112
1782482016455,0,0,0.000,6.599,6.599,0.188,0.157,0.237,25.818,200145
1782482016489,0,0,0.000,6.607,6.599,0.188,0.157,0.226,25.818,200178
1782482016522,0,0,0.000,6.615,6.607,0.188,0.188,0.242,25.818,200211
1782482016555,0,0,0.000,6.615,6.599,0.188,0.126,0.237,25.731,200244
1782482016591,0,0,0.000,6.599,6.599,0.188,0.157,0.220,25.731,200277
1782482016620,0,0,0.000,6.624,6.599,0.188,0.157,0.210,25.818,200310
1782482016655,0,0,0.000,6.599,6.591,0.188,0.188,0.349,25.818,200343
1782482016700,0,0,0.000,6.607,6.599,0.188,0.157,0.263,25.818,200376
1782482016721,0,0,0.000,6.599,6.599,0.157,0.157,0.226,25.818,200409
1782482016754,0,0,0.000,6.607,6.607,0.157,0.126,0.226,25.818,200442
1782482016788,0,0,0.000,6.607,6.591,0.188,0.188,0.290,25.818,200475
1782482016821,0,0,0.000,6.607,6.599,0.188,0.188,0.215,25.818,200508
1782482016856,0,0,0.000,6.607,6.599,0.188,0.157,0.210,25.818,200541
1782482016887,0,0,0.000,6.607,6.599,0.126,0.157,0.237,25.818,200574
1782482016922,-5,5,0.000,6.607,6.615,0.188,0.157,0.210,25.818,200607
1782482016954,-7,7,0.000,6.607,6.599,0.157,0.188,0.237,25.818,200640
1782482016987,-12,12,0.000,6.607,6.607,0.188,0.157,0.237,25.818,200673
1782482017021,-17,17,0.000,6.607,6.607,0.220,0.157,0.220,25.731,200706
1782482017054,-20,20,0.000,6.607,6.607,0.188,0.188,0.199,25.818,200739
1782482017088,-25,25,0.000,6.607,6.591,0.188,0.157,0.231,25.818,200772
1782482017120,-30,30,0.000,6.607,6.599,0.188,0.157,0.215,25.818,200805
1782482017158,-35,35,0.000,6.599,6.591,0.188,0.157,0.366,25.818,200838
1782482017187,-37,37,0.000,6.615,6.599,0.188,0.126,0.226,25.818,200871
1782482017219,-42,42,0.006,6.599,6.599,0.188,0.220,0.215,25.818,200904
1782482017266,-47,47,0.000,6.599,6.615,0.188,0.188,0.215,25.731,200937
1782482017287,-50,50,0.000,6.607,6.591,0.157,0.157,0.317,25.818,200970
1782482017328,-55,55,0.000,6.607,6.591,0.157,0.188,0.231,25.818,201003
1782482017361,-60,60,0.000,6.615,6.599,0.188,0.157,0.220,25.818,201036
1782482017403,-65,65,0.000,6.607,6.599,0.188,0.157,0.226,25.818,201069
1782482017429,-67,67,0.000,6.607,6.607,0.188,0.126,0.215,25.818,201102
1782482017460,-72,72,0.000,6.607,6.607,0.188,0.157,0.237,25.818,201135
1782482017494,-75,75,0.000,6.607,6.591,0.188,0.126,0.237,25.818,201168
1782482017526,-80,80,0.000,6.607,6.599,0.188,0.188,0.242,25.818,201201
1782482017559,-85,85,0.000,6.599,6.599,0.188,0.157,0.215,25.818,201234
1782482017602,-90,90,0.000,6.607,6.615,0.188,0.157,0.215,25.818,201267
1782482017625,-92,92,0.000,6.607,6.607,0.188,0.157,0.220,25.818,201300
1782482017659,-97,97,0.000,6.599,6.599,0.188,0.157,0.210,25.818,201333
1782482017694,-100,100,0.006,6.607,6.599,0.188,0.126,0.237,25.818,201366
1782482017725,-105,105,0.006,6.607,6.591,0.220,0.188,0.199,25.818,201399
1782482017760,-110,110,0.000,6.599,6.599,0.251,0.157,0.220,25.818,201432
1782482017809,-115,115,0.000,6.599,6.591,0.251,0.126,0.220,25.818,201465
1782482017823,-117,117,0.000,6.591,6.582,0.251,0.188,0.258,25.818,201498
1782482017857,-120,120,0.006,6.574,6.582,0.282,0.188,0.215,25.818,201531
1782482017907,-127,127,0.000,6.574,6.566,0.377,0.220,0.226,25.818,201564
1782482017923,-130,130,0.000,6.574,6.566,0.345,0.314,0.215,25.818,201597
1782482017966,-135,135,0.000,6.574,6.566,0.377,0.314,0.210,25.818,201630
1782482017988,-137,137,0.000,6.557,6.557,0.439,0.345,0.215,25.818,201663
1782482018026,-142,142,0.000,6.557,6.557,0.533,0.377,0.204,25.818,201696
1782482018058,-145,145,0.000,6.549,6.533,0.533,0.471,0.231,25.731,201729
1782482018088,-150,150,0.006,6.533,6.524,0.628,0.502,0.317,25.818,201762
1782482018121,-155,155,0.000,6.524,6.524,0.784,0.408,0.215,25.818,201795
1782482018153,-157,157,0.000,6.541,6.516,0.722,0.439,0.215,25.818,201828
1782482018188,-162,162,0.000,6.524,6.524,0.753,0.408,0.226,25.818,201861
1782482018221,-167,167,0.006,6.541,6.516,0.879,0.377,0.215,25.818,201894
1782482018253,-170,170,0.000,6.549,6.541,0.471,0.408,0.215,25.818,201927
1782482018285,-175,175,0.000,6.557,6.524,0.502,0.502,0.231,25.818,201960
1782482018320,-175,175,0.000,6.549,6.549,0.408,0.345,0.210,25.818,201993
1782482018353,-172,172,0.000,6.541,6.533,0.471,0.439,0.344,25.731,202026
1782482018384,-167,167,0.006,6.533,6.549,0.377,0.471,0.269,25.818,202059
1782482018418,-165,165,0.000,6.566,6.557,0.345,0.345,0.231,25.818,202092
1782482018452,-160,160,0.000,6.574,6.566,0.314,0.282,0.215,25.818,202125
1782482018488,-155,155,0.000,6.566,6.557,0.314,0.282,0.323,25.818,202158
1782482018541,-147,147,0.000,6.566,6.574,0.377,0.282,0.204,25.818,202191
1782482018567,-145,145,0.000,6.574,6.566,0.282,0.282,0.204,25.818,202224
1782482018582,-142,142,0.000,6.566,6.549,0.377,0.345,0.204,25.818,202257
1782482018617,-140,140,0.000,6.566,6.557,0.377,0.251,0.210,25.818,202290
1782482018656,-135,135,0.000,6.557,6.549,0.533,0.188,0.204,25.731,202323
1782482018683,-130,130,0.000,6.549,6.541,0.533,0.282,0.220,25.731,202356
1782482018723,-125,125,0.000,6.549,6.533,0.502,0.377,0.210,25.818,202389
1782482018751,-122,122,0.000,6.557,6.549,0.471,0.251,0.220,25.818,202422
1782482018782,-117,117,0.000,6.557,6.541,0.439,0.282,0.301,25.818,202455
1782482018816,-115,115,0.006,6.557,6.557,0.377,0.314,0.296,25.818,202488
1782482018850,-110,110,0.000,6.574,6.566,0.345,0.251,0.199,25.818,202521
1782482018885,-105,105,0.006,6.574,6.557,0.282,0.220,0.312,25.818,202554
1782482018917,-102,102,0.000,6.574,6.566,0.282,0.220,0.280,25.818,202587
1782482018952,-97,97,0.000,6.574,6.566,0.251,0.251,0.280,25.818,202620
1782482018984,-92,92,0.000,6.574,6.566,0.220,0.251,0.306,25.818,202653
1782482019018,-90,90,0.006,6.591,6.582,0.220,0.157,0.220,25.818,202686
1782482019050,-85,85,0.000,6.599,6.591,0.188,0.220,0.312,25.818,202719
1782482019082,-80,80,0.000,6.599,6.591,0.188,0.126,0.301,25.731,202752
1782482019116,-77,77,0.000,6.591,6.582,0.157,0.188,0.452,25.818,202785
1782482019152,-72,72,0.012,6.599,6.599,0.188,0.157,0.263,25.731,202818
1782482019182,-67,67,0.000,6.599,6.591,0.188,0.188,0.323,25.818,202851
1782482019215,-65,65,0.000,6.607,6.591,0.188,0.157,0.242,25.818,202884
1782482019255,-60,60,0.000,6.607,6.591,0.220,0.157,0.210,25.904,202917
1782482019283,-55,55,0.000,6.607,6.599,0.126,0.157,0.210,25.818,202950
1782482019314,-52,52,0.000,6.607,6.599,0.188,0.157,0.210,25.818,202983
1782482019349,-47,47,0.012,6.599,6.591,0.188,0.157,0.220,25.818,203016
1782482019387,-42,42,0.000,6.599,6.599,0.220,0.157,0.237,25.818,203049
1782482019415,-40,40,0.000,6.599,6.591,0.188,0.157,0.210,25.731,203082
1782482019448,-35,35,0.000,6.607,6.591,0.188,0.157,0.220,25.818,203115
1782482019482,-30,30,0.000,6.599,6.599,0.220,0.188,0.220,25.818,203148
1782482019514,-27,27,0.000,6.591,6.566,0.188,0.157,0.409,25.818,203181
1782482019548,-22,22,0.000,6.599,6.599,0.188,0.157,0.242,25.818,203214
1782482019612,-15,15,0.000,6.599,6.599,0.188,0.157,0.215,25.818,203247
1782482019616,-15,15,0.006,6.599,6.591,0.188,0.157,0.215,25.731,203280
1782482019650,-10,10,0.000,6.607,6.599,0.188,0.126,0.215,25.818,203313
1782482019681,-5,5,0.000,6.599,6.591,0.188,0.157,0.226,25.818,203346
1782482019714,-2,2,0.000,6.607,6.591,0.188,0.126,0.215,25.818,203379
1782482019752,0,0,0.000,6.607,6.599,0.188,0.157,0.220,25.818,203412
1782482019780,0,0,0.000,6.599,6.591,0.188,0.157,0.242,25.818,203445
1782482019815,0,0,0.000,6.599,6.591,0.188,0.157,0.226,25.818,203478
1782482019850,0,0,0.000,6.607,6.591,0.188,0.157,0.215,25.818,203511
1782482019883,0,0,0.000,6.591,6.582,0.188,0.157,0.242,25.818,203544
1782482019913,0,0,0.000,6.607,6.599,0.157,0.126,0.210,25.818,203577
1782482019951,0,0,0.000,6.607,6.599,0.188,0.157,0.220,25.818,203610
1782482019982,0,0,0.000,6.607,6.599,0.220,0.157,0.220,25.818,203643
1782482020013,0,0,0.000,6.599,6.591,0.157,0.157,0.237,25.818,203676
1782482020054,0,0,0.000,6.607,6.599,0.188,0.157,0.226,25.818,203709
1782482020081,0,0,0.006,6.607,6.599,0.188,0.157,0.253,25.731,203742
1782482020114,0,0,0.000,6.607,6.591,0.220,0.188,0.226,25.731,203775
1782482020155,0,0,0.000,6.607,6.599,0.157,0.126,0.226,25.818,203808
1782482020181,0,0,0.006,6.591,6.591,0.188,0.188,0.301,25.818,203841
1782482020213,0,0,0.000,6.615,6.599,0.157,0.188,0.247,25.818,203874
1782482020259,0,0,0.006,6.607,6.599,0.188,0.157,0.237,25.818,203907
1782482020285,0,0,0.000,6.607,6.591,0.188,0.126,0.210,25.818,203940
1782482020312,0,0,0.000,6.599,6.599,0.188,0.188,0.210,25.818,203973
1782482020347,0,0,0.000,6.607,6.599,0.188,0.157,0.237,25.818,204006
1782482020381,0,0,0.000,6.607,6.599,0.220,0.157,0.220,25.818,204039
1782482020414,0,0,0.000,6.607,6.599,0.157,0.157,0.231,25.731,204072
1782482020446,0,0,0.000,6.607,6.599,0.188,0.157,0.215,25.818,204105
1782482020483,0,0,0.000,6.607,6.599,0.188,0.220,0.231,25.818,204138
1782482020512,0,0,0.000,6.607,6.591,0.188,0.188,0.231,25.818,204171
1782482020555,0,0,0.006,6.607,6.599,0.188,0.188,0.242,25.818,204204
1782482020590,0,0,0.000,6.607,6.599,0.251,0.188,0.215,25.818,204237
1782482020614,-2,2,0.000,6.607,6.607,0.126,0.188,0.210,25.818,204270
1782482020645,-7,7,0.000,6.607,6.599,0.188,0.157,0.237,25.818,204303
1782482020679,-10,10,0.000,6.607,6.599,0.157,0.157,0.237,25.818,204336
1782482020712,-15,15,0.000,6.607,6.591,0.188,0.157,0.210,25.731,204369
1782482020744,-20,20,0.000,6.599,6.599,0.188,0.157,0.226,25.731,204402
1782482020778,-22,22,0.000,6.607,6.599,0.188,0.157,0.199,25.818,204435
1782482020813,-27,27,0.000,6.607,6.607,0.188,0.126,0.242,25.818,204468
1782482020845,-32,32,0.006,6.607,6.607,0.188,0.188,0.220,25.818,204501
1782482020903,-40,40,0.000,6.607,6.615,0.188,0.157,0.215,25.818,204534
1782482020910,-40,40,0.000,6.599,6.591,0.126,0.157,0.323,25.818,204567
1782482020945,-45,45,0.000,6.607,6.599,0.188,0.126,0.242,25.818,204600
1782482020978,-47,47,0.000,6.607,6.607,0.188,0.157,0.247,25.818,204633
1782482021011,-52,52,0.000,6.607,6.607,0.188,0.157,0.204,25.818,204666
1782482021044,-57,57,0.000,6.607,6.591,0.188,0.157,0.215,25.818,204699
1782482021079,-60,60,0.000,6.599,6.582,0.188,0.188,0.317,25.818,204732
1782482021117,-65,65,0.000,6.599,6.599,0.188,0.157,0.220,25.818,204765
1782482021144,-70,70,0.000,6.599,6.599,0.188,0.157,0.237,25.731,204798
1782482021184,-75,75,0.006,6.599,6.599,0.188,0.157,0.215,25.818,204831
1782482021211,-77,77,0.000,6.607,6.599,0.188,0.157,0.242,25.818,204864
1782482021245,-82,82,0.000,6.607,6.599,0.157,0.126,0.220,25.818,204897
1782482021284,-87,87,0.006,6.591,6.599,0.188,0.188,0.199,25.818,204930
1782482021311,-90,90,0.000,6.607,6.599,0.188,0.157,0.231,25.818,204963
1782482021344,-95,95,0.000,6.615,6.599,0.188,0.157,0.231,25.818,204996
1782482021377,-97,97,0.000,6.607,6.599,0.188,0.157,0.226,25.818,205029
1782482021411,-102,102,0.000,6.599,6.599,0.251,0.126,0.210,25.818,205062
1782482021444,-107,107,0.000,6.599,6.591,0.251,0.126,0.237,25.818,205095
1782482021477,-110,110,0.000,6.591,6.582,0.251,0.157,0.237,25.818,205128
1782482021510,-115,115,0.000,6.591,6.582,0.282,0.220,0.215,25.818,205161
1782482021544,-120,120,0.000,6.582,6.574,0.282,0.220,0.237,25.818,205194
1782482021577,-122,122,0.000,6.582,6.574,0.251,0.220,0.237,25.818,205227
1782482021619,-127,127,0.000,6.574,6.566,0.345,0.251,0.290,25.818,205260
1782482021653,-132,132,0.000,6.566,6.566,0.314,0.251,0.204,25.818,205293
1782482021688,-137,137,0.000,6.566,6.557,0.377,0.314,0.226,25.731,205326
1782482021724,-132,132,0.000,6.557,6.549,0.565,0.345,0.210,25.818,205359
1782482021752,-130,130,0.000,6.549,6.541,0.502,0.439,0.226,25.818,205392
1782482021783,-125,125,0.000,6.524,6.533,0.628,0.377,0.226,25.818,205425
1782482021823,-120,120,0.006,6.566,6.541,0.502,0.345,0.220,25.818,205458
1782482021856,-117,117,0.000,6.557,6.549,0.471,0.314,0.204,25.731,205491
1782482021882,-112,112,0.000,6.557,6.549,0.439,0.314,0.199,25.818,205524
1782482021926,-107,107,0.000,6.566,6.566,0.345,0.282,0.210,25.818,205557
1782482021950,-105,105,0.000,6.574,6.566,0.345,0.251,0.199,25.818,205590
1782482021984,-100,100,0.000,6.574,6.574,0.282,0.282,0.204,25.818,205623
1782482022014,-97,97,0.000,6.582,6.582,0.251,0.220,0.204,25.818,205656
1782482022047,-102,102,0.000,6.582,6.582,0.251,0.188,0.199,25.731,205689
1782482022086,-107,107,0.000,6.599,6.591,0.251,0.188,0.210,25.818,205722
1782482022113,-110,110,0.000,6.591,6.582,0.282,0.157,0.301,25.818,205755
1782482022155,-115,115,0.000,6.591,6.591,0.251,0.157,0.204,25.818,205788
1782482022182,-117,117,0.000,6.591,6.574,0.282,0.220,0.199,25.818,205821
1782482022212,-122,122,0.000,6.582,6.574,0.314,0.251,0.199,25.904,205854
1782482022252,-127,127,0.000,6.574,6.566,0.314,0.220,0.274,25.818,205887
1782482022279,-130,130,0.000,6.566,6.557,0.345,0.314,0.339,25.818,205920
1782482022319,-135,135,0.000,6.566,6.549,0.408,0.345,0.204,25.731,205953
1782482022344,-140,140,0.006,6.557,6.549,0.439,0.251,0.242,25.818,205986
1782482022386,-145,145,0.000,6.557,6.541,0.471,0.345,0.210,25.818,206019
1782482022410,-147,147,0.000,6.533,6.516,0.565,0.533,0.344,25.731,206052
1782482022450,-152,152,0.000,6.582,6.557,0.157,0.471,0.204,25.818,206085
1782482022478,-155,155,0.000,6.566,6.566,0.188,0.533,0.194,25.818,206118
1782482022512,-160,160,0.000,6.566,6.557,0.188,0.565,0.199,25.818,206151
1782482022546,-165,165,0.000,6.566,6.557,0.126,0.596,0.194,25.731,206184
1782482022575,-167,167,0.000,6.574,6.566,0.188,0.533,0.269,25.731,206217
1782482022611,-172,172,0.000,6.549,6.533,0.188,0.879,0.253,25.818,206250
1782482022641,-175,175,0.000,6.549,6.533,0.220,0.659,0.312,25.818,206283
1782482022684,-172,172,0.006,6.549,6.524,0.157,1.004,0.204,25.818,206316
1782482022722,-170,170,0.000,6.557,6.541,0.188,0.659,0.339,25.818,206349
1782482022740,-167,167,0.000,6.557,6.541,0.188,0.753,0.210,25.818,206382
1782482022774,-162,162,0.000,6.566,6.541,0.188,0.533,0.435,25.818,206415
1782482022819,-157,157,0.006,6.582,6.582,0.188,0.282,0.290,25.731,206448
1782482022839,-155,155,0.006,6.566,6.566,0.188,0.377,0.263,25.818,206481
1782482022872,-150,150,0.006,6.582,6.582,0.188,0.314,0.231,25.818,206514
1782482022907,-145,145,0.000,6.574,6.566,0.188,0.314,0.430,25.818,206547
1782482022941,-142,142,0.000,6.582,6.582,0.157,0.314,0.194,25.818,206580
1782482022972,-137,137,0.000,6.591,6.574,0.188,0.282,0.220,25.818,206613
1782482023010,-132,132,0.000,6.574,6.582,0.220,0.251,0.194,25.818,206646
1782482023051,-127,127,0.000,6.591,6.574,0.188,0.439,0.194,25.818,206679
1782482023072,-125,125,0.000,6.574,6.566,0.188,0.282,0.366,25.818,206712
1782482023107,-120,120,0.000,6.582,6.574,0.188,0.345,0.204,25.818,206745
1782482023141,-117,117,0.000,6.591,6.591,0.188,0.314,0.194,25.818,206778
1782482023171,-112,112,0.000,6.582,6.574,0.188,0.251,0.317,25.731,206811
1782482023211,-107,107,0.000,6.582,6.582,0.188,0.282,0.210,25.731,206844
1782482023239,-105,105,0.000,6.591,6.591,0.188,0.220,0.204,25.818,206877
1782482023272,-110,110,0.000,6.599,6.582,0.188,0.220,0.210,25.818,206910
1782482023306,-115,115,0.000,6.591,6.582,0.188,0.220,0.280,25.731,206943
1782482023339,-117,117,0.000,6.582,6.582,0.188,0.251,0.263,25.818,206976
1782482023372,-122,122,0.000,6.591,6.582,0.188,0.251,0.312,25.818,207009
1782482023405,-127,127,0.000,6.591,6.591,0.157,0.251,0.210,25.818,207042
1782482023439,-130,130,0.000,6.599,6.591,0.157,0.220,0.199,25.818,207075
1782482023477,-135,135,0.000,6.582,6.557,0.188,0.282,0.360,25.731,207108
1782482023506,-140,140,0.012,6.591,6.574,0.188,0.345,0.199,25.818,207141
1782482023542,-142,142,0.006,6.599,6.574,0.188,0.314,0.339,25.818,207174
1782482023581,-137,137,0.000,6.574,6.566,0.188,0.439,0.253,25.818,207207
1782482023604,-132,132,0.006,6.566,6.566,0.220,0.533,0.328,25.818,207240
1782482023639,-130,130,0.000,6.566,6.566,0.188,0.471,0.237,25.818,207273
1782482023670,-125,125,0.000,6.591,6.582,0.157,0.314,0.210,25.818,207306
1782482023703,-122,122,0.000,6.582,6.574,0.188,0.282,0.344,25.818,207339
1782482023741,-117,117,0.000,6.582,6.582,0.188,0.282,0.237,25.818,207372
1782482023804,-110,110,0.000,6.591,6.574,0.188,0.282,0.237,25.818,207405
1782482023851,-102,102,0.000,6.574,6.574,0.188,0.251,0.296,25.818,207438
1782482023870,-100,100,0.000,6.599,6.591,0.188,0.220,0.210,25.731,207471
1782482023873,-100,100,0.006,6.591,6.582,0.188,0.251,0.258,25.818,207504
1782482023910,-95,95,0.000,6.599,6.591,0.188,0.220,0.215,25.818,207537
1782482023937,-92,92,0.000,6.591,6.582,0.188,0.220,0.237,25.731,207570
1782482023972,-87,87,0.000,6.607,6.599,0.126,0.157,0.199,25.818,207603
1782482024002,-85,85,0.000,6.607,6.607,0.188,0.157,0.204,25.818,207636
1782482024048,-80,75,0.000,6.599,6.582,0.188,0.157,0.226,25.818,207669
1782482024071,-80,70,0.000,6.591,6.582,0.188,0.188,0.274,25.818,207702
1782482024113,-80,60,0.000,6.607,6.599,0.188,0.157,0.199,25.818,207735
1782482024150,-80,50,0.000,6.582,6.582,0.157,0.157,0.301,25.818,207768
1782482024199,-80,40,0.006,6.599,6.599,0.188,0.157,0.204,25.818,207801
1782482024202,-80,40,0.000,6.591,6.599,0.188,0.188,0.210,25.818,207834
1782482024235,-80,30,0.000,6.607,6.607,0.157,0.157,0.215,25.818,207867
1782482024271,-80,20,0.000,6.607,6.591,0.126,0.188,0.210,25.818,207900
1782482024311,-80,10,0.000,6.599,6.591,0.188,0.157,0.328,25.818,207933
1782482024338,-80,5,0.000,6.599,6.599,0.188,0.157,0.210,25.818,207966
1782482024374,-80,-5,0.000,6.607,6.599,0.188,0.157,0.204,25.818,207999
1782482024407,-80,-15,0.000,6.591,6.599,0.188,0.157,0.344,25.818,208032
1782482024435,-80,-20,0.000,6.599,6.599,0.188,0.157,0.199,25.818,208065
1782482024469,-80,-30,0.006,6.591,6.599,0.188,0.157,0.333,25.731,208098
1782482024501,-80,-35,0.000,6.607,6.599,0.188,0.126,0.226,25.818,208131
1782482024535,-80,-45,0.000,6.607,6.591,0.188,0.157,0.220,25.731,208164
1782482024569,-80,-55,0.000,6.599,6.599,0.188,0.188,0.220,25.818,208197
1782482024602,-80,-60,0.000,6.607,6.591,0.188,0.157,0.210,25.818,208230
1782482024634,-80,-70,0.000,6.615,6.591,0.188,0.126,0.258,25.818,208263
1782482024668,-80,-80,0.000,6.599,6.599,0.188,0.126,0.199,25.731,208296
1782482024703,-82,-82,0.000,6.591,6.599,0.251,0.157,0.344,25.818,208329
1782482024735,-87,-87,0.000,6.607,6.599,0.188,0.157,0.226,25.731,208362
1782482024769,-92,-92,0.000,6.607,6.599,0.188,0.157,0.210,25.818,208395
1782482024801,-95,-95,0.006,6.607,6.599,0.220,0.126,0.204,25.731,208428
1782482024834,-100,-100,0.006,6.607,6.599,0.157,0.157,0.242,25.818,208461
1782482024867,-105,-105,0.000,6.607,6.599,0.188,0.157,0.199,25.818,208494
1782482024900,-107,-107,0.000,6.607,6.599,0.157,0.188,0.210,25.818,208527
1782482024934,-112,-112,0.012,6.615,6.599,0.188,0.157,0.194,25.818,208560
1782482024970,-117,-117,0.000,6.582,6.574,0.157,0.314,0.462,25.818,208593
1782482025002,-120,-120,0.000,6.591,6.574,0.251,0.220,0.215,25.818,208626
1782482025035,-125,-125,0.000,6.574,6.582,0.282,0.220,0.220,25.818,208659
1782482025079,-130,-130,0.000,6.582,6.574,0.188,0.251,0.215,25.818,208692
1782482025100,-132,-132,0.000,6.557,6.566,0.251,0.282,0.462,25.904,208725
1782482025133,-137,-137,0.000,6.591,6.582,0.220,0.282,0.204,25.818,208758
1782482025176,-142,-142,0.000,6.574,6.574,0.220,0.345,0.204,25.818,208791
1782482025200,-145,-145,0.006,6.557,6.557,0.282,0.439,0.312,25.818,208824
1782482025233,-150,-150,0.000,6.566,6.541,0.377,0.439,0.226,25.818,208857
1782482025267,-145,-145,0.000,6.557,6.549,0.502,0.282,0.231,25.818,208890
1782482025299,-142,-142,0.000,6.566,6.557,0.471,0.345,0.194,25.818,208923
1782482025333,-137,-137,0.000,6.557,6.557,0.345,0.345,0.220,25.818,208956
1782482025365,-135,-135,0.000,6.574,6.574,0.282,0.314,0.237,25.818,208989
1782482025400,-130,-130,0.000,6.591,6.574,0.220,0.188,0.199,25.731,209022
1782482025491,-117,-117,0.000,6.591,6.582,0.220,0.220,0.215,25.818,209055
1782482025503,-117,-117,0.000,6.591,6.574,0.220,0.251,0.280,25.818,209088
1782482025504,-117,-117,0.006,6.591,6.574,0.282,0.251,0.204,25.818,209121
1782482025533,-112,-112,0.000,6.566,6.574,0.282,0.220,0.237,25.731,209154
1782482025565,-110,-110,0.000,6.591,6.582,0.282,0.251,0.242,25.818,209187
1782482025603,-105,-105,0.000,6.566,6.574,0.220,0.220,0.306,25.818,209220
1782482025633,-100,-100,0.000,6.582,6.582,0.220,0.251,0.242,25.818,209253
1782482025665,-97,-97,0.012,6.591,6.582,0.157,0.157,0.242,25.818,209286
1782482025698,-92,-92,0.000,6.599,6.591,0.188,0.157,0.215,25.818,209319
1782482025748,-85,-85,0.000,6.599,6.591,0.157,0.157,0.247,25.731,209352
1782482025770,-82,-82,0.000,6.599,6.599,0.157,0.157,0.215,25.818,209385
1782482025820,-82,-82,0.000,6.591,6.599,0.188,0.157,0.215,25.904,209418
1782482025832,-85,-85,0.006,6.599,6.591,0.188,0.157,0.210,25.818,209451
1782482025864,-87,-87,0.000,6.599,6.599,0.188,0.157,0.231,25.818,209484
1782482025899,-92,-92,0.000,6.599,6.599,0.188,0.157,0.215,25.818,209517
1782482025959,-100,-100,0.000,6.599,6.591,0.157,0.126,0.312,25.818,209550
1782482025973,-102,-102,0.006,6.599,6.599,0.188,0.188,0.204,25.818,209583
1782482026014,-107,-107,0.000,6.607,6.599,0.188,0.157,0.220,25.818,209616
1782482026031,-110,-110,0.000,6.599,6.591,0.188,0.157,0.247,25.818,209649
1782482026074,-115,-115,0.000,6.599,6.599,0.188,0.157,0.231,25.818,209682
1782482026107,-117,-117,0.000,6.599,6.582,0.188,0.220,0.220,25.818,209715
1782482026139,-122,-122,0.000,6.582,6.574,0.220,0.220,0.210,25.818,209748
1782482026172,-127,-127,0.000,6.591,6.574,0.251,0.220,0.237,25.818,209781
1782482026205,-130,-130,0.000,6.582,6.582,0.251,0.251,0.226,25.818,209814
1782482026238,-135,-135,0.000,6.582,6.574,0.251,0.282,0.237,25.731,209847
1782482026274,-140,-140,0.000,6.574,6.557,0.345,0.377,0.220,25.731,209880
1782482026304,-142,-142,0.000,6.566,6.541,0.377,0.408,0.204,25.818,209913
1782482026337,-147,-147,0.000,6.566,6.574,0.314,0.282,0.231,25.731,209946
1782482026371,-152,-152,0.000,6.557,6.549,0.533,0.314,0.204,25.818,209979
1782482026406,-155,-155,0.000,6.557,6.541,0.439,0.377,0.215,25.818,210012
1782482026437,-160,-160,0.000,6.541,6.541,0.533,0.408,0.204,25.818,210045
1782482026472,-165,-165,0.000,6.557,6.541,0.408,0.377,0.215,25.818,210078
1782482026506,-167,-167,0.006,6.557,6.549,0.314,0.471,0.215,25.818,210111
1782482026537,-172,-172,0.000,6.557,6.549,0.377,0.377,0.210,25.818,210144
1782482026573,-177,-177,0.000,6.566,6.557,0.282,0.345,0.242,25.731,210177
1782482026607,-180,-180,0.000,6.557,6.549,0.439,0.345,0.220,25.818,210210
1782482026635,-180,-180,0.006,6.549,6.549,0.377,0.408,0.220,25.818,210243
1782482026672,-175,-175,0.000,6.557,6.549,0.377,0.314,0.215,25.818,210276
1782482026701,-172,-172,0.000,6.566,6.549,0.439,0.282,0.237,25.818,210309
1782482026755,-165,-165,0.000,6.566,6.557,0.377,0.314,0.220,25.731,210342
1782482026776,-162,-162,0.000,6.566,6.566,0.345,0.282,0.204,25.818,210375
1782482026800,-160,-160,0.000,6.574,6.566,0.251,0.282,0.226,25.818,210408
1782482026840,-155,-155,0.000,6.582,6.557,0.314,0.282,0.215,25.818,210441
1782482026865,-152,-152,0.000,6.557,6.557,0.314,0.282,0.339,25.731,210474
1782482026899,-147,-147,0.000,6.574,6.574,0.251,0.220,0.210,25.818,210507
1782482026934,-142,-142,0.000,6.582,6.574,0.220,0.188,0.215,25.818,210540
1782482026968,-137,-137,0.000,6.591,6.566,0.251,0.251,0.215,25.818,210573
1782482026997,-135,-135,0.000,6.582,6.566,0.251,0.282,0.215,25.818,210606
1782482027030,-130,-130,0.000,6.574,6.574,0.282,0.220,0.215,25.818,210639
1782482027092,-132,-132,0.000,6.566,6.557,0.408,0.314,0.242,25.818,210672
1782482027126,-135,-135,0.000,6.582,6.566,0.345,0.157,0.215,25.818,210705
1782482027146,-137,-137,0.000,6.574,6.566,0.282,0.220,0.269,25.818,210738
1782482027163,-140,-140,0.000,6.566,6.549,0.377,0.345,0.242,25.818,210771
1782482027197,-145,-145,0.006,6.541,6.549,0.377,0.377,0.339,25.818,210804
1782482027229,-150,-150,0.000,6.566,6.549,0.377,0.282,0.199,25.818,210837
1782482027262,-152,-152,0.000,6.557,6.557,0.439,0.282,0.210,25.731,210870
1782482027295,-157,-157,0.000,6.566,6.549,0.377,0.345,0.220,25.818,210903
1782482027328,-160,-160,0.000,6.574,6.541,0.314,0.377,0.204,25.818,210936
1782482027361,-165,-165,0.000,6.557,6.549,0.345,0.282,0.344,25.818,210969
1782482027401,-170,-170,0.012,6.557,6.549,0.502,0.345,0.210,25.818,211002
1782482027449,-177,-177,0.000,6.557,6.557,0.345,0.377,0.242,25.731,211035
1782482027460,-177,-177,0.000,6.566,6.557,0.314,0.345,0.215,25.731,211068
1782482027494,-182,-182,0.000,6.557,6.541,0.408,0.377,0.333,25.818,211101
1782482027531,-187,-187,0.000,6.566,6.557,0.439,0.377,0.231,25.818,211134
1782482027567,-190,-190,0.000,6.557,6.557,0.345,0.220,0.301,25.818,211167
1782482027614,-197,-197,0.000,6.557,6.549,0.345,0.314,0.290,25.818,211200
1782482027660,-202,-202,0.000,6.541,6.541,0.471,0.314,0.188,25.818,211233
1782482027669,-205,-205,0.000,6.557,6.541,0.377,0.251,0.258,25.818,211266
1782482027693,-207,-207,0.000,6.549,6.524,0.439,0.439,0.237,25.818,211299
1782482027730,-212,-212,0.006,6.549,6.533,0.628,0.314,0.301,25.818,211332
1782482027760,-215,-215,0.000,6.541,6.533,0.439,0.533,0.355,25.818,211365
1782482027817,-222,-222,0.000,6.533,6.524,0.565,0.471,0.263,25.731,211398
1782482027826,-222,-222,0.000,6.524,6.508,0.533,0.471,0.489,25.731,211431
1782482027860,-227,-227,0.000,6.541,6.524,0.502,0.439,0.210,25.904,211464
1782482027893,-232,-232,0.000,6.533,6.533,0.628,0.439,0.220,25.818,211497
1782482027926,-230,-230,0.000,6.516,6.491,0.784,0.565,0.237,25.818,211530
1782482027960,-225,-225,0.000,6.524,6.508,0.628,0.471,0.285,25.818,211563
1782482027992,-220,-220,0.000,6.533,6.516,0.628,0.471,0.231,25.818,211596
1782482028027,-217,-217,0.000,6.533,6.524,0.439,0.471,0.215,25.818,211629
1782482028061,-212,-212,0.000,6.541,6.524,0.565,0.533,0.237,25.818,211662
1782482028093,-207,-207,0.000,6.541,6.533,0.408,0.439,0.280,25.818,211695
1782482028126,-205,-205,0.000,6.541,6.533,0.502,0.471,0.231,25.818,211728
1782482028169,-200,-200,0.000,6.541,6.533,0.408,0.439,0.220,25.818,211761
1782482028192,-195,-195,0.000,6.541,6.524,0.377,0.408,0.468,25.818,211794
1782482028225,-192,-192,0.000,6.541,6.541,0.345,0.345,0.237,25.818,211827
1782482028259,-187,-187,0.006,6.541,6.533,0.377,0.377,0.323,25.818,211860
1782482028298,-182,-182,0.000,6.549,6.541,0.377,0.408,0.247,25.818,211893
1782482028326,-180,-180,0.000,6.557,6.557,0.314,0.282,0.226,25.731,211926
1782482028360,-175,-175,0.006,6.557,6.549,0.345,0.251,0.231,25.818,211959
1782482028399,-170,-170,0.000,6.557,6.549,0.408,0.314,0.210,25.818,211992
1782482028427,-167,-167,0.000,6.566,6.557,0.251,0.282,0.258,25.818,212025
1782482028459,-162,-162,0.000,6.566,6.557,0.251,0.377,0.231,25.818,212058
1782482028493,-157,-157,0.000,6.574,6.566,0.251,0.220,0.226,25.818,212091
1782482028525,-155,-155,0.000,6.566,6.574,0.251,0.251,0.220,25.818,212124
1782482028560,-150,-150,0.000,6.574,6.566,0.314,0.251,0.237,25.818,212157
1782482028591,-145,-145,0.000,6.574,6.566,0.220,0.220,0.231,25.818,212190
1782482028625,-142,-142,0.000,6.582,6.574,0.188,0.220,0.220,25.818,212223
1782482028664,-137,-137,0.000,6.574,6.566,0.251,0.220,0.226,25.818,212256
1782482028707,-132,-132,0.000,6.566,6.557,0.314,0.188,0.317,25.731,212289
1782482028755,-125,-125,0.000,6.566,6.566,0.314,0.282,0.215,25.818,212322
1782482028798,-120,-120,0.000,6.557,6.549,0.377,0.282,0.215,25.818,212355
1782482028799,-120,-120,0.000,6.574,6.557,0.345,0.220,0.215,25.818,212388
1782482028826,-117,-117,0.000,6.574,6.557,0.282,0.282,0.301,25.818,212421
1782482028862,-112,-112,0.006,6.566,6.549,0.251,0.282,0.323,25.818,212454
1782482028891,-107,-107,0.000,6.582,6.566,0.251,0.251,0.247,25.818,212487
1782482028926,-105,-105,0.000,6.574,6.566,0.251,0.157,0.317,25.818,212520
1782482028959,-100,-100,0.000,6.574,6.566,0.251,0.220,0.242,25.818,212553
1782482028993,-95,-95,0.000,6.591,6.574,0.188,0.220,0.242,25.818,212586
1782482029056,-87,-87,0.006,6.591,6.582,0.188,0.157,0.210,25.818,212619
1782482029093,-82,-82,0.000,6.591,6.582,0.188,0.188,0.220,25.818,212652
1782482029104,-82,-82,0.000,6.607,6.599,0.188,0.188,0.210,25.904,212685
1782482029123,-80,-80,0.000,6.591,6.582,0.188,0.188,0.280,25.731,212718
1782482029157,-75,-75,0.000,6.591,6.599,0.188,0.126,0.231,25.818,212751
1782482029190,-72,-72,0.000,6.599,6.582,0.220,0.157,0.210,25.818,212784
1782482029235,-65,-65,0.006,6.599,6.591,0.188,0.188,0.210,25.818,212817
1782482029270,-62,-62,0.006,6.591,6.591,0.188,0.157,0.220,25.818,212850
1782482029303,-57,-57,0.000,6.599,6.599,0.157,0.157,0.204,25.818,212883
1782482029323,-55,-55,0.000,6.591,6.591,0.188,0.157,0.349,25.731,212916
1782482029359,-50,-50,0.000,6.599,6.591,0.188,0.188,0.220,25.731,212949
1782482029392,-45,-45,0.000,6.599,6.591,0.188,0.126,0.237,25.818,212982
1782482029436,-40,-40,0.006,6.591,6.591,0.188,0.188,0.231,25.818,213015
1782482029475,-35,-35,0.006,6.599,6.591,0.188,0.126,0.204,25.818,213048
1782482029494,-32,-32,0.000,6.591,6.582,0.188,0.157,0.339,25.818,213081
1782482029523,-30,-30,0.000,6.599,6.591,0.188,0.220,0.226,25.818,213114
1782482029556,-25,-25,0.006,6.591,6.599,0.188,0.157,0.210,25.818,213147
1782482029589,-22,-22,0.000,6.591,6.582,0.220,0.188,0.355,25.818,213180
1782482029625,-17,-17,0.000,6.599,6.582,0.188,0.157,0.263,25.818,213213
1782482029655,-12,-12,0.000,6.599,6.591,0.188,0.157,0.242,25.818,213246
1782482029689,-10,-10,0.000,6.599,6.599,0.188,0.157,0.220,25.818,213279
1782482029724,-5,-5,0.000,6.599,6.599,0.188,0.157,0.215,25.904,213312
1782482029756,0,0,0.006,6.607,6.591,0.188,0.126,0.215,25.818,213345
1782482029789,0,0,0.000,6.599,6.599,0.188,0.157,0.226,25.818,213378
1782482029822,0,0,0.000,6.599,6.591,0.188,0.126,0.220,25.818,213411
1782482029855,0,0,0.006,6.591,6.591,0.188,0.157,0.355,25.818,213444
1782482029888,0,0,0.000,6.599,6.591,0.188,0.220,0.231,25.818,213477
1782482029923,0,0,0.006,6.599,6.599,0.157,0.157,0.210,25.818,213510
1782482029960,0,0,0.000,6.591,6.607,0.188,0.157,0.220,25.818,213543
1782482029990,0,0,0.000,6.599,6.591,0.220,0.188,0.215,25.818,213576
1782482030024,0,0,0.006,6.599,6.591,0.188,0.157,0.226,25.818,213609
1782482030063,0,0,0.000,6.607,6.599,0.188,0.157,0.210,25.818,213642
1782482030093,0,0,0.000,6.599,6.591,0.188,0.126,0.237,25.818,213675
1782482030126,0,0,0.000,6.591,6.591,0.188,0.157,0.220,25.818,213708
1782482030154,0,0,0.006,6.599,6.591,0.157,0.188,0.215,25.818,213741
1782482030192,0,0,0.000,6.599,6.599,0.188,0.157,0.237,25.818,213774
1782482030222,0,0,0.006,6.591,6.607,0.188,0.157,0.231,25.818,213807
1782482030254,0,0,0.006,6.582,6.582,0.188,0.157,0.328,25.818,213840
1782482030295,0,0,0.000,6.599,6.591,0.188,0.157,0.226,25.818,213873
1782482030321,0,0,0.000,6.599,6.599,0.188,0.188,0.258,25.818,213906
1782482030363,0,0,0.000,6.607,6.591,0.220,0.157,0.242,25.818,213939
1782482030387,0,0,0.000,6.599,6.599,0.188,0.157,0.210,25.818,213972
1782482030431,0,0,0.006,6.591,6.607,0.188,0.157,0.210,25.818,214005
1782482030465,0,0,0.000,6.599,6.599,0.188,0.188,0.242,25.818,214038
1782482030499,0,0,0.000,6.591,6.599,0.157,0.188,0.215,25.818,214071
1782482030530,0,0,0.000,6.599,6.599,0.188,0.157,0.215,25.818,214104
1782482030561,0,0,0.012,6.599,6.591,0.188,0.157,0.204,25.818,214137
1782482030598,0,0,0.000,6.607,6.599,0.126,0.188,0.220,25.818,214170
1782482030628,0,0,0.000,6.607,6.591,0.188,0.157,0.204,25.818,214203
1782482030662,0,0,0.006,6.599,6.599,0.188,0.157,0.247,25.818,214236
1782482030694,0,0,0.000,6.599,6.591,0.157,0.188,0.220,25.818,214269
1782482030727,0,0,0.000,6.599,6.599,0.188,0.126,0.204,25.818,214302
1782482030763,0,0,0.000,6.591,6.599,0.188,0.157,0.220,25.818,214335
1782482030793,0,0,0.000,6.599,6.599,0.188,0.157,0.333,25.818,214368
1782482030826,0,0,0.000,6.599,6.599,0.188,0.157,0.210,25.818,214401
1782482030876,0,0,0.000,6.599,6.591,0.220,0.157,0.220,25.818,214434
1782482030913,0,0,0.000,6.599,6.599,0.188,0.157,0.220,25.818,214467
1782482030959,0,0,0.000,6.599,6.599,0.188,0.157,0.215,25.818,214500
1782482030962,0,0,0.000,6.599,6.599,0.220,0.126,0.210,25.731,214533
1782482030991,0,0,0.000,6.607,6.591,0.157,0.157,0.274,25.818,214566
1782482031023,0,0,0.000,6.599,6.591,0.157,0.157,0.306,25.818,214599
1782482031057,0,0,0.000,6.607,6.599,0.188,0.157,0.204,25.818,214632
1782482031090,0,0,0.000,6.599,6.599,0.188,0.188,0.220,25.818,214665
1782482031122,0,0,0.000,6.607,6.599,0.157,0.126,0.204,25.818,214698
1782482031155,0,0,0.000,6.599,6.591,0.188,0.157,0.231,25.818,214731
1782482031190,0,0,0.000,6.599,6.615,0.188,0.188,0.210,25.818,214764
1782482031221,0,0,0.000,6.607,6.607,0.188,0.157,0.215,25.904,214797
1782482031255,0,0,0.000,6.599,6.599,0.188,0.157,0.204,25.818,214830
1782482031287,0,0,0.006,6.599,6.591,0.188,0.157,0.280,25.818,214863
1782482031322,0,0,0.000,6.599,6.607,0.188,0.157,0.204,25.818,214896
1782482031353,0,0,0.000,6.599,6.607,0.220,0.157,0.226,25.818,214929
1782482031387,0,0,0.006,6.607,6.599,0.188,0.157,0.215,25.818,214962
1782482031421,0,0,0.000,6.599,6.591,0.188,0.220,0.360,25.818,214995
1782482031453,0,0,0.000,6.607,6.591,0.157,0.188,0.210,25.818,215028
1782482031486,0,0,0.000,6.599,6.591,0.188,0.157,0.360,25.818,215061
1782482031522,0,0,0.000,6.607,6.599,0.188,0.126,0.210,25.731,215094
1782482031556,0,0,0.000,6.607,6.599,0.188,0.188,0.204,25.818,215127
1782482031586,0,0,0.000,6.591,6.591,0.157,0.188,0.317,25.818,215160
1782482031626,0,0,0.000,6.607,6.607,0.188,0.157,0.215,25.818,215193
1782482031652,0,0,0.000,6.607,6.599,0.220,0.188,0.242,25.904,215226
1782482031684,0,0,0.000,6.591,6.591,0.188,0.188,0.323,25.818,215259
1782482031717,0,0,0.000,6.615,6.591,0.188,0.157,0.204,25.818,215292
1782482031762,0,0,0.000,6.599,6.591,0.188,0.220,0.290,25.818,215325
1782482031784,0,0,0.000,6.607,6.599,0.188,0.126,0.296,25.731,215358
1782482031817,0,0,0.000,6.599,6.591,0.220,0.157,0.306,25.818,215391
1782482031850,0,0,0.000,6.607,6.599,0.188,0.157,0.210,25.818,215424
1782482031883,0,0,0.000,6.599,6.591,0.188,0.126,0.382,25.731,215457
1782482031916,0,0,0.000,6.591,6.591,0.157,0.157,0.274,25.818,215490
1782482031952,0,0,0.006,6.607,6.599,0.157,0.157,0.237,25.818,215523
1782482032023,0,0,0.000,6.607,6.599,0.188,0.157,0.215,25.818,215556
1782482032026,0,0,0.000,6.607,6.599,0.188,0.126,0.280,25.818,215589
1782482032050,0,0,0.000,6.607,6.599,0.188,0.157,0.263,25.818,215622
1782482032083,0,0,0.000,6.591,6.591,0.157,0.157,0.344,25.818,215655
1782482032116,0,0,0.000,6.607,6.599,0.157,0.126,0.210,25.818,215688
1782482032149,0,0,0.000,6.599,6.591,0.188,0.126,0.269,25.818,215721
1782482032184,0,0,0.000,6.599,6.599,0.188,0.157,0.290,25.818,215754
1782482032215,0,0,0.000,6.599,6.591,0.188,0.188,0.360,25.818,215787
1782482032249,0,0,0.000,6.607,6.599,0.188,0.157,0.210,25.818,215820
1782482032308,0,0,0.000,6.607,6.607,0.188,0.157,0.210,25.818,215853
1782482032317,0,0,0.000,6.599,6.591,0.188,0.157,0.312,25.818,215886
1782482032350,0,0,0.000,6.624,6.607,0.188,0.157,0.210,25.818,215919
1782482032385,0,0,0.000,6.615,6.599,0.220,0.126,0.226,25.818,215952
1782482032415,0,0,0.006,6.607,6.599,0.188,0.157,0.215,25.818,215985
1782482032447,0,0,0.000,6.599,6.591,0.188,0.157,0.231,25.818,216018
1782482032486,0,0,0.000,6.607,6.591,0.188,0.157,0.215,25.731,216051
1782482032521,0,0,0.000,6.599,6.591,0.188,0.157,0.317,25.818,216084
1782482032559,0,0,0.000,6.607,6.599,0.157,0.157,0.210,25.818,216117
1782482032581,0,0,0.000,6.591,6.607,0.188,0.157,0.258,25.818,216150
1782482032616,0,0,0.000,6.599,6.607,0.188,0.126,0.220,25.818,216183
1782482032655,0,0,0.000,6.607,6.607,0.188,0.157,0.220,25.818,216216
1782482032682,0,0,0.000,6.599,6.591,0.157,0.157,0.242,25.818,216249
1782482032718,0,0,0.000,6.607,6.599,0.188,0.157,0.210,25.818,216282
1782482032753,0,0,0.000,6.607,6.599,0.188,0.157,0.210,25.818,216315
1782482032783,0,0,0.000,6.599,6.591,0.188,0.188,0.258,25.904,216348
1782482032814,0,0,0.000,6.615,6.591,0.188,0.126,0.242,25.731,216381
1782482032848,0,0,0.000,6.591,6.599,0.220,0.157,0.312,25.818,216414
1782482032880,0,0,0.006,6.607,6.591,0.157,0.188,0.210,25.818,216447
1782482032916,0,0,0.000,6.607,6.599,0.188,0.157,0.215,25.818,216480
1782482032958,0,0,0.000,6.624,6.599,0.188,0.157,0.258,25.818,216513
1782482032980,0,0,0.000,6.607,6.591,0.157,0.157,0.210,25.818,216546
1782482033015,0,0,0.000,6.607,6.599,0.188,0.157,0.237,25.818,216579
1782482033059,0,0,0.000,6.607,6.599,0.157,0.157,0.204,25.904,216612
1782482033082,0,0,0.000,6.599,6.591,0.188,0.126,0.215,25.818,216645
1782482033115,0,0,0.006,6.607,6.591,0.188,0.157,0.210,25.818,216678
1782482033147,0,0,0.000,6.607,6.607,0.188,0.157,0.199,25.818,216711
1782482033181,0,0,0.006,6.591,6.599,0.188,0.126,0.204,25.818,216744
1782482033230,0,0,0.000,6.607,6.591,0.188,0.157,0.215,25.818,216777
1782482033249,0,0,0.000,6.599,6.591,0.188,0.157,0.312,25.818,216810
1782482033279,0,0,0.000,6.607,6.615,0.188,0.126,0.220,25.818,216843
1782482033313,0,0,0.000,6.607,6.599,0.188,0.188,0.220,25.731,216876
1782482033362,0,0,0.000,6.607,6.607,0.188,0.157,0.226,25.818,216909
1782482033391,0,0,0.006,6.607,6.599,0.188,0.157,0.204,25.818,216942
1782482033414,0,0,0.000,6.599,6.591,0.188,0.157,0.312,25.731,216975
1782482033447,0,0,0.000,6.591,6.591,0.188,0.157,0.317,25.818,217008
1782482033479,0,0,0.000,6.607,6.599,0.188,0.157,0.226,25.818,217041
1782482033512,0,0,0.000,6.607,6.591,0.157,0.188,0.312,25.731,217074
1782482033546,0,0,0.006,6.607,6.599,0.188,0.126,0.247,25.818,217107
1782482033581,0,0,0.000,6.607,6.599,0.157,0.220,0.247,25.818,217140
1782482033613,0,0,0.000,6.607,6.599,0.188,0.157,0.210,25.818,217173
1782482033651,0,0,0.000,6.607,6.599,0.188,0.157,0.210,25.818,217206
1782482033683,0,0,0.000,6.599,6.591,0.157,0.126,0.317,25.818,217239
1782482033715,0,0,0.000,6.599,6.607,0.188,0.157,0.247,25.818,217272
1782482033745,0,0,0.006,6.599,6.599,0.157,0.157,0.237,25.731,217305
1782482033779,0,0,0.000,6.599,6.607,0.188,0.157,0.215,25.818,217338
1782482033812,0,0,0.000,6.607,6.599,0.188,0.157,0.226,25.731,217371
1782482033844,0,0,0.000,6.599,6.599,0.188,0.157,0.226,25.731,217404
1782482033885,0,0,0.000,6.599,6.607,0.188,0.157,0.290,25.818,217437
1782482033918,0,0,0.006,6.599,6.607,0.188,0.157,0.237,25.731,217470
1782482033954,0,0,0.000,6.607,6.599,0.188,0.157,0.215,25.818,217503
1782482033982,0,0,0.000,6.591,6.599,0.188,0.126,0.220,25.818,217536
1782482034015,0,0,0.000,6.591,6.599,0.188,0.157,0.215,25.818,217569
1782482034045,0,0,0.000,6.599,6.591,0.188,0.188,0.349,25.818,217602
1782482034083,0,0,0.000,6.607,6.599,0.157,0.157,0.210,25.818,217635
1782482034110,0,0,0.000,6.599,6.574,0.157,0.126,0.366,25.818,217668
1782482034147,0,0,0.000,6.607,6.607,0.188,0.157,0.210,25.818,217701
1782482034193,0,0,0.000,6.599,6.582,0.157,0.188,0.457,25.818,217734
1782482034224,0,0,0.000,6.607,6.599,0.188,0.188,0.215,25.818,217767
1782482034245,0,0,0.000,6.607,6.591,0.188,0.157,0.210,25.818,217800
1782482034277,0,0,0.000,6.599,6.599,0.188,0.157,0.237,25.818,217833
1782482034310,0,0,0.000,6.599,6.607,0.188,0.157,0.220,25.818,217866
1782482034344,0,0,0.000,6.607,6.599,0.157,0.126,0.237,25.818,217899
1782482034377,0,0,0.000,6.607,6.599,0.126,0.188,0.220,25.818,217932
1782482034410,0,0,0.000,6.607,6.599,0.188,0.157,0.226,25.731,217965
1782482034443,0,0,0.000,6.599,6.607,0.188,0.157,0.220,25.818,217998
1782482034478,0,0,0.000,6.607,6.599,0.220,0.188,0.247,25.818,218031
1782482034512,0,0,0.000,6.607,6.599,0.157,0.126,0.226,25.818,218064
1782482034543,0,0,0.000,6.607,6.599,0.188,0.157,0.226,25.818,218097
1782482034580,0,0,0.006,6.607,6.607,0.188,0.157,0.226,25.818,218130
1782482034610,0,0,0.000,6.615,6.607,0.126,0.157,0.210,25.818,218163
1782482034644,0,0,0.000,6.607,6.615,0.220,0.157,0.242,25.904,218196
1782482034676,0,0,0.000,6.599,6.591,0.251,0.157,0.220,25.731,218229
1782482034709,0,0,0.000,6.607,6.599,0.188,0.188,0.210,25.818,218262
1782482034742,0,0,0.000,6.599,6.599,0.188,0.188,0.242,25.818,218295
1782482034776,0,0,0.000,6.615,6.591,0.188,0.157,0.220,25.818,218328
1782482034820,0,0,0.000,6.607,6.591,0.188,0.157,0.215,25.731,218361
1782482034860,0,0,0.000,6.607,6.599,0.188,0.157,0.210,25.818,218394
1782482034886,0,0,0.006,6.607,6.599,0.188,0.157,0.210,25.818,218427
1782482034922,0,0,0.000,6.607,6.599,0.188,0.188,0.237,25.818,218460
1782482034964,0,0,0.000,6.607,6.591,0.188,0.188,0.312,25.818,218493
1782482034993,0,0,0.000,6.607,6.607,0.188,0.157,0.210,25.818,218526
1782482035017,0,0,0.000,6.599,6.599,0.188,0.157,0.306,25.731,218559
1782482035051,0,0,0.000,6.607,6.607,0.220,0.157,0.220,25.818,218592
1782482035082,0,0,0.006,6.615,6.599,0.188,0.188,0.312,25.818,218625
1782482035116,0,0,0.000,6.624,6.599,0.188,0.157,0.215,25.818,218658
1782482035148,0,0,0.000,6.607,6.607,0.188,0.157,0.237,25.818,218691
1782482035181,0,0,0.000,6.607,6.599,0.157,0.157,0.204,25.818,218724
1782482035215,0,0,0.000,6.607,6.599,0.188,0.126,0.231,25.818,218757
1782482035249,0,0,0.000,6.607,6.607,0.188,0.157,0.231,25.818,218790
1782482035281,0,0,0.006,6.607,6.599,0.157,0.126,0.215,25.731,218823
1782482035314,0,0,0.000,6.607,6.599,0.220,0.157,0.237,25.818,218856
1782482035346,0,0,0.000,6.607,6.607,0.157,0.157,0.204,25.731,218889
1782482035380,0,0,0.000,6.607,6.599,0.188,0.126,0.204,25.818,218922
1782482035419,0,0,0.000,6.607,6.599,0.188,0.220,0.210,25.818,218955
1782482035446,0,0,0.000,6.599,6.591,0.220,0.157,0.296,25.731,218988
1782482035486,0,0,0.000,6.607,6.607,0.188,0.157,0.204,25.731,219021
1782482035512,0,0,0.006,6.599,6.607,0.188,0.157,0.274,25.818,219054
1782482035547,0,0,0.000,6.599,6.599,0.188,0.157,0.204,25.731,219087
1782482035597,0,0,0.000,6.607,6.599,0.188,0.157,0.215,25.731,219120
1782482035629,0,0,0.000,6.591,6.599,0.157,0.157,0.231,25.818,219153
1782482035644,0,0,0.000,6.599,6.591,0.188,0.188,0.306,25.818,219186
1782482035682,0,0,0.000,6.607,6.599,0.188,0.157,0.215,25.818,219219
1782482035709,0,0,0.000,6.591,6.591,0.220,0.157,0.452,25.731,219252
1782482035744,0,0,0.000,6.607,6.599,0.157,0.157,0.280,25.818,219285
1782482035783,0,0,0.000,6.599,6.599,0.188,0.157,0.258,25.731,219318
1782482035813,0,0,0.006,6.607,6.591,0.188,0.157,0.194,25.818,219351
1782482035844,0,0,0.000,6.607,6.599,0.188,0.157,0.215,25.818,219384
1782482035874,0,0,0.000,6.599,6.591,0.220,0.157,0.360,25.818,219417
1782482035907,0,0,0.000,6.607,6.607,0.188,0.157,0.210,25.818,219450
1782482035946,0,0,0.000,6.599,6.599,0.188,0.188,0.204,25.818,219483
1782482035973,0,0,0.000,6.599,6.591,0.220,0.157,0.306,25.818,219516
1782482036007,0,0,0.006,6.607,6.599,0.188,0.157,0.199,25.818,219549
1782482036041,0,0,0.000,6.607,6.607,0.157,0.157,0.194,25.818,219582
1782482036074,0,0,0.000,6.624,6.607,0.188,0.157,0.258,25.818,219615
1782482036116,0,0,0.006,6.615,6.599,0.157,0.157,0.204,25.818,219648
1782482036139,0,0,0.000,6.607,6.615,0.188,0.157,0.263,25.818,219681
1782482036173,0,0,0.000,6.615,6.607,0.188,0.126,0.242,25.818,219714
1782482036210,0,0,0.000,6.607,6.607,0.188,0.157,0.210,25.731,219747
1782482036239,0,0,0.000,6.607,6.607,0.188,0.157,0.194,25.818,219780
1782482036273,0,0,0.000,6.599,6.591,0.157,0.157,0.237,25.818,219813
1782482036306,0,0,0.000,6.607,6.599,0.157,0.157,0.263,25.818,219846
1782482036341,0,0,0.000,6.599,6.607,0.126,0.157,0.360,25.818,219879
1782482036372,0,0,0.000,6.607,6.599,0.188,0.157,0.242,25.818,219912
1782482036405,0,0,0.000,6.615,6.607,0.188,0.157,0.274,25.818,219945
1782482036441,0,0,0.000,6.607,6.599,0.188,0.188,0.204,25.818,219978
1782482036475,0,0,0.000,6.607,6.599,0.157,0.188,0.290,25.818,220011
1782482036505,0,0,0.000,6.607,6.591,0.188,0.157,0.220,25.731,220044
1782482036542,0,0,0.006,6.607,6.599,0.188,0.157,0.204,25.818,220077
1782482036572,0,0,0.000,6.624,6.591,0.188,0.188,0.194,25.818,220110
1782482036609,0,0,0.000,6.599,6.599,0.220,0.188,0.306,25.818,220143
1782482036646,0,0,0.000,6.591,6.591,0.220,0.188,0.366,25.818,220176
1782482036672,0,0,0.000,6.615,6.599,0.188,0.220,0.210,25.731,220209
1782482036707,0,0,0.000,6.607,6.607,0.157,0.157,0.215,25.818,220242
1782482036745,0,0,0.000,6.607,6.591,0.188,0.126,0.237,25.818,220275
1782482036771,0,0,0.000,6.607,6.599,0.188,0.188,0.242,25.818,220308
1782482036804,0,0,0.000,6.591,6.591,0.188,0.157,0.349,25.818,220341
1782482036838,0,0,0.006,6.607,6.607,0.188,0.188,0.210,25.818,220374
1782482036872,0,0,0.000,6.615,6.607,0.157,0.157,0.204,25.818,220407
1782482036929,0,0,0.000,6.599,6.591,0.188,0.157,0.317,25.818,220440
1782482036940,0,0,0.000,6.615,6.591,0.188,0.157,0.199,25.818,220473
1782482036971,0,0,0.000,6.607,6.607,0.188,0.157,0.204,25.818,220506
1782482037006,0,0,0.000,6.607,6.615,0.188,0.157,0.199,25.731,220539
1782482037039,0,0,0.000,6.615,6.599,0.126,0.157,0.237,25.818,220572
1782482037072,0,0,0.000,6.615,6.615,0.220,0.126,0.204,25.818,220605
1782482037103,0,0,0.000,6.607,6.599,0.157,0.157,0.215,25.818,220638
1782482037138,0,0,0.000,6.607,6.599,0.188,0.157,0.204,25.731,220671
1782482037170,0,0,0.000,6.615,6.607,0.157,0.157,0.204,25.818,220704
1782482037206,0,0,0.000,6.599,6.591,0.188,0.157,0.237,25.731,220737
1782482037241,0,0,0.000,6.607,6.607,0.157,0.157,0.210,25.818,220770
1782482037282,0,0,0.000,6.607,6.599,0.188,0.188,0.210,25.818,220803
1782482037303,0,0,0.000,6.599,6.599,0.126,0.188,0.258,25.731,220836
1782482037337,0,0,0.000,6.607,6.599,0.188,0.188,0.204,25.818,220869
1782482037370,0,0,0.000,6.607,6.607,0.188,0.157,0.204,25.818,220902
1782482037407,0,0,0.000,6.599,6.599,0.188,0.157,0.306,25.818,220935
1782482037449,0,0,0.000,6.607,6.607,0.126,0.220,0.226,25.818,220968
1782482037481,0,0,0.000,6.599,6.599,0.157,0.126,0.333,25.818,221001
1782482037503,0,0,0.000,6.607,6.607,0.126,0.157,0.210,25.818,221034
1782482037536,0,0,0.000,6.591,6.599,0.188,0.188,0.194,25.731,221067
1782482037570,0,0,0.000,6.607,6.599,0.251,0.126,0.237,25.731,221100
1782482037603,0,0,0.000,6.607,6.607,0.188,0.157,0.226,25.818,221133
1782482037636,0,0,0.000,6.607,6.607,0.157,0.157,0.242,25.818,221166
1782482037669,0,0,0.000,6.599,6.607,0.126,0.188,0.231,25.818,221199
1782482037703,0,0,0.000,6.599,6.599,0.157,0.157,0.204,25.818,221232
1782482037736,0,0,0.000,6.607,6.607,0.188,0.157,0.210,25.818,221265
1782482037771,0,0,0.000,6.607,6.607,0.188,0.157,0.210,25.818,221298
1782482037803,0,0,0.000,6.607,6.599,0.188,0.157,0.215,25.818,221331
