t_unix_ms,l,r,v_cell_1,v_bat,v_q,i_esc_1,i_esc_2,i_sys,temp_c,uptime_ms
1780142397652,0,0,3.316,6.673,6.665,0.188,0.157,0.011,22.571,340593
1780142397685,0,0,3.316,6.673,6.673,0.188,0.157,0.011,22.571,340626
1780142397721,0,0,3.316,6.673,6.673,0.188,0.157,0.016,22.571,340659
1780142397751,0,0,3.310,6.673,6.665,0.188,0.157,0.011,22.571,340692
1780142397785,0,0,3.316,6.673,6.665,0.188,0.157,0.011,22.571,340725
1780142397818,0,0,3.310,6.673,6.665,0.188,0.157,0.011,22.571,340758
1780142397851,0,0,3.316,6.673,6.665,0.188,0.157,0.011,22.571,340791
1780142397884,0,0,3.310,6.673,6.673,0.188,0.157,0.011,22.571,340824
1780142397918,0,0,3.316,6.673,6.673,0.188,0.157,0.011,22.571,340857
1780142397952,0,0,3.310,6.673,6.665,0.157,0.157,0.011,22.571,340890
1780142397996,0,0,3.316,6.673,6.665,0.188,0.157,0.011,22.571,340923
1780142398028,0,0,3.316,6.673,6.673,0.188,0.157,0.011,22.571,340956
1780142398060,0,0,3.316,6.673,6.665,0.188,0.157,0.011,22.571,340989
1780142398094,0,0,3.316,6.673,6.673,0.188,0.157,0.011,22.571,341022
1780142398140,0,0,3.310,6.673,6.673,0.188,0.157,0.016,22.571,341055
1780142398158,0,0,3.316,6.673,6.673,0.188,0.157,0.011,22.571,341088
1780142398192,0,0,3.316,6.673,6.665,0.188,0.157,0.011,22.571,341121
1780142398226,0,0,3.316,6.673,6.665,0.188,0.157,0.011,22.571,341154
1780142398258,0,0,3.316,6.673,6.673,0.188,0.157,0.011,22.571,341187
1780142398291,0,0,3.310,6.673,6.673,0.188,0.157,0.011,22.571,341220
1780142398324,0,0,3.316,6.673,6.665,0.188,0.157,0.011,22.571,341253
1780142398358,0,0,3.316,6.673,6.673,0.188,0.157,0.011,22.571,341286
1780142398392,0,0,3.316,6.673,6.665,0.188,0.157,0.011,22.571,341319
1780142398422,0,0,3.316,6.673,6.673,0.188,0.157,0.011,22.571,341352
1780142398461,0,0,3.316,6.673,6.665,0.188,0.157,0.011,22.571,341385
1780142398489,0,0,3.316,6.673,6.665,0.188,0.157,0.011,22.571,341418
1780142398523,0,0,3.310,6.673,6.665,0.188,0.157,0.011,22.571,341451
1780142398558,0,0,3.316,6.673,6.673,0.188,0.157,0.011,22.571,341484
1780142398588,0,0,3.316,6.673,6.665,0.188,0.157,0.011,22.571,341517
1780142398622,0,0,3.316,6.673,6.665,0.188,0.157,0.016,22.571,341550
1780142398653,0,0,3.310,6.673,6.665,0.188,0.157,0.011,22.571,341583
1780142398690,0,0,3.316,6.673,6.665,0.188,0.157,0.011,22.571,341616
1780142398721,0,0,3.310,6.673,6.665,0.188,0.157,0.011,22.571,341649
1780142398753,0,0,3.316,6.673,6.673,0.188,0.157,0.011,22.571,341682
1780142398788,0,0,3.316,6.673,6.673,0.188,0.157,0.011,22.571,341715
1780142398821,0,0,3.316,6.673,6.665,0.188,0.157,0.011,22.571,341748
1780142398869,0,0,3.310,6.673,6.665,0.188,0.157,0.011,22.571,341781
1780142398901,0,0,3.316,6.673,6.673,0.188,0.157,0.011,22.571,341814
1780142398919,0,0,3.316,6.673,6.673,0.188,0.157,0.011,22.571,341847
1780142398954,0,0,3.316,6.673,6.673,0.188,0.157,0.011,22.571,341880
1780142398984,0,0,3.316,6.673,6.665,0.188,0.157,0.011,22.571,341913
1780142399017,0,0,3.316,6.673,6.665,0.188,0.157,0.011,22.571,341946
1780142399052,0,0,3.316,6.673,6.673,0.188,0.157,0.011,22.571,341979
1780142399084,0,0,3.316,6.673,6.673,0.188,0.157,0.011,22.571,342012
1780142399123,0,0,3.310,6.673,6.673,0.188,0.157,0.011,22.571,342045
1780142399149,0,0,3.316,6.673,6.673,0.188,0.157,0.011,22.571,342078
1780142399182,0,0,3.316,6.673,6.673,0.188,0.157,0.011,22.571,342111
1780142399215,0,0,3.316,6.673,6.673,0.188,0.157,0.011,22.571,342144
1780142399252,0,0,3.316,6.673,6.665,0.188,0.157,0.011,22.571,342177
1780142399281,0,0,3.316,6.673,6.673,0.188,0.157,0.011,22.571,342210
1780142399318,0,0,3.310,6.673,6.673,0.188,0.157,0.011,22.571,342243
1780142399348,0,0,3.316,6.673,6.673,0.188,0.157,0.011,22.571,342276
1780142399384,0,0,3.316,6.673,6.673,0.188,0.157,0.011,22.571,342309
1780142399415,0,0,3.316,6.673,6.673,0.188,0.157,0.016,22.571,342342
1780142399448,0,0,3.310,6.673,6.673,0.188,0.157,0.011,22.571,342375
1780142399488,0,0,3.316,6.673,6.665,0.188,0.157,0.011,22.571,342408
1780142399515,0,0,3.310,6.673,6.665,0.188,0.157,0.011,22.571,342441
1780142399548,0,0,3.316,6.673,6.673,0.157,0.157,0.011,22.571,342474
1780142399580,0,0,3.310,6.673,6.673,0.188,0.157,0.011,22.571,342507
1780142399623,0,0,3.316,6.673,6.673,0.157,0.157,0.011,22.571,342540
1780142399647,0,0,3.316,6.673,6.665,0.188,0.157,0.011,22.571,342573
1780142399699,0,0,3.316,6.673,6.673,0.188,0.157,0.011,22.571,342606
1780142399721,0,0,3.316,6.673,6.673,0.188,0.157,0.011,22.571,342639
1780142399757,0,0,3.316,6.673,6.673,0.188,0.157,0.011,22.571,342672
1780142399785,0,0,3.316,6.673,6.673,0.188,0.157,0.011,22.571,342705
1780142399814,0,0,3.310,6.673,6.673,0.188,0.157,0.016,22.571,342738
1780142399847,0,0,3.310,6.673,6.673,0.188,0.157,0.011,22.571,342771
1780142399879,0,0,3.316,6.673,6.673,0.188,0.157,0.011,22.571,342804
1780142399916,0,0,3.316,6.673,6.673,0.188,0.157,0.011,22.571,342837
1780142399946,0,0,3.310,6.673,6.665,0.188,0.157,0.016,22.571,342870
1780142399987,0,0,3.316,6.673,6.673,0.157,0.157,0.011,22.571,342903
1780142400013,0,0,3.316,6.673,6.673,0.188,0.157,0.011,22.571,342936
1780142400047,0,0,3.316,6.673,6.673,0.188,0.157,0.011,22.571,342969
1780142400085,0,0,3.316,6.673,6.665,0.188,0.157,0.011,22.571,343002
1780142400114,0,0,3.316,6.673,6.673,0.188,0.188,0.011,22.571,343035
1780142400146,0,0,3.316,6.673,6.665,0.188,0.157,0.011,22.571,343068
1780142400186,0,0,3.316,6.673,6.673,0.188,0.157,0.011,22.571,343101
1780142400212,0,0,3.316,6.673,6.673,0.188,0.157,0.011,22.571,343134
1780142400251,0,0,3.316,6.673,6.665,0.188,0.157,0.011,22.571,343167
1780142400281,0,0,3.316,6.673,6.673,0.188,0.157,0.011,22.571,343200
1780142400312,0,0,3.316,6.673,6.673,0.188,0.157,0.011,22.571,343233
1780142400346,0,0,3.316,6.673,6.673,0.188,0.157,0.011,22.571,343266
1780142400385,0,0,3.316,6.673,6.665,0.188,0.157,0.011,22.571,343299
1780142400414,0,0,3.310,6.673,6.673,0.188,0.157,0.011,22.571,343332
1780142400447,0,0,3.316,6.673,6.673,0.188,0.157,0.011,22.571,343365
1780142400478,0,0,3.316,6.673,6.665,0.188,0.157,0.011,22.571,343398
1780142400512,0,0,3.316,6.673,6.673,0.157,0.157,0.011,22.571,343431
1780142400546,0,0,3.316,6.673,6.673,0.188,0.157,0.011,22.571,343464
1780142400598,0,0,3.310,6.673,6.673,0.188,0.157,0.011,22.571,343497
1780142400612,0,0,3.316,6.673,6.673,0.188,0.157,0.011,22.571,343530
1780142400645,0,0,3.310,6.673,6.673,0.188,0.157,0.011,22.571,343563
1780142400678,0,0,3.316,6.673,6.673,0.188,0.157,0.011,22.571,343596
1780142400711,0,0,3.316,6.673,6.673,0.188,0.157,0.011,22.571,343629
1780142400751,0,0,3.310,6.673,6.665,0.188,0.157,0.011,22.571,343662
1780142400779,0,0,3.310,6.673,6.665,0.188,0.157,0.011,22.571,343695
1780142400818,0,0,3.310,6.673,6.665,0.188,0.157,0.011,22.571,343728
1780142400844,0,0,3.310,6.673,6.673,0.188,0.157,0.011,22.571,343761
1780142400877,0,0,3.316,6.673,6.673,0.188,0.157,0.011,22.571,343794
1780142400911,0,0,3.316,6.673,6.673,0.188,0.188,0.011,22.571,343827
1780142400946,0,0,3.316,6.673,6.665,0.188,0.157,0.011,22.571,343860
1780142400977,0,0,3.310,6.673,6.673,0.188,0.157,0.011,22.571,343893
1780142401010,0,0,3.310,6.673,6.665,0.188,0.157,0.011,22.571,343926
1780142401044,0,0,3.316,6.673,6.673,0.188,0.157,0.011,22.571,343959
1780142401077,0,0,3.316,6.673,6.665,0.188,0.157,0.011,22.571,343992
1780142401112,0,0,3.316,6.673,6.673,0.188,0.157,0.011,22.571,344025
1780142401143,0,0,3.316,6.673,6.665,0.188,0.157,0.011,22.571,344058
1780142401177,0,0,3.310,6.673,6.665,0.188,0.157,0.011,22.571,344091
1780142401210,0,0,3.310,6.673,6.673,0.188,0.126,0.011,22.571,344124
1780142401244,0,0,3.316,6.673,6.665,0.188,0.157,0.011,22.571,344157
1780142401283,0,0,3.316,6.673,6.673,0.188,0.157,0.011,22.571,344190
1780142401309,0,0,3.310,6.673,6.665,0.188,0.157,0.011,22.571,344223
1780142401343,0,0,3.310,6.673,6.665,0.188,0.126,0.011,22.571,344256
1780142401387,0,0,3.316,6.673,6.673,0.188,0.157,0.016,22.571,344289
1780142401411,0,0,3.316,6.673,6.673,0.157,0.157,0.011,22.571,344322
1780142401443,0,0,3.316,6.682,6.673,0.188,0.157,0.011,22.571,344355
1780142401476,0,0,3.316,6.673,6.673,0.188,0.157,0.011,22.571,344388
1780142401511,0,0,3.316,6.673,6.665,0.188,0.157,0.011,22.571,344421
1780142401542,0,0,3.310,6.673,6.673,0.188,0.157,0.011,22.571,344454
1780142401580,0,0,3.310,6.673,6.673,0.188,0.157,0.011,22.571,344487
1780142401613,0,0,3.316,6.673,6.673,0.157,0.157,0.011,22.571,344520
1780142401643,0,0,3.310,6.673,6.665,0.188,0.157,0.011,22.571,344553
1780142401677,0,0,3.316,6.673,6.673,0.188,0.157,0.011,22.571,344586
1780142401720,0,0,3.316,6.673,6.673,0.188,0.157,0.011,22.571,344619
1780142401742,0,0,3.316,6.673,6.665,0.188,0.157,0.011,22.571,344652
1780142401775,0,0,3.316,6.673,6.665,0.188,0.157,0.011,22.571,344685
1780142401808,0,0,3.316,6.673,6.673,0.188,0.157,0.011,22.571,344718
1780142401841,0,0,3.316,6.673,6.673,0.188,0.157,0.011,22.571,344751
1780142401876,0,0,3.316,6.673,6.665,0.188,0.157,0.011,22.571,344784
1780142401909,0,0,3.316,6.673,6.665,0.188,0.157,0.011,22.571,344817
1780142401943,0,0,3.310,6.673,6.665,0.188,0.157,0.011,22.571,344850
1780142401983,0,0,3.310,6.673,6.673,0.188,0.157,0.011,22.571,344883
1780142402040,0,0,3.316,6.673,6.665,0.188,0.157,0.011,22.571,344916
1780142402042,0,0,3.310,6.673,6.665,0.188,0.157,0.011,22.571,344949
1780142402076,0,0,3.310,6.673,6.665,0.157,0.157,0.016,22.571,344982
1780142402107,0,0,3.310,6.673,6.665,0.188,0.157,0.011,22.571,345015
1780142402142,0,0,3.316,6.673,6.665,0.188,0.157,0.011,22.571,345048
1780142402175,0,0,3.316,6.673,6.673,0.188,0.157,0.011,22.571,345081
1780142402218,0,0,3.316,6.673,6.665,0.188,0.157,0.011,22.571,345114
1780142402242,0,0,3.316,6.673,6.673,0.188,0.157,0.011,22.571,345147
1780142402274,0,0,3.316,6.673,6.673,0.188,0.157,0.011,22.571,345180
1780142402317,0,0,3.316,6.673,6.665,0.157,0.157,0.011,22.571,345213
1780142402351,0,0,3.316,6.673,6.665,0.188,0.157,0.011,22.571,345246
1780142402382,0,0,3.316,6.673,6.673,0.188,0.157,0.011,22.571,345279
1780142402416,0,0,3.316,6.673,6.673,0.188,0.157,0.011,22.571,345312
1780142402448,0,0,3.316,6.673,6.673,0.188,0.157,0.011,22.571,345345
1780142402482,0,0,3.310,6.673,6.665,0.188,0.157,0.011,22.571,345378
1780142402522,0,0,3.316,6.673,6.673,0.188,0.157,0.011,22.571,345411
1780142402553,0,0,3.316,6.673,6.673,0.188,0.157,0.011,22.571,345444
1780142402581,0,0,3.316,6.673,6.673,0.188,0.157,0.011,22.571,345477
1780142402621,0,0,3.316,6.673,6.673,0.188,0.157,0.011,22.571,345510
1780142402647,0,0,3.316,6.673,6.665,0.188,0.157,0.011,22.571,345543
1780142402680,0,0,3.310,6.673,6.665,0.188,0.157,0.011,22.571,345576
1780142402714,0,0,3.310,6.673,6.665,0.188,0.157,0.011,22.571,345609
1780142402746,0,0,3.316,6.673,6.665,0.188,0.157,0.011,22.571,345642
1780142402782,0,0,3.316,6.673,6.673,0.188,0.126,0.011,22.571,345675
1780142402816,0,0,3.316,6.673,6.673,0.157,0.157,0.011,22.571,345708
1780142402846,0,0,3.316,6.673,6.665,0.188,0.157,0.011,22.571,345741
1780142402885,0,0,3.310,6.673,6.673,0.188,0.157,0.011,22.571,345774
1780142402911,0,0,3.316,6.673,6.673,0.188,0.157,0.011,22.571,345807
1780142402944,0,0,3.316,6.673,6.673,0.188,0.157,0.011,22.571,345840
1780142402977,0,0,3.310,6.673,6.665,0.188,0.157,0.011,22.571,345873
1780142403012,0,0,3.310,6.673,6.673,0.188,0.157,0.011,22.571,345906
1780142403045,0,0,3.310,6.673,6.673,0.188,0.157,0.011,22.571,345939
1780142403075,0,0,3.310,6.673,6.665,0.188,0.157,0.011,22.571,345972
1780142403110,0,0,3.316,6.673,6.665,0.188,0.157,0.016,22.571,346005
1780142403142,0,0,3.316,6.673,6.665,0.188,0.157,0.011,22.571,346038
1780142403175,0,0,3.316,6.673,6.665,0.188,0.157,0.011,22.571,346071
1780142403208,0,0,3.310,6.673,6.673,0.188,0.157,0.011,22.571,346104
1780142403241,0,0,3.316,6.673,6.673,0.188,0.157,0.011,22.571,346137
1780142403273,0,0,3.316,6.673,6.673,0.188,0.157,0.011,22.571,346170
1780142403314,0,0,3.316,6.673,6.673,0.157,0.157,0.011,22.571,346203
1780142403341,0,0,3.316,6.673,6.673,0.188,0.157,0.011,22.571,346236
1780142403373,0,0,3.310,6.673,6.673,0.188,0.157,0.011,22.571,346269
1780142403406,0,0,3.310,6.673,6.673,0.188,0.157,0.011,22.571,346302
1780142403442,0,0,3.316,6.673,6.665,0.188,0.157,0.011,22.571,346335
1780142403474,0,0,3.310,6.673,6.673,0.188,0.157,0.011,22.571,346368
1780142403510,0,0,3.316,6.673,6.673,0.188,0.157,0.016,22.571,346401
1780142403538,0,0,3.316,6.673,6.673,0.188,0.157,0.011,22.571,346434
1780142403572,0,0,3.316,6.673,6.673,0.188,0.157,0.011,22.571,346467
1780142403604,0,0,3.310,6.673,6.673,0.188,0.157,0.011,22.571,346500
1780142403641,0,0,3.310,6.673,6.673,0.188,0.157,0.011,22.571,346533
1780142403671,0,0,3.310,6.673,6.673,0.188,0.157,0.011,22.571,346566
1780142403704,0,0,3.316,6.673,6.665,0.188,0.157,0.011,22.571,346599
1780142403748,0,0,3.310,6.673,6.673,0.188,0.157,0.016,22.571,346632
1780142403770,0,0,3.316,6.673,6.665,0.188,0.157,0.011,22.571,346665
1780142403803,0,0,3.310,6.673,6.665,0.188,0.157,0.016,22.571,346698
1780142403846,0,0,3.310,6.673,6.673,0.188,0.157,0.011,22.571,346731
1780142403869,0,0,3.316,6.673,6.673,0.188,0.157,0.011,22.571,346764
1780142403905,0,0,3.316,6.673,6.665,0.188,0.157,0.011,22.571,346797
1780142403936,0,0,3.316,6.673,6.665,0.188,0.157,0.011,22.571,346830
1780142403974,0,0,3.316,6.673,6.673,0.188,0.157,0.011,22.571,346863
1780142404004,0,0,3.316,6.673,6.673,0.157,0.157,0.011,22.571,346896
1780142404041,0,0,3.310,6.673,6.673,0.188,0.157,0.011,22.571,346929
1780142404070,0,0,3.316,6.673,6.673,0.188,0.157,0.011,22.571,346962
1780142404103,0,0,3.316,6.673,6.665,0.188,0.157,0.011,22.571,346995
1780142404149,0,0,3.316,6.673,6.673,0.157,0.157,0.011,22.571,347028
1780142404172,0,0,3.316,6.673,6.673,0.188,0.157,0.011,22.571,347061
1780142404204,0,0,3.310,6.673,6.673,0.188,0.157,0.016,22.571,347094
1780142404236,0,0,3.316,6.673,6.673,0.188,0.157,0.011,22.571,347127
1780142404270,0,0,3.316,6.673,6.673,0.188,0.157,0.011,22.571,347160
1780142404303,0,0,3.316,6.673,6.673,0.188,0.157,0.011,22.571,347193
1780142404336,0,0,3.310,6.673,6.673,0.188,0.157,0.016,22.571,347226
1780142404370,0,0,3.316,6.673,6.673,0.188,0.157,0.011,22.571,347259
1780142404407,0,0,3.316,6.673,6.665,0.188,0.157,0.011,22.571,347292
1780142404436,0,0,3.316,6.673,6.665,0.188,0.157,0.016,22.571,347325
1780142404468,0,0,3.316,6.673,6.673,0.188,0.157,0.011,22.571,347358
1780142404506,0,0,3.316,6.673,6.665,0.188,0.157,0.011,22.571,347391
1780142404535,0,0,3.316,6.673,6.665,0.188,0.157,0.011,22.571,347424
1780142404569,0,0,3.316,6.673,6.673,0.157,0.157,0.016,22.571,347457
1780142404625,0,0,3.310,6.673,6.673,0.188,0.157,0.011,22.571,347490
1780142404647,0,0,3.316,6.673,6.673,0.157,0.157,0.016,22.571,347523
1780142404669,0,0,3.316,6.673,6.665,0.188,0.157,0.011,22.571,347556
1780142404705,0,0,3.316,6.673,6.673,0.188,0.157,0.011,22.571,347589
1780142404735,0,0,3.316,6.673,6.673,0.188,0.157,0.011,22.571,347622
1780142404776,0,0,3.316,6.673,6.673,0.188,0.157,0.011,22.571,347655
1780142404801,0,0,3.316,6.673,6.673,0.188,0.157,0.011,22.571,347688
1780142404834,0,0,3.316,6.673,6.673,0.188,0.157,0.011,22.571,347721
1780142404868,0,0,3.316,6.673,6.673,0.188,0.126,0.011,22.571,347754
1780142404901,0,0,3.316,6.673,6.673,0.188,0.157,0.011,22.571,347787
1780142404934,0,0,3.316,6.673,6.673,0.188,0.157,0.011,22.571,347820
1780142404967,0,0,3.316,6.673,6.665,0.188,0.157,0.011,22.571,347853
1780142405000,0,0,3.316,6.673,6.673,0.188,0.157,0.011,22.571,347886
1780142405037,0,0,3.316,6.673,6.665,0.188,0.157,0.011,22.571,347919
1780142405069,0,0,3.310,6.673,6.673,0.188,0.157,0.011,22.571,347952
1780142405102,0,0,3.316,6.673,6.673,0.188,0.157,0.011,22.571,347985
1780142405135,0,0,3.316,6.673,6.665,0.188,0.157,0.011,22.571,348018
1780142405167,0,0,3.310,6.673,6.673,0.188,0.157,0.016,22.571,348051
1780142405209,0,0,3.310,6.673,6.665,0.188,0.157,0.011,22.571,348084
1780142405233,0,0,3.316,6.673,6.673,0.188,0.157,0.016,22.571,348117
1780142405267,0,0,3.310,6.673,6.665,0.188,0.157,0.011,22.571,348150
1780142405299,0,0,3.316,6.673,6.673,0.188,0.157,0.011,22.571,348183
1780142405341,0,0,3.310,6.673,6.673,0.188,0.157,0.011,22.571,348216
1780142405375,0,0,3.316,6.673,6.673,0.188,0.157,0.011,22.571,348249
1780142405410,0,0,3.316,6.673,6.673,0.188,0.157,0.011,22.571,348282
1780142405433,0,0,3.310,6.673,6.673,0.188,0.157,0.011,22.571,348315
1780142405471,0,0,3.316,6.673,6.665,0.157,0.157,0.011,22.571,348348
1780142405502,0,0,3.316,6.673,6.673,0.188,0.157,0.011,22.571,348381
1780142405533,0,0,3.316,6.673,6.673,0.188,0.157,0.011,22.571,348414
1780142405566,0,0,3.316,6.673,6.673,0.188,0.157,0.011,22.571,348447
1780142405599,0,0,3.310,6.673,6.665,0.188,0.157,0.011,22.571,348480
1780142405634,0,0,3.316,6.673,6.665,0.188,0.157,0.011,22.571,348513
1780142405665,0,0,3.316,6.673,6.673,0.188,0.157,0.011,22.571,348546
1780142405699,0,0,3.316,6.673,6.673,0.188,0.157,0.011,22.571,348579
1780142405734,0,0,3.316,6.673,6.673,0.188,0.157,0.011,22.571,348612
1780142405768,0,0,3.316,6.673,6.673,0.188,0.157,0.011,22.571,348645
1780142405798,0,0,3.310,6.673,6.673,0.188,0.157,0.011,22.571,348678
1780142405831,0,0,3.310,6.673,6.673,0.188,0.157,0.011,22.571,348711
1780142405867,0,0,3.310,6.673,6.673,0.188,0.157,0.011,22.571,348744
1780142405898,0,0,3.316,6.673,6.673,0.188,0.157,0.011,22.571,348777
1780142405932,0,0,3.316,6.673,6.673,0.188,0.157,0.011,22.571,348810
1780142405967,0,0,3.316,6.673,6.673,0.188,0.157,0.011,22.571,348843
1780142405998,0,0,3.316,6.673,6.673,0.188,0.157,0.011,22.571,348876
1780142406031,0,0,3.310,6.673,6.673,0.188,0.157,0.011,22.571,348909
1780142406064,0,0,3.310,6.673,6.665,0.188,0.157,0.011,22.571,348942
1780142406107,0,0,3.310,6.673,6.665,0.188,0.157,0.011,22.571,348975
1780142406132,0,0,3.316,6.673,6.673,0.188,0.157,0.011,22.571,349008
1780142406172,0,0,3.316,6.673,6.665,0.188,0.157,0.011,22.571,349041
1780142406197,0,0,3.316,6.673,6.665,0.188,0.157,0.011,22.571,349074
1780142406231,0,0,3.316,6.673,6.673,0.188,0.157,0.011,22.571,349107
1780142406264,0,0,3.310,6.673,6.665,0.188,0.157,0.011,22.571,349140
1780142406298,0,0,3.316,6.673,6.673,0.157,0.157,0.011,22.571,349173
1780142406331,0,0,3.310,6.673,6.673,0.188,0.157,0.016,22.571,349206
1780142406364,0,0,3.310,6.673,6.673,0.188,0.157,0.011,22.571,349239
1780142406398,0,0,3.310,6.673,6.673,0.188,0.157,0.011,22.571,349272
1780142406430,0,0,3.310,6.673,6.673,0.188,0.157,0.016,22.571,349305
1780142406464,0,0,3.310,6.673,6.673,0.188,0.157,0.011,22.571,349338
1780142406497,0,0,3.316,6.673,6.665,0.188,0.157,0.016,22.571,349371
1780142406531,0,0,3.316,6.673,6.673,0.188,0.188,0.011,22.571,349404
1780142406563,0,0,3.310,6.673,6.665,0.188,0.188,0.011,22.571,349437
1780142406598,0,0,3.316,6.673,6.673,0.157,0.157,0.011,22.571,349470
1780142406631,0,0,3.316,6.673,6.665,0.188,0.157,0.011,22.571,349503
1780142406663,0,0,3.316,6.673,6.673,0.188,0.157,0.011,22.571,349536
1780142406711,0,0,3.316,6.673,6.673,0.188,0.157,0.011,22.571,349569
1780142406732,0,0,3.316,6.673,6.665,0.188,0.157,0.011,22.571,349602
1780142406773,0,0,3.310,6.673,6.673,0.188,0.157,0.011,22.571,349635
1780142406804,0,0,3.316,6.673,6.673,0.188,0.157,0.011,22.571,349668
1780142406839,0,0,3.316,6.673,6.673,0.188,0.157,0.011,22.571,349701
1780142406871,0,0,3.316,6.673,6.665,0.188,0.157,0.011,22.571,349734
1780142406904,0,0,3.310,6.673,6.665,0.188,0.157,0.011,22.571,349767
1780142406944,0,0,3.316,6.673,6.673,0.188,0.157,0.011,22.571,349800
1780142406971,0,0,3.316,6.673,6.673,0.188,0.157,0.011,22.571,349833
1780142407002,0,0,3.316,6.673,6.673,0.157,0.157,0.011,22.571,349866
1780142407040,0,0,3.310,6.673,6.665,0.188,0.157,0.011,22.571,349899
1780142407076,0,0,3.316,6.673,6.665,0.188,0.157,0.011,22.571,349932
1780142407102,0,0,3.310,6.673,6.673,0.188,0.157,0.016,22.571,349965
1780142407141,0,0,3.316,6.673,6.665,0.188,0.126,0.011,22.571,349998
1780142407171,0,0,3.316,6.673,6.673,0.188,0.157,0.011,22.571,350031
1780142407201,0,0,3.316,6.673,6.673,0.188,0.157,0.011,22.571,350064
1780142407239,0,0,3.316,6.673,6.673,0.188,0.157,0.011,22.571,350097
1780142407267,0,0,3.316,6.673,6.673,0.188,0.157,0.011,22.571,350130
1780142407300,0,0,3.316,6.673,6.673,0.188,0.157,0.011,22.571,350163
1780142407350,0,0,3.310,6.673,6.673,0.188,0.157,0.016,22.571,350196
1780142407366,0,0,3.310,6.673,6.665,0.188,0.157,0.011,22.571,350229
1780142407399,0,0,3.316,6.673,6.665,0.188,0.157,0.011,22.571,350262
1780142407441,0,0,3.310,6.673,6.665,0.188,0.157,0.011,22.571,350295
1780142407465,0,0,3.310,6.673,6.673,0.188,0.157,0.011,22.571,350328
1780142407498,0,0,3.316,6.673,6.665,0.188,0.157,0.011,22.571,350361
1780142407531,0,0,3.316,6.673,6.665,0.188,0.157,0.011,22.571,350394
1780142407565,0,0,3.316,6.673,6.665,0.188,0.157,0.011,22.571,350427
1780142407597,0,0,3.316,6.673,6.673,0.157,0.157,0.011,22.571,350460
1780142407629,0,0,3.310,6.673,6.673,0.188,0.157,0.011,22.571,350493
1780142407663,0,0,3.316,6.673,6.673,0.188,0.157,0.011,22.571,350526
1780142407708,0,0,3.316,6.673,6.665,0.188,0.157,0.011,22.571,350559
1780142407730,0,0,3.310,6.673,6.673,0.188,0.157,0.011,22.571,350592
1780142407761,0,0,3.316,6.673,6.673,0.188,0.157,0.011,22.571,350625
1780142407795,0,0,3.316,6.673,6.673,0.188,0.157,0.011,22.571,350658
1780142407830,0,0,3.316,6.673,6.665,0.188,0.157,0.011,22.571,350691
1780142407862,0,0,3.316,6.673,6.673,0.188,0.157,0.011,22.571,350724
1780142407909,0,0,3.316,6.673,6.673,0.188,0.157,0.011,22.571,350757
1780142407929,0,0,3.316,6.673,6.673,0.188,0.157,0.011,22.571,350790
1780142407961,0,0,3.316,6.673,6.673,0.188,0.157,0.011,22.571,350823
1780142407994,0,0,3.316,6.673,6.673,0.188,0.157,0.011,22.571,350856
1780142408028,0,0,3.316,6.673,6.673,0.188,0.157,0.011,22.571,350889
1780142408063,0,0,3.316,6.673,6.665,0.188,0.157,0.011,22.571,350922
1780142408094,0,0,3.316,6.673,6.673,0.188,0.157,0.011,22.571,350955
1780142408126,0,0,3.316,6.673,6.673,0.188,0.157,0.011,22.571,350988
1780142408159,0,0,3.310,6.673,6.665,0.188,0.157,0.011,22.571,351021
1780142408192,0,0,3.316,6.673,6.673,0.188,0.157,0.011,22.571,351054
1780142408229,0,0,3.310,6.673,6.673,0.188,0.157,0.011,22.571,351087
1780142408259,0,0,3.316,6.673,6.673,0.188,0.157,0.011,22.571,351120
1780142408292,0,0,3.316,6.673,6.673,0.188,0.157,0.011,22.571,351153
1780142408329,0,0,3.310,6.673,6.673,0.157,0.157,0.011,22.571,351186
1780142408360,0,0,3.310,6.673,6.665,0.157,0.157,0.011,22.571,351219
1780142408393,0,0,3.310,6.673,6.673,0.188,0.157,0.011,22.571,351252
1780142408427,0,0,3.316,6.673,6.673,0.188,0.157,0.011,22.571,351285
1780142408458,0,0,3.316,6.673,6.673,0.188,0.157,0.016,22.571,351318
1780142408492,0,0,3.310,6.673,6.673,0.188,0.157,0.011,22.571,351351
1780142408526,0,0,3.310,6.673,6.665,0.188,0.157,0.011,22.571,351384
1780142408559,0,0,3.310,6.673,6.665,0.188,0.157,0.011,22.571,351417
1780142408591,0,0,3.316,6.673,6.665,0.188,0.157,0.011,22.571,351450
1780142408625,0,0,3.310,6.673,6.665,0.188,0.157,0.011,22.571,351483
1780142408658,0,0,3.316,6.673,6.673,0.188,0.157,0.011,22.571,351516
1780142408692,0,0,3.316,6.673,6.673,0.188,0.157,0.011,22.571,351549
1780142408730,0,0,3.316,6.673,6.673,0.188,0.157,0.011,22.571,351582
1780142408758,0,0,3.316,6.673,6.673,0.188,0.157,0.011,22.571,351615
1780142408795,0,0,3.316,6.673,6.665,0.188,0.157,0.011,22.571,351648
1780142408825,0,0,3.310,6.673,6.673,0.188,0.157,0.011,22.571,351681
1780142408857,0,0,3.316,6.673,6.673,0.188,0.157,0.011,22.571,351714
1780142408891,0,0,3.316,6.673,6.673,0.188,0.157,0.011,22.571,351747
1780142408925,0,0,3.316,6.673,6.673,0.157,0.157,0.011,22.571,351780
1780142408958,0,0,3.316,6.673,6.673,0.188,0.157,0.011,22.571,351813
1780142408991,0,0,3.316,6.673,6.673,0.188,0.157,0.011,22.571,351846
1780142409031,0,0,3.316,6.673,6.673,0.188,0.157,0.011,22.571,351879
1780142409061,0,0,3.310,6.673,6.673,0.188,0.126,0.011,22.571,351912
1780142409091,0,0,3.316,6.673,6.673,0.188,0.157,0.011,22.571,351945
1780142409126,0,0,3.310,6.673,6.673,0.188,0.157,0.011,22.571,351978
1780142409160,0,0,3.316,6.673,6.673,0.188,0.157,0.011,22.571,352011
1780142409191,0,0,3.316,6.673,6.673,0.188,0.157,0.011,22.571,352044
1780142409223,0,0,3.316,6.673,6.665,0.188,0.157,0.011,22.571,352077
1780142409256,0,0,3.316,6.673,6.673,0.188,0.157,0.011,22.571,352110
1780142409293,0,0,3.316,6.673,6.673,0.188,0.157,0.011,22.571,352143
1780142409325,0,0,3.316,6.673,6.673,0.188,0.188,0.011,22.571,352176
1780142409360,0,0,3.316,6.673,6.673,0.188,0.157,0.011,22.571,352209
1780142409389,0,0,3.316,6.673,6.673,0.188,0.157,0.011,22.571,352242
1780142409422,0,0,3.316,6.673,6.673,0.188,0.157,0.011,22.571,352275
1780142409455,0,0,3.316,6.673,6.673,0.188,0.157,0.011,22.571,352308
1780142409490,0,0,3.310,6.673,6.673,0.188,0.157,0.011,22.571,352341
1780142409529,0,0,3.316,6.673,6.673,0.188,0.157,0.011,22.571,352374
1780142409562,0,0,3.310,6.673,6.673,0.188,0.157,0.016,22.571,352407
1780142409589,0,0,3.316,6.673,6.673,0.188,0.157,0.011,22.571,352440
1780142409624,0,0,3.316,6.673,6.673,0.188,0.157,0.011,22.571,352473
1780142409655,0,0,3.316,6.673,6.673,0.188,0.157,0.016,22.571,352506
1780142409690,0,0,3.316,6.673,6.673,0.188,0.157,0.011,22.571,352539
1780142409723,0,0,3.316,6.673,6.673,0.188,0.157,0.011,22.571,352572
1780142409756,0,0,3.310,6.673,6.665,0.188,0.157,0.011,22.571,352605
1780142409789,0,0,3.310,6.673,6.673,0.188,0.157,0.016,22.571,352638
1780142409827,0,0,3.316,6.673,6.665,0.188,0.157,0.011,22.571,352671
1780142409855,0,0,3.316,6.673,6.673,0.188,0.157,0.011,22.571,352704
1780142409888,0,0,3.316,6.673,6.673,0.188,0.157,0.011,22.571,352737
1780142409921,0,0,3.316,6.673,6.665,0.188,0.157,0.011,22.571,352770
1780142409956,0,0,3.316,6.673,6.673,0.188,0.157,0.011,22.571,352803
1780142409989,0,0,3.316,6.673,6.665,0.188,0.157,0.011,22.571,352836
1780142410021,0,0,3.310,6.673,6.673,0.188,0.157,0.011,22.571,352869
1780142410054,0,0,3.316,6.673,6.673,0.188,0.157,0.016,22.571,352902
1780142410088,0,0,3.310,6.673,6.673,0.188,0.157,0.016,22.571,352935
1780142410120,0,0,3.310,6.673,6.665,0.188,0.157,0.011,22.571,352968
1780142410154,0,0,3.316,6.673,6.673,0.188,0.157,0.011,22.571,353001
1780142410188,0,0,3.316,6.673,6.673,0.188,0.157,0.011,22.571,353034
1780142410220,0,0,3.316,6.673,6.665,0.188,0.157,0.011,22.571,353067
1780142410256,0,0,3.316,6.673,6.665,0.188,0.157,0.016,22.571,353100
1780142410287,0,0,3.310,6.673,6.673,0.188,0.157,0.011,22.571,353133
1780142410324,0,0,3.316,6.673,6.665,0.188,0.157,0.011,22.571,353166
1780142410353,0,0,3.316,6.673,6.673,0.188,0.157,0.011,22.571,353199
1780142410392,0,0,3.316,6.673,6.673,0.188,0.157,0.011,22.571,353232
1780142410419,0,0,3.316,6.673,6.665,0.188,0.157,0.011,22.571,353265
1780142410455,0,0,3.316,6.673,6.673,0.188,0.157,0.011,22.571,353298
1780142410486,0,0,3.316,6.673,6.673,0.188,0.157,0.011,22.571,353331
1780142410521,0,0,3.316,6.673,6.673,0.188,0.157,0.011,22.571,353364
1780142410561,0,0,3.316,6.673,6.673,0.188,0.157,0.011,22.571,353397
1780142410586,0,0,3.316,6.673,6.665,0.188,0.157,0.011,22.571,353430
1780142410623,0,0,3.310,6.673,6.673,0.157,0.157,0.011,22.571,353463
1780142410652,0,0,3.316,6.673,6.673,0.188,0.157,0.011,22.571,353496
1780142410687,0,0,3.316,6.673,6.673,0.188,0.157,0.011,22.571,353529
1780142410728,0,0,3.316,6.673,6.673,0.188,0.157,0.011,22.571,353562
1780142410753,0,0,3.310,6.673,6.665,0.188,0.157,0.011,22.571,353595
1780142410788,0,0,3.316,6.673,6.673,0.188,0.157,0.011,22.571,353628
1780142410819,0,0,3.316,6.673,6.673,0.188,0.157,0.011,22.571,353661
1780142410852,0,0,3.316,6.673,6.673,0.188,0.157,0.011,22.571,353694
1780142410894,0,0,3.316,6.673,6.673,0.188,0.157,0.016,22.571,353727
1780142410919,0,0,3.316,6.673,6.673,0.188,0.157,0.011,22.571,353760
1780142410952,0,0,3.310,6.673,6.673,0.188,0.157,0.011,22.571,353793
1780142410997,0,0,3.316,6.673,6.673,0.157,0.157,0.011,22.571,353826
1780142411018,0,0,3.316,6.673,6.673,0.188,0.157,0.011,22.571,353859
1780142411052,0,0,3.310,6.673,6.673,0.188,0.157,0.016,22.571,353892
1780142411085,5,5,3.310,6.673,6.673,0.188,0.157,0.011,22.571,353925
1780142411128,10,10,3.316,6.673,6.673,0.188,0.157,0.011,22.571,353958
1780142411162,15,15,3.316,6.673,6.673,0.188,0.157,0.016,22.571,353991
1780142411206,20,20,3.316,6.673,6.673,0.188,0.157,0.011,22.571,354024
1780142411227,22,22,3.310,6.673,6.673,0.188,0.157,0.011,22.571,354057
1780142411261,27,27,3.316,6.673,6.665,0.188,0.157,0.011,22.571,354090
1780142411292,30,30,3.316,6.673,6.673,0.188,0.157,0.011,22.571,354123
1780142411327,35,35,3.316,6.673,6.673,0.188,0.157,0.011,22.571,354156
1780142411359,40,40,3.310,6.673,6.665,0.188,0.157,0.011,22.571,354189
1780142411393,42,42,3.316,6.673,6.665,0.188,0.157,0.011,22.571,354222
1780142411425,47,47,3.316,6.673,6.673,0.157,0.157,0.011,22.571,354255
1780142411462,52,52,3.316,6.673,6.673,0.188,0.157,0.011,22.571,354288
1780142411491,55,55,3.316,6.673,6.665,0.188,0.157,0.011,22.571,354321
1780142411524,60,60,3.316,6.673,6.673,0.188,0.157,0.011,22.571,354354
1780142411565,65,65,3.316,6.673,6.665,0.188,0.157,0.011,22.571,354387
1780142411591,67,67,3.316,6.673,6.665,0.188,0.157,0.011,22.571,354420
1780142411624,72,72,3.310,6.673,6.673,0.188,0.157,0.011,22.571,354453
1780142411657,77,77,3.316,6.673,6.673,0.188,0.157,0.011,22.571,354486
1780142411689,80,80,3.316,6.673,6.673,0.157,0.157,0.011,22.571,354519
1780142411724,85,85,3.310,6.673,6.673,0.188,0.157,0.016,22.571,354552
1780142411755,90,90,3.310,6.673,6.665,0.188,0.188,0.011,22.571,354585
1780142411788,92,92,3.316,6.673,6.673,0.188,0.157,0.016,22.571,354618
1780142411821,97,97,3.316,6.673,6.665,0.188,0.157,0.011,22.571,354651
1780142411854,102,102,3.316,6.673,6.673,0.188,0.157,0.011,22.571,354684
1780142411887,105,105,3.310,6.665,6.665,0.188,0.251,0.011,22.571,354717
1780142411921,110,110,3.304,6.657,6.648,0.251,0.220,0.011,22.571,354750
1780142411963,115,115,3.304,6.657,6.657,0.251,0.220,0.011,22.571,354783
1780142411986,117,117,3.310,6.665,6.657,0.188,0.188,0.011,22.571,354816
1780142412019,122,122,3.310,6.665,6.665,0.188,0.188,0.011,22.571,354849
1780142412052,125,125,3.310,6.665,6.665,0.188,0.220,0.011,22.571,354882
1780142412093,130,130,3.310,6.665,6.657,0.188,0.188,0.011,22.571,354915
1780142412117,135,135,3.310,6.665,6.657,0.188,0.220,0.011,22.571,354948
1780142412151,137,137,3.310,6.665,6.657,0.220,0.220,0.011,22.571,354981
1780142412184,142,142,3.310,6.665,6.657,0.220,0.188,0.011,22.571,355014
1780142412217,147,147,3.310,6.657,6.657,0.220,0.220,0.011,22.571,355047
1780142412252,150,150,3.310,6.657,6.657,0.220,0.220,0.011,22.571,355080
1780142412284,155,155,3.310,6.657,6.657,0.220,0.220,0.011,22.571,355113
1780142412319,160,160,3.310,6.657,6.657,0.220,0.220,0.011,22.571,355146
1780142412349,162,162,3.310,6.657,6.657,0.220,0.220,0.011,22.571,355179
1780142412383,167,167,3.310,6.657,6.648,0.220,0.251,0.011,22.571,355212
1780142412416,170,170,3.310,6.657,6.657,0.220,0.188,0.011,22.571,355245
1780142412448,175,175,3.304,6.657,6.648,0.220,0.282,0.011,22.571,355278
1780142412481,180,180,3.304,6.657,6.648,0.251,0.251,0.016,22.571,355311
1780142412515,182,182,3.304,6.648,6.648,0.251,0.314,0.011,22.571,355344
1780142412548,187,187,3.297,6.648,6.640,0.282,0.251,0.011,22.571,355377
1780142412581,192,192,3.297,6.648,6.640,0.282,0.314,0.016,22.571,355410
1780142412617,195,195,3.297,6.648,6.632,0.251,0.345,0.011,22.571,355443
1780142412648,200,200,3.297,6.640,6.640,0.314,0.314,0.011,22.571,355476
1780142412682,205,205,3.297,6.640,6.632,0.314,0.282,0.011,22.571,355509
1780142412715,207,207,3.297,6.640,6.640,0.282,0.282,0.011,22.571,355542
1780142412747,212,212,3.297,6.640,6.640,0.314,0.314,0.011,22.571,355575
1780142412782,217,217,3.297,6.640,6.624,0.439,0.314,0.011,22.571,355608
1780142412820,222,222,3.297,6.632,6.624,0.314,0.314,0.011,22.571,355641
1780142412847,225,225,3.297,6.632,6.624,0.345,0.408,0.011,22.571,355674
1780142412881,230,230,3.285,6.624,6.615,0.439,0.502,0.016,22.571,355707
1780142412914,232,232,3.291,6.632,6.624,0.345,0.345,0.016,22.571,355740
1780142412947,237,237,3.291,6.624,6.615,0.471,0.377,0.011,22.571,355773
1780142412980,242,242,3.285,6.615,6.607,0.533,0.502,0.011,22.571,355806
1780142413023,247,247,3.291,6.615,6.607,0.471,0.502,0.016,22.571,355839
1780142413046,250,250,3.285,6.615,6.607,0.502,0.502,0.011,22.571,355872
1780142413088,255,255,3.291,6.615,6.607,0.533,0.408,0.016,22.571,355905
1780142413112,257,257,3.285,6.607,6.599,0.471,0.628,0.011,22.571,355938
1780142413146,262,262,3.285,6.607,6.599,0.439,0.533,0.016,22.571,355971
1780142413183,267,267,3.285,6.599,6.599,0.502,0.533,0.011,22.571,356004
1780142413212,270,270,3.285,6.607,6.591,0.565,0.533,0.011,22.571,356037
1780142413246,275,275,3.279,6.607,6.599,0.565,0.502,0.011,22.571,356070
1780142413280,280,280,3.279,6.599,6.591,0.628,0.596,0.011,22.571,356103
1780142413315,277,277,3.279,6.599,6.591,0.471,0.533,0.016,22.571,356136
1780142413347,272,272,3.279,6.599,6.582,0.565,0.565,0.011,22.571,356169
1780142413382,267,267,3.279,6.607,6.599,0.533,0.533,0.011,22.571,356202
1780142413412,265,265,3.285,6.599,6.591,0.471,0.628,0.011,22.571,356235
1780142413445,260,260,3.285,6.607,6.599,0.439,0.439,0.011,22.571,356268
1780142413478,255,255,3.285,6.607,6.607,0.377,0.439,0.011,22.571,356301
1780142413524,250,250,3.285,6.607,6.599,0.502,0.471,0.011,22.571,356334
1780142413545,247,247,3.285,6.607,6.607,0.502,0.439,0.011,22.571,356367
1780142413578,245,245,3.285,6.615,6.607,0.439,0.439,0.011,22.571,356400
1780142413620,237,237,3.285,6.615,6.607,0.408,0.408,0.016,22.571,356433
1780142413646,235,235,3.285,6.607,6.607,0.377,0.502,0.011,22.571,356466
1780142413689,230,230,3.285,6.615,6.607,0.345,0.502,0.016,22.571,356499
1780142413712,227,227,3.291,6.615,6.607,0.439,0.471,0.011,22.571,356532
1780142413744,222,222,3.291,6.615,6.607,0.377,0.502,0.011,22.571,356565
1780142413782,217,217,3.291,6.624,6.615,0.314,0.471,0.011,22.571,356598
1780142413816,215,215,3.291,6.624,6.615,0.408,0.345,0.011,22.571,356631
1780142413846,210,210,3.291,6.624,6.607,0.377,0.471,0.011,22.571,356664
1780142413877,207,207,3.291,6.632,6.624,0.314,0.314,0.011,22.571,356697
1780142413911,202,202,3.291,6.624,6.624,0.282,0.345,0.016,22.571,356730
1780142413946,197,197,3.297,6.640,6.632,0.251,0.282,0.011,22.571,356763
1780142413977,195,195,3.297,6.632,6.624,0.314,0.282,0.011,22.571,356796
1780142414010,190,190,3.297,6.632,6.624,0.314,0.282,0.011,22.571,356829
1780142414046,185,185,3.297,6.640,6.632,0.282,0.251,0.011,22.571,356862
1780142414077,182,182,3.297,6.640,6.632,0.251,0.220,0.011,22.571,356895
1780142414110,177,177,3.297,6.632,6.632,0.251,0.314,0.011,22.571,356928
1780142414143,172,172,3.297,6.640,6.632,0.282,0.251,0.011,22.571,356961
1780142414177,170,170,3.297,6.640,6.640,0.251,0.251,0.011,22.571,356994
1780142414210,175,175,3.297,6.640,6.640,0.220,0.251,0.011,22.571,357027
1780142414243,180,180,3.297,6.640,6.640,0.220,0.220,0.011,22.571,357060
1780142414276,182,182,3.297,6.640,6.640,0.251,0.220,0.011,22.571,357093
1780142414313,187,187,3.297,6.640,6.632,0.251,0.251,0.011,22.571,357126
1780142414342,192,192,3.297,6.640,6.632,0.251,0.314,0.011,22.571,357159
1780142414376,195,195,3.297,6.640,6.632,0.282,0.251,0.016,22.571,357192
1780142414413,200,200,3.291,6.632,6.632,0.314,0.282,0.011,22.571,357225
1780142414447,205,205,3.297,6.632,6.624,0.314,0.314,0.011,22.571,357258
1780142414481,210,210,3.297,6.632,6.624,0.314,0.282,0.011,22.571,357291
1780142414510,212,212,3.291,6.624,6.615,0.408,0.377,0.016,22.571,357324
1780142414542,217,217,3.291,6.632,6.624,0.251,0.314,0.011,22.571,357357
1780142414577,220,220,3.291,6.624,6.624,0.345,0.314,0.011,22.571,357390
1780142414610,225,225,3.291,6.624,6.615,0.345,0.345,0.011,22.571,357423
1780142414646,230,230,3.291,6.624,6.615,0.377,0.439,0.011,22.571,357456
1780142414685,235,235,3.291,6.615,6.607,0.377,0.314,0.011,22.571,357489
1780142414709,237,237,3.291,6.615,6.607,0.502,0.345,0.011,22.571,357522
1780142414743,242,242,3.285,6.607,6.607,0.439,0.439,0.011,22.571,357555
1780142414780,245,245,3.285,6.615,6.607,0.439,0.314,0.011,22.571,357588
1780142414812,250,250,3.285,6.615,6.607,0.377,0.408,0.011,22.571,357621
1780142414844,255,255,3.279,6.607,6.599,0.439,0.565,0.016,22.571,357654
1780142414876,257,257,3.279,6.599,6.591,0.502,0.565,0.011,22.571,357687
1780142414911,262,262,3.285,6.607,6.599,0.439,0.565,0.011,22.571,357720
1780142414941,267,267,3.279,6.599,6.591,0.565,0.565,0.016,22.571,357753
1780142414983,272,272,3.273,6.599,6.582,0.690,0.565,0.011,22.571,357786
1780142415008,275,275,3.285,6.607,6.599,0.565,0.408,0.011,22.571,357819
1780142415042,280,280,3.279,6.599,6.582,0.596,0.408,0.011,22.571,357852
1780142415076,282,282,3.279,6.599,6.591,0.596,0.408,0.016,22.571,357885
1780142415108,287,287,3.273,6.591,6.582,0.596,0.565,0.016,22.571,357918
1780142415144,292,292,3.273,6.582,6.582,0.722,0.502,0.011,22.571,357951
1780142415179,295,295,3.279,6.591,6.582,0.596,0.533,0.011,22.571,357984
1780142415212,300,300,3.267,6.591,6.574,0.565,0.533,0.016,22.571,358017
1780142415241,305,305,3.273,6.574,6.566,0.565,0.596,0.011,22.571,358050
1780142415275,307,307,3.273,6.582,6.574,0.659,0.533,0.011,22.571,358083
1780142415309,312,312,3.273,6.582,6.574,0.565,0.502,0.011,22.571,358116
1780142415341,315,315,3.273,6.574,6.566,0.784,0.533,0.011,22.571,358149
1780142415376,320,320,3.267,6.574,6.566,0.690,0.628,0.016,22.571,358182
1780142415411,320,320,3.261,6.574,6.557,0.690,0.533,0.011,22.571,358215
1780142415442,315,315,3.261,6.566,6.549,0.816,0.753,0.011,22.571,358248
1780142415473,312,312,3.267,6.566,6.557,0.784,0.722,0.016,22.571,358281
1780142415515,307,307,3.267,6.574,6.566,0.596,0.659,0.011,22.571,358314
1780142415541,305,305,3.267,6.574,6.566,0.596,0.596,0.005,22.571,358347
1780142415599,297,297,3.273,6.582,6.574,0.690,0.502,0.011,22.571,358380
1780142415624,292,292,3.267,6.582,6.574,0.596,0.502,0.016,22.571,358413
1780142415652,290,290,3.279,6.582,6.574,0.502,0.628,0.011,22.571,358446
1780142415686,285,285,3.273,6.591,6.574,0.628,0.596,0.011,22.571,358479
1780142415714,282,282,3.279,6.591,6.582,0.439,0.471,0.011,22.571,358512
1780142415748,277,277,3.279,6.599,6.591,0.596,0.502,0.016,22.571,358545
1780142415781,275,275,3.273,6.591,6.582,0.439,0.659,0.016,22.571,358578
1780142415814,270,270,3.279,6.591,6.582,0.502,0.439,0.011,22.571,358611
1780142415859,265,265,3.279,6.599,6.591,0.377,0.565,0.011,22.571,358644
1780142415880,262,262,3.279,6.599,6.591,0.439,0.408,0.011,22.571,358677
1780142415913,257,257,3.279,6.599,6.591,0.596,0.439,0.011,22.571,358710
1780142415948,252,252,3.279,6.591,6.591,0.565,0.596,0.011,22.571,358743
1780142415983,247,247,3.279,6.599,6.591,0.408,0.502,0.011,22.571,358776
1780142416011,245,245,3.279,6.599,6.591,0.408,0.377,0.011,22.571,358809
1780142416061,245,245,3.279,6.607,6.599,0.502,0.377,0.011,22.571,358842
1780142416077,247,247,3.285,6.607,6.599,0.439,0.533,0.011,22.571,358875
1780142416115,252,252,3.285,6.607,6.591,0.377,0.533,0.011,22.571,358908
1780142416156,257,257,3.279,6.607,6.591,0.408,0.408,0.016,22.571,358941
1780142416180,260,260,3.279,6.599,6.591,0.502,0.408,0.011,22.571,358974
1780142416211,265,265,3.285,6.599,6.591,0.533,0.408,0.011,22.571,359007
1780142416243,270,270,3.279,6.599,6.591,0.439,0.408,0.016,22.571,359040
1780142416282,275,275,3.285,6.591,6.582,0.439,0.533,0.011,22.571,359073
1780142416313,277,277,3.279,6.591,6.591,0.596,0.408,0.011,22.571,359106
1780142416353,282,282,3.273,6.582,6.574,0.565,0.596,0.011,22.571,359139
1780142416382,287,287,3.279,6.591,6.582,0.502,0.565,0.011,22.571,359172
1780142416412,290,290,3.267,6.582,6.574,0.596,0.502,0.016,22.571,359205
1780142416461,295,295,3.267,6.582,6.574,0.565,0.565,0.011,22.571,359238
1780142416484,300,300,3.279,6.591,6.582,0.502,0.439,0.011,22.571,359271
1780142416512,302,302,3.267,6.574,6.566,0.628,0.565,0.016,22.571,359304
1780142416543,307,307,3.261,6.574,6.557,0.565,0.690,0.016,22.571,359337
1780142416572,310,310,3.273,6.574,6.566,0.628,0.502,0.011,22.571,359370
1780142416606,315,315,3.267,6.574,6.574,0.690,0.533,0.016,22.571,359403
1780142416641,317,317,3.273,6.574,6.557,0.690,0.690,0.011,22.571,359436
1780142416672,322,322,3.267,6.574,6.566,0.690,0.628,0.011,22.571,359469
1780142416705,327,327,3.261,6.566,6.557,0.753,0.596,0.011,22.571,359502
1780142416738,330,330,3.261,6.566,6.549,0.784,0.659,0.016,22.571,359535
1780142416774,335,335,3.261,6.557,6.549,0.753,0.533,0.011,22.656,359568
1780142416804,340,340,3.267,6.566,6.557,0.690,0.628,0.011,22.571,359601
1780142416836,342,342,3.261,6.557,6.541,0.784,0.879,0.011,22.571,359634
1780142416871,347,347,3.261,6.557,6.541,0.941,0.753,0.016,22.571,359667
1780142416914,352,352,3.261,6.549,6.541,0.722,0.722,0.016,22.571,359700
1780142416951,357,357,3.261,6.557,6.541,0.753,0.690,0.016,22.571,359733
1780142416974,360,360,3.261,6.557,6.541,0.753,0.784,0.011,22.571,359766
1780142417005,365,365,3.261,6.541,6.533,0.973,0.628,0.011,22.571,359799
1780142417036,367,367,3.255,6.549,6.541,0.784,0.753,0.016,22.571,359832
1780142417082,372,372,3.255,6.541,6.533,0.847,0.847,0.016,22.571,359865
1780142417104,377,377,3.248,6.541,6.524,0.973,0.784,0.011,22.571,359898
1780142417135,380,380,3.248,6.533,6.516,1.004,1.004,0.016,22.571,359931
1780142417172,385,385,3.248,6.524,6.508,0.941,1.035,0.011,22.656,359964
1780142417207,390,390,3.248,6.533,6.524,0.973,0.847,0.011,22.571,359997
1780142417273,397,397,3.248,6.533,6.516,0.973,0.784,0.011,22.656,360030
1780142417273,397,397,3.248,6.533,6.524,0.816,0.753,0.011,22.571,360063
1780142417302,400,400,3.248,6.533,6.524,0.910,0.722,0.016,22.656,360096
1780142417336,405,405,3.236,6.524,6.508,1.098,0.879,0.011,22.571,360129
1780142417368,410,410,3.242,6.516,6.508,1.098,0.722,0.016,22.656,360162
1780142417405,415,415,3.242,6.508,6.499,1.130,1.035,0.011,22.571,360195
1780142417442,417,417,3.242,6.524,6.508,1.130,0.784,0.011,22.571,360228
1780142417471,422,422,3.242,6.516,6.499,0.941,0.941,0.005,22.571,360261
1780142417519,427,427,3.242,6.516,6.499,1.192,0.973,0.016,22.571,360294
1780142417544,432,432,3.236,6.524,6.508,1.004,0.879,0.016,22.571,360327
1780142417573,435,435,3.236,6.508,6.491,1.192,0.784,0.016,22.571,360360
1780142417607,440,440,3.236,6.499,6.491,1.192,1.004,0.011,22.571,360393
1780142417634,442,442,3.242,6.508,6.491,1.067,0.941,0.005,22.656,360426
1780142417673,447,447,3.236,6.508,6.491,1.130,1.004,0.016,22.571,360459
1780142417701,445,445,3.236,6.491,6.475,1.224,1.067,0.005,22.571,360492
1780142417735,440,440,3.230,6.508,6.491,1.192,0.879,0.011,22.571,360525
1780142417769,435,435,3.236,6.508,6.491,1.067,1.035,0.011,22.571,360558
1780142417805,430,430,3.236,6.508,6.491,1.130,1.067,0.011,22.656,360591
1780142417834,427,427,3.236,6.508,6.499,1.192,0.879,0.011,22.571,360624
1780142417872,422,422,3.242,6.516,6.508,1.004,0.816,0.011,22.571,360657
1780142417901,420,420,3.242,6.516,6.499,0.910,1.004,0.011,22.571,360690
1780142417944,415,415,3.248,6.524,6.508,0.816,0.847,0.011,22.571,360723
1780142417967,410,410,3.242,6.524,6.516,1.067,0.690,0.016,22.571,360756
1780142418007,405,405,3.255,6.533,6.516,1.067,0.659,0.011,22.656,360789
1780142418033,407,407,3.242,6.524,6.516,1.004,0.722,0.011,22.571,360822
1780142418070,412,412,3.248,6.533,6.516,0.973,0.941,0.011,22.656,360855
1780142418104,415,415,3.242,6.524,6.508,1.004,0.910,0.011,22.571,360888
1780142418139,420,420,3.236,6.524,6.508,1.004,0.753,0.011,22.571,360921
1780142418171,425,425,3.242,6.508,6.508,0.784,1.004,0.011,22.571,360954
1780142418202,427,427,3.236,6.516,6.499,1.004,0.784,0.011,22.571,360987
1780142418237,432,432,3.242,6.508,6.491,1.130,0.816,0.011,22.656,361020
1780142418266,437,437,3.236,6.508,6.491,1.098,0.879,0.011,22.571,361053
1780142418309,442,442,3.230,6.499,6.483,1.067,0.816,0.016,22.656,361086
1780142418333,445,445,3.236,6.508,6.491,1.192,0.941,0.011,22.656,361119
1780142418366,450,450,3.236,6.499,6.483,1.067,0.941,0.011,22.571,361152
1780142418399,452,452,3.236,6.499,6.475,1.286,0.910,0.016,22.571,361185
1780142418433,457,457,3.236,6.499,6.483,1.098,0.910,0.011,22.656,361218
1780142418466,462,462,3.230,6.499,6.483,1.255,1.130,0.016,22.571,361251
1780142418500,465,465,3.224,6.491,6.475,1.381,1.067,0.016,22.656,361284
1780142418534,470,470,3.236,6.508,6.483,1.318,0.847,0.011,22.571,361317
1780142418565,472,472,3.230,6.491,6.475,1.161,0.784,0.011,22.571,361350
1780142418601,477,477,3.230,6.491,6.475,1.381,0.879,0.011,22.571,361383
1780142418632,482,482,3.224,6.483,6.466,1.443,0.910,0.022,22.571,361416
1780142418665,485,485,3.224,6.491,6.475,1.318,0.910,0.011,22.656,361449
1780142418698,490,490,3.224,6.483,6.458,1.349,1.192,0.011,22.571,361482
1780142418734,495,495,3.230,6.483,6.466,1.318,1.224,0.005,22.656,361515
1780142418772,500,500,3.230,6.483,6.466,1.349,1.035,0.011,22.656,361548
1780142418798,500,500,3.205,6.458,6.442,1.632,0.847,0.022,22.656,361581
1780142418832,500,500,3.224,6.475,6.458,1.537,1.067,0.016,22.571,361614
1780142418864,500,500,3.205,6.450,6.442,1.506,1.130,0.016,22.656,361647
1780142418904,500,500,3.224,6.475,6.466,1.318,0.941,0.016,22.656,361680
1780142418932,500,500,3.218,6.475,6.458,1.318,1.130,0.011,22.656,361713
1780142418966,500,500,3.212,6.466,6.442,1.600,0.973,0.022,22.656,361746
1780142418998,500,500,3.218,6.466,6.450,1.443,1.161,0.005,22.656,361779
1780142419033,500,500,3.212,6.475,6.458,1.035,1.035,0.022,22.656,361812
1780142419066,500,500,3.230,6.475,6.458,1.349,1.098,0.011,22.656,361845
1780142419097,500,500,3.218,6.466,6.458,1.506,1.130,0.022,22.571,361878
1780142419133,500,500,3.224,6.483,6.466,1.537,0.879,0.011,22.656,361911
1780142419163,500,500,3.218,6.475,6.458,1.318,1.004,0.022,22.656,361944
1780142419198,500,500,3.224,6.475,6.458,1.224,1.098,0.011,22.656,361977
1780142419234,500,500,3.218,6.475,6.458,1.349,1.035,0.011,22.656,362010
1780142419264,500,500,3.218,6.475,6.458,1.255,0.941,0.016,22.656,362043
1780142419297,500,500,3.224,6.483,6.466,1.004,0.879,0.011,22.656,362076
1780142419332,500,500,3.218,6.475,6.458,1.569,0.879,0.016,22.656,362109
1780142419364,500,500,3.230,6.475,6.466,1.286,1.067,0.011,22.656,362142
1780142419401,500,500,3.218,6.475,6.458,1.381,1.067,0.022,22.656,362175
1780142419432,500,500,3.230,6.491,6.466,1.224,1.098,0.011,22.656,362208
1780142419467,500,500,3.218,6.475,6.458,1.537,0.973,0.022,22.656,362241
1780142419497,500,500,3.230,6.475,6.458,1.224,1.004,0.005,22.656,362274
1780142419537,500,500,3.218,6.475,6.458,1.255,0.941,0.022,22.656,362307
1780142419564,497,497,3.230,6.475,6.450,1.569,1.035,0.011,22.656,362340
1780142419596,492,492,3.224,6.475,6.458,1.663,0.910,0.011,22.656,362373
1780142419630,487,487,3.218,6.475,6.458,1.569,1.004,0.016,22.656,362406
1780142419663,485,485,3.230,6.491,6.475,1.161,1.004,0.011,22.656,362439
1780142419695,480,480,3.224,6.483,6.458,1.443,1.035,0.016,22.656,362472
1780142419730,475,475,3.230,6.475,6.458,1.569,0.941,0.011,22.656,362505
1780142419763,472,472,3.230,6.499,6.483,1.067,0.879,0.016,22.656,362538
1780142419796,467,467,3.230,6.491,6.483,1.192,0.910,0.011,22.656,362571
1780142419829,462,462,3.224,6.491,6.483,1.318,0.753,0.022,22.656,362604
1780142419863,460,460,3.230,6.483,6.466,1.506,0.816,0.011,22.656,362637
1780142419898,455,455,3.224,6.483,6.475,1.161,0.722,0.016,22.656,362670
1780142419935,450,450,3.230,6.491,6.483,1.067,0.910,0.011,22.656,362703
1780142419963,447,447,3.236,6.499,6.491,1.255,0.659,0.016,22.656,362736
1780142419994,442,442,3.224,6.491,6.475,0.941,0.973,0.016,22.656,362769
1780142420043,437,437,3.236,6.499,6.483,1.255,0.722,0.011,22.656,362802
1780142420074,432,432,3.230,6.491,6.475,1.130,0.784,0.016,22.656,362835
1780142420104,430,430,3.236,6.491,6.483,1.318,0.753,0.005,22.656,362868
1780142420142,425,425,3.236,6.499,6.491,0.847,0.879,0.016,22.656,362901
1780142420173,420,420,3.236,6.508,6.499,1.130,0.690,0.011,22.656,362934
1780142420212,415,415,3.236,6.508,6.491,0.941,0.816,0.011,22.656,362967
1780142420243,412,412,3.230,6.499,6.491,0.941,0.910,0.016,22.656,363000
1780142420269,407,407,3.236,6.499,6.491,0.941,0.816,0.011,22.656,363033
1780142420303,405,405,3.236,6.508,6.491,0.941,0.784,0.011,22.656,363066
1780142420334,400,400,3.236,6.499,6.491,0.910,0.784,0.016,22.656,363099
1780142420367,397,397,3.242,6.524,6.508,0.879,0.847,0.011,22.656,363132
1780142420403,392,392,3.236,6.508,6.499,0.941,0.847,0.011,22.656,363165
1780142420446,387,387,3.242,6.516,6.508,0.910,0.941,0.011,22.656,363198
1780142420466,385,385,3.236,6.516,6.508,1.035,0.722,0.016,22.656,363231
1780142420506,380,380,3.248,6.533,6.516,0.816,0.533,0.011,22.656,363264
1780142420534,375,375,3.248,6.524,6.516,0.753,0.753,0.011,22.656,363297
1780142420571,370,370,3.236,6.524,6.508,0.847,0.502,0.016,22.656,363330
1780142420603,367,367,3.248,6.524,6.508,0.816,0.722,0.011,22.656,363363
1780142420634,362,362,3.248,6.541,6.524,0.753,0.628,0.011,22.656,363396
1780142420665,360,360,3.236,6.533,6.524,0.690,0.502,0.011,22.656,363429
1780142420697,355,355,3.248,6.533,6.524,0.722,0.659,0.005,22.656,363462
1780142420731,350,350,3.248,6.533,6.524,0.816,0.690,0.011,22.656,363495
1780142420772,345,345,3.248,6.541,6.524,0.784,0.502,0.022,22.656,363528
1780142420797,342,342,3.248,6.533,6.524,0.816,0.690,0.011,22.656,363561
1780142420830,337,337,3.248,6.524,6.516,0.816,0.565,0.011,22.656,363594
1780142420869,332,332,3.248,6.541,6.533,0.659,0.533,0.011,22.656,363627
1780142420896,330,330,3.248,6.541,6.524,0.722,0.596,0.011,22.656,363660
1780142420928,327,327,3.255,6.541,6.533,0.816,0.596,0.005,22.656,363693
1780142420965,322,322,3.255,6.549,6.541,0.565,0.596,0.011,22.656,363726
1780142420997,317,317,3.261,6.549,6.533,0.690,0.502,0.011,22.656,363759
1780142421028,315,315,3.255,6.549,6.541,0.565,0.502,0.011,22.656,363792
1780142421078,307,307,3.255,6.549,6.541,0.628,0.471,0.011,22.656,363825
1780142421095,305,305,3.255,6.557,6.541,0.690,0.439,0.016,22.656,363858
1780142421128,302,302,3.261,6.549,6.541,0.628,0.628,0.011,22.656,363891
1780142421161,297,297,3.255,6.557,6.549,0.533,0.565,0.011,22.656,363924
1780142421193,292,292,3.255,6.557,6.541,0.565,0.596,0.011,22.656,363957
1780142421228,290,290,3.261,6.557,6.541,0.502,0.565,0.011,22.656,363990
1780142421272,282,282,3.267,6.566,6.557,0.471,0.439,0.011,22.656,364023
1780142421292,280,280,3.255,6.557,6.549,0.565,0.533,0.016,22.656,364056
1780142421325,277,277,3.261,6.566,6.557,0.408,0.377,0.011,22.656,364089
1780142421358,272,272,3.261,6.566,6.557,0.533,0.408,0.011,22.656,364122
1780142421395,267,267,3.261,6.566,6.557,0.596,0.345,0.016,22.656,364155
1780142421425,265,265,3.261,6.557,6.549,0.565,0.377,0.016,22.656,364188
1780142421458,260,260,3.267,6.574,6.566,0.408,0.408,0.011,22.656,364221
1780142421494,255,255,3.261,6.574,6.557,0.471,0.533,0.011,22.656,364254
1780142421529,250,250,3.261,6.566,6.557,0.502,0.377,0.011,22.656,364287
1780142421557,247,247,3.267,6.574,6.566,0.471,0.408,0.016,22.656,364320
1780142421592,242,242,3.273,6.582,6.574,0.408,0.345,0.011,22.656,364353
1780142421627,240,240,3.267,6.574,6.566,0.502,0.439,0.011,22.656,364386
1780142421658,235,235,3.273,6.582,6.574,0.439,0.377,0.011,22.656,364419
1780142421691,230,230,3.267,6.574,6.574,0.533,0.314,0.016,22.656,364452
1780142421733,225,225,3.273,6.582,6.574,0.345,0.251,0.011,22.656,364485
1780142421759,222,222,3.273,6.582,6.574,0.282,0.439,0.011,22.656,364518
1780142421800,217,217,3.267,6.582,6.574,0.345,0.377,0.016,22.656,364551
1780142421826,215,215,3.273,6.591,6.582,0.282,0.314,0.011,22.656,364584
1780142421860,210,210,3.273,6.582,6.574,0.408,0.377,0.011,22.656,364617
1780142421891,205,205,3.267,6.582,6.574,0.408,0.345,0.016,22.656,364650
1780142421924,202,202,3.273,6.591,6.582,0.314,0.282,0.011,22.656,364683
1780142421957,197,197,3.273,6.591,6.582,0.251,0.282,0.011,22.656,364716
1780142421991,192,192,3.273,6.591,6.591,0.282,0.251,0.011,22.656,364749
1780142422023,190,190,3.279,6.599,6.582,0.314,0.251,0.011,22.656,364782
1780142422057,185,185,3.279,6.599,6.591,0.282,0.188,0.011,22.656,364815
1780142422094,180,180,3.279,6.599,6.599,0.251,0.220,0.011,22.656,364848
1780142422133,175,175,3.279,6.599,6.599,0.251,0.251,0.011,22.656,364881
1780142422159,172,172,3.279,6.599,6.599,0.251,0.251,0.011,22.656,364914
1780142422194,167,167,3.279,6.607,6.599,0.251,0.188,0.011,22.656,364947
1780142422223,165,165,3.279,6.607,6.599,0.251,0.220,0.011,22.656,364980
1780142422256,160,160,3.279,6.607,6.599,0.220,0.220,0.011,22.656,365013
1780142422290,157,157,3.285,6.607,6.599,0.220,0.220,0.011,22.656,365046
1780142422322,152,152,3.279,6.607,6.607,0.220,0.188,0.011,22.656,365079
1780142422356,147,147,3.285,6.607,6.599,0.188,0.188,0.011,22.656,365112
1780142422389,145,145,3.285,6.607,6.607,0.188,0.188,0.011,22.656,365145
1780142422422,140,140,3.285,6.607,6.607,0.220,0.188,0.011,22.656,365178
1780142422475,132,132,3.285,6.607,6.607,0.188,0.188,0.016,22.656,365211
1780142422488,132,132,3.285,6.615,6.607,0.188,0.188,0.011,22.656,365244
1780142422523,127,127,3.285,6.615,6.607,0.188,0.188,0.011,22.656,365277
1780142422559,122,122,3.285,6.615,6.607,0.188,0.188,0.011,22.656,365310
1780142422588,120,120,3.285,6.615,6.607,0.188,0.157,0.011,22.656,365343
1780142422623,115,115,3.285,6.624,6.615,0.188,0.157,0.011,22.656,365376
1780142422665,110,110,3.285,6.615,6.615,0.188,0.157,0.011,22.656,365409
1780142422688,107,107,3.285,6.624,6.615,0.188,0.157,0.011,22.656,365442
1780142422722,102,102,3.285,6.624,6.615,0.188,0.157,0.011,22.656,365475
1780142422757,97,97,3.285,6.615,6.607,0.188,0.188,0.011,22.656,365508
1780142422789,95,95,3.291,6.615,6.615,0.188,0.188,0.011,22.656,365541
1780142422821,90,90,3.285,6.615,6.615,0.188,0.188,0.011,22.656,365574
1780142422855,85,85,3.285,6.624,6.615,0.188,0.157,0.011,22.656,365607
1780142422888,82,82,3.285,6.624,6.624,0.188,0.157,0.016,22.656,365640
1780142422921,77,77,3.285,6.624,6.624,0.188,0.157,0.011,22.656,365673
1780142422954,72,72,3.285,6.624,6.615,0.188,0.157,0.016,22.656,365706
1780142422987,70,70,3.291,6.624,6.615,0.188,0.188,0.011,22.656,365739
1780142423024,65,65,3.285,6.624,6.624,0.188,0.157,0.016,22.656,365772
1780142423054,60,60,3.285,6.624,6.624,0.188,0.157,0.011,22.656,365805
1780142423088,57,57,3.291,6.624,6.624,0.188,0.157,0.011,22.656,365838
1780142423123,52,52,3.291,6.624,6.624,0.188,0.157,0.011,22.656,365871
1780142423154,47,47,3.291,6.624,6.624,0.188,0.157,0.011,22.656,365904
1780142423188,45,45,3.291,6.624,6.615,0.188,0.157,0.011,22.656,365937
1780142423220,40,40,3.291,6.624,6.624,0.188,0.157,0.016,22.656,365970
1780142423254,35,35,3.291,6.624,6.624,0.188,0.157,0.011,22.656,366003
1780142423286,32,32,3.291,6.624,6.624,0.188,0.157,0.011,22.656,366036
1780142423321,27,27,3.285,6.624,6.624,0.157,0.157,0.011,22.656,366069
1780142423355,22,22,3.291,6.624,6.624,0.188,0.157,0.011,22.656,366102
1780142423386,20,20,3.291,6.624,6.624,0.188,0.157,0.011,22.656,366135
1780142423423,15,15,3.291,6.624,6.624,0.188,0.157,0.011,22.656,366168
1780142423459,10,10,3.291,6.624,6.624,0.188,0.157,0.011,22.656,366201
1780142423486,7,7,3.291,6.624,6.624,0.188,0.157,0.011,22.656,366234
1780142423529,2,2,3.291,6.624,6.624,0.188,0.157,0.011,22.656,366267
1780142423562,-2,-2,3.291,6.624,6.624,0.188,0.157,0.011,22.656,366300
1780142423586,-5,-5,3.291,6.632,6.624,0.188,0.157,0.016,22.656,366333
1780142423619,-10,-10,3.291,6.624,6.624,0.157,0.157,0.011,22.656,366366
1780142423652,-15,-15,3.291,6.632,6.624,0.188,0.157,0.011,22.656,366399
1780142423685,-17,-17,3.291,6.624,6.624,0.157,0.157,0.011,22.656,366432
1780142423719,-22,-22,3.291,6.624,6.624,0.188,0.157,0.011,22.656,366465
1780142423752,-27,-27,3.291,6.624,6.624,0.188,0.157,0.011,22.656,366498
1780142423803,-32,-32,3.291,6.624,6.624,0.188,0.157,0.011,22.656,366531
1780142423837,-37,-37,3.291,6.632,6.624,0.188,0.157,0.011,22.656,366564
1780142423853,-40,-40,3.291,6.624,6.624,0.188,0.157,0.011,22.656,366597
1780142423890,-42,-42,3.291,6.632,6.624,0.188,0.157,0.011,22.656,366630
1780142423918,-47,-47,3.291,6.632,6.624,0.188,0.157,0.011,22.656,366663
1780142423952,-52,-52,3.291,6.624,6.624,0.188,0.157,0.011,22.656,366696
1780142423987,-55,-55,3.291,6.632,6.624,0.188,0.157,0.011,22.656,366729
1780142424018,-60,-60,3.291,6.632,6.624,0.188,0.157,0.011,22.656,366762
1780142424052,-62,-62,3.291,6.632,6.624,0.188,0.157,0.016,22.656,366795
1780142424086,-67,-67,3.291,6.632,6.624,0.188,0.157,0.011,22.656,366828
1780142424126,-72,-72,3.291,6.632,6.624,0.188,0.157,0.011,22.656,366861
1780142424151,-75,-75,3.291,6.632,6.624,0.188,0.157,0.011,22.656,366894
1780142424184,-80,-80,3.291,6.632,6.624,0.188,0.157,0.016,22.656,366927
1780142424218,-85,-85,3.297,6.632,6.624,0.188,0.157,0.011,22.656,366960
1780142424268,-90,-90,3.291,6.632,6.624,0.188,0.157,0.011,22.656,366993
1780142424284,-92,-92,3.291,6.624,6.624,0.188,0.157,0.011,22.656,367026
1780142424320,-97,-97,3.291,6.632,6.624,0.188,0.157,0.011,22.656,367059
1780142424351,-100,-100,3.291,6.624,6.624,0.188,0.157,0.016,22.656,367092
1780142424393,-107,-107,3.291,6.632,6.624,0.188,0.157,0.011,22.656,367125
1780142424417,-110,-110,3.291,6.632,6.624,0.188,0.157,0.011,22.656,367158
1780142424450,-112,-112,3.291,6.632,6.624,0.188,0.157,0.016,22.656,367191
1780142424493,-120,-120,3.291,6.624,6.615,0.282,0.157,0.011,22.656,367224
1780142424525,-122,-122,3.285,6.615,6.607,0.251,0.220,0.011,22.656,367257
1780142424570,-127,-127,3.291,6.624,6.615,0.188,0.157,0.016,22.656,367290
1780142424593,-132,-132,3.285,6.624,6.615,0.220,0.188,0.011,22.656,367323
1780142424625,-135,-135,3.291,6.624,6.615,0.188,0.188,0.011,22.656,367356
1780142424659,-140,-140,3.291,6.624,6.624,0.188,0.188,0.011,22.656,367389
1780142424694,-145,-145,3.285,6.624,6.615,0.220,0.188,0.011,22.656,367422
1780142424733,-150,-150,3.291,6.624,6.624,0.220,0.188,0.011,22.656,367455
1780142424759,-152,-152,3.285,6.624,6.615,0.220,0.188,0.011,22.656,367488
1780142424803,-157,-157,3.285,6.624,6.624,0.220,0.188,0.011,22.656,367521
1780142424833,-162,-162,3.291,6.624,6.615,0.220,0.188,0.011,22.656,367554
1780142424858,-165,-165,3.285,6.624,6.615,0.220,0.188,0.011,22.656,367587
1780142424889,-167,-167,3.285,6.624,6.615,0.220,0.188,0.011,22.656,367620
1780142424921,-172,-172,3.291,6.624,6.615,0.220,0.188,0.011,22.656,367653
1780142424955,-177,-177,3.285,6.615,6.615,0.251,0.220,0.016,22.656,367686
1780142424990,-180,-180,3.285,6.615,6.615,0.220,0.220,0.011,22.656,367719
1780142425033,-187,-187,3.291,6.615,6.607,0.251,0.220,0.011,22.656,367752
1780142425061,-190,-190,3.285,6.615,6.607,0.251,0.220,0.011,22.656,367785
1780142425092,-192,-192,3.285,6.615,6.607,0.251,0.251,0.011,22.656,367818
1780142425121,-197,-197,3.285,6.615,6.607,0.251,0.251,0.011,22.656,367851
1780142425155,-202,-202,3.285,6.615,6.607,0.251,0.251,0.011,22.656,367884
1780142425186,-205,-205,3.285,6.607,6.607,0.314,0.251,0.011,22.656,367917
1780142425223,-210,-210,3.285,6.607,6.607,0.314,0.282,0.011,22.656,367950
1780142425266,-215,-215,3.285,6.599,6.599,0.377,0.282,0.011,22.656,367983
1780142425284,-217,-217,3.279,6.607,6.599,0.314,0.251,0.011,22.656,368016
1780142425325,-222,-222,3.285,6.607,6.599,0.314,0.251,0.011,22.656,368049
1780142425350,-225,-225,3.279,6.607,6.599,0.282,0.282,0.011,22.656,368082
1780142425392,-230,-230,3.273,6.599,6.591,0.439,0.314,0.011,22.656,368115
1780142425429,-235,-235,3.285,6.599,6.599,0.314,0.251,0.016,22.656,368148
1780142425452,-237,-237,3.279,6.599,6.599,0.345,0.314,0.016,22.656,368181
1780142425495,-245,-245,3.273,6.591,6.582,0.345,0.439,0.016,22.656,368214
1780142425517,-247,-247,3.273,6.591,6.591,0.345,0.408,0.011,22.656,368247
1780142425551,-250,-250,3.273,6.599,6.591,0.345,0.345,0.011,22.656,368280
1780142425593,-257,-257,3.273,6.591,6.582,0.408,0.439,0.011,22.656,368313
1780142425623,-260,-260,3.273,6.599,6.582,0.408,0.314,0.011,22.656,368346
1780142425656,-265,-265,3.273,6.591,6.582,0.502,0.345,0.011,22.656,368379
1780142425680,-267,-267,3.273,6.591,6.574,0.439,0.408,0.011,22.656,368412
1780142425713,-272,-272,3.273,6.582,6.574,0.439,0.377,0.011,22.656,368445
1780142425757,-277,-277,3.273,6.582,6.566,0.565,0.345,0.016,22.656,368478
1780142425783,-280,-280,3.267,6.582,6.574,0.533,0.471,0.011,22.656,368511
1780142425814,-285,-285,3.267,6.574,6.574,0.659,0.377,0.016,22.656,368544
1780142425847,-287,-287,3.267,6.582,6.574,0.502,0.377,0.011,22.656,368577
1780142425884,-292,-292,3.273,6.574,6.566,0.439,0.439,0.011,22.656,368610
1780142425930,-297,-297,3.267,6.574,6.566,0.565,0.502,0.016,22.656,368643
1780142425953,-300,-300,3.267,6.574,6.557,0.533,0.471,0.011,22.656,368676
1780142425994,-292,-292,3.267,6.566,6.557,0.596,0.533,0.016,22.656,368709
1780142426014,-290,-290,3.267,6.574,6.566,0.471,0.377,0.011,22.656,368742
1780142426051,-287,-287,3.267,6.574,6.566,0.628,0.565,0.011,22.656,368775
1780142426079,-282,-282,3.267,6.574,6.566,0.565,0.408,0.011,22.656,368808
1780142426114,-280,-280,3.267,6.574,6.574,0.565,0.408,0.011,22.656,368841
1780142426146,-275,-275,3.273,6.582,6.574,0.502,0.439,0.011,22.656,368874
1780142426181,-270,-270,3.273,6.582,6.574,0.502,0.471,0.011,22.656,368907
1780142426212,-267,-267,3.267,6.582,6.574,0.471,0.471,0.016,22.656,368940
1780142426248,-262,-262,3.273,6.582,6.574,0.628,0.377,0.016,22.656,368973
1780142426279,-257,-257,3.273,6.591,6.582,0.596,0.314,0.011,22.656,369006
1780142426312,-255,-255,3.273,6.582,6.582,0.533,0.345,0.011,22.656,369039
1780142426349,-250,-250,3.273,6.582,6.574,0.565,0.377,0.011,22.656,369072
1780142426387,-255,-255,3.273,6.582,6.574,0.533,0.471,0.011,22.656,369105
1780142426417,-260,-260,3.273,6.591,6.582,0.408,0.471,0.011,22.656,369138
1780142426445,-262,-262,3.273,6.591,6.582,0.377,0.345,0.016,22.656,369171
1780142426478,-267,-267,3.273,6.582,6.574,0.471,0.377,0.011,22.656,369204
1780142426512,-270,-270,3.273,6.582,6.574,0.439,0.345,0.011,22.656,369237
1780142426545,-275,-275,3.273,6.582,6.574,0.502,0.377,0.011,22.656,369270
1780142426579,-280,-280,3.267,6.574,6.566,0.502,0.502,0.011,22.656,369303
1780142426611,-282,-282,3.273,6.591,6.574,0.408,0.408,0.011,22.656,369336
1780142426662,-290,-290,3.267,6.582,6.574,0.439,0.471,0.011,22.656,369369
1780142426685,-292,-292,3.267,6.582,6.566,0.502,0.439,0.011,22.656,369402
1780142426711,-295,-295,3.267,6.574,6.557,0.439,0.533,0.011,22.656,369435
1780142426744,-300,-300,3.267,6.574,6.557,0.596,0.502,0.011,22.656,369468
1780142426783,-305,-305,3.267,6.574,6.557,0.533,0.345,0.011,22.656,369501
1780142426813,-307,-307,3.267,6.574,6.557,0.565,0.596,0.011,22.656,369534
1780142426845,-312,-312,3.267,6.566,6.557,0.565,0.659,0.011,22.656,369567
1780142426884,-317,-317,3.261,6.557,6.557,0.565,0.502,0.016,22.656,369600
1780142426911,-320,-320,3.261,6.557,6.549,0.784,0.533,0.011,22.656,369633
1780142426945,-325,-325,3.261,6.557,6.549,0.722,0.471,0.016,22.656,369666
1780142426980,-330,-330,3.261,6.557,6.541,0.753,0.533,0.011,22.656,369699
1780142427013,-332,-332,3.261,6.557,6.549,0.596,0.565,0.005,22.656,369732
1780142427046,-337,-337,3.255,6.557,6.541,0.628,0.471,0.016,22.656,369765
1780142427077,-342,-342,3.255,6.541,6.524,0.784,0.753,0.011,22.656,369798
1780142427118,-347,-347,3.248,6.549,6.541,0.596,0.596,0.016,22.656,369831
1780142427146,-350,-350,3.255,6.549,6.541,0.816,0.565,0.011,22.656,369864
1780142427179,-355,-355,3.255,6.541,6.524,0.879,0.659,0.011,22.656,369897
1780142427213,-357,-357,3.248,6.533,6.524,0.879,0.690,0.011,22.656,369930
1780142427254,-357,-357,3.255,6.549,6.541,0.816,0.565,0.011,22.656,369963
1780142427276,-352,-352,3.248,6.541,6.533,0.753,0.596,0.016,22.656,369996
1780142427309,-350,-350,3.255,6.541,6.533,0.690,0.690,0.011,22.656,370029
1780142427343,-345,-345,3.255,6.557,6.541,0.784,0.439,0.011,22.656,370062
1780142427377,-340,-340,3.261,6.557,6.541,0.722,0.533,0.011,22.656,370095
1780142427416,-337,-337,3.248,6.541,6.533,0.941,0.628,0.016,22.656,370128
1780142427443,-332,-332,3.255,6.557,6.541,0.722,0.502,0.011,22.656,370161
1780142427476,-330,-330,3.261,6.557,6.541,0.722,0.533,0.016,22.656,370194
1780142427511,-325,-325,3.261,6.557,6.549,0.690,0.628,0.016,22.656,370227
1780142427542,-320,-320,3.261,6.557,6.541,0.722,0.628,0.011,22.656,370260
1780142427584,-320,-320,3.255,6.557,6.549,0.596,0.439,0.011,22.656,370293
1780142427611,-322,-322,3.261,6.557,6.549,0.659,0.628,0.011,22.656,370326
1780142427642,-327,-327,3.261,6.566,6.557,0.596,0.439,0.011,22.656,370359
1780142427679,-332,-332,3.261,6.557,6.549,0.565,0.502,0.011,22.656,370392
1780142427709,-335,-335,3.261,6.557,6.541,0.816,0.471,0.016,22.656,370425
1780142427742,-340,-340,3.255,6.549,6.541,0.784,0.722,0.011,22.656,370458
1780142427775,-342,-342,3.261,6.549,6.541,0.628,0.628,0.005,22.656,370491
1780142427808,-347,-347,3.261,6.549,6.541,0.816,0.471,0.016,22.656,370524
1780142427841,-352,-352,3.248,6.541,6.533,0.722,0.565,0.016,22.656,370557
1780142427875,-355,-355,3.248,6.541,6.533,0.659,0.722,0.011,22.656,370590
1780142427909,-360,-360,3.255,6.549,6.533,0.722,0.722,0.011,22.656,370623
1780142427943,-365,-365,3.255,6.533,6.524,0.722,0.659,0.011,22.656,370656
1780142427979,-370,-370,3.255,6.541,6.533,0.816,0.659,0.011,22.656,370689
1780142428009,-372,-372,3.248,6.541,6.524,0.816,0.596,0.011,22.656,370722
1780142428041,-377,-377,3.248,6.524,6.516,1.004,0.722,0.011,22.656,370755
1780142428076,-380,-380,3.248,6.533,6.524,0.879,0.659,0.011,22.656,370788
1780142428107,-385,-385,3.242,6.533,6.516,0.973,0.596,0.011,22.656,370821
1780142428143,-390,-390,3.242,6.524,6.508,0.816,0.753,0.011,22.656,370854
1780142428181,-395,-395,3.242,6.524,6.516,0.784,0.596,0.016,22.656,370887
1780142428208,-397,-397,3.236,6.524,6.508,0.941,0.628,0.016,22.656,370920
1780142428245,-402,-402,3.242,6.524,6.508,1.004,0.690,0.011,22.656,370953
1780142428273,-405,-405,3.242,6.524,6.524,0.941,0.533,0.016,22.656,370986
1780142428307,-410,-410,3.248,6.524,6.508,1.035,0.659,0.011,22.656,371019
1780142428343,-415,-415,3.236,6.516,6.499,1.004,0.596,0.011,22.656,371052
1780142428375,-417,-417,3.236,6.508,6.499,0.879,1.004,0.016,22.656,371085
1780142428407,-422,-422,3.242,6.508,6.491,1.067,0.784,0.011,22.656,371118
1780142428442,-427,-427,3.242,6.516,6.508,1.067,0.816,0.011,22.656,371151
1780142428480,-432,-432,3.236,6.516,6.499,1.130,0.753,0.011,22.656,371184
1780142428506,-435,-435,3.236,6.508,6.499,1.130,0.753,0.016,22.656,371217
1780142428547,-440,-440,3.230,6.491,6.475,1.349,1.004,0.011,22.656,371250
1780142428573,-442,-442,3.242,6.508,6.491,1.004,0.784,0.005,22.656,371283
1780142428606,-447,-447,3.230,6.508,6.491,1.004,0.784,0.016,22.656,371316
1780142428641,-452,-452,3.224,6.491,6.483,1.318,0.659,0.016,22.656,371349
1780142428672,-455,-455,3.236,6.499,6.491,1.192,0.690,0.005,22.656,371382
1780142428706,-460,-460,3.230,6.491,6.483,1.255,0.628,0.016,22.656,371415
1780142428741,-465,-465,3.224,6.483,6.466,1.255,0.784,0.016,22.656,371448
1780142428776,-467,-467,3.230,6.491,6.475,1.130,0.973,0.011,22.656,371481
1780142428806,-472,-472,3.230,6.491,6.475,1.349,0.941,0.016,22.656,371514
1780142428854,-477,-477,3.236,6.491,6.475,1.349,0.879,0.011,22.656,371547
1780142428881,-482,-482,3.224,6.475,6.458,1.569,0.973,0.011,22.656,371580
1780142428915,-485,-485,3.218,6.475,6.458,1.412,0.784,0.016,22.656,371613
1780142428953,-490,-490,3.224,6.475,6.458,1.318,0.941,0.011,22.656,371646
1780142428992,-490,-490,3.224,6.475,6.458,1.130,1.067,0.005,22.656,371679
1780142429027,-485,-485,3.212,6.458,6.442,1.663,0.816,0.022,22.656,371712
1780142429067,-480,-480,3.224,6.466,6.450,1.569,0.816,0.011,22.656,371745
1780142429080,-477,-477,3.230,6.491,6.483,1.318,0.847,0.016,22.656,371778
1780142429113,-475,-475,3.224,6.491,6.475,1.286,0.847,0.011,22.656,371811
1780142429145,-470,-470,3.236,6.491,6.475,1.004,1.098,0.011,22.656,371844
1780142429179,-465,-465,3.230,6.483,6.466,1.475,1.004,0.005,22.656,371877
1780142429211,-462,-462,3.224,6.491,6.483,1.381,1.004,0.011,22.656,371910
1780142429245,-457,-457,3.236,6.499,6.483,1.161,1.035,0.011,22.656,371943
1780142429280,-452,-452,3.230,6.491,6.483,1.067,0.973,0.005,22.656,371976
1780142429310,-450,-450,3.230,6.508,6.491,1.161,0.879,0.011,22.656,372009
1780142429346,-445,-445,3.230,6.491,6.483,1.286,1.035,0.011,22.656,372042
1780142429385,-440,-440,3.224,6.491,6.475,1.318,0.816,0.016,22.656,372075
1780142429411,-437,-437,3.236,6.499,6.491,0.941,0.784,0.011,22.656,372108
1780142429442,-432,-432,3.230,6.508,6.491,0.910,0.690,0.016,22.656,372141
1780142429483,-427,-427,3.230,6.499,6.483,1.067,0.816,0.011,22.656,372174
1780142429509,-425,-425,3.230,6.499,6.491,0.973,0.753,0.016,22.656,372207
1780142429545,-420,-420,3.230,6.499,6.491,1.067,0.659,0.016,22.656,372240
1780142429575,-417,-417,3.236,6.499,6.483,0.973,0.816,0.011,22.656,372273
1780142429622,-410,-410,3.236,6.508,6.499,0.973,0.628,0.011,22.656,372306
1780142429652,-407,-407,3.242,6.516,6.508,0.847,0.659,0.016,22.656,372339
1780142429678,-405,-405,3.242,6.516,6.499,0.847,0.784,0.011,22.656,372372
1780142429712,-400,-400,3.248,6.516,6.508,0.784,0.690,0.011,22.656,372405
1780142429743,-395,-395,3.242,6.516,6.508,0.910,0.659,0.011,22.656,372438
1780142429785,-390,-390,3.236,6.508,6.499,0.941,0.847,0.016,22.656,372471
1780142429813,-387,-387,3.242,6.524,6.516,0.753,0.659,0.016,22.656,372504
1780142429839,-385,-385,3.242,6.524,6.516,0.816,0.753,0.011,22.656,372537
1780142429874,-380,-380,3.242,6.516,6.516,0.816,0.879,0.011,22.656,372570
1780142429905,-375,-375,3.236,6.524,6.508,0.816,0.722,0.016,22.656,372603
1780142429942,-370,-370,3.242,6.524,6.516,0.879,0.565,0.011,22.656,372636
1780142429970,-367,-367,3.248,6.533,6.524,0.753,0.628,0.011,22.656,372669
1780142430004,-362,-362,3.248,6.533,6.524,0.784,0.690,0.011,22.656,372702
1780142430038,-360,-360,3.248,6.533,6.524,0.753,0.596,0.011,22.656,372735
1780142430073,-355,-355,3.255,6.533,6.524,0.753,0.596,0.011,22.656,372768
1780142430109,-350,-350,3.248,6.541,6.533,0.690,0.659,0.011,22.656,372801
1780142430141,-345,-345,3.242,6.524,6.508,0.816,0.565,0.016,22.656,372834
1780142430171,-342,-342,3.242,6.533,6.524,0.722,0.628,0.011,22.656,372867
1780142430213,-337,-337,3.261,6.541,6.533,0.816,0.502,0.011,22.656,372900
1780142430242,-332,-332,3.255,6.541,6.524,0.628,0.471,0.011,22.656,372933
1780142430271,-330,-330,3.248,6.541,6.524,0.659,0.628,0.011,22.656,372966
1780142430311,-325,-325,3.255,6.541,6.533,0.753,0.565,0.011,22.656,372999
1780142430344,-320,-320,3.248,6.541,6.524,0.753,0.502,0.011,22.656,373032
1780142430369,-317,-317,3.248,6.541,6.533,0.753,0.502,0.011,22.656,373065
1780142430417,-312,-312,3.255,6.549,6.541,0.816,0.471,0.011,22.656,373098
1780142430442,-307,-307,3.255,6.549,6.541,0.565,0.439,0.011,22.656,373131
1780142430468,-305,-305,3.255,6.549,6.533,0.533,0.659,0.011,22.656,373164
1780142430502,-300,-300,3.255,6.557,6.549,0.533,0.533,0.016,22.656,373197
1780142430541,-297,-297,3.261,6.557,6.541,0.502,0.533,0.011,22.656,373230
1780142430570,-297,-297,3.261,6.557,6.541,0.471,0.565,0.011,22.656,373263
1780142430617,-297,-297,3.261,6.557,6.549,0.565,0.377,0.016,22.656,373296
1780142430635,-297,-297,3.261,6.557,6.549,0.596,0.533,0.011,22.656,373329
1780142430669,-297,-297,3.261,6.557,6.549,0.565,0.471,0.011,22.656,373362
1780142430703,-297,-297,3.261,6.557,6.557,0.565,0.377,0.011,22.656,373395
1780142430735,-297,-297,3.261,6.557,6.549,0.596,0.377,0.011,22.656,373428
1780142430767,-297,-297,3.261,6.566,6.557,0.565,0.502,0.011,22.656,373461
1780142430812,-297,-297,3.261,6.557,6.549,0.628,0.408,0.011,22.656,373494
1780142430834,-297,-297,3.261,6.557,6.549,0.533,0.471,0.011,22.656,373527
1780142430877,-297,-297,3.255,6.557,6.541,0.596,0.565,0.011,22.656,373560
1780142430901,-297,-297,3.261,6.557,6.541,0.565,0.628,0.011,22.656,373593
1780142430940,-297,-297,3.261,6.557,6.549,0.565,0.439,0.011,22.656,373626
1780142430975,-297,-297,3.261,6.557,6.549,0.565,0.565,0.011,22.656,373659
1780142431001,-297,-297,3.255,6.557,6.541,0.502,0.628,0.011,22.656,373692
1780142431037,-297,-297,3.261,6.557,6.549,0.659,0.439,0.011,22.656,373725
1780142431067,-297,-297,3.261,6.557,6.549,0.659,0.502,0.011,22.656,373758
1780142431103,-297,-297,3.261,6.557,6.549,0.565,0.439,0.011,22.656,373791
1780142431134,-297,-297,3.261,6.566,6.549,0.471,0.408,0.011,22.656,373824
1780142431173,-297,-297,3.261,6.557,6.549,0.502,0.502,0.011,22.656,373857
1780142431201,-297,-297,3.261,6.557,6.549,0.533,0.408,0.011,22.656,373890
1780142431238,-297,-297,3.261,6.557,6.557,0.502,0.502,0.011,22.656,373923
1780142431269,-297,-297,3.261,6.566,6.557,0.596,0.502,0.011,22.656,373956
1780142431299,-297,-297,3.261,6.557,6.549,0.502,0.439,0.011,22.656,373989
1780142431335,-297,-297,3.261,6.557,6.549,0.628,0.439,0.011,22.656,374022
1780142431366,-297,-297,3.261,6.557,6.549,0.565,0.471,0.016,22.656,374055
1780142431400,-297,-297,3.261,6.557,6.549,0.628,0.377,0.011,22.656,374088
1780142431432,-297,-297,3.255,6.557,6.549,0.502,0.502,0.011,22.656,374121
1780142431468,-297,-297,3.261,6.557,6.549,0.533,0.377,0.011,22.656,374154
1780142431499,-297,-297,3.261,6.557,6.549,0.502,0.533,0.011,22.656,374187
1780142431542,-297,-297,3.261,6.557,6.541,0.628,0.439,0.011,22.656,374220
1780142431567,-297,-297,3.261,6.557,6.541,0.596,0.377,0.011,22.656,374253
1780142431600,-297,-297,3.261,6.557,6.549,0.565,0.408,0.011,22.656,374286
1780142431635,-297,-297,3.255,6.557,6.549,0.502,0.377,0.016,22.656,374319
1780142431665,-297,-297,3.261,6.566,6.557,0.565,0.408,0.011,22.656,374352
1780142431701,-297,-297,3.261,6.557,6.541,0.439,0.565,0.011,22.656,374385
1780142431732,-297,-297,3.261,6.557,6.549,0.533,0.471,0.011,22.656,374418
1780142431765,-297,-297,3.261,6.557,6.557,0.628,0.439,0.011,22.656,374451
1780142431800,-297,-297,3.255,6.557,6.549,0.565,0.565,0.011,22.656,374484
1780142431843,-290,-290,3.261,6.557,6.549,0.659,0.408,0.011,22.656,374517
1780142431866,-287,-287,3.255,6.557,6.549,0.533,0.533,0.011,22.656,374550
1780142431898,-285,-285,3.261,6.566,6.557,0.502,0.471,0.011,22.656,374583
1780142431941,-280,-280,3.261,6.566,6.549,0.439,0.377,0.011,22.656,374616
1780142431966,-275,-275,3.261,6.566,6.557,0.502,0.565,0.011,22.656,374649
1780142431998,-272,-272,3.267,6.574,6.557,0.377,0.345,0.016,22.656,374682
1780142432032,-267,-267,3.267,6.566,6.566,0.439,0.471,0.011,22.656,374715
1780142432065,-262,-262,3.267,6.574,6.566,0.439,0.408,0.011,22.656,374748
1780142432098,-260,-260,3.267,6.574,6.566,0.439,0.314,0.011,22.656,374781
1780142432136,-255,-255,3.267,6.574,6.566,0.533,0.408,0.011,22.656,374814
1780142432166,-250,-250,3.267,6.574,6.566,0.345,0.314,0.011,22.656,374847
1780142432198,-247,-247,3.273,6.574,6.566,0.345,0.345,0.011,22.656,374880
1780142432234,-242,-242,3.267,6.574,6.566,0.345,0.314,0.011,22.656,374913
1780142432268,-237,-237,3.267,6.574,6.574,0.408,0.439,0.011,22.656,374946
1780142432297,-235,-235,3.267,6.582,6.566,0.439,0.314,0.011,22.656,374979
1780142432332,-230,-230,3.267,6.574,6.566,0.439,0.439,0.011,22.656,375012
1780142432363,-225,-225,3.267,6.582,6.574,0.439,0.345,0.011,22.656,375045
1780142432397,-222,-222,3.273,6.582,6.574,0.314,0.345,0.011,22.656,375078
1780142432430,-217,-217,3.273,6.591,6.574,0.377,0.282,0.016,22.656,375111
1780142432464,-212,-212,3.267,6.582,6.574,0.345,0.345,0.011,22.656,375144
1780142432512,-207,-207,3.273,6.591,6.591,0.314,0.282,0.011,22.656,375177
1780142432537,-205,-205,3.279,6.591,6.582,0.282,0.220,0.011,22.656,375210
1780142432564,-200,-200,3.273,6.591,6.582,0.345,0.314,0.011,22.656,375243
1780142432599,-197,-197,3.279,6.599,6.591,0.282,0.188,0.016,22.656,375276
1780142432630,-192,-192,3.273,6.591,6.591,0.314,0.251,0.011,22.656,375309
1780142432663,-190,-190,3.273,6.591,6.591,0.345,0.251,0.016,22.656,375342
1780142432697,-185,-185,3.279,6.599,6.599,0.220,0.251,0.011,22.656,375375
1780142432729,-180,-180,3.279,6.599,6.591,0.251,0.220,0.011,22.656,375408
1780142432764,-175,-175,3.279,6.599,6.599,0.251,0.220,0.011,22.656,375441
1780142432796,-172,-172,3.279,6.599,6.599,0.251,0.188,0.011,22.656,375474
1780142432831,-167,-167,3.279,6.607,6.599,0.251,0.220,0.011,22.656,375507
1780142432864,-162,-162,3.279,6.607,6.599,0.220,0.188,0.011,22.656,375540
1780142432898,-160,-160,3.279,6.607,6.599,0.220,0.188,0.011,22.656,375573
1780142432929,-155,-155,3.279,6.607,6.607,0.220,0.188,0.011,22.656,375606
1780142432965,-150,-150,3.285,6.607,6.607,0.188,0.188,0.011,22.656,375639
1780142432998,-147,-147,3.279,6.607,6.607,0.220,0.188,0.011,22.656,375672
1780142433029,-142,-142,3.285,6.607,6.607,0.220,0.157,0.011,22.656,375705
1780142433066,-137,-137,3.285,6.615,6.607,0.188,0.188,0.011,22.656,375738
1780142433096,-135,-135,3.285,6.615,6.607,0.188,0.157,0.011,22.656,375771
1780142433139,-130,-130,3.285,6.615,6.607,0.188,0.157,0.011,22.656,375804
1780142433162,-127,-127,3.285,6.615,6.615,0.188,0.157,0.011,22.656,375837
1780142433195,-122,-122,3.285,6.615,6.607,0.188,0.157,0.011,22.656,375870
1780142433238,-117,-117,3.285,6.615,6.615,0.188,0.157,0.011,22.656,375903
1780142433272,-112,-112,3.285,6.615,6.607,0.188,0.188,0.011,22.656,375936
1780142433310,-107,-107,3.285,6.624,6.615,0.188,0.157,0.011,22.656,375969
1780142433343,-105,-105,3.285,6.615,6.607,0.188,0.157,0.011,22.656,376002
1780142433386,-97,-97,3.285,6.615,6.607,0.188,0.157,0.016,22.656,376035
1780142433406,-95,-95,3.285,6.615,6.607,0.188,0.157,0.011,22.656,376068
1780142433445,-90,-90,3.285,6.624,6.624,0.157,0.157,0.011,22.656,376101
1780142433468,-87,-87,3.291,6.624,6.624,0.188,0.157,0.011,22.656,376134
1780142433506,-82,-82,3.285,6.624,6.615,0.188,0.157,0.011,22.656,376167
1780142433545,-77,-77,3.285,6.624,6.615,0.188,0.157,0.011,22.656,376200
1780142433567,-75,-75,3.285,6.624,6.615,0.188,0.157,0.011,22.656,376233
1780142433610,-70,-70,3.291,6.624,6.615,0.188,0.157,0.011,22.656,376266
1780142433646,-65,-65,3.291,6.624,6.624,0.188,0.157,0.011,22.656,376299
1780142433666,-62,-62,3.291,6.624,6.624,0.188,0.157,0.011,22.656,376332
1780142433706,-57,-57,3.285,6.624,6.624,0.188,0.157,0.011,22.656,376365
1780142433744,-55,-55,3.291,6.624,6.615,0.188,0.157,0.011,22.656,376398
1780142433767,-50,-50,3.291,6.624,6.615,0.188,0.157,0.011,22.656,376431
1780142433804,-47,-47,3.291,6.624,6.615,0.188,0.157,0.011,22.656,376464
1780142433844,-42,-42,3.291,6.624,6.624,0.188,0.157,0.011,22.656,376497
1780142433867,-37,-37,3.285,6.624,6.615,0.188,0.157,0.011,22.656,376530
1780142433902,-35,-35,3.291,6.624,6.624,0.188,0.157,0.011,22.656,376563
1780142433941,-30,-30,3.291,6.624,6.624,0.188,0.157,0.011,22.656,376596
1780142433963,-27,-27,3.285,6.624,6.624,0.188,0.157,0.011,22.656,376629
1780142433996,-22,-22,3.285,6.624,6.624,0.188,0.157,0.011,22.656,376662
1780142434031,-17,-17,3.291,6.624,6.624,0.188,0.157,0.011,22.656,376695
1780142434068,-12,-12,3.291,6.624,6.624,0.188,0.157,0.011,22.656,376728
1780142434104,-10,-10,3.291,6.624,6.624,0.188,0.157,0.011,22.656,376761
1780142434141,-5,-5,3.291,6.624,6.615,0.157,0.157,0.011,22.656,376794
1780142434163,-2,-2,3.291,6.624,6.624,0.188,0.157,0.011,22.656,376827
1780142434195,0,0,3.291,6.624,6.624,0.188,0.157,0.011,22.656,376860
1780142434233,0,0,3.291,6.624,6.624,0.188,0.157,0.011,22.656,376893
1780142434274,0,0,3.291,6.624,6.624,0.188,0.157,0.016,22.656,376926
1780142434295,0,0,3.291,6.624,6.624,0.188,0.157,0.016,22.656,376959
1780142434331,0,0,3.291,6.624,6.624,0.188,0.157,0.011,22.656,376992
1780142434361,0,0,3.291,6.624,6.624,0.188,0.157,0.011,22.656,377025
1780142434404,2,2,3.291,6.624,6.624,0.188,0.157,0.011,22.656,377058
1780142434426,7,7,3.291,6.624,6.624,0.188,0.157,0.011,22.656,377091
1780142434462,10,10,3.291,6.624,6.624,0.188,0.157,0.011,22.656,377124
1780142434502,15,15,3.291,6.624,6.624,0.188,0.157,0.011,22.656,377157
1780142434526,20,20,3.291,6.624,6.624,0.188,0.157,0.011,22.656,377190
1780142434561,22,22,3.291,6.632,6.624,0.188,0.157,0.011,22.656,377223
1780142434593,27,27,3.291,6.624,6.624,0.188,0.157,0.011,22.656,377256
1780142434625,30,30,3.291,6.624,6.624,0.188,0.157,0.011,22.656,377289
1780142434661,35,35,3.291,6.624,6.624,0.157,0.157,0.011,22.656,377322
1780142434705,40,40,3.291,6.624,6.624,0.188,0.157,0.011,22.656,377355
1780142434725,42,42,3.291,6.632,6.624,0.188,0.157,0.016,22.656,377388
1780142434759,47,47,3.291,6.624,6.624,0.188,0.157,0.011,22.656,377421
1780142434792,52,52,3.291,6.632,6.624,0.188,0.157,0.011,22.656,377454
1780142434825,55,55,3.291,6.632,6.624,0.188,0.157,0.011,22.656,377487
1780142434863,60,60,3.291,6.632,6.624,0.188,0.157,0.011,22.656,377520
1780142434900,65,65,3.291,6.632,6.624,0.188,0.157,0.011,22.656,377553
1780142434925,67,67,3.291,6.624,6.624,0.188,0.157,0.011,22.656,377586
1780142434962,72,72,3.291,6.632,6.624,0.157,0.157,0.011,22.656,377619
1780142434999,77,77,3.291,6.632,6.624,0.188,0.157,0.011,22.656,377652
1780142435028,82,82,3.291,6.624,6.624,0.188,0.157,0.011,22.656,377685
1780142435062,85,85,3.291,6.624,6.624,0.188,0.157,0.011,22.656,377718
1780142435109,92,92,3.291,6.632,6.624,0.188,0.157,0.011,22.656,377751
1780142435126,95,95,3.291,6.632,6.624,0.188,0.157,0.011,22.656,377784
1780142435161,97,97,3.291,6.632,6.624,0.188,0.157,0.011,22.656,377817
1780142435193,102,102,3.291,6.632,6.624,0.188,0.157,0.011,22.656,377850
1780142435239,107,107,3.291,6.632,6.624,0.188,0.157,0.016,22.656,377883
1780142435262,110,110,3.285,6.615,6.607,0.251,0.220,0.011,22.656,377916
1780142435291,115,115,3.291,6.624,6.624,0.220,0.188,0.011,22.656,377949
1780142435325,117,117,3.291,6.624,6.624,0.188,0.188,0.011,22.656,377982
1780142435364,122,122,3.291,6.624,6.615,0.188,0.188,0.016,22.656,378015
1780142435391,127,127,3.291,6.624,6.615,0.188,0.188,0.011,22.656,378048
1780142435424,130,130,3.291,6.624,6.615,0.220,0.188,0.011,22.656,378081
1780142435456,135,135,3.285,6.624,6.615,0.188,0.188,0.011,22.656,378114
1780142435491,140,140,3.285,6.624,6.607,0.220,0.188,0.011,22.656,378147
1780142435536,145,145,3.291,6.624,6.615,0.220,0.188,0.016,22.656,378180
1780142435557,147,147,3.285,6.624,6.615,0.220,0.188,0.011,22.656,378213
1780142435590,152,152,3.285,6.615,6.615,0.220,0.188,0.011,22.656,378246
1780142435630,157,157,3.285,6.624,6.615,0.220,0.188,0.016,22.656,378279
1780142435657,160,160,3.285,6.624,6.615,0.251,0.188,0.011,22.656,378312
1780142435690,165,165,3.285,6.615,6.615,0.220,0.188,0.011,22.656,378345
1780142435723,167,167,3.285,6.615,6.615,0.220,0.220,0.011,22.656,378378
1780142435768,175,175,3.285,6.615,6.615,0.251,0.188,0.011,22.656,378411
1780142435789,177,177,3.285,6.615,6.607,0.251,0.220,0.011,22.656,378444
1780142435824,180,180,3.285,6.615,6.607,0.251,0.220,0.011,22.656,378477
1780142435857,185,185,3.285,6.615,6.607,0.251,0.220,0.011,22.656,378510
1780142435891,190,190,3.285,6.615,6.607,0.251,0.220,0.011,22.656,378543
1780142435924,192,192,3.285,6.615,6.607,0.282,0.220,0.011,22.656,378576
1780142435955,197,197,3.285,6.615,6.607,0.251,0.251,0.016,22.656,378609
1780142435990,202,202,3.285,6.607,6.607,0.282,0.251,0.011,22.656,378642
1780142436024,205,205,3.285,6.607,6.599,0.282,0.314,0.011,22.656,378675
1780142436061,210,210,3.285,6.607,6.599,0.282,0.251,0.011,22.656,378708
1780142436091,215,215,3.279,6.599,6.591,0.439,0.282,0.011,22.656,378741
1780142436123,217,217,3.279,6.599,6.591,0.439,0.282,0.011,22.656,378774
1780142436157,222,222,3.279,6.599,6.591,0.345,0.251,0.011,22.656,378807
1780142436189,227,227,3.279,6.599,6.599,0.314,0.314,0.011,22.656,378840
1780142436223,230,230,3.273,6.591,6.591,0.408,0.408,0.016,22.656,378873
1780142436256,235,235,3.273,6.591,6.591,0.377,0.314,0.011,22.656,378906
1780142436289,240,240,3.279,6.591,6.582,0.345,0.314,0.011,22.656,378939
1780142436325,242,242,3.273,6.591,6.582,0.439,0.408,0.011,22.656,378972
1780142436357,247,247,3.273,6.591,6.582,0.377,0.408,0.016,22.656,379005
1780142436390,252,252,3.273,6.599,6.591,0.345,0.314,0.011,22.656,379038
1780142436421,255,255,3.273,6.582,6.574,0.471,0.377,0.011,22.656,379071
1780142436455,260,260,3.267,6.582,6.574,0.439,0.408,0.011,22.656,379104
1780142436488,265,265,3.273,6.582,6.574,0.565,0.314,0.016,22.656,379137
1780142436530,270,270,3.273,6.574,6.566,0.439,0.408,0.005,22.656,379170
1780142436554,272,272,3.273,6.582,6.574,0.565,0.377,0.011,22.656,379203
1780142436587,275,275,3.273,6.582,6.574,0.502,0.439,0.011,22.656,379236
1780142436621,280,280,3.267,6.574,6.566,0.471,0.565,0.016,22.656,379269
1780142436654,285,285,3.261,6.566,6.557,0.659,0.628,0.011,22.656,379302
1780142436687,290,290,3.261,6.574,6.566,0.533,0.502,0.011,22.656,379335
1780142436722,292,292,3.267,6.574,6.566,0.502,0.471,0.011,22.656,379368
1780142436754,295,295,3.267,6.574,6.566,0.439,0.408,0.011,22.656,379401
1780142436789,295,295,3.261,6.566,6.557,0.628,0.565,0.011,22.656,379434
1780142436822,295,295,3.267,6.566,6.557,0.533,0.377,0.011,22.656,379467
1780142436854,295,295,3.261,6.557,6.549,0.690,0.533,0.016,22.656,379500
1780142436904,295,295,3.261,6.566,6.557,0.690,0.628,0.011,22.656,379533
1780142436920,295,295,3.267,6.566,6.557,0.659,0.565,0.011,22.656,379566
1780142436953,295,295,3.267,6.574,6.566,0.471,0.377,0.016,22.656,379599
1780142436988,295,295,3.267,6.574,6.557,0.502,0.471,0.011,22.656,379632
1780142437024,295,295,3.267,6.574,6.557,0.533,0.408,0.011,22.656,379665
1780142437054,295,295,3.261,6.574,6.557,0.565,0.628,0.011,22.656,379698
1780142437086,295,295,3.267,6.574,6.557,0.502,0.377,0.011,22.656,379731
1780142437121,295,295,3.267,6.574,6.557,0.565,0.408,0.011,22.656,379764
1780142437159,295,295,3.261,6.574,6.557,0.502,0.408,0.011,22.656,379797
1780142437186,295,295,3.261,6.566,6.557,0.502,0.628,0.011,22.656,379830
1780142437227,295,295,3.267,6.566,6.557,0.565,0.596,0.011,22.656,379863
1780142437256,295,295,3.267,6.566,6.557,0.690,0.439,0.011,22.656,379896
1780142437287,295,295,3.273,6.574,6.566,0.565,0.439,0.011,22.656,379929
1780142437319,295,295,3.267,6.574,6.566,0.502,0.439,0.011,22.656,379962
1780142437355,295,295,3.261,6.566,6.557,0.628,0.502,0.011,22.656,379995
1780142437386,295,295,3.261,6.566,6.566,0.565,0.502,0.011,22.656,380028
1780142437436,295,295,3.267,6.574,6.557,0.690,0.502,0.011,22.656,380061
1780142437461,295,295,3.267,6.574,6.566,0.565,0.377,0.005,22.656,380094
1780142437494,295,295,3.267,6.566,6.557,0.596,0.439,0.011,22.656,380127
1780142437533,295,295,3.267,6.574,6.557,0.596,0.471,0.011,22.656,380160
1780142437564,295,295,3.261,6.566,6.557,0.533,0.471,0.011,22.656,380193
1780142437593,295,295,3.267,6.566,6.557,0.596,0.502,0.011,22.656,380226
1780142437634,295,295,3.267,6.566,6.566,0.502,0.408,0.011,22.656,380259
1780142437662,295,295,3.267,6.566,6.557,0.565,0.471,0.005,22.656,380292
1780142437695,295,295,3.267,6.566,6.557,0.471,0.502,0.011,22.656,380325
1780142437726,295,295,3.267,6.566,6.557,0.628,0.471,0.011,22.656,380358
1780142437759,295,295,3.267,6.574,6.557,0.565,0.377,0.016,22.656,380391
1780142437792,295,295,3.267,6.574,6.557,0.502,0.565,0.005,22.656,380424
1780142437825,295,295,3.261,6.566,6.557,0.533,0.533,0.011,22.656,380457
1780142437862,295,295,3.267,6.566,6.557,0.690,0.471,0.016,22.656,380490
1780142437904,295,295,3.267,6.574,6.566,0.565,0.471,0.011,22.656,380523
1780142437932,295,295,3.261,6.566,6.566,0.596,0.345,0.016,22.656,380556
1780142437965,295,295,3.261,6.566,6.557,0.502,0.502,0.011,22.656,380589
1780142438004,295,295,3.261,6.574,6.566,0.471,0.408,0.016,22.656,380622
1780142438034,295,295,3.261,6.566,6.557,0.502,0.408,0.016,22.656,380655
1780142438057,295,295,3.267,6.574,6.566,0.565,0.439,0.011,22.656,380688
1780142438091,295,295,3.255,6.557,6.549,0.659,0.628,0.016,22.656,380721
1780142438122,295,295,3.261,6.557,6.557,0.502,0.596,0.011,22.656,380754
1780142438157,295,295,3.267,6.566,6.557,0.596,0.565,0.011,22.656,380787
1780142438188,295,295,3.267,6.574,6.566,0.659,0.439,0.011,22.656,380820
1780142438236,295,295,3.267,6.566,6.557,0.565,0.471,0.005,22.656,380853
1780142438254,295,295,3.267,6.566,6.549,0.565,0.502,0.011,22.656,380886
1780142438286,295,295,3.261,6.566,6.557,0.628,0.502,0.011,22.656,380919
1780142438321,295,295,3.267,6.566,6.557,0.502,0.439,0.005,22.656,380952
1780142438353,295,295,3.261,6.574,6.566,0.502,0.377,0.016,22.656,380985
1780142438394,295,295,3.261,6.566,6.557,0.596,0.439,0.011,22.656,381018
1780142438419,295,295,3.261,6.574,6.566,0.471,0.408,0.011,22.656,381051
1780142438463,295,295,3.261,6.566,6.549,0.596,0.439,0.011,22.656,381084
1780142438495,295,295,3.267,6.566,6.557,0.565,0.439,0.011,22.656,381117
1780142438522,295,295,3.261,6.566,6.557,0.502,0.439,0.016,22.656,381150
1780142438556,295,295,3.261,6.557,6.557,0.690,0.502,0.011,22.656,381183
1780142438588,295,295,3.261,6.566,6.557,0.628,0.565,0.016,22.656,381216
1780142438626,295,295,3.267,6.574,6.557,0.502,0.408,0.016,22.656,381249
1780142438650,295,295,3.267,6.566,6.557,0.502,0.502,0.011,22.656,381282
1780142438683,295,295,3.261,6.574,6.557,0.471,0.377,0.005,22.656,381315
1780142438727,295,295,3.261,6.574,6.566,0.471,0.502,0.011,22.656,381348
1780142438749,295,295,3.261,6.566,6.557,0.690,0.408,0.011,22.656,381381
1780142438790,295,295,3.267,6.574,6.557,0.533,0.377,0.011,22.656,381414
1780142438821,295,295,3.267,6.566,6.557,0.596,0.565,0.011,22.656,381447
1780142438865,295,295,3.261,6.566,6.557,0.690,0.408,0.011,22.656,381480
1780142438904,295,295,3.261,6.574,6.557,0.471,0.439,0.016,22.656,381513
1780142438915,295,295,3.261,6.574,6.557,0.565,0.377,0.016,22.656,381546
1780142438950,295,295,3.267,6.566,6.557,0.565,0.439,0.011,22.656,381579
1780142438982,295,295,3.261,6.557,6.549,0.690,0.502,0.016,22.656,381612
1780142439016,295,295,3.261,6.566,6.557,0.565,0.596,0.011,22.656,381645
1780142439052,295,295,3.261,6.574,6.566,0.502,0.345,0.016,22.656,381678
1780142439092,295,295,3.267,6.566,6.549,0.690,0.408,0.011,22.656,381711
1780142439124,295,295,3.261,6.566,6.557,0.628,0.439,0.011,22.656,381744
1780142439148,295,295,3.261,6.557,6.549,0.596,0.533,0.011,22.656,381777
1780142439183,295,295,3.261,6.566,6.557,0.596,0.628,0.016,22.656,381810
1780142439215,295,295,3.261,6.566,6.557,0.596,0.439,0.016,22.656,381843
1780142439251,295,295,3.267,6.574,6.557,0.565,0.502,0.016,22.656,381876
1780142439290,295,295,3.261,6.566,6.557,0.565,0.502,0.011,22.656,381909
1780142439315,295,295,3.261,6.574,6.566,0.502,0.533,0.016,22.656,381942
1780142439350,295,295,3.261,6.566,6.566,0.628,0.377,0.011,22.656,381975
1780142439382,295,295,3.267,6.574,6.566,0.628,0.377,0.011,22.656,382008
1780142439415,295,295,3.267,6.566,6.557,0.565,0.471,0.011,22.656,382041
1780142439448,295,295,3.267,6.566,6.557,0.502,0.408,0.011,22.656,382074
1780142439484,295,295,3.261,6.557,6.557,0.659,0.628,0.011,22.656,382107
1780142439516,295,295,3.267,6.574,6.557,0.565,0.377,0.011,22.656,382140
1780142439549,295,295,3.261,6.566,6.557,0.659,0.439,0.011,22.656,382173
1780142439585,295,295,3.261,6.566,6.557,0.565,0.471,0.016,22.656,382206
1780142439615,295,295,3.261,6.566,6.557,0.533,0.596,0.011,22.656,382239
1780142439648,295,295,3.267,6.566,6.557,0.628,0.439,0.011,22.656,382272
1780142439681,295,295,3.261,6.566,6.557,0.690,0.502,0.016,22.656,382305
1780142439714,295,295,3.261,6.566,6.557,0.628,0.408,0.011,22.656,382338
1780142439751,295,295,3.261,6.566,6.557,0.533,0.439,0.011,22.656,382371
1780142439781,295,295,3.261,6.566,6.557,0.565,0.471,0.011,22.656,382404
1780142439814,295,295,3.261,6.566,6.566,0.565,0.502,0.011,22.656,382437
1780142439858,295,295,3.267,6.574,6.557,0.502,0.502,0.011,22.656,382470
1780142439883,295,295,3.261,6.566,6.557,0.628,0.502,0.011,22.656,382503
1780142439914,295,295,3.267,6.566,6.557,0.502,0.377,0.011,22.656,382536
1780142439949,295,295,3.267,6.566,6.557,0.690,0.471,0.011,22.656,382569
1780142439982,295,295,3.267,6.574,6.566,0.471,0.471,0.016,22.656,382602
1780142440013,295,295,3.261,6.566,6.557,0.565,0.439,0.011,22.656,382635
1780142440048,295,295,3.261,6.566,6.557,0.502,0.502,0.011,22.656,382668
1780142440081,290,290,3.261,6.566,6.557,0.628,0.439,0.011,22.656,382701
1780142440116,285,285,3.261,6.566,6.557,0.565,0.502,0.011,22.656,382734
1780142440147,282,282,3.261,6.566,6.557,0.502,0.533,0.011,22.656,382767
1780142440181,277,277,3.273,6.574,6.566,0.471,0.565,0.011,22.656,382800
1780142440221,272,272,3.261,6.566,6.557,0.565,0.628,0.011,22.656,382833
1780142440246,270,270,3.261,6.566,6.557,0.596,0.628,0.011,22.656,382866
1780142440279,265,265,3.261,6.566,6.557,0.596,0.533,0.011,22.656,382899
1780142440313,262,262,3.267,6.582,6.574,0.439,0.408,0.011,22.656,382932
1780142440352,257,257,3.267,6.574,6.566,0.439,0.471,0.011,22.656,382965
1780142440380,252,252,3.267,6.582,6.574,0.439,0.345,0.016,22.656,382998
1780142440413,250,250,3.267,6.574,6.566,0.533,0.377,0.011,22.656,383031
1780142440446,245,245,3.267,6.582,6.574,0.471,0.471,0.011,22.656,383064
1780142440479,240,240,3.273,6.574,6.574,0.502,0.408,0.011,22.656,383097
1780142440514,237,237,3.273,6.582,6.574,0.377,0.345,0.011,22.656,383130
1780142440545,232,232,3.273,6.582,6.574,0.439,0.439,0.016,22.656,383163
1780142440579,227,227,3.273,6.591,6.582,0.345,0.314,0.011,22.656,383196
1780142440619,222,222,3.273,6.591,6.582,0.314,0.314,0.016,22.656,383229
1780142440658,217,217,3.273,6.591,6.582,0.377,0.377,0.011,22.656,383262
1780142440678,215,215,3.273,6.591,6.582,0.408,0.377,0.011,22.656,383295
1780142440713,212,212,3.273,6.582,6.574,0.439,0.408,0.011,22.656,383328
1780142440747,207,207,3.279,6.599,6.591,0.345,0.251,0.011,22.656,383361
1780142440779,202,202,3.273,6.591,6.591,0.377,0.251,0.011,22.656,383394
1780142440812,200,200,3.273,6.599,6.591,0.314,0.251,0.011,22.656,383427
1780142440845,195,195,3.279,6.599,6.599,0.282,0.251,0.016,22.656,383460
1780142440878,190,190,3.279,6.599,6.591,0.251,0.314,0.011,22.656,383493
1780142440913,187,187,3.279,6.599,6.591,0.314,0.251,0.016,22.656,383526
1780142440944,182,182,3.279,6.599,6.591,0.314,0.251,0.011,22.656,383559
1780142440978,182,182,3.285,6.615,6.607,0.220,0.220,0.011,22.656,383592
1780142441011,185,185,3.279,6.607,6.599,0.251,0.251,0.011,22.656,383625
1780142441045,190,190,3.285,6.607,6.599,0.251,0.220,0.011,22.656,383658
1780142441080,195,195,3.279,6.607,6.599,0.251,0.220,0.016,22.656,383691
1780142441112,197,197,3.279,6.607,6.599,0.282,0.251,0.011,22.656,383724
1780142441144,202,202,3.279,6.599,6.591,0.282,0.251,0.011,22.656,383757
1780142441179,207,207,3.279,6.607,6.599,0.282,0.251,0.016,22.656,383790
1780142441212,210,210,3.279,6.599,6.599,0.314,0.282,0.011,22.656,383823
1780142441246,215,215,3.273,6.599,6.591,0.314,0.345,0.011,22.656,383856
1780142441281,215,215,3.279,6.599,6.591,0.345,0.251,0.011,22.656,383889
1780142441311,215,215,3.273,6.591,6.591,0.345,0.251,0.016,22.656,383922
1780142441344,215,215,3.273,6.591,6.582,0.282,0.345,0.011,22.656,383955
1780142441396,215,215,3.273,6.591,6.582,0.377,0.282,0.011,22.656,383988
1780142441411,215,215,3.279,6.591,6.591,0.377,0.282,0.005,22.656,384021
1780142441447,215,215,3.279,6.599,6.591,0.282,0.314,0.011,22.656,384054
1780142441489,215,215,3.273,6.591,6.591,0.314,0.377,0.011,22.656,384087
1780142441529,215,215,3.273,6.591,6.591,0.377,0.282,0.016,22.656,384120
1780142441563,215,215,3.279,6.599,6.591,0.282,0.251,0.011,22.656,384153
1780142441577,215,215,3.279,6.599,6.591,0.314,0.314,0.011,22.656,384186
1780142441609,215,215,3.273,6.591,6.582,0.345,0.251,0.011,22.656,384219
1780142441653,215,215,3.279,6.599,6.591,0.377,0.314,0.011,22.656,384252
1780142441686,215,215,3.273,6.591,6.582,0.345,0.377,0.011,22.656,384285
1780142441719,215,215,3.279,6.591,6.591,0.408,0.377,0.011,22.656,384318
1780142441753,215,215,3.279,6.599,6.591,0.314,0.220,0.011,22.656,384351
1780142441790,215,215,3.279,6.599,6.591,0.345,0.251,0.011,22.656,384384
1780142441819,215,215,3.273,6.599,6.591,0.377,0.282,0.011,22.656,384417
1780142441859,215,215,3.273,6.591,6.591,0.377,0.345,0.011,22.656,384450
1780142441883,215,215,3.279,6.591,6.591,0.345,0.282,0.011,22.656,384483
1780142441918,215,215,3.273,6.591,6.591,0.408,0.251,0.011,22.656,384516
1780142441962,215,215,3.273,6.591,6.582,0.377,0.345,0.011,22.656,384549
1780142441983,215,215,3.279,6.599,6.591,0.314,0.314,0.011,22.656,384582
1780142442016,215,215,3.273,6.599,6.591,0.314,0.345,0.011,22.656,384615
1780142442049,215,215,3.279,6.599,6.591,0.314,0.251,0.011,22.656,384648
1780142442082,215,215,3.279,6.599,6.591,0.345,0.251,0.011,22.656,384681
1780142442117,215,215,3.273,6.599,6.591,0.314,0.314,0.011,22.656,384714
1780142442148,215,215,3.279,6.599,6.599,0.282,0.251,0.011,22.656,384747
1780142442181,215,215,3.279,6.599,6.591,0.314,0.282,0.011,22.656,384780
1780142442214,215,215,3.279,6.607,6.591,0.314,0.251,0.011,22.656,384813
1780142442248,210,210,3.279,6.607,6.591,0.282,0.220,0.011,22.656,384846
1780142442279,205,205,3.273,6.591,6.582,0.345,0.314,0.011,22.656,384879
1780142442314,202,202,3.273,6.599,6.591,0.314,0.251,0.016,22.656,384912
1780142442349,197,197,3.285,6.607,6.607,0.282,0.251,0.011,22.656,384945
1780142442379,192,192,3.279,6.607,6.599,0.345,0.220,0.011,22.656,384978
1780142442412,190,190,3.285,6.607,6.599,0.251,0.188,0.011,22.656,385011
1780142442444,185,185,3.285,6.607,6.607,0.220,0.251,0.011,22.656,385044
1780142442480,180,180,3.285,6.615,6.607,0.220,0.220,0.011,22.656,385077
1780142442511,177,177,3.285,6.607,6.607,0.220,0.188,0.011,22.656,385110
1780142442544,172,172,3.285,6.607,6.599,0.251,0.251,0.011,22.656,385143
1780142442581,167,167,3.285,6.607,6.607,0.251,0.188,0.011,22.656,385176
1780142442611,165,165,3.285,6.607,6.607,0.251,0.220,0.011,22.656,385209
1780142442642,160,160,3.285,6.615,6.607,0.220,0.188,0.011,22.656,385242
1780142442681,155,155,3.285,6.615,6.607,0.220,0.220,0.011,22.656,385275
1780142442708,152,152,3.285,6.624,6.607,0.220,0.188,0.011,22.656,385308
1780142442741,147,147,3.285,6.615,6.615,0.188,0.188,0.011,22.656,385341
1780142442777,145,145,3.285,6.624,6.615,0.220,0.188,0.011,22.656,385374
1780142442808,142,142,3.285,6.624,6.607,0.188,0.188,0.011,22.656,385407
1780142442841,142,142,3.285,6.624,6.615,0.188,0.188,0.011,22.656,385440
1780142442874,142,142,3.285,6.624,6.615,0.188,0.188,0.011,22.656,385473
1780142442906,142,142,3.285,6.615,6.615,0.188,0.188,0.011,22.656,385506
1780142442941,142,142,3.285,6.624,6.615,0.188,0.188,0.011,22.656,385539
1780142442973,142,142,3.291,6.624,6.624,0.220,0.188,0.016,22.656,385572
1780142443007,142,142,3.291,6.615,6.615,0.188,0.188,0.011,22.656,385605
1780142443041,142,142,3.285,6.624,6.615,0.188,0.188,0.011,22.656,385638
1780142443077,142,142,3.285,6.624,6.615,0.188,0.188,0.011,22.656,385671
1780142443108,142,142,3.291,6.624,6.615,0.188,0.188,0.011,22.656,385704
1780142443146,142,142,3.291,6.624,6.615,0.188,0.188,0.011,22.656,385737
1780142443174,142,142,3.291,6.624,6.624,0.188,0.157,0.011,22.656,385770
1780142443206,142,142,3.285,6.624,6.615,0.188,0.188,0.011,22.656,385803
1780142443240,142,142,3.285,6.624,6.615,0.188,0.188,0.011,22.656,385836
1780142443272,142,142,3.291,6.624,6.615,0.188,0.188,0.011,22.656,385869
1780142443306,142,142,3.291,6.624,6.615,0.220,0.188,0.011,22.656,385902
1780142443340,142,142,3.291,6.624,6.615,0.188,0.188,0.011,22.656,385935
1780142443375,142,142,3.291,6.624,6.615,0.220,0.188,0.011,22.656,385968
1780142443410,142,142,3.285,6.624,6.615,0.188,0.188,0.011,22.656,386001
1780142443442,142,142,3.285,6.624,6.624,0.220,0.188,0.016,22.656,386034
1780142443472,142,142,3.291,6.624,6.624,0.188,0.188,0.011,22.656,386067
1780142443506,142,142,3.291,6.624,6.624,0.188,0.157,0.016,22.656,386100
1780142443541,142,142,3.291,6.624,6.615,0.188,0.188,0.011,22.656,386133
1780142443572,142,142,3.291,6.624,6.615,0.188,0.188,0.011,22.656,386166
1780142443605,142,142,3.291,6.624,6.615,0.188,0.188,0.016,22.656,386199
1780142443638,142,142,3.291,6.624,6.624,0.188,0.188,0.011,22.656,386232
1780142443672,142,142,3.291,6.624,6.615,0.188,0.188,0.011,22.656,386265
1780142443708,142,142,3.291,6.624,6.624,0.188,0.188,0.011,22.656,386298
1780142443738,142,142,3.285,6.624,6.624,0.188,0.188,0.016,22.656,386331
1780142443772,142,142,3.285,6.624,6.624,0.188,0.188,0.011,22.656,386364
1780142443805,142,142,3.291,6.624,6.615,0.188,0.188,0.011,22.656,386397
1780142443839,142,142,3.291,6.624,6.624,0.220,0.188,0.016,22.656,386430
1780142443872,142,142,3.291,6.624,6.624,0.220,0.157,0.011,22.656,386463
1780142443906,142,142,3.291,6.624,6.615,0.188,0.188,0.011,22.656,386496
1780142443938,142,142,3.291,6.624,6.624,0.220,0.188,0.011,22.656,386529
1780142443978,142,142,3.291,6.624,6.624,0.188,0.188,0.011,22.656,386562
1780142444007,142,142,3.291,6.624,6.615,0.188,0.188,0.011,22.656,386595
1780142444037,142,142,3.291,6.624,6.615,0.188,0.188,0.011,22.656,386628
1780142444071,142,142,3.291,6.624,6.624,0.188,0.188,0.011,22.656,386661
1780142444104,142,142,3.291,6.624,6.624,0.188,0.188,0.011,22.656,386694
1780142444139,142,142,3.291,6.624,6.624,0.188,0.157,0.011,22.656,386727
1780142444170,142,142,3.291,6.624,6.624,0.188,0.188,0.011,22.656,386760
1780142444204,142,142,3.291,6.624,6.624,0.188,0.157,0.011,22.656,386793
1780142444238,142,142,3.291,6.624,6.624,0.220,0.188,0.011,22.656,386826
1780142444271,142,142,3.291,6.632,6.624,0.188,0.188,0.011,22.656,386859
1780142444310,142,142,3.291,6.624,6.624,0.188,0.188,0.011,22.656,386892
1780142444338,142,142,3.285,6.624,6.624,0.188,0.188,0.011,22.656,386925
1780142444372,142,142,3.291,6.624,6.624,0.188,0.188,0.011,22.656,386958
1780142444404,142,142,3.291,6.624,6.624,0.188,0.188,0.011,22.656,386991
1780142444437,142,142,3.291,6.624,6.624,0.188,0.188,0.011,22.656,387024
1780142444470,142,142,3.291,6.624,6.624,0.188,0.157,0.011,22.656,387057
1780142444503,142,142,3.291,6.624,6.615,0.188,0.188,0.011,22.656,387090
1780142444537,142,142,3.291,6.624,6.624,0.188,0.188,0.016,22.656,387123
1780142444575,142,142,3.291,6.624,6.624,0.188,0.157,0.011,22.656,387156
1780142444603,142,142,3.291,6.624,6.624,0.188,0.188,0.016,22.656,387189
1780142444638,142,142,3.291,6.624,6.624,0.188,0.188,0.011,22.656,387222
1780142444670,142,142,3.291,6.624,6.624,0.188,0.157,0.011,22.656,387255
1780142444703,142,142,3.291,6.632,6.624,0.188,0.188,0.011,22.656,387288
1780142444741,142,142,3.291,6.624,6.624,0.220,0.157,0.011,22.656,387321
1780142444770,142,142,3.291,6.632,6.624,0.188,0.188,0.011,22.656,387354
1780142444803,142,142,3.291,6.624,6.624,0.188,0.188,0.011,22.656,387387
1780142444847,142,142,3.291,6.624,6.624,0.188,0.188,0.011,22.656,387420
1780142444872,142,142,3.291,6.624,6.624,0.220,0.188,0.011,22.656,387453
1780142444903,142,142,3.291,6.624,6.624,0.220,0.188,0.011,22.656,387486
1780142444938,142,142,3.291,6.632,6.624,0.188,0.188,0.011,22.656,387519
1780142444969,142,142,3.291,6.632,6.624,0.188,0.157,0.011,22.656,387552
1780142445002,142,142,3.291,6.624,6.624,0.188,0.188,0.011,22.656,387585
1780142445036,142,142,3.291,6.624,6.624,0.188,0.188,0.011,22.656,387618
1780142445073,142,142,3.291,6.624,6.624,0.188,0.188,0.011,22.656,387651
1780142445102,142,142,3.291,6.624,6.624,0.188,0.188,0.011,22.656,387684
1780142445135,142,142,3.291,6.624,6.624,0.188,0.188,0.011,22.656,387717
1780142445171,142,142,3.291,6.624,6.624,0.188,0.188,0.011,22.656,387750
1780142445201,142,142,3.291,6.632,6.624,0.220,0.188,0.016,22.656,387783
1780142445235,142,142,3.291,6.624,6.624,0.188,0.188,0.011,22.656,387816
1780142445268,142,142,3.291,6.624,6.624,0.188,0.188,0.011,22.656,387849
1780142445301,142,142,3.291,6.632,6.624,0.188,0.188,0.011,22.656,387882
1780142445337,142,142,3.291,6.632,6.624,0.220,0.188,0.011,22.656,387915
1780142445369,142,142,3.291,6.624,6.624,0.188,0.188,0.011,22.656,387948
1780142445411,142,142,3.291,6.632,6.624,0.188,0.188,0.011,22.656,387981
1780142445435,142,142,3.291,6.624,6.624,0.188,0.188,0.011,22.656,388014
1780142445468,142,142,3.291,6.632,6.624,0.188,0.188,0.011,22.656,388047
1780142445501,142,142,3.291,6.624,6.624,0.220,0.157,0.011,22.656,388080
1780142445537,142,142,3.291,6.632,6.624,0.188,0.188,0.011,22.656,388113
1780142445574,142,142,3.291,6.632,6.624,0.188,0.188,0.011,22.656,388146
1780142445601,142,142,3.291,6.624,6.624,0.188,0.188,0.011,22.656,388179
1780142445635,142,142,3.291,6.632,6.624,0.220,0.188,0.016,22.656,388212
1780142445673,142,142,3.291,6.632,6.624,0.220,0.188,0.011,22.656,388245
1780142445700,142,142,3.291,6.624,6.624,0.188,0.188,0.011,22.656,388278
1780142445734,142,142,3.291,6.632,6.624,0.188,0.157,0.011,22.656,388311
1780142445766,142,142,3.291,6.632,6.624,0.220,0.188,0.011,22.656,388344
1780142445800,142,142,3.291,6.632,6.624,0.220,0.188,0.011,22.656,388377
1780142445833,142,142,3.291,6.624,6.624,0.220,0.188,0.011,22.656,388410
1780142445867,142,142,3.291,6.632,6.624,0.188,0.188,0.011,22.656,388443
1780142445901,142,142,3.291,6.632,6.624,0.188,0.188,0.011,22.656,388476
1780142445933,142,142,3.291,6.632,6.624,0.188,0.188,0.016,22.656,388509
1780142445976,142,142,3.291,6.632,6.624,0.188,0.188,0.011,22.656,388542
1780142446013,142,142,3.291,6.632,6.624,0.188,0.188,0.011,22.656,388575
1780142446042,142,142,3.291,6.624,6.624,0.220,0.188,0.011,22.656,388608
1780142446079,142,142,3.291,6.624,6.624,0.220,0.188,0.016,22.656,388641
1780142446107,142,142,3.291,6.632,6.624,0.220,0.188,0.011,22.656,388674
1780142446141,142,142,3.291,6.632,6.624,0.220,0.188,0.011,22.656,388707
1780142446173,142,142,3.291,6.632,6.624,0.188,0.188,0.011,22.656,388740
1780142446212,142,142,3.291,6.632,6.624,0.188,0.188,0.011,22.656,388773
1780142446241,142,142,3.291,6.632,6.624,0.188,0.188,0.011,22.656,388806
1780142446272,142,142,3.291,6.632,6.624,0.188,0.188,0.011,22.656,388839
1780142446311,142,142,3.291,6.632,6.624,0.188,0.157,0.011,22.656,388872
1780142446340,142,142,3.291,6.632,6.624,0.188,0.188,0.011,22.656,388905
1780142446371,142,142,3.291,6.632,6.624,0.188,0.188,0.011,22.656,388938
1780142446431,142,142,3.291,6.632,6.624,0.188,0.188,0.011,22.656,388971
1780142446437,142,142,3.291,6.624,6.624,0.188,0.188,0.011,22.656,389004
1780142446475,142,142,3.291,6.632,6.624,0.188,0.188,0.016,22.656,389037
1780142446504,142,142,3.291,6.632,6.624,0.188,0.188,0.011,22.656,389070
1780142446536,142,142,3.291,6.632,6.624,0.188,0.188,0.016,22.656,389103
1780142446569,142,142,3.291,6.632,6.632,0.188,0.188,0.011,22.656,389136
1780142446603,142,142,3.291,6.632,6.624,0.188,0.188,0.011,22.656,389169
1780142446636,142,142,3.291,6.632,6.624,0.188,0.157,0.011,22.656,389202
1780142446670,142,142,3.291,6.632,6.624,0.220,0.188,0.011,22.656,389235
1780142446719,142,142,3.291,6.632,6.624,0.220,0.188,0.011,22.656,389268
1780142446739,142,142,3.291,6.624,6.624,0.220,0.188,0.011,22.656,389301
1780142446770,142,142,3.291,6.632,6.624,0.188,0.188,0.011,22.656,389334
1780142446801,142,142,3.297,6.632,6.624,0.188,0.188,0.011,22.656,389367
1780142446834,142,142,3.291,6.632,6.624,0.188,0.188,0.011,22.656,389400
1780142446866,142,142,3.291,6.632,6.624,0.220,0.188,0.011,22.656,389433
1780142446902,137,137,3.291,6.632,6.624,0.188,0.188,0.011,22.656,389466
1780142446934,132,132,3.291,6.632,6.624,0.188,0.188,0.011,22.656,389499
1780142446965,130,130,3.291,6.632,6.624,0.188,0.188,0.011,22.656,389532
1780142447016,122,122,3.291,6.640,6.624,0.188,0.188,0.011,22.656,389565
1780142447032,120,120,3.291,6.640,6.632,0.188,0.157,0.011,22.656,389598
1780142447088,115,115,3.297,6.632,6.640,0.188,0.157,0.011,22.656,389631
1780142447099,112,112,3.291,6.632,6.632,0.188,0.157,0.011,22.656,389664
1780142447139,107,107,3.297,6.632,6.632,0.188,0.188,0.011,22.656,389697
1780142447163,105,105,3.297,6.640,6.632,0.188,0.157,0.016,22.656,389730
1780142447197,100,100,3.297,6.640,6.632,0.188,0.157,0.011,22.656,389763
1780142447230,100,100,3.297,6.640,6.632,0.188,0.157,0.011,22.656,389796
1780142447263,100,100,3.297,6.632,6.632,0.188,0.157,0.011,22.656,389829
1780142447306,100,100,3.297,6.640,6.632,0.188,0.157,0.011,22.656,389862
1780142447330,100,100,3.297,6.632,6.632,0.188,0.157,0.011,22.656,389895
1780142447364,100,100,3.291,6.632,6.632,0.188,0.188,0.011,22.656,389928
1780142447396,100,100,3.291,6.632,6.632,0.188,0.157,0.016,22.656,389961
1780142447430,100,100,3.297,6.632,6.632,0.188,0.188,0.011,22.656,389994
1780142447469,100,100,3.291,6.632,6.632,0.188,0.157,0.016,22.656,390027
1780142447496,100,100,3.291,6.640,6.632,0.188,0.157,0.011,22.656,390060
1780142447533,100,100,3.291,6.632,6.632,0.188,0.157,0.011,22.656,390093
1780142447563,100,100,3.297,6.632,6.632,0.188,0.188,0.011,22.656,390126
1780142447596,100,100,3.297,6.640,6.632,0.188,0.157,0.011,22.656,390159
1780142447637,100,100,3.297,6.632,6.632,0.188,0.188,0.011,22.656,390192
1780142447662,100,100,3.297,6.640,6.632,0.188,0.157,0.011,22.656,390225
1780142447696,100,100,3.297,6.640,6.632,0.188,0.157,0.011,22.656,390258
1780142447735,100,100,3.297,6.632,6.632,0.188,0.188,0.011,22.656,390291
1780142447762,100,100,3.291,6.632,6.632,0.188,0.157,0.011,22.656,390324
1780142447796,100,100,3.297,6.640,6.632,0.188,0.157,0.011,22.656,390357
1780142447835,100,100,3.297,6.640,6.632,0.188,0.157,0.011,22.656,390390
1780142447863,100,100,3.297,6.640,6.632,0.188,0.157,0.011,22.656,390423
1780142447914,100,100,3.297,6.640,6.632,0.188,0.157,0.011,22.656,390456
1780142447928,100,100,3.297,6.640,6.632,0.188,0.188,0.016,22.656,390489
1780142447962,100,100,3.297,6.632,6.632,0.188,0.157,0.011,22.656,390522
1780142447995,100,100,3.297,6.632,6.632,0.188,0.188,0.011,22.656,390555
1780142448028,100,100,3.297,6.640,6.632,0.188,0.157,0.011,22.656,390588
1780142448062,100,100,3.297,6.640,6.632,0.188,0.157,0.011,22.656,390621
1780142448103,100,100,3.297,6.640,6.632,0.188,0.188,0.011,22.656,390654
1780142448128,100,100,3.291,6.640,6.632,0.188,0.188,0.016,22.656,390687
1780142448161,100,100,3.297,6.640,6.632,0.188,0.157,0.011,22.656,390720
1780142448194,100,100,3.297,6.640,6.632,0.188,0.157,0.011,22.656,390753
1780142448235,95,95,3.297,6.640,6.632,0.188,0.157,0.011,22.656,390786
1780142448261,90,90,3.297,6.640,6.640,0.188,0.157,0.016,22.656,390819
1780142448295,92,92,3.297,6.640,6.632,0.157,0.188,0.011,22.656,390852
1780142448328,97,97,3.297,6.640,6.640,0.157,0.157,0.011,22.656,390885
1780142448371,102,102,3.297,6.640,6.632,0.188,0.188,0.011,22.656,390918
1780142448397,107,107,3.297,6.640,6.632,0.188,0.188,0.011,22.656,390951
1780142448428,110,110,3.291,6.632,6.632,0.220,0.188,0.011,22.656,390984
1780142448463,115,115,3.297,6.632,6.632,0.188,0.188,0.011,22.656,391017
1780142448494,117,117,3.291,6.632,6.632,0.188,0.188,0.011,22.656,391050
1780142448527,122,122,3.291,6.632,6.632,0.220,0.188,0.011,22.656,391083
1780142448561,127,127,3.291,6.632,6.624,0.188,0.188,0.011,22.656,391116
1780142448594,130,130,3.291,6.632,6.624,0.188,0.188,0.011,22.656,391149
1780142448627,135,135,3.297,6.632,6.632,0.220,0.157,0.011,22.656,391182
1780142448664,140,140,3.291,6.632,6.624,0.188,0.188,0.011,22.656,391215
1780142448694,142,142,3.291,6.632,6.632,0.220,0.188,0.011,22.656,391248
1780142448728,147,147,3.291,6.632,6.624,0.188,0.188,0.011,22.656,391281
1780142448768,152,152,3.291,6.632,6.624,0.188,0.188,0.011,22.656,391314
1780142448793,155,155,3.291,6.632,6.624,0.220,0.188,0.011,22.656,391347
1780142448826,160,160,3.291,6.632,6.624,0.220,0.188,0.011,22.656,391380
1780142448860,165,165,3.291,6.632,6.632,0.220,0.188,0.016,22.656,391413
1780142448901,170,170,3.291,6.632,6.624,0.220,0.220,0.011,22.656,391446
1780142448926,172,172,3.291,6.624,6.624,0.220,0.220,0.011,22.656,391479
1780142448962,177,177,3.285,6.624,6.615,0.251,0.220,0.011,22.656,391512
1780142448993,180,180,3.285,6.624,6.624,0.251,0.220,0.011,22.656,391545
1780142449026,185,185,3.285,6.624,6.615,0.251,0.220,0.016,22.656,391578
1780142449062,190,190,3.285,6.624,6.615,0.282,0.251,0.011,22.656,391611
1780142449093,192,192,3.291,6.624,6.624,0.251,0.220,0.011,22.656,391644
1780142449127,197,197,3.291,6.624,6.624,0.282,0.251,0.011,22.656,391677
1780142449159,202,202,3.285,6.615,6.615,0.282,0.282,0.011,22.656,391710
1780142449192,205,205,3.285,6.615,6.607,0.314,0.251,0.011,22.656,391743
1780142449228,210,210,3.285,6.624,6.615,0.314,0.251,0.011,22.656,391776
1780142449260,215,215,3.285,6.599,6.599,0.408,0.377,0.011,22.656,391809
1780142449292,217,217,3.285,6.607,6.599,0.345,0.377,0.011,22.656,391842
1780142449325,222,222,3.279,6.607,6.599,0.377,0.345,0.011,22.656,391875
1780142449359,227,227,3.285,6.607,6.599,0.345,0.377,0.011,22.656,391908
1780142449391,230,230,3.285,6.607,6.599,0.377,0.377,0.011,22.656,391941
1780142449426,235,235,3.279,6.607,6.599,0.377,0.408,0.011,22.656,391974
1780142449459,240,240,3.279,6.599,6.591,0.439,0.377,0.011,22.656,392007
1780142449492,242,242,3.279,6.599,6.599,0.502,0.282,0.016,22.656,392040
1780142449525,247,247,3.279,6.607,6.591,0.439,0.314,0.011,22.656,392073
1780142449559,252,252,3.279,6.599,6.591,0.377,0.314,0.011,22.656,392106
1780142449591,255,255,3.279,6.599,6.599,0.377,0.314,0.011,22.656,392139
1780142449624,260,260,3.273,6.582,6.574,0.659,0.471,0.016,22.656,392172
1780142449677,267,267,3.279,6.591,6.582,0.502,0.377,0.011,22.656,392205
1780142449691,267,267,3.273,6.591,6.574,0.502,0.471,0.011,22.656,392238
1780142449725,272,272,3.273,6.591,6.582,0.596,0.439,0.011,22.656,392271
1780142449757,277,277,3.273,6.574,6.566,0.565,0.533,0.011,22.656,392304
1780142449793,280,280,3.273,6.591,6.582,0.596,0.408,0.016,22.656,392337
1780142449825,285,285,3.273,6.582,6.574,0.565,0.377,0.011,22.656,392370
1780142449861,290,290,3.273,6.582,6.574,0.565,0.439,0.016,22.656,392403
1780142449891,292,292,3.273,6.582,6.574,0.659,0.377,0.011,22.656,392436
1780142449923,297,297,3.267,6.582,6.566,0.565,0.439,0.011,22.656,392469
1780142449958,302,302,3.273,6.574,6.566,0.628,0.628,0.011,22.656,392502
1780142449994,305,305,3.273,6.582,6.574,0.565,0.471,0.005,22.656,392535
1780142450026,310,310,3.273,6.574,6.566,0.565,0.408,0.011,22.656,392568
1780142450057,315,315,3.267,6.566,6.557,0.565,0.722,0.011,22.656,392601
1780142450094,317,317,3.273,6.574,6.566,0.628,0.408,0.011,22.656,392634
1780142450123,322,322,3.267,6.574,6.557,0.753,0.502,0.011,22.656,392667
1780142450164,327,327,3.261,6.574,6.557,0.690,0.533,0.011,22.656,392700
1780142450199,330,330,3.261,6.566,6.557,0.659,0.659,0.016,22.656,392733
1780142450232,335,335,3.261,6.557,6.549,0.847,0.596,0.016,22.656,392766
1780142450266,340,340,3.261,6.557,6.541,0.722,0.565,0.011,22.656,392799
1780142450308,345,345,3.261,6.566,6.557,0.690,0.628,0.011,22.656,392832
1780142450336,347,347,3.261,6.557,6.549,0.753,0.439,0.011,22.656,392865
1780142450365,352,352,3.261,6.549,6.541,0.784,0.628,0.011,22.656,392898
1780142450397,355,355,3.261,6.557,6.549,0.753,0.502,0.016,22.656,392931
1780142450431,360,360,3.261,6.549,6.541,0.910,0.628,0.011,22.656,392964
1780142450464,365,365,3.261,6.557,6.541,1.004,0.502,0.011,22.656,392997
1780142450518,370,370,3.261,6.557,6.541,0.816,0.533,0.016,22.656,393030
1780142450530,372,372,3.261,6.549,6.533,0.816,0.690,0.005,22.656,393063
1780142450566,377,377,3.255,6.557,6.541,0.816,0.565,0.016,22.656,393096
1780142450595,380,380,3.248,6.533,6.524,0.941,0.879,0.011,22.656,393129
1780142450628,385,385,3.255,6.541,6.533,0.941,0.471,0.011,22.656,393162
1780142450670,390,390,3.255,6.541,6.533,0.816,0.659,0.016,22.656,393195
1780142450695,392,392,3.248,6.541,6.524,0.816,0.471,0.016,22.656,393228
1780142450731,397,397,3.248,6.533,6.533,0.879,0.659,0.016,22.656,393261
1780142450760,400,400,3.248,6.541,6.524,0.879,0.439,0.016,22.656,393294
1780142450795,405,405,3.248,6.533,6.524,1.098,0.565,0.011,22.656,393327
1780142450827,410,410,3.248,6.524,6.508,1.098,0.659,0.011,22.656,393360
1780142450861,412,412,3.236,6.524,6.508,1.255,0.628,0.016,22.656,393393
1780142450892,417,417,3.242,6.533,6.516,1.098,0.628,0.011,22.656,393426
1780142450925,422,422,3.248,6.533,6.516,1.004,0.690,0.005,22.656,393459
1780142450959,425,425,3.248,6.524,6.508,1.130,0.847,0.011,22.656,393492
1780142450991,430,430,3.236,6.516,6.499,1.255,0.879,0.016,22.656,393525
1780142451025,435,435,3.236,6.508,6.499,1.224,0.690,0.016,22.656,393558
1780142451058,437,437,3.242,6.516,6.508,1.098,0.784,0.011,22.656,393591
1780142451091,442,442,3.236,6.508,6.491,1.192,0.784,0.011,22.656,393624
1780142451124,445,445,3.242,6.499,6.483,1.286,0.722,0.016,22.656,393657
1780142451162,450,450,3.236,6.508,6.491,1.067,0.816,0.016,22.656,393690
1780142451189,455,455,3.230,6.491,6.466,1.412,0.784,0.011,22.656,393723
1780142451228,460,460,3.230,6.491,6.475,1.381,0.910,0.011,22.656,393756
1780142451255,462,462,3.230,6.491,6.475,1.381,0.910,0.016,22.656,393789
1780142451289,467,467,3.218,6.483,6.466,1.506,0.784,0.011,22.656,393822
1780142451324,470,470,3.230,6.483,6.466,1.506,0.690,0.016,22.656,393855
1780142451356,475,475,3.224,6.475,6.458,1.537,0.784,0.005,22.656,393888
1780142451388,480,480,3.218,6.466,6.450,1.663,0.910,0.016,22.656,393921
1780142451428,485,485,3.224,6.466,6.450,1.632,0.941,0.016,22.656,393954
1780142451462,487,487,3.224,6.475,6.458,1.757,0.784,0.011,22.656,393987
1780142451487,492,492,3.212,6.450,6.433,1.883,0.879,0.016,22.656,394020
1780142451521,495,495,3.224,6.475,6.458,1.475,0.941,0.011,22.656,394053
1780142451554,500,500,3.224,6.475,6.450,1.600,0.816,0.005,22.656,394086
1780142451587,500,500,3.218,6.458,6.442,1.883,1.004,0.011,22.656,394119
1780142451621,500,500,3.212,6.458,6.442,1.820,1.161,0.011,22.656,394152
1780142451662,500,500,3.218,6.475,6.458,1.569,0.753,0.011,22.656,394185
1780142451688,500,500,3.212,6.466,6.450,1.600,0.847,0.022,22.656,394218
1780142451720,500,500,3.218,6.475,6.458,1.506,0.910,0.016,22.656,394251
1780142451767,500,500,3.212,6.458,6.442,1.506,1.004,0.016,22.656,394284
1780142451788,500,500,3.224,6.475,6.458,1.443,1.035,0.011,22.656,394317
1780142451821,500,500,3.224,6.466,6.450,1.694,0.879,0.011,22.656,394350
1780142451853,500,500,3.224,6.466,6.450,1.537,1.004,0.011,22.656,394383
1780142451886,500,500,3.218,6.458,6.442,1.757,0.941,0.011,22.656,394416
1780142451920,500,500,3.205,6.458,6.450,1.537,1.004,0.016,22.656,394449
1780142451971,500,500,3.205,6.442,6.425,1.945,1.004,0.016,22.656,394482
1780142451986,500,500,3.212,6.450,6.417,1.945,0.910,0.005,22.656,394515
1780142452020,500,500,3.212,6.450,6.425,1.726,1.318,0.005,22.656,394548
1780142452053,500,500,3.212,6.466,6.442,1.506,0.784,0.022,22.656,394581
1780142452087,500,500,3.205,6.458,6.442,1.286,1.035,0.022,22.656,394614
1780142452123,500,500,3.212,6.466,6.450,1.443,0.910,0.016,22.656,394647
1780142452155,500,500,3.218,6.466,6.450,1.632,0.973,0.011,22.656,394680
1780142452185,500,500,3.212,6.466,6.450,1.506,0.910,0.016,22.656,394713
1780142452219,500,500,3.218,6.466,6.450,1.443,1.004,0.005,22.656,394746
1780142452255,500,500,3.230,6.483,6.466,1.255,1.035,0.011,22.656,394779
1780142452286,500,500,3.212,6.466,6.458,1.475,1.067,0.011,22.656,394812
1780142452319,500,500,3.212,6.466,6.442,1.506,1.130,0.016,22.656,394845
1780142452354,500,500,3.218,6.458,6.442,1.537,0.847,0.005,22.656,394878
1780142452385,500,500,3.212,6.458,6.433,1.757,0.910,0.011,22.656,394911
1780142452418,500,500,3.212,6.458,6.442,1.632,0.941,0.016,22.656,394944
1780142452452,500,500,3.218,6.458,6.442,1.475,0.973,0.011,22.656,394977
1780142452485,500,500,3.218,6.466,6.450,1.443,0.910,0.011,22.656,395010
1780142452518,500,500,3.224,6.475,6.466,1.318,0.941,0.011,22.656,395043
1780142452552,500,500,3.218,6.466,6.450,1.443,0.847,0.016,22.656,395076
1780142452585,500,500,3.218,6.458,6.442,1.600,0.847,0.011,22.656,395109
1780142452618,500,500,3.218,6.466,6.450,1.569,0.910,0.011,22.656,395142
1780142452651,500,500,3.205,6.466,6.450,1.506,0.847,0.011,22.656,395175
1780142452684,500,500,3.218,6.466,6.450,1.318,0.816,0.011,22.656,395208
1780142452718,497,497,3.218,6.475,6.458,1.318,0.847,0.011,22.656,395241
1780142452751,492,492,3.230,6.475,6.458,1.286,0.753,0.005,22.656,395274
1780142452792,487,487,3.218,6.475,6.458,1.412,0.910,0.016,22.656,395307
1780142452828,482,482,3.224,6.475,6.466,1.349,0.784,0.011,22.656,395340
1780142452862,480,480,3.224,6.483,6.466,1.381,1.004,0.016,22.656,395373
1780142452886,477,477,3.218,6.475,6.458,1.475,0.879,0.016,22.656,395406
1780142452918,472,472,3.224,6.483,6.466,1.192,0.784,0.016,22.656,395439
1780142452952,467,467,3.230,6.491,6.466,1.192,0.753,0.005,22.656,395472
1780142452985,465,465,3.236,6.491,6.483,1.035,0.910,0.005,22.656,395505
1780142453017,460,460,3.230,6.491,6.475,1.412,0.847,0.016,22.656,395538
1780142453054,455,455,3.218,6.491,6.475,1.098,0.910,0.016,22.656,395571
1780142453083,452,452,3.218,6.491,6.475,1.255,0.941,0.016,22.656,395604
1780142453127,445,445,3.224,6.483,6.475,1.098,0.784,0.011,22.656,395637
1780142453150,442,442,3.236,6.491,6.475,1.035,0.879,0.005,22.656,395670
1780142453184,440,440,3.236,6.491,6.483,1.192,0.784,0.016,22.656,395703
1780142453217,435,435,3.230,6.491,6.475,1.224,0.659,0.016,22.656,395736
1780142453258,430,430,3.224,6.491,6.475,1.192,0.910,0.016,22.656,395769
1780142453283,427,427,3.230,6.499,6.491,0.941,0.753,0.011,22.656,395802
1780142453318,422,422,3.242,6.499,6.491,0.973,0.784,0.011,22.656,395835
1780142453350,417,417,3.236,6.508,6.491,0.910,0.596,0.011,22.656,395868
1780142453383,415,415,3.236,6.508,6.491,0.879,0.753,0.011,22.656,395901
1780142453416,410,410,3.230,6.508,6.491,1.067,0.690,0.016,22.656,395934
1780142453452,405,405,3.230,6.499,6.491,1.067,0.722,0.016,22.656,395967
1780142453483,402,402,3.236,6.516,6.499,0.973,0.628,0.011,22.656,396000
1780142453516,397,397,3.242,6.508,6.499,0.941,0.753,0.011,22.656,396033
1780142453562,392,392,3.242,6.516,6.508,0.722,0.784,0.005,22.656,396066
1780142453583,390,390,3.236,6.516,6.508,0.910,0.690,0.016,22.656,396099
1780142453616,390,390,3.242,6.524,6.516,0.910,0.596,0.016,22.656,396132
1780142453649,390,390,3.236,6.524,6.508,0.847,0.533,0.016,22.656,396165
1780142453682,390,390,3.230,6.516,6.499,0.973,0.502,0.016,22.656,396198
1780142453717,390,390,3.236,6.508,6.499,1.035,0.753,0.011,22.656,396231
1780142453749,390,390,3.230,6.508,6.491,1.035,0.628,0.011,22.656,396264
1780142453784,390,390,3.242,6.516,6.499,0.973,0.690,0.011,22.656,396297
1780142453830,390,390,3.242,6.516,6.499,0.973,0.690,0.005,22.741,396330
1780142453849,390,390,3.242,6.516,6.499,0.784,0.533,0.016,22.656,396363
1780142453882,390,390,3.236,6.516,6.508,0.847,0.659,0.016,22.656,396396
1780142453915,390,390,3.236,6.516,6.499,1.067,0.690,0.011,22.656,396429
1780142453951,390,390,3.236,6.508,6.499,1.098,0.753,0.011,22.656,396462
1780142453981,390,390,3.236,6.516,6.499,0.941,0.628,0.011,22.656,396495
1780142454015,390,390,3.236,6.524,6.508,0.879,0.628,0.016,22.656,396528
1780142454048,390,390,3.242,6.516,6.508,0.753,0.784,0.011,22.656,396561
1780142454081,390,390,3.242,6.516,6.499,0.816,0.533,0.011,22.656,396594
1780142454114,390,390,3.242,6.516,6.499,0.941,0.596,0.011,22.656,396627
1780142454155,390,390,3.236,6.508,6.491,1.067,0.753,0.011,22.656,396660
1780142454182,390,390,3.242,6.516,6.508,0.941,0.565,0.011,22.656,396693
1780142454215,390,390,3.242,6.516,6.499,0.879,0.628,0.005,22.656,396726
1780142454248,390,390,3.242,6.516,6.508,0.910,0.628,0.022,22.656,396759
1780142454280,390,390,3.236,6.508,6.499,0.941,0.565,0.022,22.656,396792
1780142454317,390,390,3.242,6.516,6.499,0.816,0.690,0.005,22.656,396825
1780142454355,390,390,3.248,6.524,6.508,0.753,0.628,0.005,22.656,396858
1780142454382,390,390,3.242,6.516,6.499,0.879,0.816,0.011,22.656,396891
1780142454414,390,390,3.236,6.508,6.499,1.067,0.628,0.011,22.656,396924
1780142454451,390,390,3.236,6.508,6.499,1.067,0.628,0.011,22.656,396957
1780142454489,390,390,3.242,6.508,6.499,0.941,0.753,0.011,22.656,396990
1780142454525,390,390,3.236,6.508,6.499,0.941,0.628,0.022,22.656,397023
1780142454563,390,390,3.242,6.524,6.516,0.847,0.628,0.011,22.741,397056
1780142454606,390,390,3.242,6.508,6.499,1.035,0.690,0.016,22.656,397089
1780142454631,390,390,3.236,6.508,6.499,1.004,0.659,0.011,22.656,397122
1780142454656,390,390,3.236,6.516,6.499,1.067,0.565,0.016,22.741,397155
1780142454688,390,390,3.242,6.508,6.499,1.067,0.628,0.016,22.656,397188
1780142454721,390,390,3.236,6.508,6.499,1.035,0.753,0.011,22.656,397221
1780142454754,390,390,3.242,6.516,6.499,1.035,0.502,0.016,22.656,397254
1780142454787,390,390,3.236,6.508,6.499,1.098,0.565,0.011,22.656,397287
1780142454821,385,385,3.236,6.508,6.499,0.941,0.690,0.011,22.656,397320
1780142454853,380,380,3.230,6.508,6.491,1.004,0.722,0.016,22.741,397353
1780142454889,377,377,3.242,6.524,6.508,0.910,0.628,0.011,22.741,397386
1780142454919,372,372,3.242,6.524,6.508,0.784,0.533,0.005,22.656,397419
1780142454971,367,367,3.242,6.524,6.508,0.847,0.659,0.011,22.656,397452
1780142454984,365,365,3.248,6.524,6.508,0.879,0.628,0.005,22.741,397485
1780142455018,360,360,3.248,6.524,6.508,0.816,0.628,0.011,22.656,397518
1780142455051,357,357,3.242,6.533,6.524,0.941,0.533,0.011,22.656,397551
1780142455085,352,352,3.236,6.524,6.516,0.690,0.753,0.011,22.656,397584
1780142455120,347,347,3.236,6.516,6.508,0.784,0.784,0.011,22.741,397617
1780142455150,345,345,3.248,6.524,6.516,0.816,0.722,0.011,22.741,397650
1780142455185,340,340,3.248,6.524,6.524,0.816,0.565,0.011,22.656,397683
1780142455216,335,335,3.242,6.524,6.516,0.753,0.533,0.016,22.741,397716
1780142455256,330,330,3.248,6.524,6.524,0.941,0.408,0.011,22.741,397749
1780142455281,327,327,3.248,6.541,6.524,0.628,0.471,0.011,22.741,397782
1780142455316,322,322,3.248,6.533,6.524,0.753,0.659,0.011,22.741,397815
1780142455348,320,320,3.248,6.541,6.524,0.879,0.565,0.011,22.741,397848
1780142455380,315,315,3.255,6.541,6.524,0.628,0.471,0.011,22.741,397881
1780142455432,307,307,3.248,6.541,6.533,0.690,0.659,0.011,22.741,397914
1780142455455,305,305,3.248,6.541,6.533,0.628,0.439,0.011,22.741,397947
1780142455480,302,302,3.255,6.541,6.541,0.596,0.659,0.011,22.656,397980
1780142455515,297,297,3.255,6.549,6.541,0.596,0.628,0.011,22.741,398013
1780142455545,295,295,3.255,6.557,6.541,0.596,0.471,0.016,22.656,398046
1780142455586,290,290,3.255,6.549,6.541,0.565,0.471,0.011,22.741,398079
1780142455611,287,287,3.261,6.549,6.541,0.690,0.439,0.016,22.741,398112
1780142455644,282,282,3.261,6.566,6.557,0.502,0.471,0.011,22.741,398145
1780142455686,277,277,3.261,6.566,6.557,0.439,0.471,0.011,22.741,398178
1780142455711,275,275,3.255,6.557,6.549,0.502,0.377,0.011,22.741,398211
1780142455745,270,270,3.261,6.566,6.557,0.408,0.439,0.011,22.741,398244
1780142455783,265,265,3.255,6.566,6.557,0.408,0.345,0.016,22.741,398277
1780142455811,262,262,3.261,6.566,6.557,0.502,0.471,0.011,22.741,398310
1780142455846,257,257,3.261,6.557,6.549,0.502,0.439,0.016,22.741,398343
1780142455877,252,252,3.267,6.574,6.566,0.439,0.282,0.011,22.741,398376
1780142455910,250,250,3.267,6.566,6.557,0.471,0.502,0.011,22.741,398409
1780142455944,245,245,3.267,6.574,6.566,0.408,0.345,0.005,22.741,398442
1780142455977,240,240,3.267,6.574,6.566,0.408,0.314,0.016,22.741,398475
1780142456010,237,237,3.267,6.574,6.566,0.377,0.314,0.005,22.741,398508
1780142456044,232,232,3.267,6.574,6.574,0.345,0.282,0.016,22.741,398541
1780142456077,227,227,3.267,6.582,6.574,0.314,0.251,0.011,22.741,398574
1780142456110,225,225,3.267,6.582,6.574,0.377,0.282,0.011,22.741,398607
1780142456144,220,220,3.267,6.574,6.574,0.377,0.314,0.011,22.656,398640
1780142456177,215,215,3.267,6.582,6.574,0.282,0.377,0.011,22.741,398673
1780142456219,210,210,3.267,6.574,6.574,0.439,0.251,0.011,22.741,398706
1780142456243,207,207,3.273,6.591,6.574,0.345,0.282,0.011,22.741,398739
1780142456285,202,202,3.273,6.582,6.582,0.314,0.251,0.016,22.741,398772
1780142456310,200,200,3.273,6.582,6.582,0.345,0.282,0.011,22.741,398805
1780142456351,195,195,3.273,6.591,6.591,0.251,0.251,0.011,22.741,398838
1780142456377,190,190,3.273,6.582,6.582,0.314,0.314,0.011,22.656,398871
1780142456411,187,187,3.273,6.591,6.574,0.251,0.314,0.011,22.741,398904
1780142456443,182,182,3.273,6.591,6.591,0.314,0.220,0.011,22.741,398937
1780142456476,177,177,3.273,6.591,6.591,0.282,0.220,0.011,22.741,398970
1780142456523,172,172,3.273,6.591,6.591,0.251,0.220,0.011,22.741,399003
1780142456549,170,170,3.279,6.599,6.591,0.220,0.220,0.011,22.741,399036
1780142456589,165,165,3.279,6.599,6.591,0.220,0.220,0.011,22.741,399069
1780142456609,162,162,3.273,6.599,6.591,0.251,0.220,0.011,22.741,399102
1780142456642,157,157,3.279,6.599,6.591,0.220,0.220,0.011,22.741,399135
1780142456675,152,152,3.279,6.599,6.599,0.220,0.220,0.011,22.741,399168
1780142456709,150,150,3.279,6.599,6.599,0.220,0.188,0.016,22.741,399201
1780142456742,145,145,3.279,6.599,6.599,0.220,0.188,0.011,22.741,399234
1780142456775,140,140,3.279,6.599,6.599,0.188,0.188,0.011,22.741,399267
1780142456817,135,135,3.279,6.607,6.599,0.188,0.188,0.011,22.741,399300
1780142456851,132,132,3.279,6.607,6.607,0.188,0.188,0.011,22.741,399333
1780142456878,127,127,3.285,6.607,6.607,0.188,0.188,0.011,22.741,399366
1780142456916,122,122,3.285,6.607,6.607,0.188,0.157,0.011,22.741,399399
1780142456942,120,120,3.285,6.607,6.607,0.188,0.157,0.011,22.741,399432
1780142456975,115,115,3.285,6.615,6.607,0.188,0.157,0.011,22.741,399465
1780142457010,112,112,3.285,6.615,6.607,0.188,0.157,0.011,22.656,399498
1780142457056,105,105,3.285,6.615,6.607,0.188,0.157,0.011,22.741,399531
1780142457083,102,102,3.285,6.607,6.607,0.188,0.157,0.011,22.741,399564
1780142457108,100,100,3.285,6.607,6.607,0.188,0.157,0.011,22.741,399597
1780142457141,95,95,3.285,6.615,6.607,0.188,0.188,0.011,22.741,399630
1780142457175,90,90,3.285,6.615,6.607,0.188,0.157,0.011,22.741,399663
1780142457224,85,85,3.285,6.607,6.607,0.188,0.157,0.016,22.741,399696
1780142457241,82,82,3.285,6.624,6.607,0.188,0.157,0.011,22.741,399729
1780142457274,80,80,3.285,6.615,6.615,0.188,0.157,0.016,22.741,399762
1780142457307,75,75,3.285,6.615,6.615,0.188,0.157,0.011,22.741,399795
1780142457341,70,70,3.285,6.615,6.615,0.188,0.157,0.011,22.741,399828
1780142457373,67,67,3.285,6.615,6.615,0.188,0.157,0.011,22.741,399861
1780142457407,62,62,3.285,6.624,6.615,0.188,0.157,0.011,22.741,399894
1780142457440,57,57,3.285,6.624,6.615,0.188,0.157,0.011,22.741,399927
1780142457474,55,55,3.285,6.615,6.615,0.188,0.157,0.011,22.741,399960
1780142457507,50,50,3.285,6.615,6.615,0.188,0.157,0.011,22.741,399993
1780142457540,45,45,3.285,6.615,6.615,0.157,0.157,0.011,22.741,400026
1780142457574,42,42,3.285,6.624,6.615,0.188,0.157,0.011,22.741,400059
1780142457607,37,37,3.285,6.624,6.615,0.188,0.157,0.011,22.741,400092
1780142457640,32,32,3.285,6.624,6.615,0.188,0.157,0.011,22.741,400125
1780142457673,30,30,3.285,6.615,6.615,0.188,0.157,0.011,22.741,400158
1780142457706,25,25,3.291,6.624,6.615,0.188,0.157,0.011,22.741,400191
1780142457739,20,20,3.285,6.624,6.615,0.188,0.157,0.011,22.741,400224
1780142457773,17,17,3.285,6.624,6.615,0.188,0.157,0.011,22.741,400257
1780142457807,12,12,3.285,6.624,6.615,0.188,0.157,0.011,22.741,400290
1780142457839,7,7,3.285,6.624,6.615,0.188,0.157,0.011,22.741,400323
1780142457873,5,5,3.285,6.624,6.615,0.188,0.157,0.011,22.741,400356
1780142457914,0,0,3.285,6.624,6.615,0.188,0.157,0.011,22.741,400389
1780142457941,0,0,3.285,6.624,6.615,0.188,0.157,0.011,22.741,400422
1780142457972,0,0,3.285,6.624,6.615,0.157,0.157,0.011,22.741,400455
1780142458006,0,0,3.285,6.624,6.624,0.188,0.157,0.011,22.741,400488
1780142458039,0,0,3.285,6.624,6.615,0.188,0.157,0.011,22.741,400521
1780142458080,0,0,3.285,6.624,6.615,0.188,0.157,0.011,22.741,400554
1780142458106,0,0,3.285,6.624,6.615,0.188,0.157,0.011,22.741,400587
1780142458139,0,0,3.291,6.624,6.615,0.157,0.157,0.011,22.741,400620
1780142458172,0,0,3.291,6.624,6.624,0.188,0.157,0.011,22.741,400653
1780142458205,0,0,3.291,6.624,6.624,0.188,0.157,0.011,22.741,400686
1780142458240,0,0,3.285,6.624,6.615,0.188,0.157,0.011,22.741,400719
1780142458272,0,0,3.285,6.624,6.624,0.188,0.157,0.011,22.741,400752
1780142458305,0,0,3.291,6.624,6.624,0.188,0.157,0.011,22.741,400785
1780142458338,0,0,3.285,6.624,6.624,0.188,0.157,0.011,22.741,400818
1780142458371,0,0,3.285,6.624,6.615,0.188,0.157,0.011,22.741,400851
1780142458405,0,0,3.291,6.624,6.615,0.188,0.157,0.011,22.741,400884
1780142458438,0,0,3.291,6.624,6.624,0.188,0.157,0.011,22.741,400917
1780142458479,0,0,3.291,6.624,6.615,0.188,0.157,0.011,22.741,400950
1780142458505,0,0,3.291,6.624,6.624,0.188,0.157,0.011,22.741,400983
1780142458538,0,0,3.291,6.624,6.624,0.188,0.157,0.011,22.741,401016
1780142458572,0,0,3.291,6.624,6.624,0.188,0.157,0.011,22.741,401049
1780142458604,0,0,3.291,6.624,6.624,0.188,0.157,0.011,22.741,401082
1780142458638,0,0,3.291,6.624,6.615,0.157,0.157,0.016,22.741,401115
1780142458677,0,0,3.291,6.624,6.624,0.188,0.157,0.011,22.741,401148
1780142458713,0,0,3.291,6.624,6.615,0.188,0.157,0.011,22.656,401181
1780142458739,0,0,3.291,6.624,6.624,0.157,0.157,0.011,22.741,401214
1780142458779,0,0,3.291,6.624,6.624,0.188,0.157,0.011,22.741,401247
1780142458812,0,0,3.285,6.624,6.624,0.188,0.157,0.011,22.741,401280
1780142458855,0,0,3.291,6.624,6.624,0.188,0.157,0.016,22.741,401313
1780142458878,0,0,3.291,6.624,6.624,0.188,0.157,0.011,22.741,401346
1780142458913,0,0,3.291,6.624,6.624,0.188,0.157,0.011,22.741,401379
1780142458945,0,0,3.291,6.632,6.624,0.188,0.157,0.011,22.741,401412
1780142458978,0,0,3.291,6.624,6.624,0.188,0.157,0.011,22.741,401445
1780142459010,0,0,3.291,6.624,6.615,0.188,0.157,0.011,22.741,401478
1780142459043,0,0,3.291,6.624,6.624,0.188,0.157,0.011,22.741,401511
1780142459077,0,0,3.291,6.624,6.624,0.188,0.157,0.011,22.741,401544
1780142459109,0,0,3.291,6.624,6.624,0.188,0.157,0.011,22.741,401577
1780142459145,0,0,3.291,6.624,6.624,0.188,0.157,0.011,22.741,401610
1780142459175,0,0,3.285,6.624,6.624,0.188,0.157,0.011,22.741,401643
1780142459211,0,0,3.291,6.624,6.624,0.188,0.157,0.011,22.656,401676
1780142459241,0,0,3.291,6.624,6.624,0.188,0.157,0.011,22.741,401709
1780142459275,0,0,3.291,6.624,6.624,0.188,0.157,0.011,22.741,401742
1780142459309,0,0,3.291,6.624,6.624,0.188,0.157,0.011,22.741,401775
1780142459341,0,0,3.291,6.624,6.624,0.188,0.157,0.011,22.741,401808
1780142459374,0,0,3.291,6.624,6.624,0.188,0.157,0.011,22.656,401841
1780142459415,0,0,3.291,6.624,6.624,0.157,0.157,0.011,22.741,401874
1780142459445,0,0,3.291,6.624,6.624,0.188,0.157,0.011,22.741,401907
1780142459473,0,0,3.291,6.632,6.624,0.188,0.157,0.011,22.741,401940
1780142459512,0,0,3.291,6.624,6.624,0.188,0.157,0.016,22.656,401973
1780142459539,0,0,3.291,6.624,6.624,0.188,0.157,0.011,22.656,402006
1780142459575,0,0,3.291,6.632,6.624,0.188,0.157,0.011,22.741,402039
1780142459606,0,0,3.291,6.632,6.624,0.188,0.157,0.011,22.656,402072
1780142459639,0,0,3.291,6.624,6.624,0.188,0.157,0.011,22.741,402105
1780142459676,0,0,3.291,6.624,6.624,0.188,0.157,0.011,22.741,402138
1780142459704,0,0,3.291,6.632,6.624,0.188,0.157,0.011,22.741,402171
1780142459737,0,0,3.291,6.632,6.624,0.188,0.157,0.011,22.741,402204
1780142459770,0,0,3.291,6.632,6.624,0.188,0.157,0.011,22.741,402237
1780142459804,0,0,3.291,6.632,6.624,0.188,0.157,0.011,22.741,402270
1780142459835,0,0,3.291,6.632,6.624,0.188,0.157,0.011,22.741,402303
1780142459870,0,0,3.291,6.632,6.624,0.188,0.157,0.011,22.741,402336
1780142459909,0,0,3.291,6.632,6.624,0.188,0.157,0.011,22.656,402369
1780142459936,0,0,3.291,6.632,6.624,0.188,0.157,0.011,22.656,402402
1780142459969,0,0,3.291,6.632,6.624,0.188,0.157,0.011,22.656,402435
1780142460001,0,0,3.291,6.632,6.624,0.188,0.157,0.011,22.656,402468
1780142460036,0,0,3.291,6.632,6.624,0.188,0.157,0.011,22.656,402501
1780142460071,0,0,3.291,6.632,6.624,0.188,0.157,0.016,22.656,402534
1780142460100,0,0,3.291,6.632,6.624,0.188,0.157,0.011,22.656,402567
1780142460134,0,0,3.291,6.632,6.624,0.188,0.157,0.016,22.656,402600
1780142460173,0,0,3.291,6.632,6.624,0.188,0.157,0.011,22.741,402633
1780142460204,0,0,3.291,6.632,6.624,0.188,0.157,0.011,22.656,402666
1780142460233,0,0,3.291,6.632,6.632,0.188,0.157,0.011,22.656,402699
1780142460268,0,0,3.291,6.632,6.624,0.188,0.157,0.011,22.741,402732
1780142460300,0,0,3.291,6.632,6.624,0.188,0.157,0.011,22.656,402765
1780142460345,0,0,3.291,6.632,6.624,0.188,0.157,0.011,22.741,402798
1780142460374,0,0,3.291,6.632,6.632,0.188,0.157,0.011,22.741,402831
1780142460402,0,0,3.291,6.632,6.632,0.157,0.157,0.011,22.656,402864
1780142460434,0,0,3.291,6.632,6.624,0.188,0.157,0.011,22.656,402897
1780142460467,0,0,3.291,6.632,6.632,0.188,0.157,0.011,22.656,402930
1780142460501,0,0,3.291,6.632,6.624,0.188,0.157,0.011,22.741,402963
1780142460533,0,0,3.291,6.632,6.624,0.188,0.157,0.011,22.656,402996
1780142460574,0,0,3.291,6.632,6.624,0.188,0.157,0.011,22.741,403029
1780142460601,0,0,3.291,6.632,6.632,0.188,0.157,0.011,22.741,403062
1780142460633,0,0,3.291,6.632,6.624,0.157,0.157,0.011,22.656,403095
1780142460667,0,0,3.291,6.632,6.624,0.188,0.157,0.011,22.656,403128
1780142460699,0,0,3.291,6.632,6.624,0.188,0.157,0.011,22.656,403161
1780142460732,0,0,3.291,6.632,6.624,0.188,0.157,0.011,22.656,403194
1780142460766,0,0,3.291,6.632,6.624,0.188,0.157,0.016,22.741,403227
1780142460801,0,0,3.291,6.632,6.632,0.188,0.157,0.011,22.741,403260
1780142460832,0,0,3.291,6.632,6.624,0.188,0.157,0.011,22.656,403293
1780142460867,0,0,3.291,6.632,6.632,0.188,0.157,0.011,22.656,403326
1780142460902,0,0,3.291,6.632,6.624,0.188,0.157,0.011,22.656,403359
1780142460932,0,0,3.291,6.632,6.632,0.188,0.157,0.011,22.656,403392
1780142460966,0,0,3.291,6.632,6.624,0.188,0.157,0.011,22.656,403425
