t_unix_ms,l,r,v_cell_1,v_bat,v_q,i_esc_1,i_esc_2,i_sys,temp_c,uptime_ms
1780142711964,0,0,3.316,6.673,6.673,0.188,0.157,0.011,22.402,24387
1780142711998,0,0,3.316,6.682,6.673,0.188,0.157,0.011,22.402,24420
1780142712032,0,0,3.316,6.673,6.673,0.188,0.157,0.011,22.402,24453
1780142712065,0,0,3.316,6.682,6.673,0.188,0.157,0.011,22.402,24486
1780142712097,0,0,3.316,6.673,6.673,0.188,0.157,0.011,22.402,24519
1780142712132,0,0,3.316,6.673,6.673,0.188,0.157,0.011,22.402,24552
1780142712164,0,0,3.316,6.673,6.673,0.188,0.157,0.016,22.402,24585
1780142712199,0,0,3.316,6.673,6.673,0.188,0.157,0.011,22.402,24618
1780142712232,0,0,3.316,6.673,6.673,0.188,0.157,0.016,22.402,24651
1780142712263,0,0,3.316,6.673,6.665,0.188,0.157,0.011,22.402,24684
1780142712303,0,0,3.310,6.673,6.673,0.157,0.157,0.011,22.402,24717
1780142712330,0,0,3.316,6.673,6.673,0.188,0.157,0.011,22.402,24750
1780142712364,0,0,3.316,6.673,6.673,0.188,0.157,0.011,22.402,24783
1780142712400,0,0,3.316,6.673,6.673,0.188,0.157,0.011,22.402,24816
1780142712430,0,0,3.316,6.673,6.673,0.188,0.157,0.011,22.402,24849
1780142712463,0,0,3.316,6.682,6.673,0.188,0.157,0.011,22.402,24882
1780142712498,0,0,3.316,6.673,6.673,0.188,0.157,0.011,22.402,24915
1780142712536,0,0,3.316,6.673,6.673,0.188,0.157,0.011,22.402,24948
1780142712563,0,0,3.316,6.673,6.673,0.188,0.157,0.011,22.402,24981
1780142712597,0,0,3.316,6.673,6.673,0.188,0.157,0.011,22.402,25014
1780142712637,0,0,3.316,6.673,6.673,0.188,0.157,0.011,22.402,25047
1780142712662,0,0,3.316,6.673,6.673,0.188,0.157,0.011,22.402,25080
1780142712695,0,0,3.316,6.682,6.673,0.188,0.157,0.011,22.402,25113
1780142712734,0,0,3.316,6.673,6.673,0.157,0.157,0.011,22.402,25146
1780142712762,0,0,3.316,6.673,6.673,0.188,0.157,0.011,22.402,25179
1780142712796,0,0,3.316,6.673,6.673,0.188,0.157,0.011,22.402,25212
1780142712829,0,0,3.316,6.673,6.673,0.188,0.188,0.011,22.402,25245
1780142712862,0,0,3.316,6.673,6.673,0.188,0.157,0.011,22.402,25278
1780142712897,0,0,3.316,6.673,6.673,0.188,0.157,0.011,22.402,25311
1780142712940,0,0,3.316,6.673,6.673,0.188,0.157,0.011,22.402,25344
1780142712962,0,0,3.316,6.673,6.673,0.188,0.157,0.011,22.402,25377
1780142712995,0,0,3.316,6.682,6.673,0.188,0.157,0.011,22.402,25410
1780142713031,0,0,3.316,6.673,6.673,0.188,0.157,0.011,22.402,25443
1780142713062,0,0,3.310,6.673,6.673,0.188,0.157,0.011,22.402,25476
1780142713095,0,0,3.316,6.682,6.673,0.188,0.157,0.011,22.402,25509
1780142713130,0,0,3.316,6.673,6.673,0.188,0.157,0.011,22.487,25542
1780142713162,0,0,3.316,6.673,6.673,0.188,0.157,0.011,22.402,25575
1780142713195,0,0,3.310,6.673,6.673,0.188,0.157,0.011,22.402,25608
1780142713227,0,0,3.316,6.673,6.673,0.188,0.157,0.011,22.402,25641
1780142713262,0,0,3.316,6.673,6.673,0.188,0.157,0.011,22.402,25674
1780142713294,0,0,3.316,6.673,6.673,0.188,0.157,0.016,22.402,25707
1780142713331,0,0,3.316,6.682,6.673,0.188,0.157,0.011,22.402,25740
1780142713360,0,0,3.316,6.673,6.673,0.188,0.157,0.011,22.402,25773
1780142713393,0,0,3.316,6.673,6.673,0.188,0.157,0.011,22.402,25806
1780142713428,0,0,3.316,6.673,6.673,0.188,0.157,0.011,22.402,25839
1780142713460,0,0,3.316,6.673,6.673,0.188,0.157,0.011,22.402,25872
1780142713494,0,0,3.316,6.682,6.673,0.188,0.157,0.011,22.402,25905
1780142713528,0,0,3.316,6.682,6.665,0.188,0.157,0.011,22.402,25938
1780142713560,0,0,3.316,6.673,6.673,0.188,0.157,0.011,22.402,25971
1780142713602,0,0,3.316,6.682,6.673,0.188,0.157,0.011,22.402,26004
1780142713630,0,0,3.316,6.673,6.673,0.188,0.157,0.011,22.402,26037
1780142713660,0,0,3.316,6.673,6.673,0.188,0.188,0.011,22.402,26070
1780142713693,0,0,3.310,6.673,6.673,0.188,0.157,0.011,22.402,26103
1780142713731,0,0,3.316,6.673,6.673,0.188,0.157,0.011,22.402,26136
1780142713759,0,0,3.316,6.673,6.673,0.188,0.157,0.011,22.402,26169
1780142713793,0,0,3.316,6.673,6.673,0.188,0.157,0.016,22.402,26202
1780142713826,0,0,3.316,6.673,6.673,0.188,0.157,0.011,22.402,26235
1780142713860,0,0,3.316,6.673,6.673,0.188,0.157,0.011,22.402,26268
1780142713893,0,0,3.316,6.673,6.673,0.188,0.157,0.011,22.402,26301
1780142713926,0,0,3.316,6.673,6.673,0.188,0.157,0.011,22.402,26334
1780142713959,0,0,3.316,6.673,6.673,0.188,0.157,0.011,22.402,26367
1780142713992,0,0,3.316,6.673,6.673,0.188,0.157,0.011,22.402,26400
1780142714038,0,0,3.316,6.673,6.673,0.188,0.157,0.011,22.402,26433
1780142714059,0,0,3.316,6.673,6.673,0.188,0.157,0.016,22.402,26466
1780142714093,0,0,3.316,6.673,6.673,0.188,0.157,0.011,22.402,26499
1780142714125,0,0,3.316,6.673,6.673,0.157,0.157,0.011,22.402,26532
1780142714159,0,0,3.316,6.673,6.673,0.188,0.157,0.011,22.402,26565
1780142714198,0,0,3.316,6.673,6.673,0.188,0.157,0.011,22.402,26598
1780142714236,0,0,3.316,6.673,6.673,0.188,0.157,0.011,22.402,26631
1780142714274,0,0,3.316,6.682,6.673,0.188,0.157,0.011,22.402,26664
1780142714293,0,0,3.316,6.682,6.673,0.188,0.157,0.011,22.402,26697
1780142714335,0,0,3.316,6.673,6.673,0.188,0.157,0.011,22.402,26730
1780142714367,0,0,3.316,6.682,6.673,0.188,0.157,0.011,22.402,26763
1780142714400,0,0,3.316,6.673,6.673,0.188,0.157,0.011,22.402,26796
1780142714433,0,0,3.316,6.673,6.673,0.188,0.157,0.011,22.402,26829
1780142714467,0,0,3.316,6.673,6.673,0.188,0.157,0.011,22.402,26862
1780142714499,0,0,3.316,6.682,6.673,0.188,0.157,0.011,22.402,26895
1780142714541,0,0,3.316,6.673,6.673,0.188,0.157,0.016,22.402,26928
1780142714570,0,0,3.316,6.673,6.673,0.188,0.157,0.016,22.402,26961
1780142714599,0,0,3.316,6.673,6.673,0.157,0.157,0.011,22.402,26994
1780142714636,0,0,3.316,6.673,6.673,0.188,0.157,0.011,22.402,27027
1780142714667,0,0,3.310,6.673,6.673,0.188,0.157,0.011,22.402,27060
1780142714699,0,0,3.316,6.673,6.673,0.188,0.157,0.011,22.487,27093
1780142714731,0,0,3.316,6.682,6.673,0.188,0.157,0.011,22.402,27126
1780142714763,0,0,3.316,6.673,6.673,0.188,0.157,0.011,22.402,27159
1780142714800,0,0,3.316,6.673,6.665,0.188,0.157,0.011,22.402,27192
1780142714832,0,0,3.316,6.673,6.673,0.188,0.157,0.011,22.402,27225
1780142714862,0,0,3.316,6.673,6.673,0.188,0.157,0.011,22.402,27258
1780142714910,0,0,3.316,6.673,6.673,0.188,0.157,0.011,22.402,27291
1780142714931,0,0,3.316,6.673,6.673,0.188,0.157,0.011,22.402,27324
1780142714970,0,0,3.316,6.673,6.673,0.188,0.157,0.011,22.402,27357
1780142714994,0,0,3.310,6.673,6.673,0.188,0.157,0.011,22.402,27390
1780142715028,0,0,3.316,6.673,6.673,0.157,0.157,0.011,22.402,27423
1780142715062,0,0,3.316,6.682,6.673,0.188,0.157,0.011,22.402,27456
1780142715099,0,0,3.316,6.673,6.673,0.188,0.157,0.011,22.402,27489
1780142715126,0,0,3.316,6.673,6.673,0.188,0.157,0.016,22.402,27522
1780142715164,0,0,3.316,6.673,6.673,0.188,0.157,0.011,22.402,27555
1780142715202,0,0,3.316,6.673,6.673,0.188,0.157,0.011,22.402,27588
1780142715225,0,0,3.316,6.673,6.665,0.188,0.157,0.011,22.402,27621
1780142715258,0,0,3.316,6.673,6.673,0.188,0.157,0.011,22.402,27654
1780142715292,0,0,3.316,6.682,6.673,0.188,0.157,0.011,22.402,27687
1780142715325,0,0,3.316,6.673,6.673,0.188,0.157,0.011,22.402,27720
1780142715357,0,0,3.316,6.673,6.673,0.188,0.157,0.011,22.402,27753
1780142715391,0,0,3.316,6.673,6.673,0.188,0.157,0.011,22.402,27786
1780142715435,0,0,3.316,6.673,6.673,0.188,0.126,0.011,22.402,27819
1780142715456,0,0,3.316,6.673,6.673,0.188,0.157,0.011,22.402,27852
1780142715491,0,0,3.316,6.673,6.673,0.188,0.157,0.011,22.402,27885
1780142715532,0,0,3.316,6.682,6.673,0.188,0.157,0.011,22.402,27918
1780142715556,0,0,3.316,6.673,6.673,0.188,0.157,0.011,22.402,27951
1780142715596,0,0,3.316,6.682,6.673,0.188,0.157,0.011,22.402,27984
1780142715622,0,0,3.316,6.673,6.673,0.188,0.157,0.016,22.402,28017
1780142715655,0,0,3.316,6.673,6.673,0.188,0.157,0.011,22.402,28050
1780142715689,0,0,3.310,6.673,6.673,0.188,0.126,0.011,22.402,28083
1780142715722,0,0,3.316,6.682,6.673,0.157,0.157,0.011,22.402,28116
1780142715757,0,0,3.316,6.673,6.673,0.188,0.157,0.011,22.487,28149
1780142715790,0,0,3.316,6.682,6.673,0.188,0.157,0.011,22.402,28182
1780142715824,0,0,3.316,6.673,6.673,0.188,0.157,0.011,22.402,28215
1780142715856,0,0,3.316,6.673,6.673,0.188,0.157,0.011,22.487,28248
1780142715900,0,0,3.316,6.673,6.665,0.188,0.157,0.011,22.402,28281
1780142715921,0,0,3.316,6.673,6.673,0.188,0.157,0.011,22.402,28314
1780142715954,0,0,3.316,6.673,6.673,0.188,0.157,0.011,22.402,28347
1780142715988,0,0,3.316,6.673,6.673,0.188,0.157,0.011,22.402,28380
1780142716020,0,0,3.316,6.682,6.673,0.188,0.157,0.011,22.487,28413
1780142716055,0,0,3.316,6.682,6.673,0.188,0.157,0.011,22.402,28446
1780142716088,0,0,3.316,6.673,6.673,0.188,0.157,0.011,22.402,28479
1780142716121,0,0,3.316,6.673,6.673,0.188,0.157,0.011,22.402,28512
1780142716162,0,0,3.316,6.673,6.673,0.188,0.157,0.011,22.402,28545
1780142716190,0,0,3.316,6.682,6.673,0.188,0.157,0.011,22.402,28578
1780142716232,0,0,3.316,6.682,6.673,0.188,0.157,0.011,22.402,28611
1780142716254,0,0,3.316,6.682,6.673,0.188,0.157,0.011,22.402,28644
1780142716292,0,0,3.316,6.682,6.673,0.188,0.157,0.011,22.402,28677
1780142716321,0,0,3.316,6.673,6.673,0.188,0.157,0.011,22.402,28710
1780142716354,0,0,3.316,6.673,6.673,0.188,0.157,0.011,22.402,28743
1780142716387,0,0,3.316,6.673,6.673,0.188,0.157,0.011,22.402,28776
1780142716421,0,0,3.316,6.673,6.673,0.188,0.157,0.011,22.402,28809
1780142716461,0,0,3.316,6.673,6.673,0.188,0.157,0.011,22.402,28842
1780142716487,0,0,3.316,6.673,6.673,0.188,0.157,0.011,22.402,28875
1780142716520,0,0,3.316,6.673,6.673,0.188,0.157,0.011,22.402,28908
1780142716559,0,0,3.316,6.673,6.673,0.188,0.157,0.011,22.402,28941
1780142716588,0,0,3.316,6.673,6.673,0.188,0.157,0.011,22.402,28974
1780142716619,0,0,3.316,6.673,6.673,0.188,0.157,0.011,22.402,29007
1780142716655,0,0,3.316,6.673,6.673,0.188,0.157,0.011,22.402,29040
1780142716686,0,0,3.316,6.673,6.673,0.188,0.157,0.016,22.402,29073
1780142716720,0,0,3.316,6.682,6.673,0.188,0.157,0.011,22.402,29106
1780142716753,0,0,3.316,6.673,6.673,0.188,0.157,0.011,22.402,29139
1780142716786,0,0,3.316,6.673,6.673,0.157,0.157,0.011,22.402,29172
1780142716820,0,0,3.316,6.673,6.673,0.188,0.157,0.011,22.402,29205
1780142716852,0,0,3.316,6.673,6.673,0.188,0.157,0.011,22.402,29238
1780142716885,0,0,3.316,6.673,6.673,0.188,0.157,0.011,22.402,29271
1780142716918,0,0,3.316,6.673,6.673,0.188,0.157,0.011,22.402,29304
1780142716952,0,0,3.316,6.682,6.673,0.157,0.157,0.011,22.402,29337
1780142716986,0,0,3.316,6.673,6.673,0.188,0.157,0.011,22.402,29370
1780142717020,0,0,3.316,6.673,6.673,0.188,0.157,0.011,22.402,29403
1780142717052,0,0,3.316,6.673,6.673,0.188,0.157,0.011,22.402,29436
1780142717085,0,0,3.316,6.673,6.673,0.188,0.157,0.011,22.402,29469
1780142717121,0,0,3.316,6.673,6.673,0.188,0.157,0.011,22.402,29502
1780142717152,0,0,3.316,6.673,6.673,0.188,0.157,0.011,22.402,29535
1780142717186,0,0,3.316,6.673,6.673,0.188,0.157,0.011,22.402,29568
1780142717219,0,0,3.310,6.673,6.673,0.188,0.157,0.011,22.402,29601
1780142717251,0,0,3.316,6.673,6.673,0.157,0.157,0.011,22.402,29634
1780142717285,0,0,3.316,6.673,6.673,0.188,0.157,0.011,22.402,29667
1780142717318,0,0,3.316,6.673,6.673,0.188,0.157,0.011,22.402,29700
1780142717351,0,0,3.316,6.673,6.673,0.188,0.157,0.011,22.402,29733
1780142717384,0,0,3.316,6.673,6.673,0.188,0.157,0.016,22.402,29766
1780142717418,0,0,3.316,6.673,6.673,0.188,0.157,0.011,22.402,29799
1780142717451,0,0,3.316,6.682,6.673,0.188,0.157,0.011,22.402,29832
1780142717485,0,0,3.316,6.673,6.673,0.188,0.157,0.011,22.402,29865
1780142717520,0,0,3.316,6.673,6.673,0.188,0.157,0.011,22.402,29898
1780142717551,0,0,3.316,6.682,6.673,0.157,0.157,0.011,22.402,29931
1780142717585,0,0,3.316,6.673,6.673,0.188,0.157,0.011,22.402,29964
1780142717618,0,0,3.316,6.673,6.673,0.188,0.157,0.011,22.402,29997
1780142717651,0,0,3.316,6.682,6.665,0.188,0.157,0.011,22.402,30030
1780142717684,0,0,3.310,6.673,6.673,0.188,0.157,0.011,22.402,30063
1780142717717,0,0,3.316,6.682,6.673,0.188,0.157,0.011,22.402,30096
1780142717750,0,0,3.316,6.682,6.673,0.188,0.157,0.011,22.402,30129
1780142717792,0,0,3.316,6.673,6.673,0.188,0.157,0.011,22.402,30162
1780142717816,0,0,3.316,6.673,6.673,0.188,0.157,0.011,22.402,30195
1780142717851,0,0,3.316,6.673,6.673,0.188,0.157,0.011,22.402,30228
1780142717895,0,0,3.316,6.673,6.673,0.188,0.157,0.011,22.402,30261
1780142717917,0,0,3.316,6.673,6.673,0.188,0.157,0.011,22.402,30294
1780142717950,0,0,3.316,6.673,6.673,0.188,0.157,0.011,22.402,30327
1780142717995,0,0,3.316,6.673,6.673,0.157,0.157,0.011,22.402,30360
1780142718016,0,0,3.316,6.673,6.673,0.188,0.157,0.011,22.402,30393
1780142718050,0,0,3.316,6.673,6.673,0.188,0.157,0.011,22.402,30426
1780142718083,0,0,3.316,6.673,6.673,0.157,0.157,0.011,22.402,30459
1780142718116,0,0,3.316,6.673,6.673,0.188,0.157,0.011,22.487,30492
1780142718152,0,0,3.316,6.682,6.673,0.188,0.157,0.011,22.402,30525
1780142718184,0,0,3.316,6.673,6.673,0.157,0.157,0.011,22.402,30558
1780142718217,0,0,3.310,6.673,6.673,0.188,0.157,0.011,22.487,30591
1780142718249,0,0,3.316,6.673,6.673,0.188,0.157,0.011,22.402,30624
1780142718283,0,0,3.316,6.673,6.673,0.188,0.157,0.011,22.402,30657
1780142718316,0,0,3.316,6.673,6.673,0.188,0.157,0.011,22.487,30690
1780142718348,0,0,3.310,6.673,6.673,0.188,0.157,0.011,22.402,30723
1780142718382,0,0,3.316,6.673,6.673,0.188,0.157,0.011,22.402,30756
1780142718437,0,0,3.316,6.673,6.673,0.188,0.157,0.011,22.402,30789
1780142718449,0,0,3.316,6.682,6.673,0.188,0.157,0.011,22.402,30822
1780142718482,0,0,3.316,6.673,6.673,0.188,0.157,0.011,22.402,30855
1780142718515,0,0,3.310,6.673,6.673,0.188,0.157,0.011,22.402,30888
1780142718549,0,0,3.316,6.673,6.673,0.188,0.157,0.011,22.402,30921
1780142718582,0,0,3.310,6.673,6.673,0.188,0.157,0.016,22.402,30954
1780142718624,0,0,3.316,6.673,6.673,0.188,0.157,0.011,22.402,30987
1780142718664,0,0,3.316,6.673,6.673,0.188,0.157,0.011,22.402,31020
1780142718690,0,0,3.316,6.673,6.673,0.188,0.157,0.011,22.402,31053
1780142718724,0,0,3.316,6.673,6.673,0.188,0.157,0.011,22.402,31086
1780142718756,0,0,3.310,6.673,6.673,0.188,0.157,0.011,22.402,31119
1780142718789,0,0,3.316,6.673,6.673,0.188,0.157,0.011,22.402,31152
1780142718823,0,0,3.316,6.673,6.673,0.188,0.157,0.011,22.402,31185
1780142718855,0,0,3.316,6.673,6.673,0.188,0.157,0.011,22.402,31218
1780142718896,0,0,3.316,6.673,6.673,0.188,0.157,0.016,22.402,31251
1780142718925,0,0,3.316,6.673,6.673,0.188,0.157,0.011,22.402,31284
1780142718955,0,0,3.316,6.673,6.673,0.188,0.157,0.011,22.402,31317
1780142718987,0,0,3.316,6.673,6.673,0.188,0.157,0.011,22.402,31350
1780142719020,0,0,3.316,6.673,6.673,0.188,0.157,0.011,22.402,31383
1780142719056,0,0,3.316,6.673,6.665,0.188,0.157,0.011,22.402,31416
1780142719098,0,0,3.316,6.673,6.673,0.188,0.157,0.011,22.402,31449
1780142719121,0,0,3.316,6.673,6.673,0.188,0.157,0.011,22.402,31482
1780142719168,0,0,3.316,6.673,6.673,0.188,0.157,0.011,22.402,31515
1780142719202,0,0,3.316,6.682,6.673,0.188,0.157,0.011,22.402,31548
1780142719220,0,0,3.316,6.673,6.673,0.188,0.157,0.011,22.402,31581
1780142719251,0,0,3.316,6.682,6.673,0.188,0.157,0.011,22.402,31614
1780142719285,0,0,3.316,6.673,6.673,0.157,0.157,0.011,22.402,31647
1780142719318,0,0,3.316,6.673,6.673,0.188,0.157,0.011,22.402,31680
1780142719350,0,0,3.310,6.673,6.673,0.188,0.157,0.011,22.402,31713
1780142719383,0,0,3.316,6.673,6.673,0.188,0.157,0.016,22.402,31746
1780142719417,0,0,3.316,6.682,6.673,0.188,0.157,0.016,22.402,31779
1780142719457,0,0,3.316,6.682,6.673,0.188,0.157,0.011,22.402,31812
1780142719482,0,0,3.316,6.673,6.673,0.188,0.157,0.011,22.487,31845
1780142719515,0,0,3.316,6.682,6.673,0.157,0.157,0.011,22.402,31878
1780142719549,0,0,3.316,6.682,6.673,0.188,0.157,0.011,22.402,31911
1780142719583,0,0,3.316,6.673,6.673,0.188,0.157,0.011,22.487,31944
1780142719619,0,0,3.316,6.673,6.673,0.188,0.157,0.011,22.402,31977
1780142719647,0,0,3.316,6.673,6.673,0.188,0.157,0.011,22.487,32010
1780142719682,0,0,3.316,6.673,6.673,0.188,0.157,0.011,22.487,32043
1780142719713,0,0,3.316,6.673,6.673,0.188,0.157,0.011,22.402,32076
1780142719746,0,0,3.316,6.673,6.673,0.188,0.157,0.011,22.402,32109
1780142719781,0,0,3.316,6.673,6.673,0.188,0.157,0.011,22.487,32142
1780142719823,0,0,3.316,6.673,6.673,0.188,0.157,0.011,22.402,32175
1780142719851,0,0,3.316,6.673,6.673,0.188,0.157,0.011,22.402,32208
1780142719879,0,0,3.316,6.673,6.673,0.188,0.157,0.011,22.402,32241
1780142719911,0,0,3.316,6.673,6.673,0.188,0.188,0.011,22.402,32274
1780142719945,0,0,3.316,6.673,6.673,0.188,0.157,0.011,22.487,32307
1780142719979,0,0,3.316,6.673,6.673,0.188,0.157,0.011,22.487,32340
1780142720016,0,0,3.316,6.673,6.673,0.188,0.157,0.011,22.402,32373
1780142720046,0,0,3.316,6.682,6.673,0.188,0.157,0.011,22.402,32406
1780142720085,0,0,3.316,6.673,6.673,0.188,0.157,0.011,22.402,32439
1780142720121,0,0,3.316,6.673,6.665,0.188,0.157,0.011,22.402,32472
1780142720144,0,0,3.316,6.673,6.673,0.188,0.157,0.011,22.402,32505
1780142720178,0,0,3.316,6.673,6.673,0.188,0.157,0.011,22.402,32538
1780142720211,0,0,3.310,6.673,6.673,0.188,0.157,0.016,22.487,32571
1780142720244,0,0,3.316,6.673,6.673,0.188,0.157,0.011,22.402,32604
1780142720279,0,0,3.316,6.673,6.673,0.188,0.157,0.011,22.402,32637
1780142720311,0,0,3.316,6.673,6.673,0.188,0.157,0.011,22.402,32670
1780142720344,0,0,3.316,6.673,6.673,0.188,0.157,0.011,22.402,32703
1780142720377,0,0,3.316,6.673,6.673,0.188,0.157,0.011,22.402,32736
1780142720411,0,0,3.316,6.673,6.673,0.188,0.157,0.011,22.402,32769
1780142720444,0,0,3.316,6.673,6.673,0.188,0.157,0.011,22.402,32802
1780142720479,0,0,3.316,6.673,6.673,0.188,0.157,0.011,22.402,32835
1780142720510,0,0,3.316,6.673,6.673,0.188,0.157,0.011,22.487,32868
1780142720543,0,0,3.316,6.673,6.673,0.188,0.188,0.016,22.402,32901
1780142720577,0,0,3.316,6.673,6.673,0.188,0.157,0.011,22.402,32934
1780142720610,0,0,3.316,6.673,6.673,0.188,0.157,0.011,22.402,32967
1780142720644,0,0,3.316,6.673,6.673,0.188,0.157,0.011,22.402,33000
1780142720678,0,0,3.310,6.673,6.673,0.188,0.157,0.011,22.402,33033
1780142720711,0,0,3.316,6.673,6.673,0.188,0.157,0.011,22.402,33066
1780142720761,0,0,3.316,6.682,6.673,0.188,0.126,0.011,22.402,33099
1780142720790,0,0,3.310,6.673,6.673,0.188,0.157,0.011,22.402,33132
1780142720809,0,0,3.310,6.673,6.673,0.188,0.157,0.016,22.402,33165
1780142720855,0,0,3.316,6.673,6.673,0.188,0.157,0.011,22.487,33198
1780142720877,0,0,3.316,6.673,6.673,0.188,0.157,0.011,22.402,33231
1780142720909,0,0,3.316,6.673,6.673,0.188,0.157,0.011,22.402,33264
1780142720946,0,0,3.316,6.673,6.673,0.188,0.157,0.011,22.402,33297
1780142720976,0,0,3.316,6.673,6.673,0.188,0.157,0.011,22.402,33330
1780142721009,0,0,3.316,6.673,6.673,0.188,0.157,0.011,22.402,33363
1780142721043,0,0,3.316,6.673,6.673,0.188,0.157,0.016,22.402,33396
1780142721075,0,0,3.316,6.682,6.673,0.188,0.157,0.011,22.402,33429
1780142721108,0,0,3.316,6.682,6.673,0.188,0.157,0.011,22.402,33462
1780142721149,0,0,3.316,6.682,6.673,0.188,0.157,0.011,22.402,33495
1780142721175,0,0,3.316,6.673,6.673,0.188,0.188,0.011,22.402,33528
1780142721211,0,0,3.316,6.673,6.673,0.188,0.157,0.011,22.402,33561
1780142721242,0,0,3.316,6.673,6.673,0.188,0.157,0.011,22.402,33594
1780142721282,0,0,3.316,6.673,6.673,0.188,0.157,0.011,22.402,33627
1780142721309,0,0,3.316,6.673,6.665,0.188,0.157,0.016,22.402,33660
1780142721341,0,0,3.316,6.682,6.665,0.188,0.157,0.011,22.402,33693
1780142721405,0,0,3.316,6.673,6.673,0.157,0.157,0.011,22.402,33726
1780142721411,0,0,3.316,6.673,6.673,0.188,0.157,0.011,22.487,33759
1780142721442,0,0,3.316,6.673,6.673,0.188,0.157,0.011,22.487,33792
1780142721474,0,0,3.316,6.673,6.673,0.188,0.126,0.011,22.402,33825
1780142721508,0,0,3.316,6.673,6.673,0.188,0.157,0.016,22.402,33858
1780142721542,0,0,3.316,6.673,6.673,0.188,0.157,0.016,22.402,33891
1780142721574,0,0,3.316,6.673,6.673,0.188,0.157,0.011,22.402,33924
1780142721606,0,0,3.316,6.682,6.673,0.188,0.157,0.011,22.402,33957
1780142721642,0,0,3.316,6.673,6.673,0.157,0.157,0.016,22.402,33990
1780142721674,0,0,3.310,6.673,6.673,0.188,0.157,0.011,22.402,34023
1780142721709,5,5,3.316,6.673,6.673,0.188,0.157,0.011,22.402,34056
1780142721740,7,7,3.316,6.673,6.673,0.188,0.157,0.011,22.402,34089
1780142721774,12,12,3.316,6.673,6.673,0.188,0.157,0.011,22.402,34122
1780142721807,17,17,3.310,6.673,6.673,0.188,0.157,0.011,22.487,34155
1780142721840,20,20,3.316,6.673,6.673,0.188,0.157,0.011,22.402,34188
1780142721874,25,25,3.316,6.673,6.673,0.188,0.157,0.011,22.402,34221
1780142721906,30,30,3.316,6.673,6.673,0.188,0.157,0.011,22.402,34254
1780142721940,32,32,3.316,6.673,6.673,0.188,0.157,0.011,22.487,34287
1780142721973,37,37,3.310,6.673,6.673,0.188,0.157,0.011,22.402,34320
1780142722006,42,42,3.316,6.673,6.673,0.188,0.157,0.011,22.402,34353
1780142722039,45,45,3.316,6.673,6.673,0.188,0.157,0.011,22.402,34386
1780142722073,50,50,3.316,6.673,6.673,0.188,0.157,0.016,22.402,34419
1780142722106,55,55,3.316,6.682,6.673,0.188,0.157,0.011,22.402,34452
1780142722140,57,57,3.316,6.673,6.673,0.188,0.157,0.011,22.402,34485
1780142722172,62,62,3.316,6.673,6.673,0.188,0.157,0.011,22.402,34518
1780142722205,65,65,3.316,6.673,6.673,0.157,0.157,0.011,22.402,34551
1780142722239,70,70,3.316,6.673,6.673,0.188,0.157,0.011,22.402,34584
1780142722275,75,75,3.316,6.673,6.673,0.188,0.157,0.011,22.402,34617
1780142722308,80,80,3.316,6.673,6.673,0.188,0.157,0.011,22.402,34650
1780142722354,85,85,3.316,6.673,6.673,0.188,0.157,0.011,22.402,34683
1780142722372,87,87,3.316,6.673,6.673,0.188,0.157,0.016,22.402,34716
1780142722406,90,90,3.316,6.682,6.673,0.188,0.157,0.011,22.487,34749
1780142722455,97,97,3.316,6.673,6.673,0.188,0.157,0.011,22.402,34782
1780142722474,100,100,3.316,6.682,6.673,0.188,0.157,0.011,22.487,34815
1780142722516,105,105,3.316,6.673,6.673,0.188,0.157,0.011,22.402,34848
1780142722539,107,107,3.316,6.673,6.665,0.188,0.157,0.011,22.402,34881
1780142722572,112,112,3.316,6.673,6.673,0.188,0.157,0.011,22.402,34914
1780142722612,117,117,3.316,6.682,6.673,0.188,0.188,0.011,22.402,34947
1780142722641,120,120,3.316,6.682,6.673,0.188,0.157,0.011,22.402,34980
1780142722673,125,125,3.316,6.673,6.673,0.188,0.157,0.011,22.402,35013
1780142722705,127,127,3.316,6.673,6.673,0.188,0.157,0.011,22.402,35046
1780142722738,132,132,3.316,6.682,6.673,0.188,0.157,0.016,22.402,35079
1780142722771,137,137,3.316,6.673,6.673,0.188,0.157,0.011,22.402,35112
1780142722809,142,142,3.316,6.673,6.673,0.188,0.157,0.016,22.402,35145
1780142722838,145,145,3.316,6.673,6.673,0.188,0.157,0.011,22.402,35178
1780142722879,150,150,3.316,6.673,6.673,0.157,0.157,0.011,22.402,35211
1780142722904,152,152,3.316,6.673,6.673,0.188,0.157,0.011,22.402,35244
1780142722937,157,157,3.316,6.673,6.673,0.188,0.157,0.011,22.402,35277
1780142722980,162,162,3.316,6.673,6.673,0.188,0.157,0.011,22.402,35310
1780142723013,167,167,3.316,6.673,6.673,0.188,0.157,0.011,22.487,35343
1780142723072,175,175,3.316,6.673,6.673,0.188,0.157,0.011,22.402,35376
1780142723079,175,175,3.316,6.673,6.673,0.188,0.157,0.011,22.402,35409
1780142723113,180,180,3.316,6.673,6.673,0.188,0.157,0.011,22.402,35442
1780142723145,182,182,3.316,6.673,6.673,0.188,0.157,0.011,22.402,35475
1780142723184,187,187,3.316,6.673,6.673,0.188,0.157,0.011,22.402,35508
1780142723211,192,192,3.316,6.673,6.673,0.188,0.157,0.011,22.402,35541
1780142723244,195,195,3.316,6.673,6.665,0.188,0.188,0.011,22.402,35574
1780142723277,200,200,3.316,6.673,6.673,0.188,0.157,0.011,22.402,35607
1780142723315,205,205,3.316,6.673,6.673,0.188,0.157,0.011,22.402,35640
1780142723348,210,210,3.316,6.682,6.673,0.188,0.157,0.016,22.402,35673
1780142723376,212,212,3.316,6.673,6.673,0.188,0.157,0.011,22.402,35706
1780142723412,217,217,3.316,6.673,6.673,0.157,0.157,0.011,22.487,35739
1780142723443,220,220,3.316,6.673,6.673,0.188,0.157,0.011,22.487,35772
1780142723478,225,225,3.310,6.673,6.673,0.188,0.188,0.011,22.402,35805
1780142723510,230,230,3.316,6.673,6.673,0.188,0.157,0.011,22.487,35838
1780142723541,232,232,3.316,6.673,6.673,0.188,0.157,0.011,22.402,35871
1780142723576,237,237,3.316,6.673,6.673,0.188,0.157,0.011,22.402,35904
1780142723607,240,240,3.316,6.673,6.673,0.188,0.157,0.011,22.402,35937
1780142723641,245,245,3.316,6.673,6.673,0.188,0.157,0.011,22.402,35970
1780142723674,250,250,3.316,6.673,6.673,0.157,0.157,0.011,22.402,36003
1780142723706,252,252,3.316,6.673,6.673,0.188,0.157,0.011,22.402,36036
1780142723749,257,257,3.316,6.673,6.673,0.188,0.157,0.011,22.402,36069
1780142723772,262,262,3.316,6.673,6.673,0.157,0.157,0.011,22.487,36102
1780142723805,265,265,3.316,6.673,6.673,0.188,0.157,0.011,22.402,36135
1780142723838,270,270,3.316,6.673,6.673,0.188,0.157,0.011,22.402,36168
1780142723873,275,275,3.316,6.673,6.673,0.188,0.157,0.016,22.402,36201
1780142723904,277,277,3.316,6.673,6.673,0.188,0.157,0.011,22.487,36234
1780142723937,282,282,3.316,6.682,6.673,0.188,0.157,0.011,22.402,36267
1780142723973,287,287,3.316,6.673,6.673,0.188,0.157,0.011,22.402,36300
1780142724006,290,290,3.316,6.673,6.673,0.188,0.157,0.011,22.402,36333
1780142724036,295,295,3.316,6.673,6.673,0.188,0.157,0.011,22.402,36366
1780142724070,297,297,3.316,6.673,6.673,0.188,0.157,0.011,22.487,36399
1780142724108,302,302,3.316,6.673,6.673,0.188,0.157,0.011,22.402,36432
1780142724136,307,307,3.316,6.673,6.673,0.188,0.157,0.011,22.487,36465
1780142724172,310,310,3.310,6.673,6.673,0.188,0.157,0.011,22.402,36498
1780142724201,315,315,3.316,6.673,6.673,0.188,0.157,0.011,22.402,36531
1780142724234,320,320,3.316,6.673,6.673,0.188,0.157,0.011,22.402,36564
1780142724270,322,322,3.316,6.673,6.673,0.188,0.157,0.011,22.402,36597
1780142724301,327,327,3.316,6.673,6.673,0.188,0.157,0.011,22.402,36630
1780142724337,332,332,3.316,6.673,6.673,0.188,0.157,0.011,22.487,36663
1780142724383,337,337,3.316,6.673,6.673,0.188,0.157,0.011,22.487,36696
1780142724413,342,342,3.316,6.673,6.673,0.188,0.157,0.011,22.402,36729
1780142724435,345,345,3.316,6.673,6.673,0.188,0.157,0.011,22.487,36762
1780142724467,347,347,3.316,6.673,6.673,0.188,0.157,0.011,22.402,36795
1780142724500,352,352,3.316,6.673,6.673,0.157,0.157,0.011,22.402,36828
1780142724533,357,357,3.316,6.673,6.673,0.188,0.157,0.011,22.402,36861
1780142724567,360,360,3.316,6.673,6.673,0.188,0.157,0.011,22.402,36894
1780142724605,365,365,3.316,6.673,6.673,0.188,0.157,0.011,22.487,36927
1780142724634,370,370,3.316,6.673,6.673,0.188,0.157,0.011,22.402,36960
1780142724666,372,372,3.316,6.673,6.673,0.188,0.157,0.011,22.402,36993
1780142724703,377,377,3.316,6.682,6.673,0.188,0.157,0.016,22.487,37026
1780142724733,380,380,3.316,6.682,6.673,0.188,0.157,0.011,22.402,37059
1780142724768,385,385,3.316,6.673,6.673,0.188,0.157,0.011,22.402,37092
1780142724804,390,390,3.316,6.673,6.673,0.188,0.157,0.011,22.487,37125
1780142724832,392,392,3.316,6.673,6.673,0.188,0.157,0.011,22.402,37158
1780142724866,397,397,3.316,6.673,6.673,0.188,0.157,0.011,22.402,37191
1780142724913,402,402,3.316,6.682,6.673,0.188,0.157,0.011,22.402,37224
1780142724935,405,405,3.316,6.673,6.673,0.188,0.157,0.011,22.402,37257
1780142724967,410,410,3.316,6.673,6.673,0.188,0.157,0.011,22.487,37290
1780142725002,415,415,3.316,6.673,6.673,0.188,0.157,0.011,22.487,37323
1780142725034,417,417,3.316,6.673,6.673,0.188,0.157,0.011,22.402,37356
1780142725065,422,422,3.316,6.673,6.673,0.157,0.126,0.011,22.402,37389
1780142725100,427,427,3.316,6.682,6.673,0.188,0.157,0.011,22.487,37422
1780142725132,430,430,3.316,6.673,6.673,0.188,0.157,0.016,22.487,37455
1780142725167,435,435,3.316,6.673,6.673,0.188,0.157,0.016,22.402,37488
1780142725200,440,440,3.316,6.673,6.673,0.188,0.157,0.011,22.402,37521
1780142725232,442,442,3.316,6.673,6.673,0.188,0.157,0.011,22.402,37554
1780142725265,447,447,3.316,6.673,6.673,0.188,0.157,0.011,22.487,37587
1780142725298,452,452,3.316,6.673,6.673,0.188,0.157,0.016,22.487,37620
1780142725333,455,455,3.316,6.673,6.673,0.188,0.157,0.011,22.402,37653
1780142725364,460,460,3.316,6.682,6.673,0.188,0.157,0.011,22.487,37686
1780142725407,465,465,3.316,6.673,6.673,0.188,0.157,0.011,22.487,37719
1780142725431,467,467,3.316,6.673,6.673,0.188,0.157,0.011,22.487,37752
1780142725464,472,472,3.316,6.673,6.673,0.157,0.157,0.011,22.402,37785
1780142725498,477,477,3.316,6.673,6.673,0.188,0.157,0.011,22.402,37818
1780142725532,480,480,3.316,6.673,6.673,0.188,0.157,0.011,22.402,37851
1780142725564,485,485,3.316,6.673,6.673,0.188,0.157,0.011,22.402,37884
1780142725598,490,490,3.316,6.673,6.673,0.188,0.157,0.016,22.402,37917
1780142725632,492,492,3.316,6.682,6.673,0.188,0.157,0.011,22.487,37950
1780142725664,497,497,3.316,6.682,6.673,0.157,0.157,0.011,22.487,37983
1780142725705,500,500,3.316,6.682,6.673,0.188,0.157,0.011,22.487,38016
1780142725737,500,500,3.316,6.673,6.673,0.188,0.157,0.011,22.402,38049
1780142725781,500,500,3.316,6.682,6.673,0.188,0.157,0.011,22.402,38082
1780142725797,500,500,3.316,6.673,6.673,0.188,0.157,0.011,22.402,38115
1780142725832,500,500,3.316,6.682,6.673,0.188,0.157,0.011,22.402,38148
1780142725870,500,500,3.316,6.682,6.673,0.188,0.157,0.011,22.487,38181
1780142725896,500,500,3.316,6.673,6.673,0.188,0.157,0.011,22.402,38214
1780142725930,500,500,3.316,6.673,6.673,0.188,0.157,0.011,22.402,38247
1780142725966,500,500,3.316,6.673,6.673,0.188,0.157,0.011,22.402,38280
1780142725999,497,497,3.316,6.673,6.673,0.188,0.157,0.011,22.402,38313
1780142726030,495,495,3.316,6.673,6.665,0.188,0.157,0.011,22.402,38346
1780142726063,490,490,3.316,6.673,6.673,0.188,0.157,0.016,22.487,38379
1780142726106,485,485,3.316,6.673,6.673,0.188,0.157,0.011,22.487,38412
1780142726130,482,482,3.316,6.673,6.673,0.188,0.157,0.011,22.402,38445
1780142726163,477,477,3.316,6.673,6.665,0.188,0.157,0.016,22.402,38478
1780142726197,475,475,3.316,6.682,6.673,0.188,0.157,0.011,22.487,38511
1780142726230,470,470,3.316,6.673,6.673,0.188,0.157,0.016,22.402,38544
1780142726263,465,465,3.316,6.682,6.673,0.157,0.157,0.011,22.402,38577
1780142726296,462,462,3.310,6.673,6.673,0.188,0.157,0.011,22.487,38610
1780142726329,457,457,3.316,6.673,6.673,0.188,0.157,0.011,22.402,38643
1780142726363,452,452,3.316,6.673,6.673,0.188,0.157,0.011,22.402,38676
1780142726401,447,447,3.316,6.673,6.673,0.188,0.157,0.011,22.487,38709
1780142726432,445,445,3.316,6.673,6.673,0.188,0.157,0.011,22.487,38742
1780142726462,440,440,3.316,6.673,6.673,0.188,0.157,0.011,22.402,38775
1780142726503,435,435,3.316,6.673,6.673,0.188,0.157,0.011,22.487,38808
1780142726532,432,432,3.316,6.682,6.673,0.188,0.157,0.011,22.402,38841
1780142726562,427,427,3.316,6.673,6.673,0.188,0.157,0.011,22.487,38874
1780142726596,425,425,3.316,6.673,6.673,0.188,0.157,0.011,22.487,38907
1780142726640,417,417,3.316,6.673,6.673,0.188,0.157,0.011,22.487,38940
1780142726662,415,415,3.316,6.673,6.673,0.157,0.157,0.011,22.402,38973
1780142726695,412,412,3.316,6.673,6.673,0.188,0.157,0.011,22.487,39006
1780142726728,407,407,3.316,6.673,6.673,0.188,0.157,0.011,22.402,39039
1780142726762,402,402,3.316,6.673,6.673,0.188,0.157,0.011,22.487,39072
1780142726794,400,400,3.310,6.673,6.673,0.188,0.157,0.011,22.487,39105
1780142726828,395,395,3.316,6.682,6.673,0.188,0.157,0.011,22.487,39138
1780142726861,390,390,3.316,6.673,6.673,0.188,0.157,0.011,22.402,39171
1780142726895,387,387,3.310,6.673,6.665,0.188,0.157,0.011,22.487,39204
1780142726930,382,382,3.316,6.682,6.673,0.188,0.157,0.011,22.487,39237
1780142726962,377,377,3.316,6.673,6.673,0.188,0.157,0.011,22.487,39270
1780142726994,375,375,3.316,6.673,6.673,0.188,0.157,0.011,22.402,39303
1780142727028,370,370,3.316,6.673,6.673,0.188,0.157,0.016,22.402,39336
1780142727061,367,367,3.316,6.673,6.673,0.188,0.157,0.011,22.487,39369
1780142727093,362,362,3.316,6.673,6.673,0.188,0.157,0.011,22.402,39402
1780142727127,357,357,3.316,6.673,6.673,0.188,0.157,0.011,22.402,39435
1780142727160,355,355,3.316,6.673,6.673,0.188,0.157,0.011,22.402,39468
1780142727195,350,350,3.316,6.673,6.673,0.188,0.157,0.011,22.402,39501
1780142727228,345,345,3.316,6.682,6.673,0.188,0.157,0.011,22.402,39534
1780142727264,340,340,3.316,6.673,6.673,0.188,0.157,0.011,22.402,39567
1780142727296,337,337,3.316,6.682,6.673,0.188,0.157,0.011,22.487,39600
1780142727327,332,332,3.316,6.673,6.673,0.188,0.157,0.011,22.487,39633
1780142727369,327,327,3.316,6.673,6.673,0.188,0.157,0.011,22.487,39666
1780142727401,325,325,3.316,6.673,6.673,0.157,0.188,0.011,22.487,39699
1780142727435,320,320,3.316,6.673,6.673,0.188,0.157,0.011,22.402,39732
1780142727468,315,315,3.316,6.673,6.673,0.188,0.157,0.011,22.487,39765
1780142727502,312,312,3.316,6.682,6.673,0.188,0.157,0.016,22.487,39798
1780142727534,307,307,3.316,6.673,6.673,0.188,0.157,0.011,22.487,39831
1780142727567,302,302,3.316,6.673,6.673,0.188,0.157,0.011,22.487,39864
1780142727611,297,297,3.316,6.673,6.673,0.188,0.157,0.011,22.487,39897
1780142727633,295,295,3.316,6.673,6.665,0.188,0.157,0.016,22.487,39930
1780142727676,290,290,3.316,6.673,6.673,0.188,0.157,0.011,22.487,39963
1780142727716,285,285,3.316,6.673,6.673,0.188,0.157,0.011,22.487,39996
1780142727735,282,282,3.316,6.673,6.673,0.188,0.157,0.011,22.402,40029
1780142727766,277,277,3.316,6.673,6.673,0.188,0.157,0.011,22.487,40062
1780142727803,275,275,3.316,6.673,6.673,0.188,0.157,0.011,22.487,40095
1780142727831,270,270,3.316,6.673,6.673,0.188,0.157,0.016,22.487,40128
1780142727868,265,265,3.316,6.673,6.673,0.188,0.157,0.011,22.402,40161
1780142727897,262,262,3.316,6.682,6.673,0.188,0.157,0.016,22.402,40194
1780142727930,257,257,3.316,6.682,6.673,0.188,0.157,0.011,22.402,40227
1780142727966,252,252,3.316,6.682,6.665,0.188,0.157,0.011,22.487,40260
1780142728006,247,247,3.316,6.673,6.673,0.188,0.157,0.011,22.402,40293
1780142728029,245,245,3.316,6.673,6.673,0.188,0.157,0.011,22.487,40326
1780142728071,240,240,3.316,6.673,6.673,0.157,0.157,0.011,22.487,40359
1780142728095,237,237,3.316,6.673,6.673,0.188,0.157,0.016,22.487,40392
1780142728129,232,232,3.316,6.673,6.673,0.188,0.157,0.011,22.487,40425
1780142728161,230,230,3.316,6.673,6.673,0.188,0.157,0.011,22.487,40458
1780142728194,225,225,3.316,6.673,6.673,0.188,0.157,0.011,22.487,40491
1780142728227,220,220,3.316,6.673,6.673,0.188,0.157,0.011,22.487,40524
1780142728272,215,215,3.316,6.682,6.673,0.188,0.157,0.011,22.487,40557
1780142728293,212,212,3.316,6.673,6.673,0.188,0.157,0.011,22.487,40590
1780142728326,207,207,3.316,6.673,6.673,0.188,0.157,0.011,22.487,40623
1780142728362,205,205,3.316,6.673,6.673,0.188,0.157,0.011,22.487,40656
1780142728392,200,200,3.316,6.673,6.673,0.188,0.157,0.011,22.487,40689
1780142728427,195,195,3.310,6.673,6.673,0.188,0.157,0.011,22.487,40722
1780142728458,192,192,3.316,6.673,6.673,0.188,0.157,0.011,22.487,40755
1780142728493,187,187,3.316,6.673,6.673,0.188,0.157,0.011,22.402,40788
1780142728527,182,182,3.316,6.682,6.673,0.188,0.157,0.011,22.487,40821
1780142728557,180,180,3.316,6.673,6.673,0.188,0.157,0.011,22.487,40854
1780142728590,175,175,3.316,6.682,6.673,0.157,0.157,0.016,22.487,40887
1780142728624,172,172,3.316,6.673,6.673,0.188,0.157,0.011,22.487,40920
1780142728656,167,167,3.310,6.673,6.673,0.188,0.157,0.011,22.402,40953
1780142728690,162,162,3.316,6.673,6.673,0.188,0.188,0.011,22.487,40986
1780142728736,157,157,3.316,6.682,6.673,0.188,0.157,0.011,22.402,41019
1780142728756,155,155,3.316,6.673,6.673,0.188,0.157,0.011,22.487,41052
1780142728790,150,150,3.316,6.673,6.665,0.188,0.157,0.011,22.487,41085
1780142728822,147,147,3.316,6.673,6.673,0.188,0.157,0.011,22.487,41118
1780142728856,142,142,3.316,6.673,6.673,0.188,0.157,0.011,22.487,41151
1780142728890,137,137,3.316,6.682,6.673,0.188,0.157,0.011,22.487,41184
1780142728933,132,132,3.316,6.673,6.673,0.188,0.157,0.011,22.487,41217
1780142728963,130,130,3.316,6.673,6.673,0.188,0.157,0.011,22.487,41250
1780142728990,125,125,3.316,6.673,6.673,0.188,0.157,0.011,22.487,41283
1780142729022,122,122,3.316,6.673,6.673,0.188,0.157,0.011,22.487,41316
1780142729067,115,115,3.316,6.682,6.673,0.188,0.157,0.016,22.487,41349
1780142729092,112,112,3.316,6.673,6.673,0.188,0.157,0.011,22.487,41382
1780142729122,110,110,3.316,6.682,6.673,0.188,0.157,0.011,22.487,41415
1780142729155,105,105,3.310,6.673,6.673,0.188,0.157,0.011,22.487,41448
1780142729189,100,100,3.316,6.673,6.673,0.188,0.157,0.011,22.402,41481
1780142729222,97,97,3.316,6.673,6.673,0.188,0.157,0.011,22.487,41514
1780142729256,92,92,3.316,6.673,6.673,0.188,0.157,0.011,22.487,41547
1780142729289,87,87,3.316,6.673,6.673,0.188,0.157,0.011,22.487,41580
1780142729327,85,85,3.316,6.673,6.673,0.188,0.157,0.011,22.487,41613
1780142729356,80,80,3.316,6.673,6.673,0.157,0.157,0.011,22.402,41646
1780142729401,75,75,3.316,6.673,6.673,0.188,0.157,0.011,22.487,41679
1780142729421,72,72,3.316,6.673,6.673,0.188,0.157,0.011,22.487,41712
1780142729454,67,67,3.310,6.673,6.673,0.188,0.157,0.011,22.487,41745
1780142729488,62,62,3.316,6.682,6.673,0.188,0.157,0.011,22.487,41778
1780142729525,60,60,3.316,6.673,6.673,0.188,0.157,0.011,22.487,41811
1780142729555,55,55,3.316,6.673,6.673,0.188,0.157,0.011,22.487,41844
1780142729589,50,50,3.316,6.673,6.673,0.157,0.157,0.011,22.487,41877
1780142729630,45,45,3.316,6.673,6.673,0.188,0.157,0.011,22.487,41910
1780142729656,42,42,3.316,6.673,6.673,0.188,0.157,0.011,22.402,41943
1780142729688,40,40,3.316,6.673,6.673,0.188,0.157,0.011,22.487,41976
1780142729721,35,35,3.316,6.673,6.673,0.188,0.157,0.011,22.487,42009
1780142729756,30,30,3.310,6.673,6.665,0.188,0.157,0.016,22.487,42042
1780142729787,27,27,3.316,6.673,6.673,0.188,0.157,0.011,22.487,42075
1780142729820,22,22,3.316,6.673,6.673,0.188,0.157,0.011,22.487,42108
1780142729866,17,17,3.316,6.673,6.673,0.188,0.157,0.011,22.487,42141
1780142729887,15,15,3.316,6.673,6.673,0.157,0.157,0.011,22.487,42174
1780142729920,10,10,3.316,6.673,6.673,0.188,0.157,0.011,22.487,42207
1780142729954,5,5,3.316,6.673,6.673,0.188,0.157,0.011,22.487,42240
1780142729987,2,2,3.316,6.673,6.673,0.188,0.188,0.011,22.487,42273
1780142730020,0,0,3.316,6.673,6.673,0.188,0.157,0.011,22.487,42306
1780142730055,0,0,3.316,6.673,6.673,0.188,0.157,0.011,22.487,42339
1780142730086,0,0,3.316,6.673,6.673,0.188,0.157,0.011,22.487,42372
1780142730119,0,0,3.316,6.673,6.673,0.188,0.157,0.011,22.487,42405
1780142730153,0,0,3.316,6.673,6.673,0.188,0.157,0.011,22.487,42438
1780142730187,0,0,3.316,6.673,6.673,0.188,0.157,0.011,22.487,42471
1780142730220,0,0,3.316,6.673,6.673,0.188,0.157,0.011,22.487,42504
1780142730253,0,0,3.316,6.673,6.673,0.188,0.157,0.011,22.487,42537
1780142730287,0,0,3.316,6.682,6.673,0.188,0.157,0.011,22.487,42570
1780142730321,-5,-5,3.316,6.673,6.673,0.157,0.157,0.011,22.487,42603
1780142730353,-7,-7,3.316,6.673,6.673,0.188,0.157,0.011,22.487,42636
1780142730386,-12,-12,3.316,6.673,6.673,0.188,0.157,0.011,22.487,42669
1780142730427,-17,-17,3.316,6.673,6.673,0.188,0.157,0.011,22.487,42702
1780142730453,-20,-20,3.316,6.673,6.673,0.188,0.157,0.011,22.487,42735
1780142730494,-25,-25,3.316,6.673,6.673,0.188,0.157,0.011,22.487,42768
1780142730519,-30,-30,3.316,6.682,6.673,0.188,0.157,0.011,22.487,42801
1780142730562,-35,-35,3.316,6.673,6.673,0.157,0.157,0.011,22.487,42834
1780142730598,-40,-40,3.316,6.673,6.673,0.188,0.157,0.011,22.487,42867
1780142730628,-42,-42,3.316,6.673,6.673,0.188,0.157,0.011,22.487,42900
1780142730663,-47,-47,3.316,6.673,6.673,0.188,0.157,0.016,22.487,42933
1780142730685,-50,-50,3.316,6.673,6.673,0.188,0.157,0.011,22.487,42966
1780142730727,-55,-55,3.316,6.673,6.673,0.188,0.157,0.011,22.487,42999
1780142730754,-57,-57,3.316,6.682,6.673,0.188,0.157,0.011,22.487,43032
1780142730785,-62,-62,3.316,6.673,6.673,0.188,0.157,0.011,22.487,43065
1780142730818,-67,-67,3.316,6.673,6.673,0.188,0.157,0.011,22.402,43098
1780142730854,-70,-70,3.316,6.673,6.673,0.188,0.157,0.011,22.487,43131
1780142730890,-75,-75,3.316,6.682,6.673,0.188,0.157,0.011,22.487,43164
1780142730917,-80,-80,3.316,6.673,6.673,0.188,0.157,0.011,22.402,43197
1780142730954,-82,-82,3.316,6.673,6.673,0.188,0.157,0.011,22.487,43230
1780142730984,-87,-87,3.316,6.673,6.673,0.188,0.157,0.011,22.487,43263
1780142731017,-90,-90,3.316,6.673,6.673,0.188,0.157,0.011,22.487,43296
1780142731054,-95,-95,3.316,6.682,6.673,0.188,0.157,0.011,22.487,43329
1780142731084,-100,-100,3.316,6.673,6.673,0.188,0.157,0.016,22.487,43362
1780142731118,-105,-105,3.316,6.682,6.673,0.188,0.157,0.011,22.487,43395
1780142731150,-107,-107,3.316,6.673,6.673,0.188,0.157,0.011,22.487,43428
1780142731184,-112,-112,3.310,6.673,6.673,0.188,0.157,0.011,22.487,43461
1780142731217,-115,-115,3.310,6.673,6.665,0.188,0.157,0.011,22.487,43494
1780142731251,-120,-120,3.316,6.673,6.673,0.188,0.157,0.011,22.487,43527
1780142731285,-125,-125,3.316,6.673,6.673,0.188,0.157,0.011,22.487,43560
1780142731328,-130,-130,3.316,6.673,6.673,0.188,0.157,0.011,22.402,43593
1780142731350,-132,-132,3.316,6.673,6.673,0.188,0.157,0.011,22.487,43626
1780142731383,-137,-137,3.316,6.682,6.665,0.188,0.157,0.011,22.487,43659
1780142731419,-142,-142,3.316,6.673,6.673,0.188,0.157,0.011,22.487,43692
1780142731451,-145,-145,3.310,6.673,6.673,0.188,0.157,0.011,22.487,43725
1780142731482,-150,-150,3.316,6.673,6.673,0.188,0.157,0.011,22.487,43758
1780142731521,-155,-155,3.316,6.682,6.673,0.157,0.157,0.011,22.487,43791
1780142731550,-157,-157,3.316,6.673,6.673,0.188,0.157,0.011,22.487,43824
1780142731583,-162,-162,3.316,6.673,6.673,0.188,0.157,0.011,22.487,43857
1780142731626,-167,-167,3.316,6.673,6.673,0.188,0.157,0.011,22.487,43890
1780142731652,-170,-170,3.316,6.673,6.673,0.157,0.157,0.011,22.487,43923
1780142731682,-175,-175,3.316,6.673,6.673,0.157,0.157,0.011,22.487,43956
1780142731728,-180,-180,3.316,6.673,6.673,0.157,0.157,0.011,22.487,43989
1780142731760,-185,-185,3.316,6.673,6.673,0.188,0.157,0.011,22.487,44022
1780142731791,-187,-187,3.316,6.673,6.673,0.188,0.157,0.011,22.487,44055
1780142731826,-192,-192,3.316,6.673,6.673,0.188,0.157,0.011,22.487,44088
1780142731857,-195,-195,3.316,6.673,6.673,0.188,0.157,0.011,22.487,44121
1780142731890,-200,-200,3.316,6.673,6.673,0.188,0.157,0.011,22.487,44154
1780142731923,-205,-205,3.316,6.673,6.673,0.188,0.157,0.016,22.487,44187
1780142731958,-207,-207,3.316,6.673,6.673,0.188,0.157,0.011,22.487,44220
1780142731992,-212,-212,3.316,6.673,6.673,0.188,0.157,0.011,22.487,44253
1780142732022,-217,-217,3.316,6.673,6.673,0.188,0.157,0.011,22.487,44286
1780142732055,-220,-220,3.316,6.673,6.673,0.188,0.157,0.011,22.487,44319
1780142732092,-225,-225,3.316,6.673,6.673,0.188,0.157,0.011,22.487,44352
1780142732121,-230,-230,3.316,6.673,6.673,0.188,0.157,0.016,22.487,44385
1780142732154,-232,-232,3.316,6.673,6.673,0.188,0.157,0.011,22.487,44418
1780142732206,-240,-240,3.316,6.673,6.673,0.188,0.157,0.011,22.487,44451
1780142732226,-242,-242,3.316,6.682,6.673,0.188,0.157,0.011,22.487,44484
1780142732253,-245,-245,3.316,6.682,6.673,0.188,0.157,0.011,22.487,44517
1780142732294,-250,-250,3.316,6.682,6.673,0.188,0.157,0.011,22.487,44550
1780142732319,-255,-255,3.316,6.673,6.673,0.188,0.157,0.011,22.487,44583
1780142732352,-257,-257,3.316,6.673,6.673,0.188,0.157,0.011,22.487,44616
1780142732386,-262,-262,3.316,6.673,6.673,0.188,0.157,0.011,22.487,44649
1780142732418,-265,-265,3.316,6.673,6.673,0.188,0.157,0.011,22.487,44682
1780142732451,-270,-270,3.316,6.673,6.673,0.188,0.157,0.011,22.487,44715
1780142732495,-275,-275,3.316,6.673,6.673,0.188,0.157,0.011,22.402,44748
1780142732517,-277,-277,3.316,6.673,6.673,0.188,0.157,0.011,22.487,44781
1780142732550,-282,-282,3.316,6.673,6.673,0.188,0.157,0.011,22.487,44814
1780142732586,-287,-287,3.316,6.673,6.673,0.188,0.157,0.011,22.487,44847
1780142732616,-290,-290,3.316,6.673,6.673,0.157,0.157,0.011,22.487,44880
1780142732679,-297,-297,3.316,6.673,6.673,0.188,0.157,0.011,22.487,44913
1780142732683,-300,-300,3.316,6.682,6.673,0.188,0.157,0.011,22.487,44946
1780142732723,-305,-305,3.316,6.673,6.673,0.188,0.157,0.011,22.487,44979
1780142732752,-307,-307,3.316,6.682,6.673,0.188,0.157,0.011,22.487,45012
1780142732782,-312,-312,3.316,6.673,6.673,0.188,0.157,0.011,22.487,45045
1780142732814,-315,-315,3.316,6.673,6.673,0.188,0.157,0.011,22.487,45078
1780142732849,-320,-320,3.316,6.682,6.673,0.188,0.157,0.011,22.487,45111
1780142732887,-325,-325,3.310,6.673,6.673,0.188,0.157,0.011,22.487,45144
1780142732918,-327,-327,3.316,6.673,6.673,0.157,0.157,0.011,22.487,45177
1780142732947,-332,-332,3.316,6.673,6.673,0.188,0.157,0.011,22.487,45210
1780142732983,-337,-337,3.316,6.673,6.673,0.188,0.157,0.011,22.487,45243
1780142733016,-340,-340,3.316,6.673,6.673,0.188,0.157,0.011,22.487,45276
1780142733045,-345,-345,3.316,6.673,6.673,0.188,0.157,0.011,22.402,45309
1780142733090,-350,-350,3.316,6.673,6.673,0.188,0.157,0.016,22.487,45342
1780142733114,-352,-352,3.310,6.673,6.673,0.188,0.157,0.011,22.487,45375
1780142733161,-360,-360,3.316,6.673,6.673,0.188,0.157,0.016,22.487,45408
1780142733190,-362,-362,3.316,6.682,6.673,0.188,0.157,0.011,22.487,45441
1780142733212,-365,-365,3.316,6.673,6.673,0.188,0.157,0.011,22.487,45474
1780142733246,-370,-370,3.316,6.673,6.673,0.188,0.157,0.011,22.487,45507
1780142733279,-372,-372,3.316,6.682,6.665,0.188,0.157,0.011,22.487,45540
1780142733312,-377,-377,3.316,6.673,6.673,0.188,0.157,0.011,22.487,45573
1780142733346,-382,-382,3.316,6.673,6.665,0.188,0.157,0.011,22.487,45606
1780142733379,-385,-385,3.316,6.673,6.673,0.188,0.157,0.011,22.487,45639
1780142733412,-390,-390,3.316,6.673,6.673,0.188,0.157,0.011,22.487,45672
1780142733446,-395,-395,3.316,6.673,6.673,0.188,0.157,0.011,22.487,45705
1780142733479,-397,-397,3.316,6.682,6.673,0.188,0.157,0.011,22.487,45738
1780142733512,-402,-402,3.316,6.673,6.673,0.188,0.157,0.011,22.487,45771
1780142733545,-407,-407,3.316,6.673,6.673,0.188,0.157,0.016,22.487,45804
1780142733577,-410,-410,3.316,6.673,6.673,0.188,0.157,0.011,22.487,45837
1780142733612,-415,-415,3.316,6.673,6.673,0.188,0.157,0.011,22.487,45870
1780142733644,-420,-420,3.310,6.673,6.673,0.157,0.157,0.011,22.487,45903
1780142733678,-422,-422,3.316,6.682,6.673,0.188,0.157,0.016,22.487,45936
1780142733711,-427,-427,3.316,6.673,6.673,0.188,0.157,0.011,22.487,45969
1780142733750,-432,-432,3.310,6.673,6.673,0.188,0.157,0.016,22.487,46002
1780142733782,-437,-437,3.316,6.673,6.673,0.188,0.157,0.011,22.487,46035
1780142733810,-440,-440,3.316,6.673,6.673,0.188,0.157,0.011,22.487,46068
1780142733844,-445,-445,3.316,6.673,6.673,0.188,0.157,0.011,22.487,46101
1780142733882,-450,-450,3.316,6.673,6.673,0.157,0.157,0.011,22.487,46134
1780142733914,-452,-452,3.316,6.673,6.673,0.188,0.157,0.011,22.487,46167
1780142733943,-457,-457,3.316,6.673,6.673,0.188,0.157,0.011,22.487,46200
1780142733977,-460,-460,3.316,6.673,6.673,0.188,0.157,0.011,22.487,46233
1780142734011,-465,-465,3.316,6.673,6.673,0.157,0.157,0.011,22.487,46266
1780142734044,-470,-470,3.316,6.673,6.673,0.188,0.157,0.011,22.487,46299
1780142734084,-475,-475,3.316,6.673,6.673,0.188,0.157,0.011,22.487,46332
1780142734110,-477,-477,3.316,6.673,6.673,0.188,0.157,0.011,22.487,46365
1780142734143,-482,-482,3.316,6.673,6.673,0.188,0.157,0.011,22.487,46398
1780142734176,-485,-485,3.316,6.673,6.673,0.188,0.157,0.011,22.487,46431
1780142734212,-490,-490,3.316,6.682,6.673,0.188,0.157,0.011,22.487,46464
1780142734242,-495,-495,3.316,6.673,6.673,0.188,0.157,0.011,22.487,46497
1780142734276,-497,-497,3.316,6.673,6.673,0.188,0.157,0.011,22.487,46530
1780142734321,-500,-500,3.316,6.673,6.673,0.188,0.157,0.011,22.487,46563
1780142734342,-500,-500,3.316,6.673,6.673,0.188,0.157,0.011,22.487,46596
1780142734376,-500,-500,3.316,6.673,6.673,0.188,0.157,0.011,22.487,46629
1780142734409,-500,-500,3.316,6.673,6.673,0.188,0.157,0.011,22.487,46662
1780142734443,-500,-500,3.316,6.673,6.673,0.188,0.157,0.011,22.487,46695
1780142734475,-500,-500,3.316,6.673,6.673,0.188,0.157,0.011,22.487,46728
1780142734510,-500,-500,3.316,6.673,6.673,0.188,0.157,0.011,22.487,46761
1780142734542,-500,-500,3.316,6.673,6.665,0.188,0.157,0.011,22.487,46794
1780142734575,-497,-497,3.316,6.673,6.673,0.188,0.157,0.011,22.487,46827
1780142734609,-492,-492,3.316,6.673,6.673,0.188,0.157,0.011,22.487,46860
1780142734641,-490,-490,3.316,6.673,6.673,0.188,0.157,0.016,22.487,46893
1780142734675,-485,-485,3.316,6.673,6.673,0.188,0.157,0.011,22.487,46926
1780142734711,-480,-480,3.316,6.673,6.673,0.188,0.157,0.011,22.487,46959
1780142734742,-477,-477,3.316,6.673,6.673,0.188,0.157,0.011,22.487,46992
1780142734775,-472,-472,3.316,6.673,6.673,0.188,0.157,0.016,22.487,47025
1780142734833,-465,-465,3.316,6.673,6.673,0.157,0.157,0.011,22.487,47058
1780142734841,-465,-465,3.316,6.673,6.665,0.188,0.157,0.011,22.487,47091
1780142734874,-460,-460,3.316,6.673,6.673,0.188,0.157,0.011,22.487,47124
1780142734908,-455,-455,3.316,6.673,6.673,0.188,0.157,0.011,22.487,47157
1780142734940,-452,-452,3.316,6.682,6.673,0.188,0.157,0.011,22.487,47190
1780142734976,-447,-447,3.316,6.673,6.673,0.188,0.157,0.011,22.487,47223
1780142735009,-442,-442,3.316,6.673,6.673,0.188,0.157,0.011,22.487,47256
1780142735044,-437,-437,3.316,6.673,6.673,0.188,0.157,0.011,22.487,47289
1780142735075,-435,-435,3.316,6.673,6.673,0.188,0.157,0.016,22.487,47322
1780142735108,-430,-430,3.316,6.673,6.673,0.188,0.157,0.011,22.487,47355
1780142735140,-427,-427,3.316,6.673,6.665,0.188,0.157,0.011,22.487,47388
1780142735174,-422,-422,3.316,6.673,6.673,0.157,0.157,0.011,22.487,47421
1780142735213,-417,-417,3.316,6.673,6.673,0.188,0.157,0.011,22.487,47454
1780142735240,-415,-415,3.316,6.682,6.665,0.188,0.157,0.016,22.487,47487
1780142735273,-410,-410,3.316,6.682,6.673,0.188,0.157,0.011,22.487,47520
1780142735308,-405,-405,3.316,6.673,6.673,0.188,0.157,0.011,22.487,47553
1780142735349,-400,-400,3.316,6.682,6.673,0.188,0.157,0.016,22.487,47586
1780142735373,-397,-397,3.316,6.673,6.673,0.188,0.157,0.011,22.487,47619
1780142735408,-392,-392,3.316,6.673,6.673,0.157,0.157,0.011,22.487,47652
1780142735441,-390,-390,3.316,6.673,6.673,0.188,0.157,0.011,22.487,47685
1780142735473,-385,-385,3.316,6.673,6.673,0.188,0.157,0.011,22.487,47718
1780142735511,-380,-380,3.316,6.673,6.673,0.188,0.157,0.011,22.487,47751
1780142735551,-375,-375,3.316,6.673,6.673,0.188,0.157,0.016,22.487,47784
1780142735573,-372,-372,3.316,6.673,6.673,0.188,0.157,0.011,22.487,47817
1780142735617,-367,-367,3.316,6.673,6.673,0.188,0.157,0.011,22.487,47850
1780142735648,-362,-362,3.316,6.673,6.665,0.188,0.157,0.016,22.487,47883
1780142735673,-360,-360,3.316,6.673,6.665,0.188,0.157,0.016,22.487,47916
1780142735707,-355,-355,3.316,6.673,6.673,0.188,0.157,0.011,22.487,47949
1780142735739,-352,-352,3.316,6.673,6.673,0.188,0.157,0.011,22.487,47982
1780142735772,-347,-347,3.316,6.673,6.673,0.188,0.157,0.011,22.487,48015
1780142735807,-342,-342,3.316,6.673,6.673,0.188,0.157,0.011,22.487,48048
1780142735838,-340,-340,3.316,6.673,6.673,0.188,0.188,0.011,22.487,48081
1780142735874,-335,-335,3.316,6.673,6.673,0.188,0.157,0.016,22.487,48114
1780142735909,-330,-330,3.316,6.682,6.673,0.188,0.157,0.011,22.487,48147
1780142735939,-327,-327,3.316,6.682,6.673,0.188,0.157,0.011,22.487,48180
1780142735978,-322,-322,3.316,6.682,6.673,0.188,0.157,0.011,22.487,48213
1780142736005,-320,-320,3.316,6.673,6.673,0.188,0.157,0.011,22.487,48246
1780142736038,-315,-315,3.316,6.673,6.673,0.188,0.157,0.016,22.487,48279
1780142736071,-310,-310,3.316,6.673,6.673,0.188,0.157,0.011,22.487,48312
1780142736114,-305,-305,3.316,6.673,6.673,0.188,0.157,0.011,22.487,48345
1780142736148,-300,-300,3.316,6.682,6.673,0.188,0.157,0.011,22.487,48378
1780142736188,-295,-295,3.316,6.682,6.673,0.188,0.157,0.011,22.487,48411
1780142736213,-292,-292,3.316,6.673,6.673,0.188,0.157,0.016,22.487,48444
1780142736252,-287,-287,3.316,6.673,6.665,0.188,0.157,0.011,22.487,48477
1780142736279,-285,-285,3.316,6.673,6.673,0.188,0.157,0.011,22.487,48510
1780142736312,-280,-280,3.316,6.673,6.673,0.188,0.157,0.011,22.487,48543
1780142736347,-275,-275,3.316,6.673,6.673,0.188,0.157,0.011,22.487,48576
1780142736382,-272,-272,3.316,6.673,6.673,0.188,0.157,0.011,22.487,48609
1780142736411,-267,-267,3.316,6.682,6.673,0.188,0.157,0.011,22.487,48642
1780142736446,-265,-265,3.316,6.673,6.673,0.188,0.126,0.011,22.487,48675
1780142736476,-260,-260,3.310,6.673,6.673,0.188,0.157,0.011,22.487,48708
1780142736510,-255,-255,3.316,6.673,6.673,0.188,0.157,0.011,22.487,48741
1780142736543,-252,-252,3.316,6.682,6.673,0.188,0.157,0.011,22.487,48774
1780142736575,-247,-247,3.316,6.682,6.673,0.188,0.157,0.011,22.487,48807
1780142736616,-242,-242,3.316,6.673,6.673,0.188,0.157,0.016,22.487,48840
1780142736642,-240,-240,3.316,6.673,6.673,0.188,0.157,0.011,22.487,48873
1780142736681,-235,-235,3.316,6.673,6.673,0.188,0.157,0.011,22.487,48906
1780142736709,-230,-230,3.316,6.673,6.673,0.188,0.157,0.011,22.487,48939
1780142736741,-227,-227,3.316,6.673,6.673,0.188,0.157,0.011,22.487,48972
1780142736780,-222,-222,3.310,6.673,6.673,0.188,0.157,0.011,22.487,49005
1780142736809,-217,-217,3.316,6.673,6.673,0.188,0.157,0.011,22.487,49038
1780142736844,-215,-215,3.316,6.673,6.673,0.188,0.157,0.011,22.487,49071
1780142736875,-210,-210,3.316,6.673,6.673,0.188,0.157,0.011,22.487,49104
1780142736907,-207,-207,3.316,6.673,6.673,0.188,0.157,0.011,22.487,49137
1780142736939,-202,-202,3.316,6.673,6.673,0.188,0.157,0.011,22.487,49170
1780142736978,-197,-197,3.316,6.673,6.673,0.188,0.157,0.016,22.487,49203
1780142737005,-195,-195,3.316,6.673,6.673,0.188,0.157,0.011,22.487,49236
1780142737039,-190,-190,3.316,6.673,6.673,0.188,0.157,0.011,22.487,49269
1780142737071,-185,-185,3.316,6.673,6.673,0.188,0.157,0.016,22.487,49302
1780142737104,-182,-182,3.316,6.673,6.673,0.188,0.157,0.011,22.487,49335
1780142737142,-177,-177,3.316,6.673,6.673,0.188,0.157,0.011,22.487,49368
1780142737171,-172,-172,3.316,6.673,6.673,0.188,0.157,0.011,22.487,49401
1780142737203,-170,-170,3.316,6.673,6.673,0.188,0.157,0.011,22.487,49434
1780142737235,-165,-165,3.316,6.673,6.673,0.188,0.157,0.011,22.487,49467
1780142737269,-160,-160,3.316,6.673,6.673,0.188,0.157,0.011,22.487,49500
1780142737303,-157,-157,3.316,6.673,6.673,0.188,0.157,0.011,22.487,49533
1780142737335,-152,-152,3.316,6.673,6.673,0.188,0.157,0.011,22.487,49566
1780142737373,-147,-147,3.316,6.673,6.673,0.157,0.157,0.011,22.487,49599
1780142737401,-145,-145,3.316,6.673,6.673,0.188,0.157,0.011,22.487,49632
1780142737434,-140,-140,3.316,6.673,6.665,0.188,0.157,0.011,22.487,49665
1780142737468,-135,-135,3.316,6.673,6.673,0.188,0.157,0.011,22.487,49698
1780142737504,-132,-132,3.316,6.673,6.673,0.188,0.157,0.016,22.487,49731
1780142737536,-127,-127,3.316,6.673,6.673,0.188,0.157,0.011,22.487,49764
1780142737583,-122,-122,3.316,6.673,6.673,0.188,0.157,0.011,22.487,49797
1780142737601,-120,-120,3.316,6.682,6.665,0.157,0.157,0.011,22.487,49830
1780142737634,-115,-115,3.316,6.682,6.673,0.188,0.157,0.011,22.487,49863
1780142737673,-110,-110,3.316,6.682,6.673,0.188,0.157,0.011,22.487,49896
1780142737702,-107,-107,3.316,6.673,6.673,0.188,0.157,0.011,22.487,49929
1780142737733,-102,-102,3.310,6.673,6.673,0.188,0.157,0.011,22.487,49962
1780142737767,-100,-100,3.316,6.682,6.673,0.188,0.157,0.011,22.487,49995
1780142737800,-95,-95,3.316,6.673,6.673,0.188,0.157,0.011,22.487,50028
1780142737834,-90,-90,3.316,6.673,6.673,0.188,0.157,0.011,22.487,50061
1780142737867,-87,-87,3.310,6.673,6.673,0.188,0.157,0.011,22.487,50094
1780142737901,-82,-82,3.316,6.673,6.673,0.188,0.157,0.011,22.487,50127
1780142737934,-77,-77,3.310,6.673,6.673,0.188,0.157,0.011,22.487,50160
1780142737977,-72,-72,3.316,6.673,6.673,0.188,0.157,0.011,22.487,50193
1780142738001,-70,-70,3.316,6.673,6.673,0.188,0.157,0.011,22.487,50226
1780142738034,-65,-65,3.316,6.682,6.673,0.188,0.157,0.011,22.487,50259
1780142738084,-60,-60,3.316,6.673,6.673,0.188,0.157,0.011,22.487,50292
1780142738109,-55,-55,3.316,6.673,6.673,0.188,0.157,0.011,22.487,50325
1780142738134,-52,-52,3.316,6.673,6.673,0.188,0.157,0.011,22.487,50358
1780142738166,-50,-50,3.316,6.673,6.673,0.188,0.157,0.011,22.487,50391
1780142738205,-45,-45,3.316,6.673,6.673,0.188,0.157,0.011,22.487,50424
1780142738233,-40,-40,3.316,6.673,6.673,0.188,0.157,0.011,22.487,50457
1780142738265,-37,-37,3.316,6.673,6.665,0.188,0.157,0.011,22.487,50490
1780142738300,-32,-32,3.316,6.673,6.673,0.188,0.157,0.011,22.487,50523
1780142738333,-27,-27,3.316,6.673,6.673,0.188,0.157,0.011,22.487,50556
1780142738367,-25,-25,3.316,6.673,6.673,0.188,0.157,0.011,22.487,50589
1780142738399,-20,-20,3.316,6.673,6.673,0.188,0.157,0.011,22.487,50622
1780142738434,-15,-15,3.310,6.673,6.665,0.188,0.157,0.011,22.487,50655
1780142738466,-12,-12,3.316,6.673,6.673,0.157,0.157,0.016,22.487,50688
1780142738500,-7,-7,3.316,6.673,6.673,0.188,0.157,0.011,22.487,50721
1780142738532,-2,-2,3.316,6.673,6.673,0.188,0.157,0.011,22.487,50754
1780142738565,0,0,3.316,6.673,6.673,0.188,0.157,0.011,22.487,50787
1780142738599,0,0,3.316,6.673,6.673,0.188,0.157,0.016,22.487,50820
1780142738632,0,0,3.316,6.673,6.673,0.188,0.157,0.011,22.487,50853
1780142738665,0,0,3.316,6.673,6.673,0.188,0.157,0.011,22.487,50886
1780142738700,0,0,3.316,6.673,6.673,0.188,0.157,0.011,22.487,50919
1780142738737,0,0,3.316,6.673,6.673,0.157,0.157,0.011,22.487,50952
1780142738766,0,0,3.316,6.673,6.673,0.188,0.157,0.011,22.487,50985
1780142738798,0,0,3.316,6.673,6.673,0.188,0.157,0.011,22.402,51018
1780142738832,0,0,3.316,6.682,6.665,0.188,0.157,0.011,22.487,51051
1780142738878,0,0,3.310,6.673,6.673,0.188,0.188,0.011,22.487,51084
1780142738898,0,0,3.316,6.673,6.665,0.188,0.157,0.011,22.487,51117
1780142738931,0,0,3.316,6.673,6.673,0.188,0.157,0.011,22.487,51150
1780142738964,0,0,3.316,6.682,6.665,0.188,0.157,0.011,22.487,51183
1780142738998,0,0,3.316,6.673,6.673,0.188,0.157,0.011,22.487,51216
1780142739031,0,0,3.316,6.673,6.673,0.188,0.157,0.011,22.487,51249
1780142739065,0,0,3.316,6.673,6.673,0.188,0.157,0.011,22.487,51282
1780142739098,0,0,3.316,6.673,6.673,0.188,0.157,0.011,22.487,51315
1780142739151,0,0,3.316,6.673,6.673,0.188,0.157,0.011,22.487,51348
1780142739172,0,0,3.316,6.673,6.673,0.188,0.157,0.016,22.487,51381
1780142739211,0,0,3.316,6.673,6.673,0.188,0.157,0.011,22.487,51414
1780142739235,0,0,3.316,6.673,6.665,0.188,0.157,0.011,22.487,51447
1780142739264,0,0,3.316,6.673,6.665,0.157,0.157,0.011,22.487,51480
1780142739298,0,0,3.316,6.673,6.665,0.188,0.157,0.011,22.487,51513
1780142739332,0,0,3.316,6.673,6.673,0.157,0.157,0.011,22.487,51546
1780142739363,0,0,3.316,6.673,6.673,0.188,0.157,0.011,22.487,51579
1780142739396,0,0,3.316,6.673,6.673,0.188,0.157,0.011,22.487,51612
1780142739434,0,0,3.316,6.673,6.665,0.188,0.157,0.011,22.487,51645
1780142739463,0,0,3.316,6.673,6.673,0.188,0.157,0.011,22.487,51678
1780142739514,0,0,3.310,6.673,6.673,0.188,0.157,0.011,22.487,51711
1780142739545,0,0,3.316,6.673,6.673,0.188,0.157,0.011,22.487,51744
1780142739565,0,0,3.316,6.673,6.673,0.188,0.157,0.011,22.487,51777
1780142739597,0,0,3.316,6.673,6.673,0.188,0.157,0.011,22.487,51810
1780142739633,0,0,3.316,6.673,6.673,0.188,0.157,0.011,22.487,51843
1780142739664,0,0,3.316,6.673,6.673,0.188,0.157,0.016,22.487,51876
1780142739698,0,0,3.316,6.673,6.665,0.188,0.157,0.011,22.487,51909
1780142739730,0,0,3.316,6.673,6.673,0.188,0.157,0.011,22.487,51942
1780142739764,0,0,3.316,6.673,6.673,0.188,0.188,0.011,22.487,51975
1780142739797,0,0,3.316,6.673,6.673,0.188,0.188,0.011,22.487,52008
1780142739828,0,0,3.316,6.673,6.673,0.188,0.157,0.011,22.487,52041
1780142739863,0,0,3.316,6.673,6.673,0.188,0.157,0.011,22.487,52074
1780142739897,0,0,3.316,6.673,6.673,0.188,0.157,0.011,22.487,52107
1780142739930,0,0,3.316,6.673,6.673,0.188,0.157,0.011,22.487,52140
1780142739962,0,0,3.316,6.673,6.673,0.188,0.157,0.011,22.487,52173
1780142739996,0,0,3.316,6.673,6.673,0.157,0.157,0.011,22.487,52206
1780142740029,0,0,3.316,6.673,6.673,0.188,0.157,0.011,22.487,52239
1780142740065,0,0,3.316,6.673,6.673,0.188,0.157,0.016,22.487,52272
1780142740095,0,0,3.316,6.673,6.673,0.188,0.157,0.011,22.487,52305
1780142740134,0,0,3.316,6.673,6.673,0.188,0.157,0.011,22.487,52338
1780142740162,0,0,3.316,6.673,6.673,0.188,0.157,0.011,22.487,52371
1780142740195,0,0,3.316,6.673,6.673,0.188,0.157,0.011,22.487,52404
1780142740228,0,0,3.310,6.673,6.673,0.188,0.157,0.011,22.487,52437
1780142740261,0,0,3.316,6.673,6.673,0.188,0.157,0.011,22.487,52470
1780142740295,0,0,3.316,6.673,6.673,0.188,0.157,0.011,22.487,52503
1780142740328,0,0,3.316,6.673,6.673,0.188,0.157,0.016,22.487,52536
1780142740366,0,0,3.316,6.673,6.673,0.188,0.157,0.011,22.487,52569
1780142740395,0,0,3.316,6.673,6.673,0.188,0.157,0.011,22.487,52602
1780142740427,0,0,3.316,6.673,6.673,0.188,0.157,0.016,22.487,52635
1780142740470,0,0,3.316,6.673,6.673,0.157,0.157,0.011,22.487,52668
1780142740503,0,0,3.316,6.673,6.673,0.188,0.157,0.011,22.487,52701
1780142740551,0,0,3.316,6.673,6.673,0.188,0.157,0.011,22.487,52734
1780142740569,0,0,3.316,6.673,6.673,0.188,0.157,0.016,22.487,52767
1780142740603,0,0,3.316,6.673,6.673,0.188,0.157,0.011,22.487,52800
1780142740635,0,0,3.316,6.673,6.673,0.188,0.157,0.016,22.487,52833
1780142740668,0,0,3.316,6.673,6.673,0.188,0.157,0.011,22.487,52866
1780142740705,0,0,3.316,6.673,6.673,0.188,0.157,0.011,22.487,52899
1780142740734,0,0,3.316,6.673,6.673,0.188,0.157,0.016,22.487,52932
1780142740768,0,0,3.316,6.673,6.673,0.157,0.157,0.011,22.487,52965
1780142740804,0,0,3.316,6.673,6.673,0.188,0.157,0.011,22.487,52998
1780142740837,0,0,3.316,6.673,6.673,0.188,0.157,0.011,22.487,53031
1780142740874,0,0,3.316,6.673,6.673,0.188,0.126,0.011,22.487,53064
1780142740902,0,0,3.316,6.682,6.673,0.188,0.157,0.016,22.487,53097
1780142740932,0,0,3.316,6.673,6.673,0.157,0.157,0.011,22.487,53130
1780142740969,0,0,3.316,6.673,6.673,0.188,0.157,0.011,22.487,53163
1780142740999,0,0,3.316,6.673,6.673,0.188,0.157,0.011,22.487,53196
1780142741031,0,0,3.316,6.673,6.673,0.188,0.157,0.011,22.487,53229
1780142741066,0,0,3.316,6.682,6.673,0.188,0.157,0.011,22.487,53262
1780142741098,0,0,3.316,6.673,6.673,0.188,0.157,0.011,22.487,53295
1780142741136,0,0,3.316,6.673,6.673,0.157,0.157,0.011,22.487,53328
1780142741165,0,0,3.316,6.673,6.673,0.188,0.157,0.011,22.487,53361
1780142741197,0,0,3.316,6.673,6.673,0.188,0.157,0.011,22.487,53394
1780142741230,0,0,3.316,6.673,6.673,0.188,0.157,0.011,22.487,53427
1780142741261,0,0,3.316,6.673,6.673,0.188,0.157,0.011,22.487,53460
1780142741310,0,0,3.316,6.673,6.673,0.188,0.157,0.011,22.487,53493
1780142741341,0,0,3.316,6.673,6.673,0.188,0.157,0.011,22.487,53526
1780142741361,0,0,3.316,6.673,6.673,0.188,0.157,0.011,22.487,53559
1780142741393,0,0,3.316,6.673,6.673,0.188,0.157,0.011,22.487,53592
1780142741427,0,0,3.316,6.673,6.673,0.188,0.157,0.011,22.487,53625
1780142741460,0,0,3.316,6.673,6.673,0.188,0.157,0.011,22.487,53658
1780142741493,0,0,3.316,6.673,6.673,0.188,0.157,0.011,22.487,53691
1780142741526,0,0,3.316,6.673,6.673,0.188,0.157,0.011,22.487,53724
1780142741559,0,0,3.310,6.673,6.673,0.188,0.157,0.011,22.487,53757
1780142741592,0,0,3.316,6.682,6.673,0.188,0.157,0.011,22.487,53790
1780142741625,0,0,3.310,6.673,6.665,0.188,0.157,0.011,22.487,53823
1780142741659,0,0,3.316,6.673,6.673,0.188,0.157,0.011,22.487,53856
1780142741692,0,0,3.316,6.673,6.673,0.188,0.157,0.016,22.487,53889
1780142741723,0,0,3.316,6.673,6.673,0.188,0.157,0.011,22.487,53922
1780142741757,0,0,3.316,6.682,6.673,0.188,0.157,0.011,22.487,53955
1780142741798,0,0,3.310,6.673,6.673,0.188,0.157,0.011,22.487,53988
1780142741824,0,0,3.310,6.673,6.673,0.188,0.157,0.011,22.487,54021
1780142741860,0,0,3.316,6.673,6.673,0.188,0.126,0.011,22.487,54054
1780142741892,0,0,3.316,6.673,6.673,0.188,0.157,0.011,22.487,54087
1780142741926,0,0,3.316,6.673,6.673,0.188,0.157,0.011,22.487,54120
1780142741967,0,0,3.316,6.673,6.673,0.188,0.157,0.016,22.487,54153
1780142741993,0,0,3.316,6.673,6.673,0.188,0.157,0.011,22.487,54186
1780142742025,0,0,3.316,6.673,6.673,0.188,0.157,0.011,22.487,54219
1780142742062,0,0,3.316,6.673,6.665,0.188,0.157,0.011,22.487,54252
1780142742091,0,0,3.316,6.673,6.673,0.188,0.157,0.011,22.487,54285
1780142742124,0,0,3.316,6.673,6.673,0.188,0.157,0.011,22.487,54318
1780142742167,0,0,3.316,6.673,6.673,0.188,0.157,0.011,22.487,54351
1780142742190,0,0,3.310,6.673,6.673,0.188,0.157,0.011,22.487,54384
1780142742223,0,0,3.316,6.673,6.673,0.188,0.157,0.011,22.487,54417
1780142742256,0,0,3.316,6.682,6.673,0.188,0.157,0.016,22.487,54450
1780142742290,0,0,3.316,6.673,6.673,0.188,0.157,0.011,22.487,54483
1780142742325,0,0,3.316,6.673,6.673,0.188,0.157,0.011,22.487,54516
1780142742363,0,0,3.316,6.673,6.673,0.188,0.157,0.011,22.487,54549
1780142742389,0,0,3.316,6.673,6.673,0.188,0.157,0.011,22.487,54582
1780142742423,0,0,3.316,6.673,6.673,0.188,0.157,0.011,22.487,54615
1780142742476,0,0,3.316,6.682,6.673,0.157,0.157,0.011,22.487,54648
1780142742495,0,0,3.316,6.673,6.673,0.188,0.157,0.011,22.487,54681
1780142742523,0,0,3.316,6.673,6.673,0.188,0.157,0.011,22.487,54714
1780142742565,0,0,3.310,6.673,6.673,0.188,0.157,0.011,22.487,54747
1780142742588,0,0,3.316,6.673,6.673,0.188,0.157,0.011,22.487,54780
1780142742622,0,0,3.310,6.673,6.673,0.188,0.157,0.011,22.487,54813
1780142742657,0,0,3.316,6.673,6.673,0.188,0.157,0.011,22.487,54846
1780142742692,0,0,3.316,6.673,6.673,0.188,0.157,0.011,22.487,54879
1780142742722,0,0,3.316,6.673,6.673,0.188,0.157,0.011,22.487,54912
1780142742755,0,0,3.316,6.673,6.673,0.188,0.157,0.016,22.487,54945
1780142742788,0,0,3.316,6.673,6.673,0.188,0.157,0.011,22.487,54978
1780142742821,0,0,3.316,6.673,6.673,0.188,0.157,0.011,22.487,55011
1780142742854,0,0,3.316,6.673,6.673,0.188,0.157,0.011,22.487,55044
1780142742894,0,0,3.316,6.673,6.673,0.188,0.157,0.011,22.487,55077
1780142742940,0,0,3.316,6.673,6.673,0.188,0.157,0.011,22.487,55110
1780142742955,0,0,3.316,6.682,6.673,0.188,0.157,0.011,22.487,55143
1780142742993,0,0,3.316,6.673,6.673,0.188,0.157,0.016,22.487,55176
1780142743022,0,0,3.310,6.673,6.673,0.188,0.157,0.016,22.487,55209
1780142743055,0,0,3.316,6.673,6.673,0.188,0.157,0.011,22.487,55242
1780142743087,0,0,3.316,6.673,6.673,0.188,0.157,0.011,22.487,55275
1780142743121,0,0,3.316,6.673,6.673,0.188,0.157,0.011,22.487,55308
1780142743154,0,0,3.316,6.673,6.673,0.188,0.157,0.011,22.487,55341
1780142743188,0,0,3.316,6.673,6.673,0.157,0.157,0.011,22.487,55374
1780142743224,0,0,3.316,6.673,6.673,0.188,0.157,0.011,22.487,55407
1780142743255,0,0,3.316,6.673,6.673,0.188,0.157,0.011,22.487,55440
1780142743287,0,0,3.316,6.673,6.673,0.188,0.157,0.011,22.487,55473
1780142743326,0,0,3.316,6.673,6.673,0.188,0.157,0.011,22.487,55506
1780142743353,0,0,3.316,6.673,6.673,0.188,0.157,0.011,22.487,55539
1780142743387,0,0,3.316,6.682,6.673,0.188,0.157,0.011,22.487,55572
1780142743420,0,0,3.316,6.673,6.673,0.188,0.157,0.011,22.487,55605
1780142743456,0,0,3.316,6.673,6.665,0.188,0.157,0.011,22.487,55638
1780142743487,0,0,3.316,6.673,6.665,0.188,0.157,0.016,22.487,55671
1780142743520,0,0,3.316,6.673,6.673,0.188,0.157,0.016,22.487,55704
1780142743563,0,0,3.316,6.673,6.673,0.188,0.157,0.011,22.487,55737
1780142743586,0,0,3.310,6.673,6.673,0.157,0.157,0.011,22.487,55770
1780142743621,0,0,3.316,6.673,6.673,0.188,0.157,0.016,22.487,55803
1780142743653,0,0,3.316,6.673,6.673,0.157,0.157,0.016,22.487,55836
1780142743693,0,0,3.316,6.673,6.673,0.188,0.157,0.011,22.487,55869
1780142743729,0,0,3.316,6.673,6.673,0.188,0.157,0.016,22.487,55902
1780142743753,0,0,3.316,6.673,6.673,0.188,0.157,0.011,22.487,55935
1780142743786,0,0,3.316,6.673,6.673,0.157,0.157,0.011,22.487,55968
1780142743819,0,0,3.316,6.673,6.673,0.188,0.157,0.011,22.487,56001
1780142743857,0,0,3.316,6.673,6.673,0.188,0.157,0.011,22.487,56034
1780142743886,0,0,3.316,6.673,6.673,0.188,0.157,0.011,22.487,56067
1780142743919,0,0,3.316,6.673,6.673,0.188,0.157,0.011,22.487,56100
1780142743952,0,0,3.316,6.673,6.673,0.188,0.157,0.016,22.487,56133
1780142743986,0,0,3.316,6.682,6.673,0.188,0.157,0.011,22.487,56166
1780142744020,0,0,3.316,6.673,6.673,0.188,0.157,0.011,22.487,56199
1780142744063,0,0,3.316,6.673,6.673,0.188,0.157,0.011,22.487,56232
1780142744098,0,0,3.316,6.673,6.673,0.188,0.157,0.016,22.487,56265
1780142744123,0,0,3.316,6.673,6.673,0.188,0.157,0.011,22.487,56298
1780142744154,0,0,3.316,6.673,6.673,0.188,0.157,0.011,22.487,56331
1780142744185,0,0,3.316,6.673,6.673,0.188,0.157,0.011,22.487,56364
1780142744225,0,0,3.316,6.673,6.673,0.188,0.157,0.011,22.487,56397
1780142744254,0,0,3.316,6.673,6.673,0.188,0.157,0.016,22.487,56430
1780142744285,0,0,3.316,6.673,6.673,0.188,0.157,0.011,22.487,56463
1780142744318,0,0,3.316,6.673,6.673,0.188,0.157,0.011,22.487,56496
1780142744351,0,0,3.316,6.673,6.673,0.188,0.157,0.011,22.487,56529
1780142744394,0,0,3.316,6.673,6.673,0.188,0.157,0.011,22.487,56562
1780142744440,0,0,3.316,6.673,6.673,0.188,0.157,0.011,22.487,56595
1780142744456,0,0,3.316,6.673,6.673,0.188,0.157,0.011,22.487,56628
1780142744487,0,0,3.316,6.682,6.673,0.188,0.157,0.011,22.487,56661
1780142744517,0,0,3.316,6.673,6.673,0.188,0.157,0.011,22.487,56694
1780142744555,0,0,3.316,6.673,6.673,0.188,0.157,0.011,22.487,56727
1780142744597,0,0,3.316,6.673,6.673,0.188,0.188,0.011,22.487,56760
1780142744618,0,0,3.316,6.673,6.673,0.188,0.157,0.011,22.487,56793
1780142744650,0,0,3.316,6.673,6.673,0.188,0.157,0.011,22.487,56826
1780142744685,0,0,3.316,6.673,6.665,0.188,0.157,0.011,22.487,56859
1780142744717,0,0,3.316,6.673,6.673,0.188,0.157,0.011,22.487,56892
1780142744761,0,0,3.316,6.673,6.673,0.188,0.157,0.011,22.487,56925
1780142744792,0,0,3.316,6.682,6.673,0.188,0.157,0.011,22.487,56958
1780142744818,0,0,3.316,6.673,6.673,0.188,0.157,0.011,22.487,56991
1780142744864,0,0,3.310,6.673,6.673,0.188,0.157,0.011,22.487,57024
1780142744894,0,0,3.316,6.682,6.673,0.188,0.157,0.011,22.487,57057
1780142744928,0,0,3.316,6.673,6.673,0.188,0.157,0.011,22.487,57090
1780142744959,0,0,3.316,6.673,6.673,0.188,0.157,0.011,22.487,57123
1780142744991,0,0,3.316,6.673,6.673,0.188,0.157,0.011,22.487,57156
1780142745026,0,0,3.316,6.673,6.673,0.188,0.157,0.011,22.487,57189
1780142745057,0,0,3.316,6.673,6.673,0.157,0.157,0.011,22.487,57222
1780142745090,0,0,3.316,6.682,6.673,0.188,0.157,0.011,22.487,57255
1780142745130,0,0,3.316,6.682,6.673,0.188,0.157,0.011,22.487,57288
1780142745156,0,0,3.316,6.673,6.673,0.188,0.157,0.011,22.487,57321
1780142745189,0,0,3.316,6.673,6.673,0.188,0.157,0.011,22.487,57354
1780142745231,0,0,3.316,6.673,6.673,0.188,0.157,0.011,22.487,57387
1780142745256,0,0,3.316,6.673,6.673,0.188,0.157,0.011,22.487,57420
1780142745295,0,0,3.316,6.673,6.673,0.188,0.157,0.011,22.487,57453
1780142745323,0,0,3.316,6.682,6.673,0.188,0.157,0.011,22.487,57486
1780142745355,0,0,3.316,6.682,6.673,0.188,0.157,0.011,22.487,57519
1780142745386,0,0,3.316,6.673,6.673,0.157,0.157,0.011,22.487,57552
1780142745423,0,0,3.316,6.673,6.673,0.188,0.157,0.011,22.487,57585
1780142745453,0,0,3.316,6.673,6.673,0.188,0.157,0.011,22.487,57618
1780142745487,0,0,3.316,6.673,6.673,0.188,0.157,0.011,22.487,57651
1780142745521,0,0,3.316,6.673,6.673,0.188,0.157,0.011,22.487,57684
1780142745559,0,0,3.316,6.673,6.673,0.188,0.157,0.011,22.487,57717
1780142745586,0,0,3.316,6.673,6.665,0.188,0.157,0.011,22.487,57750
1780142745622,0,0,3.316,6.673,6.673,0.188,0.157,0.011,22.487,57783
1780142745651,0,0,3.316,6.682,6.673,0.188,0.157,0.011,22.487,57816
1780142745692,0,0,3.316,6.673,6.665,0.188,0.157,0.011,22.487,57849
1780142745717,0,0,3.316,6.673,6.673,0.188,0.157,0.016,22.487,57882
1780142745751,0,0,3.316,6.673,6.673,0.188,0.157,0.011,22.487,57915
1780142745788,0,0,3.316,6.673,6.673,0.188,0.157,0.011,22.487,57948
1780142745816,0,0,3.316,6.673,6.673,0.188,0.157,0.011,22.487,57981
1780142745850,0,0,3.316,6.673,6.673,0.188,0.157,0.011,22.487,58014
1780142745886,0,0,3.310,6.673,6.673,0.188,0.157,0.011,22.487,58047
1780142745922,0,0,3.316,6.673,6.673,0.188,0.157,0.011,22.487,58080
1780142745948,0,0,3.316,6.673,6.673,0.188,0.157,0.011,22.487,58113
1780142745981,0,0,3.316,6.673,6.673,0.188,0.157,0.011,22.487,58146
1780142746016,0,0,3.316,6.673,6.673,0.188,0.157,0.011,22.487,58179
1780142746048,0,0,3.316,6.673,6.665,0.188,0.157,0.011,22.487,58212
1780142746083,0,0,3.316,6.673,6.673,0.188,0.157,0.011,22.487,58245
1780142746114,0,0,3.316,6.673,6.673,0.188,0.157,0.011,22.487,58278
1780142746155,0,0,3.316,6.673,6.673,0.188,0.157,0.011,22.487,58311
1780142746180,0,0,3.316,6.673,6.673,0.188,0.157,0.011,22.487,58344
1780142746214,0,0,3.316,6.673,6.673,0.188,0.157,0.016,22.487,58377
1780142746250,0,0,3.316,6.673,6.673,0.188,0.157,0.011,22.487,58410
1780142746301,0,0,3.316,6.673,6.673,0.188,0.157,0.011,22.487,58443
1780142746313,0,0,3.316,6.673,6.673,0.188,0.157,0.011,22.487,58476
1780142746347,0,0,3.316,6.673,6.673,0.188,0.157,0.011,22.487,58509
1780142746381,0,0,3.316,6.682,6.673,0.188,0.157,0.011,22.487,58542
1780142746422,0,0,3.316,6.682,6.673,0.188,0.157,0.011,22.487,58575
1780142746446,0,0,3.316,6.673,6.673,0.188,0.157,0.011,22.487,58608
1780142746479,0,0,3.316,6.673,6.673,0.188,0.157,0.011,22.487,58641
1780142746514,0,0,3.310,6.673,6.673,0.188,0.157,0.011,22.487,58674
1780142746547,0,0,3.316,6.673,6.673,0.188,0.157,0.011,22.487,58707
1780142746580,0,0,3.316,6.673,6.673,0.188,0.157,0.011,22.487,58740
1780142746627,0,0,3.316,6.673,6.673,0.188,0.157,0.011,22.487,58773
1780142746646,0,0,3.316,6.673,6.673,0.157,0.157,0.011,22.487,58806
1780142746679,0,0,3.316,6.673,6.673,0.188,0.157,0.011,22.487,58839
1780142746712,0,0,3.316,6.673,6.673,0.188,0.157,0.011,22.487,58872
1780142746746,0,0,3.316,6.673,6.673,0.188,0.157,0.011,22.487,58905
1780142746778,0,0,3.316,6.673,6.673,0.188,0.157,0.011,22.487,58938
1780142746812,0,0,3.316,6.673,6.673,0.188,0.157,0.011,22.487,58971
1780142746845,0,0,3.316,6.673,6.673,0.188,0.157,0.011,22.487,59004
1780142746878,0,0,3.316,6.673,6.673,0.188,0.157,0.011,22.487,59037
1780142746914,0,0,3.316,6.673,6.673,0.188,0.157,0.011,22.487,59070
1780142746961,0,0,3.316,6.673,6.673,0.188,0.157,0.011,22.487,59103
1780142746984,0,0,3.316,6.682,6.673,0.188,0.157,0.011,22.487,59136
1780142747025,0,0,3.310,6.673,6.673,0.188,0.157,0.011,22.487,59169
1780142747045,0,0,3.316,6.673,6.673,0.188,0.157,0.016,22.487,59202
1780142747077,0,0,3.316,6.673,6.673,0.188,0.157,0.011,22.487,59235
1780142747114,0,0,3.316,6.673,6.673,0.188,0.157,0.011,22.487,59268
1780142747144,0,0,3.316,6.673,6.673,0.188,0.157,0.011,22.487,59301
1780142747178,0,0,3.316,6.673,6.673,0.188,0.157,0.011,22.487,59334
1780142747212,0,0,3.316,6.673,6.673,0.188,0.157,0.011,22.487,59367
1780142747245,0,0,3.316,6.673,6.673,0.188,0.157,0.011,22.487,59400
1780142747278,0,0,3.316,6.682,6.673,0.188,0.157,0.011,22.487,59433
1780142747310,0,0,3.310,6.673,6.673,0.188,0.157,0.011,22.487,59466
1780142747348,0,0,3.316,6.673,6.673,0.188,0.157,0.011,22.487,59499
1780142747379,0,0,3.316,6.673,6.673,0.188,0.157,0.011,22.487,59532
1780142747411,0,0,3.316,6.673,6.673,0.188,0.157,0.011,22.487,59565
1780142747444,0,0,3.316,6.673,6.673,0.188,0.157,0.011,22.487,59598
1780142747478,0,0,3.310,6.673,6.673,0.188,0.157,0.011,22.487,59631
1780142747510,0,0,3.316,6.673,6.673,0.188,0.157,0.011,22.487,59664
1780142747544,0,0,3.316,6.673,6.673,0.188,0.157,0.016,22.487,59697
1780142747578,0,0,3.316,6.673,6.673,0.188,0.157,0.011,22.487,59730
1780142747610,0,0,3.316,6.673,6.673,0.188,0.157,0.011,22.487,59763
1780142747644,0,0,3.316,6.673,6.673,0.188,0.157,0.011,22.487,59796
1780142747676,0,0,3.316,6.673,6.673,0.188,0.157,0.011,22.487,59829
1780142747712,0,0,3.316,6.673,6.673,0.157,0.157,0.011,22.487,59862
1780142747744,0,0,3.316,6.682,6.665,0.188,0.157,0.016,22.487,59895
1780142747776,0,0,3.316,6.673,6.673,0.188,0.157,0.011,22.487,59928
1780142747810,0,0,3.316,6.673,6.673,0.188,0.157,0.011,22.487,59961
1780142747843,0,0,3.316,6.673,6.673,0.188,0.157,0.011,22.487,59994
1780142747894,0,0,3.316,6.673,6.673,0.188,0.157,0.011,22.487,60027
1780142747909,0,0,3.316,6.673,6.673,0.157,0.157,0.011,22.487,60060
1780142747943,0,0,3.316,6.673,6.673,0.188,0.157,0.011,22.487,60093
1780142747977,0,0,3.316,6.673,6.673,0.188,0.157,0.011,22.487,60126
1780142748009,0,0,3.316,6.673,6.673,0.188,0.157,0.011,22.487,60159
1780142748042,0,0,3.316,6.682,6.673,0.188,0.157,0.011,22.487,60192
1780142748075,0,0,3.316,6.673,6.673,0.188,0.157,0.011,22.487,60225
1780142748109,0,0,3.316,6.673,6.673,0.188,0.157,0.011,22.487,60258
1780142748142,0,0,3.316,6.673,6.673,0.188,0.157,0.011,22.487,60291
1780142748176,0,0,3.316,6.673,6.673,0.188,0.157,0.011,22.487,60324
1780142748210,0,0,3.316,6.682,6.673,0.188,0.157,0.011,22.487,60357
1780142748243,0,0,3.316,6.673,6.673,0.188,0.157,0.016,22.487,60390
1780142748275,0,0,3.316,6.673,6.673,0.188,0.157,0.011,22.487,60423
1780142748310,0,0,3.316,6.673,6.673,0.188,0.157,0.011,22.487,60456
1780142748343,0,0,3.316,6.673,6.673,0.157,0.157,0.011,22.487,60489
1780142748379,0,0,3.316,6.673,6.673,0.188,0.157,0.011,22.487,60522
1780142748409,0,0,3.316,6.673,6.673,0.188,0.157,0.011,22.487,60555
1780142748445,0,0,3.322,6.673,6.673,0.188,0.157,0.011,22.487,60588
1780142748476,0,0,3.316,6.673,6.673,0.188,0.157,0.011,22.487,60621
1780142748508,0,0,3.316,6.673,6.673,0.188,0.157,0.016,22.487,60654
1780142748542,0,0,3.316,6.673,6.673,0.188,0.157,0.011,22.487,60687
1780142748581,0,0,3.316,6.673,6.673,0.188,0.157,0.011,22.487,60720
1780142748613,0,0,3.316,6.673,6.673,0.188,0.157,0.011,22.487,60753
1780142748641,0,0,3.316,6.673,6.673,0.188,0.157,0.011,22.487,60786
1780142748674,0,0,3.316,6.673,6.673,0.188,0.157,0.011,22.487,60819
1780142748709,0,0,3.316,6.673,6.673,0.188,0.157,0.016,22.487,60852
1780142748740,0,0,3.316,6.673,6.673,0.188,0.157,0.011,22.487,60885
1780142748775,0,0,3.316,6.673,6.673,0.188,0.157,0.011,22.487,60918
1780142748807,0,0,3.316,6.673,6.673,0.188,0.157,0.011,22.487,60951
1780142748842,0,0,3.316,6.673,6.673,0.157,0.157,0.016,22.487,60984
1780142748874,0,0,3.316,6.673,6.673,0.188,0.157,0.011,22.487,61017
1780142748907,0,0,3.316,6.682,6.673,0.188,0.157,0.011,22.487,61050
1780142748941,0,0,3.316,6.673,6.673,0.188,0.157,0.011,22.487,61083
1780142748974,0,0,3.316,6.673,6.673,0.188,0.157,0.011,22.487,61116
1780142749008,0,0,3.316,6.673,6.673,0.188,0.157,0.011,22.487,61149
1780142749043,0,0,3.316,6.673,6.673,0.188,0.157,0.011,22.487,61182
1780142749073,0,0,3.316,6.673,6.673,0.157,0.157,0.011,22.487,61215
1780142749106,0,0,3.316,6.673,6.673,0.188,0.157,0.011,22.487,61248
1780142749149,0,0,3.316,6.673,6.673,0.188,0.157,0.011,22.487,61281
1780142749181,0,0,3.316,6.673,6.673,0.188,0.157,0.011,22.487,61314
1780142749215,0,0,3.316,6.673,6.673,0.188,0.157,0.016,22.487,61347
1780142749248,0,0,3.316,6.673,6.673,0.188,0.157,0.011,22.487,61380
1780142749306,0,0,3.316,6.673,6.673,0.188,0.157,0.011,22.487,61413
1780142749314,0,0,3.316,6.673,6.673,0.188,0.157,0.011,22.487,61446
1780142749348,0,0,3.310,6.673,6.665,0.188,0.157,0.011,22.487,61479
1780142749386,0,0,3.316,6.673,6.673,0.188,0.157,0.011,22.487,61512
1780142749413,0,0,3.316,6.673,6.673,0.188,0.157,0.011,22.487,61545
1780142749452,0,0,3.316,6.673,6.673,0.188,0.157,0.011,22.487,61578
1780142749489,0,0,3.316,6.673,6.673,0.157,0.157,0.011,22.487,61611
1780142749513,0,0,3.316,6.682,6.673,0.188,0.157,0.011,22.487,61644
1780142749565,0,0,3.316,6.682,6.673,0.188,0.157,0.011,22.487,61677
1780142749578,0,0,3.316,6.673,6.673,0.188,0.157,0.011,22.487,61710
1780142749613,0,0,3.316,6.673,6.673,0.188,0.157,0.011,22.487,61743
1780142749643,0,0,3.316,6.673,6.673,0.188,0.157,0.011,22.487,61776
1780142749677,0,0,3.316,6.673,6.673,0.188,0.157,0.016,22.487,61809
1780142749712,0,0,3.316,6.682,6.673,0.188,0.157,0.011,22.487,61842
1780142749743,0,0,3.316,6.673,6.673,0.188,0.157,0.011,22.487,61875
1780142749776,0,0,3.316,6.673,6.673,0.188,0.157,0.011,22.487,61908
1780142749809,0,0,3.316,6.673,6.673,0.188,0.157,0.011,22.487,61941
1780142749842,0,0,3.316,6.673,6.673,0.188,0.157,0.016,22.487,61974
1780142749878,0,0,3.316,6.673,6.673,0.188,0.157,0.011,22.487,62007
1780142749914,0,0,3.316,6.682,6.673,0.188,0.157,0.011,22.487,62040
1780142749941,0,0,3.310,6.673,6.673,0.188,0.157,0.011,22.487,62073
1780142749973,0,0,3.316,6.673,6.673,0.188,0.157,0.011,22.487,62106
1780142750009,0,0,3.316,6.673,6.673,0.188,0.157,0.011,22.487,62139
1780142750040,0,0,3.316,6.673,6.673,0.188,0.157,0.011,22.487,62172
1780142750072,0,0,3.316,6.673,6.673,0.188,0.157,0.011,22.487,62205
1780142750106,0,0,3.316,6.673,6.673,0.188,0.157,0.011,22.487,62238
1780142750139,0,0,3.316,6.682,6.673,0.188,0.157,0.016,22.487,62271
1780142750182,0,0,3.316,6.673,6.673,0.188,0.157,0.011,22.487,62304
1780142750206,0,0,3.316,6.682,6.673,0.188,0.157,0.011,22.487,62337
1780142750239,0,0,3.316,6.673,6.673,0.188,0.157,0.011,22.487,62370
1780142750271,0,0,3.316,6.673,6.673,0.188,0.157,0.011,22.487,62403
1780142750304,0,0,3.316,6.673,6.673,0.188,0.157,0.011,22.487,62436
1780142750344,0,0,3.310,6.673,6.673,0.188,0.157,0.011,22.487,62469
1780142750370,0,0,3.310,6.673,6.673,0.188,0.157,0.011,22.487,62502
1780142750404,0,0,3.316,6.673,6.673,0.188,0.157,0.011,22.487,62535
1780142750436,0,0,3.316,6.673,6.673,0.188,0.157,0.011,22.487,62568
1780142750469,0,0,3.316,6.673,6.673,0.188,0.157,0.011,22.487,62601
1780142750510,0,0,3.316,6.673,6.673,0.188,0.157,0.011,22.487,62634
1780142750536,0,0,3.316,6.673,6.673,0.188,0.157,0.011,22.487,62667
1780142750578,0,0,3.316,6.673,6.673,0.157,0.157,0.011,22.487,62700
1780142750603,0,0,3.316,6.673,6.673,0.188,0.157,0.011,22.487,62733
1780142750667,0,0,3.316,6.673,6.673,0.188,0.157,0.016,22.487,62766
1780142750690,0,0,3.316,6.673,6.673,0.188,0.188,0.011,22.487,62799
1780142750703,0,0,3.316,6.673,6.673,0.188,0.157,0.011,22.487,62832
1780142750736,0,0,3.310,6.673,6.673,0.188,0.157,0.011,22.487,62865
1780142750777,0,0,3.316,6.673,6.673,0.188,0.157,0.011,22.487,62898
1780142750804,0,0,3.316,6.673,6.673,0.188,0.157,0.011,22.487,62931
1780142750835,0,0,3.316,6.682,6.665,0.188,0.157,0.011,22.487,62964
1780142750872,0,0,3.316,6.682,6.673,0.188,0.157,0.011,22.487,62997
1780142750904,0,0,3.316,6.673,6.673,0.188,0.157,0.011,22.487,63030
1780142750952,0,0,3.316,6.682,6.673,0.188,0.157,0.011,22.487,63063
1780142750984,0,0,3.316,6.673,6.673,0.188,0.157,0.011,22.487,63096
1780142751008,0,0,3.316,6.673,6.673,0.188,0.157,0.011,22.487,63129
1780142751036,0,0,3.316,6.673,6.673,0.188,0.157,0.011,22.487,63162
1780142751069,0,0,3.316,6.673,6.673,0.157,0.157,0.011,22.487,63195
1780142751103,0,0,3.316,6.673,6.673,0.188,0.157,0.011,22.487,63228
1780142751139,0,0,3.316,6.673,6.673,0.188,0.157,0.011,22.487,63261
1780142751172,0,0,3.316,6.673,6.673,0.188,0.157,0.011,22.487,63294
1780142751202,0,0,3.316,6.673,6.673,0.157,0.157,0.011,22.487,63327
1780142751235,0,0,3.316,6.673,6.673,0.188,0.157,0.011,22.487,63360
1780142751268,0,0,3.316,6.673,6.673,0.157,0.157,0.016,22.487,63393
1780142751302,0,0,3.316,6.673,6.673,0.188,0.157,0.011,22.487,63426
1780142751335,0,0,3.316,6.673,6.673,0.188,0.157,0.011,22.487,63459
1780142751368,0,0,3.316,6.673,6.665,0.188,0.157,0.016,22.487,63492
1780142751401,0,0,3.316,6.673,6.673,0.188,0.157,0.011,22.487,63525
1780142751434,0,0,3.316,6.682,6.673,0.188,0.157,0.011,22.487,63558
1780142751468,0,0,3.310,6.673,6.673,0.188,0.157,0.011,22.487,63591
1780142751501,0,0,3.316,6.673,6.673,0.188,0.157,0.011,22.487,63624
1780142751535,0,0,3.316,6.673,6.673,0.188,0.157,0.011,22.487,63657
1780142751568,0,0,3.316,6.673,6.673,0.188,0.157,0.011,22.487,63690
1780142751601,0,0,3.316,6.673,6.673,0.188,0.157,0.011,22.487,63723
1780142751633,0,0,3.316,6.673,6.673,0.188,0.157,0.011,22.487,63756
1780142751669,0,0,3.316,6.673,6.673,0.188,0.157,0.011,22.487,63789
1780142751701,0,0,3.316,6.673,6.673,0.188,0.157,0.011,22.487,63822
1780142751734,0,0,3.316,6.682,6.673,0.188,0.157,0.011,22.487,63855
1780142751767,0,0,3.316,6.682,6.673,0.188,0.157,0.011,22.487,63888
1780142751801,0,0,3.316,6.673,6.673,0.188,0.157,0.011,22.487,63921
1780142751843,0,0,3.316,6.682,6.673,0.188,0.157,0.011,22.487,63954
1780142751866,0,0,3.316,6.673,6.673,0.188,0.157,0.016,22.487,63987
1780142751902,0,0,3.316,6.673,6.673,0.188,0.157,0.011,22.487,64020
1780142751933,0,0,3.316,6.673,6.673,0.188,0.157,0.011,22.487,64053
1780142751980,0,0,3.316,6.673,6.673,0.188,0.157,0.011,22.487,64086
1780142752000,0,0,3.316,6.673,6.673,0.188,0.157,0.011,22.487,64119
1780142752033,0,0,3.316,6.673,6.673,0.188,0.157,0.011,22.487,64152
1780142752066,0,0,3.316,6.673,6.673,0.188,0.157,0.011,22.487,64185
1780142752099,0,0,3.316,6.682,6.673,0.188,0.157,0.011,22.487,64218
1780142752133,0,0,3.316,6.682,6.673,0.157,0.157,0.011,22.487,64251
1780142752165,0,0,3.316,6.673,6.673,0.188,0.157,0.011,22.487,64284
1780142752199,0,0,3.316,6.673,6.673,0.188,0.157,0.011,22.487,64317
1780142752245,0,0,3.316,6.673,6.673,0.188,0.157,0.011,22.487,64350
1780142752267,0,0,3.316,6.673,6.673,0.188,0.157,0.011,22.487,64383
1780142752300,0,0,3.310,6.673,6.665,0.188,0.157,0.011,22.487,64416
1780142752332,0,0,3.316,6.682,6.673,0.157,0.157,0.011,22.487,64449
1780142752369,0,0,3.316,6.673,6.673,0.188,0.157,0.011,22.487,64482
1780142752398,0,0,3.316,6.673,6.673,0.157,0.157,0.011,22.487,64515
1780142752431,0,0,3.316,6.673,6.673,0.188,0.157,0.011,22.487,64548
1780142752465,0,0,3.310,6.682,6.673,0.188,0.157,0.011,22.487,64581
1780142752499,0,0,3.316,6.673,6.673,0.188,0.157,0.016,22.487,64614
1780142752532,0,0,3.316,6.673,6.673,0.188,0.157,0.011,22.487,64647
1780142752565,0,0,3.316,6.673,6.673,0.188,0.157,0.011,22.487,64680
1780142752604,0,0,3.316,6.673,6.673,0.188,0.157,0.011,22.487,64713
1780142752636,0,0,3.316,6.673,6.673,0.188,0.188,0.011,22.487,64746
1780142752665,0,0,3.316,6.673,6.673,0.188,0.157,0.011,22.487,64779
1780142752698,0,0,3.316,6.673,6.673,0.188,0.157,0.011,22.487,64812
1780142752731,0,0,3.316,6.673,6.673,0.188,0.157,0.011,22.487,64845
1780142752765,0,0,3.316,6.673,6.673,0.188,0.157,0.011,22.487,64878
1780142752799,0,0,3.316,6.673,6.673,0.188,0.157,0.011,22.487,64911
1780142752832,0,0,3.316,6.673,6.673,0.188,0.157,0.011,22.487,64944
1780142752864,0,0,3.316,6.673,6.673,0.188,0.157,0.011,22.487,64977
1780142752898,0,0,3.316,6.673,6.673,0.188,0.157,0.011,22.487,65010
1780142752930,0,0,3.316,6.673,6.673,0.157,0.157,0.011,22.487,65043
1780142752964,0,0,3.316,6.673,6.673,0.188,0.157,0.011,22.487,65076
1780142752997,0,0,3.316,6.673,6.673,0.188,0.157,0.016,22.487,65109
1780142753030,0,0,3.316,6.673,6.673,0.188,0.157,0.011,22.487,65142
1780142753064,0,0,3.316,6.673,6.673,0.188,0.157,0.011,22.487,65175
1780142753098,0,0,3.316,6.673,6.673,0.188,0.157,0.011,22.487,65208
1780142753131,0,0,3.316,6.673,6.673,0.188,0.157,0.011,22.487,65241
1780142753164,0,0,3.316,6.673,6.673,0.188,0.157,0.011,22.487,65274
1780142753200,0,0,3.310,6.673,6.673,0.188,0.157,0.011,22.487,65307
1780142753232,0,0,3.316,6.673,6.673,0.188,0.157,0.011,22.487,65340
1780142753263,0,0,3.316,6.673,6.673,0.188,0.157,0.011,22.487,65373
1780142753297,0,0,3.316,6.673,6.673,0.188,0.157,0.011,22.487,65406
1780142753329,0,0,3.316,6.673,6.673,0.188,0.157,0.011,22.487,65439
1780142753363,0,0,3.316,6.673,6.673,0.188,0.157,0.011,22.487,65472
1780142753396,0,0,3.316,6.673,6.673,0.188,0.157,0.011,22.487,65505
1780142753439,0,0,3.316,6.673,6.673,0.188,0.157,0.011,22.487,65538
1780142753463,0,0,3.316,6.673,6.673,0.188,0.157,0.011,22.487,65571
1780142753505,0,0,3.316,6.673,6.673,0.188,0.157,0.011,22.487,65604
1780142753558,0,0,3.316,6.673,6.673,0.188,0.157,0.011,22.487,65637
1780142753583,0,0,3.316,6.673,6.673,0.188,0.157,0.011,22.487,65670
1780142753606,0,0,3.316,6.673,6.673,0.188,0.157,0.011,22.487,65703
1780142753638,0,0,3.316,6.673,6.673,0.188,0.157,0.011,22.487,65736
1780142753671,0,0,3.316,6.673,6.665,0.188,0.157,0.011,22.487,65769
1780142753703,0,0,3.316,6.673,6.673,0.188,0.157,0.011,22.487,65802
1780142753737,0,0,3.316,6.673,6.673,0.188,0.157,0.011,22.487,65835
1780142753774,0,0,3.316,6.673,6.673,0.188,0.157,0.011,22.487,65868
1780142753802,0,0,3.316,6.682,6.673,0.157,0.157,0.011,22.487,65901
1780142753843,0,0,3.316,6.673,6.673,0.188,0.157,0.011,22.487,65934
1780142753868,0,0,3.316,6.673,6.673,0.188,0.157,0.011,22.487,65967
1780142753906,0,0,3.316,6.673,6.673,0.188,0.157,0.011,22.487,66000
1780142753936,0,0,3.310,6.673,6.673,0.188,0.157,0.011,22.487,66033
1780142753969,0,0,3.316,6.682,6.673,0.188,0.157,0.011,22.487,66066
1780142754006,0,0,3.316,6.673,6.673,0.188,0.157,0.016,22.487,66099
1780142754033,0,0,3.316,6.673,6.665,0.157,0.157,0.011,22.487,66132
1780142754066,0,0,3.316,6.673,6.673,0.188,0.157,0.011,22.487,66165
1780142754103,0,0,3.316,6.673,6.673,0.188,0.157,0.011,22.487,66198
1780142754133,0,0,3.316,6.673,6.673,0.188,0.157,0.016,22.487,66231
1780142754164,0,0,3.316,6.673,6.673,0.188,0.157,0.011,22.487,66264
1780142754208,0,0,3.316,6.673,6.673,0.188,0.157,0.011,22.487,66297
1780142754233,0,0,3.316,6.673,6.673,0.188,0.157,0.011,22.487,66330
1780142754264,0,0,3.316,6.673,6.673,0.157,0.157,0.011,22.487,66363
1780142754297,0,0,3.316,6.673,6.673,0.188,0.157,0.011,22.487,66396
1780142754330,0,0,3.316,6.673,6.673,0.188,0.157,0.011,22.487,66429
1780142754364,0,0,3.316,6.673,6.673,0.188,0.157,0.011,22.487,66462
1780142754397,0,0,3.316,6.673,6.673,0.188,0.157,0.011,22.487,66495
1780142754432,0,0,3.316,6.673,6.673,0.188,0.157,0.011,22.487,66528
1780142754461,0,0,3.316,6.673,6.673,0.188,0.157,0.011,22.487,66561
1780142754495,0,0,3.316,6.673,6.673,0.188,0.157,0.011,22.487,66594
1780142754536,0,0,3.316,6.673,6.673,0.188,0.157,0.011,22.487,66627
1780142754561,0,0,3.316,6.673,6.673,0.188,0.157,0.011,22.487,66660
1780142754594,0,0,3.316,6.682,6.673,0.188,0.157,0.011,22.487,66693
1780142754636,0,0,3.316,6.673,6.673,0.188,0.157,0.011,22.487,66726
1780142754660,0,0,3.310,6.673,6.673,0.188,0.157,0.011,22.487,66759
1780142754693,0,0,3.316,6.673,6.673,0.188,0.157,0.011,22.487,66792
1780142754732,0,0,3.316,6.673,6.673,0.188,0.157,0.011,22.487,66825
1780142754760,0,0,3.316,6.673,6.673,0.188,0.157,0.011,22.487,66858
1780142754798,0,0,3.316,6.673,6.673,0.188,0.157,0.011,22.487,66891
1780142754825,0,0,3.316,6.673,6.665,0.188,0.157,0.011,22.487,66924
1780142754862,0,0,3.316,6.673,6.673,0.188,0.157,0.011,22.487,66957
1780142754896,0,0,3.316,6.673,6.673,0.188,0.157,0.011,22.487,66990
1780142754932,0,0,3.316,6.673,6.673,0.188,0.157,0.011,22.487,67023
1780142754959,0,0,3.316,6.673,6.673,0.188,0.157,0.011,22.487,67056
1780142754992,0,0,3.316,6.673,6.673,0.188,0.157,0.011,22.487,67089
1780142755026,0,0,3.316,6.673,6.673,0.188,0.188,0.011,22.487,67122
1780142755058,0,0,3.316,6.673,6.673,0.188,0.157,0.011,22.487,67155
1780142755092,0,0,3.316,6.673,6.673,0.188,0.157,0.011,22.487,67188
1780142755125,0,0,3.316,6.673,6.673,0.188,0.157,0.011,22.487,67221
1780142755161,0,0,3.316,6.673,6.673,0.188,0.157,0.011,22.487,67254
1780142755195,0,0,3.316,6.673,6.673,0.188,0.157,0.016,22.487,67287
1780142755225,0,0,3.316,6.673,6.673,0.188,0.157,0.011,22.487,67320
1780142755260,0,0,3.316,6.673,6.673,0.188,0.157,0.011,22.487,67353
1780142755303,0,0,3.316,6.673,6.673,0.188,0.157,0.011,22.487,67386
1780142755332,0,0,3.316,6.673,6.673,0.188,0.157,0.011,22.487,67419
1780142755357,0,0,3.316,6.673,6.673,0.188,0.157,0.011,22.487,67452
1780142755392,0,0,3.316,6.673,6.673,0.188,0.157,0.011,22.487,67485
1780142755425,0,0,3.316,6.673,6.665,0.188,0.157,0.011,22.487,67518
1780142755458,0,0,3.316,6.673,6.673,0.188,0.157,0.011,22.487,67551
1780142755491,0,0,3.316,6.673,6.673,0.188,0.157,0.011,22.487,67584
1780142755524,0,0,3.316,6.673,6.673,0.188,0.157,0.011,22.487,67617
1780142755558,0,0,3.316,6.673,6.673,0.188,0.157,0.011,22.487,67650
1780142755590,0,0,3.316,6.673,6.673,0.188,0.157,0.011,22.487,67683
1780142755629,0,0,3.316,6.673,6.673,0.188,0.157,0.016,22.487,67716
1780142755657,0,0,3.310,6.673,6.673,0.188,0.157,0.011,22.487,67749
1780142755691,0,0,3.316,6.673,6.673,0.188,0.157,0.011,22.487,67782
1780142755724,0,0,3.316,6.673,6.673,0.188,0.157,0.011,22.487,67815
1780142755757,0,0,3.316,6.673,6.673,0.188,0.157,0.011,22.487,67848
1780142755792,0,0,3.316,6.673,6.673,0.188,0.157,0.011,22.487,67881
1780142755823,0,0,3.316,6.673,6.673,0.188,0.157,0.011,22.487,67914
1780142755861,0,0,3.316,6.673,6.665,0.188,0.157,0.011,22.487,67947
1780142755892,0,0,3.316,6.673,6.673,0.188,0.157,0.011,22.487,67980
1780142755925,0,0,3.316,6.673,6.673,0.188,0.157,0.016,22.487,68013
1780142755958,0,0,3.316,6.673,6.673,0.188,0.157,0.011,22.487,68046
1780142755991,0,0,3.316,6.673,6.673,0.188,0.157,0.011,22.487,68079
1780142756051,0,0,3.316,6.673,6.673,0.188,0.157,0.011,22.487,68112
1780142756062,0,0,3.316,6.673,6.673,0.188,0.157,0.011,22.487,68145
1780142756095,0,0,3.316,6.682,6.673,0.188,0.157,0.011,22.487,68178
1780142756127,0,0,3.316,6.673,6.665,0.188,0.157,0.011,22.487,68211
1780142756157,0,0,3.316,6.673,6.673,0.188,0.157,0.016,22.487,68244
1780142756189,5,5,3.316,6.673,6.673,0.188,0.157,0.011,22.487,68277
1780142756224,10,10,3.316,6.673,6.673,0.188,0.126,0.011,22.487,68310
1780142756256,12,12,3.316,6.673,6.673,0.188,0.157,0.011,22.487,68343
1780142756289,17,17,3.316,6.682,6.673,0.188,0.157,0.011,22.487,68376
1780142756322,20,20,3.316,6.673,6.673,0.188,0.157,0.011,22.487,68409
1780142756355,25,25,3.316,6.673,6.673,0.188,0.157,0.011,22.487,68442
1780142756397,30,30,3.316,6.673,6.673,0.188,0.157,0.011,22.487,68475
1780142756423,35,35,3.316,6.673,6.673,0.188,0.157,0.011,22.487,68508
1780142756456,37,37,3.316,6.673,6.673,0.188,0.157,0.011,22.487,68541
1780142756488,42,42,3.316,6.673,6.673,0.188,0.157,0.011,22.487,68574
1780142756524,47,47,3.316,6.682,6.673,0.188,0.157,0.011,22.487,68607
1780142756555,50,50,3.316,6.673,6.673,0.188,0.157,0.011,22.487,68640
1780142756589,55,55,3.316,6.673,6.673,0.188,0.157,0.011,22.487,68673
1780142756622,57,57,3.316,6.673,6.673,0.188,0.157,0.011,22.487,68706
1780142756654,62,62,3.316,6.673,6.673,0.188,0.157,0.011,22.487,68739
1780142756690,67,67,3.316,6.673,6.673,0.188,0.157,0.011,22.487,68772
1780142756721,70,70,3.316,6.682,6.673,0.188,0.157,0.011,22.487,68805
1780142756755,75,75,3.316,6.673,6.673,0.188,0.157,0.011,22.487,68838
1780142756804,82,82,3.316,6.682,6.673,0.188,0.157,0.011,22.487,68871
1780142756823,85,85,3.316,6.673,6.673,0.188,0.157,0.011,22.487,68904
1780142756854,87,87,3.316,6.673,6.673,0.188,0.157,0.011,22.487,68937
1780142756891,92,92,3.316,6.673,6.673,0.188,0.157,0.011,22.487,68970
1780142756926,97,97,3.316,6.673,6.673,0.188,0.157,0.011,22.487,69003
1780142756954,100,100,3.316,6.673,6.665,0.188,0.157,0.016,22.487,69036
1780142756990,105,105,3.316,6.673,6.673,0.188,0.157,0.011,22.487,69069
1780142757020,107,107,3.316,6.682,6.673,0.188,0.157,0.011,22.487,69102
1780142757053,112,112,3.310,6.665,6.657,0.188,0.188,0.011,22.487,69135
1780142757087,117,117,3.310,6.673,6.665,0.188,0.188,0.011,22.487,69168
1780142757121,120,120,3.316,6.673,6.665,0.188,0.157,0.011,22.487,69201
1780142757155,125,125,3.310,6.673,6.665,0.220,0.188,0.016,22.487,69234
1780142757188,130,130,3.316,6.665,6.665,0.220,0.188,0.011,22.487,69267
1780142757226,135,135,3.310,6.665,6.665,0.220,0.188,0.016,22.487,69300
1780142757255,137,137,3.310,6.673,6.665,0.220,0.188,0.011,22.487,69333
1780142757286,142,142,3.310,6.665,6.665,0.220,0.188,0.011,22.487,69366
1780142757319,145,145,3.310,6.665,6.665,0.220,0.188,0.011,22.487,69399
1780142757355,150,150,3.310,6.665,6.657,0.220,0.188,0.011,22.487,69432
1780142757386,155,155,3.310,6.665,6.657,0.188,0.188,0.011,22.487,69465
1780142757419,157,157,3.310,6.665,6.657,0.188,0.188,0.016,22.487,69498
1780142757452,162,162,3.310,6.665,6.657,0.220,0.188,0.011,22.487,69531
1780142757498,167,167,3.310,6.665,6.657,0.188,0.188,0.011,22.487,69564
1780142757527,172,172,3.310,6.657,6.657,0.251,0.220,0.016,22.487,69597
1780142757554,175,175,3.310,6.665,6.657,0.220,0.188,0.011,22.487,69630
1780142757585,177,177,3.310,6.665,6.657,0.220,0.188,0.011,22.487,69663
1780142757618,182,182,3.310,6.657,6.657,0.251,0.251,0.011,22.487,69696
1780142757653,187,187,3.310,6.657,6.648,0.220,0.220,0.011,22.487,69729
1780142757686,190,190,3.310,6.657,6.657,0.251,0.220,0.011,22.487,69762
1780142757719,185,185,3.304,6.657,6.648,0.251,0.220,0.011,22.487,69795
1780142757769,180,180,3.304,6.657,6.648,0.251,0.220,0.011,22.487,69828
1780142757785,177,177,3.310,6.657,6.648,0.251,0.220,0.011,22.487,69861
1780142757822,172,172,3.304,6.665,6.648,0.251,0.220,0.011,22.487,69894
1780142757851,170,170,3.304,6.657,6.657,0.251,0.220,0.011,22.487,69927
1780142757894,162,162,3.310,6.657,6.657,0.220,0.188,0.011,22.487,69960
1780142757927,165,165,3.310,6.665,6.657,0.220,0.220,0.011,22.487,69993
1780142757960,170,170,3.310,6.665,6.657,0.220,0.188,0.011,22.487,70026
1780142757993,172,172,3.310,6.665,6.657,0.220,0.220,0.016,22.487,70059
1780142758035,180,180,3.310,6.665,6.657,0.220,0.188,0.011,22.487,70092
1780142758059,182,182,3.310,6.657,6.648,0.251,0.220,0.011,22.487,70125
1780142758091,185,185,3.304,6.657,6.648,0.251,0.220,0.011,22.487,70158
1780142758125,190,190,3.310,6.657,6.648,0.251,0.220,0.011,22.487,70191
1780142758162,195,195,3.304,6.657,6.648,0.251,0.251,0.011,22.487,70224
1780142758192,197,197,3.304,6.657,6.648,0.251,0.220,0.011,22.487,70257
1780142758223,202,202,3.304,6.657,6.648,0.282,0.251,0.011,22.487,70290
1780142758258,207,207,3.304,6.648,6.648,0.282,0.220,0.016,22.487,70323
1780142758289,210,210,3.297,6.640,6.632,0.345,0.345,0.011,22.487,70356
1780142758323,215,215,3.304,6.648,6.640,0.345,0.220,0.011,22.487,70389
1780142758356,220,220,3.297,6.640,6.640,0.377,0.251,0.016,22.487,70422
1780142758389,222,222,3.297,6.640,6.640,0.314,0.282,0.016,22.487,70455
1780142758427,227,227,3.297,6.640,6.632,0.314,0.345,0.011,22.487,70488
1780142758457,232,232,3.297,6.640,6.632,0.314,0.345,0.011,22.487,70521
1780142758492,235,235,3.297,6.640,6.632,0.314,0.377,0.011,22.487,70554
1780142758520,240,240,3.291,6.632,6.624,0.471,0.471,0.011,22.487,70587
1780142758562,245,245,3.297,6.640,6.632,0.345,0.282,0.011,22.487,70620
1780142758592,247,247,3.291,6.624,6.624,0.408,0.439,0.011,22.487,70653
1780142758619,252,252,3.291,6.632,6.624,0.439,0.439,0.016,22.487,70686
1780142758653,255,255,3.291,6.632,6.624,0.471,0.377,0.011,22.487,70719
1780142758686,260,260,3.291,6.632,6.624,0.408,0.282,0.016,22.487,70752
1780142758722,265,265,3.297,6.624,6.615,0.439,0.471,0.011,22.487,70785
1780142758752,267,267,3.291,6.624,6.615,0.502,0.314,0.016,22.487,70818
1780142758788,272,272,3.291,6.624,6.615,0.502,0.439,0.011,22.487,70851
1780142758818,277,277,3.285,6.607,6.599,0.502,0.471,0.016,22.487,70884
1780142758861,282,282,3.291,6.624,6.615,0.565,0.314,0.011,22.487,70917
1780142758884,285,285,3.285,6.615,6.607,0.565,0.408,0.011,22.487,70950
1780142758923,290,290,3.285,6.615,6.607,0.565,0.439,0.011,22.487,70983
1780142758950,292,292,3.285,6.615,6.607,0.533,0.533,0.011,22.487,71016
1780142758985,297,297,3.285,6.615,6.607,0.628,0.502,0.011,22.487,71049
1780142759022,302,302,3.285,6.615,6.607,0.565,0.345,0.011,22.487,71082
1780142759049,305,305,3.279,6.607,6.599,0.502,0.565,0.011,22.487,71115
1780142759084,310,310,3.279,6.599,6.591,0.659,0.565,0.016,22.487,71148
1780142759128,315,315,3.279,6.599,6.591,0.628,0.377,0.016,22.487,71181
1780142759152,317,317,3.285,6.599,6.591,0.565,0.502,0.011,22.487,71214
1780142759194,322,322,3.273,6.591,6.574,0.816,0.628,0.011,22.487,71247
1780142759214,325,325,3.279,6.599,6.591,0.659,0.533,0.011,22.487,71280
1780142759248,330,330,3.273,6.582,6.574,0.753,0.565,0.011,22.487,71313
1780142759282,330,330,3.273,6.591,6.574,0.879,0.565,0.011,22.487,71346
1780142759315,327,327,3.273,6.591,6.574,0.784,0.471,0.016,22.487,71379
1780142759365,320,320,3.279,6.591,6.574,0.690,0.502,0.011,22.487,71412
1780142759382,317,317,3.279,6.599,6.591,0.722,0.408,0.011,22.487,71445
1780142759414,315,315,3.279,6.591,6.591,0.565,0.502,0.011,22.487,71478
1780142759448,310,310,3.273,6.591,6.591,0.690,0.439,0.011,22.487,71511
1780142759481,307,307,3.285,6.599,6.591,0.502,0.439,0.011,22.487,71544
1780142759514,302,302,3.285,6.607,6.599,0.690,0.471,0.011,22.487,71577
1780142759547,297,297,3.285,6.607,6.599,0.628,0.533,0.011,22.487,71610
1780142759583,295,295,3.285,6.599,6.599,0.690,0.439,0.011,22.487,71643
1780142759615,290,290,3.285,6.607,6.599,0.439,0.408,0.011,22.487,71676
1780142759647,285,285,3.285,6.607,6.599,0.565,0.471,0.016,22.487,71709
1780142759690,280,280,3.279,6.607,6.591,0.596,0.596,0.011,22.487,71742
1780142759715,277,277,3.285,6.607,6.599,0.439,0.471,0.011,22.487,71775
1780142759748,272,272,3.285,6.615,6.607,0.596,0.345,0.011,22.487,71808
1780142759780,270,270,3.285,6.607,6.599,0.439,0.439,0.011,22.487,71841
1780142759814,275,275,3.279,6.607,6.599,0.439,0.439,0.011,22.487,71874
1780142759846,280,280,3.285,6.615,6.607,0.533,0.408,0.011,22.487,71907
1780142759888,285,285,3.285,6.607,6.607,0.502,0.377,0.011,22.487,71940
1780142759914,287,287,3.273,6.607,6.599,0.471,0.377,0.011,22.487,71973
1780142759956,292,292,3.285,6.607,6.599,0.565,0.471,0.011,22.487,72006
1780142759980,295,295,3.285,6.599,6.591,0.565,0.377,0.011,22.487,72039
1780142760016,300,300,3.279,6.599,6.591,0.628,0.439,0.016,22.487,72072
1780142760050,305,305,3.279,6.599,6.591,0.596,0.502,0.011,22.487,72105
1780142760080,307,307,3.279,6.599,6.591,0.659,0.439,0.011,22.487,72138
1780142760112,312,312,3.279,6.591,6.591,0.628,0.659,0.011,22.487,72171
1780142760153,317,317,3.273,6.599,6.591,0.565,0.408,0.016,22.487,72204
1780142760210,325,325,3.279,6.599,6.591,0.533,0.471,0.005,22.487,72237
1780142760228,327,327,3.273,6.582,6.574,0.753,0.502,0.016,22.487,72270
1780142760245,330,330,3.273,6.591,6.582,0.753,0.502,0.011,22.487,72303
1780142760279,332,332,3.273,6.591,6.574,0.690,0.628,0.016,22.487,72336
1780142760312,337,337,3.273,6.582,6.574,0.784,0.502,0.016,22.487,72369
1780142760345,342,342,3.267,6.574,6.566,0.816,0.628,0.011,22.487,72402
1780142760389,347,347,3.273,6.574,6.557,0.816,0.596,0.011,22.487,72435
1780142760412,350,350,3.273,6.582,6.574,0.847,0.533,0.011,22.487,72468
1780142760445,355,355,3.267,6.582,6.574,0.784,0.628,0.011,22.487,72501
1780142760486,360,360,3.267,6.566,6.557,0.973,0.722,0.011,22.487,72534
1780142760516,362,362,3.267,6.574,6.557,0.816,0.659,0.011,22.487,72567
1780142760546,367,367,3.273,6.582,6.574,0.784,0.565,0.011,22.487,72600
1780142760579,370,370,3.255,6.566,6.549,0.784,0.690,0.011,22.487,72633
1780142760612,375,375,3.267,6.566,6.557,0.879,0.690,0.011,22.487,72666
1780142760644,377,377,3.267,6.557,6.541,0.941,0.659,0.005,22.487,72699
1780142760678,382,382,3.261,6.566,6.557,0.879,0.596,0.011,22.487,72732
1780142760711,387,387,3.273,6.566,6.557,0.690,0.565,0.005,22.487,72765
1780142760745,390,390,3.255,6.557,6.541,0.879,0.565,0.022,22.487,72798
1780142760795,397,397,3.273,6.574,6.557,0.910,0.565,0.011,22.487,72831
1780142760823,400,400,3.261,6.557,6.549,1.130,0.565,0.016,22.487,72864
1780142760844,402,402,3.261,6.557,6.549,0.879,0.596,0.011,22.487,72897
1780142760877,407,407,3.255,6.541,6.524,1.067,1.004,0.016,22.487,72930
1780142760922,412,412,3.248,6.557,6.541,1.035,0.628,0.016,22.487,72963
1780142760945,415,415,3.261,6.549,6.541,0.973,0.690,0.011,22.487,72996
1780142760982,420,420,3.255,6.549,6.533,0.941,0.690,0.016,22.487,73029
1780142761013,425,425,3.255,6.541,6.524,1.067,0.910,0.005,22.487,73062
1780142761048,427,427,3.248,6.541,6.524,1.130,0.690,0.016,22.487,73095
1780142761076,432,432,3.255,6.541,6.524,0.879,0.659,0.005,22.487,73128
1780142761110,437,437,3.248,6.541,6.524,1.192,0.722,0.011,22.487,73161
1780142761144,440,440,3.248,6.533,6.524,1.224,0.784,0.011,22.487,73194
1780142761178,445,445,3.248,6.524,6.508,1.349,0.941,0.011,22.487,73227
1780142761219,450,450,3.248,6.524,6.516,1.067,0.816,0.016,22.487,73260
1780142761261,455,455,3.248,6.524,6.508,1.255,0.722,0.005,22.487,73293
1780142761277,457,457,3.248,6.516,6.508,1.412,0.784,0.016,22.487,73326
1780142761310,460,460,3.242,6.524,6.508,1.035,0.722,0.005,22.487,73359
1780142761347,465,465,3.242,6.516,6.499,1.286,0.879,0.011,22.487,73392
1780142761384,470,470,3.242,6.516,6.491,1.318,0.941,0.005,22.487,73425
1780142761411,475,475,3.236,6.508,6.499,1.381,0.910,0.011,22.487,73458
1780142761443,477,477,3.236,6.508,6.491,1.192,0.784,0.011,22.487,73491
1780142761484,482,482,3.242,6.508,6.491,1.286,0.753,0.005,22.487,73524
1780142761512,487,487,3.236,6.508,6.491,1.443,0.784,0.011,22.487,73557
1780142761542,490,490,3.236,6.499,6.483,1.412,1.067,0.016,22.487,73590
1780142761582,495,495,3.236,6.508,6.491,1.381,0.753,0.016,22.487,73623
1780142761609,497,497,3.230,6.491,6.475,1.255,1.004,0.011,22.487,73656
1780142761643,500,500,3.236,6.499,6.483,1.286,1.004,0.011,22.487,73689
1780142761678,500,500,3.224,6.499,6.483,1.349,0.753,0.016,22.487,73722
1780142761716,500,500,3.224,6.491,6.475,1.537,1.098,0.016,22.487,73755
1780142761742,500,500,3.236,6.499,6.483,1.224,0.816,0.011,22.487,73788
1780142761784,500,500,3.236,6.499,6.483,1.475,0.941,0.011,22.487,73821
1780142761809,500,500,3.242,6.508,6.491,1.224,0.973,0.005,22.487,73854
1780142761849,500,500,3.236,6.499,6.483,1.286,0.879,0.016,22.487,73887
1780142761877,500,500,3.236,6.499,6.483,1.161,0.816,0.005,22.487,73920
1780142761912,500,500,3.230,6.508,6.491,1.255,0.722,0.016,22.487,73953
1780142761942,500,500,3.230,6.499,6.483,1.349,0.722,0.011,22.487,73986
1780142761975,495,495,3.236,6.508,6.491,1.098,0.879,0.011,22.487,74019
1780142762010,492,492,3.236,6.491,6.483,1.412,0.910,0.011,22.487,74052
1780142762041,487,487,3.230,6.499,6.483,1.381,0.722,0.022,22.487,74085
1780142762083,482,482,3.230,6.508,6.491,1.286,0.941,0.011,22.487,74118
1780142762110,480,480,3.236,6.508,6.491,1.318,0.910,0.016,22.487,74151
1780142762160,472,472,3.224,6.508,6.491,1.192,0.753,0.022,22.487,74184
1780142762176,470,470,3.248,6.516,6.491,1.004,0.879,0.005,22.487,74217
1780142762207,467,467,3.236,6.508,6.491,1.349,0.722,0.022,22.487,74250
1780142762264,460,460,3.236,6.508,6.483,1.255,0.941,0.005,22.487,74283
1780142762285,457,457,3.248,6.524,6.516,1.067,0.659,0.016,22.487,74316
1780142762317,452,452,3.242,6.516,6.508,1.255,0.910,0.011,22.487,74349
1780142762351,450,450,3.242,6.508,6.499,1.130,0.722,0.016,22.487,74382
1780142762388,445,445,3.236,6.516,6.499,1.130,0.753,0.022,22.487,74415
1780142762430,440,440,3.242,6.516,6.499,1.130,0.659,0.016,22.487,74448
1780142762452,437,437,3.242,6.524,6.508,0.847,0.816,0.011,22.487,74481
1780142762481,432,432,3.242,6.524,6.508,1.130,0.628,0.016,22.487,74514
1780142762514,430,430,3.242,6.516,6.508,1.192,0.753,0.011,22.487,74547
1780142762547,425,425,3.242,6.524,6.516,1.098,0.628,0.016,22.487,74580
1780142762607,417,417,3.242,6.533,6.516,0.784,0.973,0.011,22.487,74613
1780142762628,415,415,3.248,6.524,6.508,1.130,0.690,0.005,22.487,74646
1780142762648,412,412,3.242,6.524,6.508,0.847,0.784,0.011,22.487,74679
1780142762687,407,407,3.255,6.541,6.524,0.941,0.659,0.005,22.487,74712
1780142762716,402,402,3.242,6.533,6.516,0.879,0.784,0.016,22.487,74745
1780142762745,400,400,3.255,6.541,6.524,1.004,0.690,0.011,22.487,74778
1780142762784,395,395,3.248,6.541,6.533,0.784,0.753,0.016,22.487,74811
1780142762812,392,392,3.248,6.533,6.524,1.004,0.753,0.011,22.487,74844
1780142762850,387,387,3.255,6.541,6.533,0.910,0.565,0.016,22.487,74877
1780142762877,382,382,3.255,6.541,6.533,0.816,0.879,0.011,22.487,74910
1780142762916,380,380,3.255,6.541,6.524,1.035,0.596,0.016,22.487,74943
1780142762946,375,375,3.242,6.533,6.516,0.784,0.910,0.011,22.487,74976
1780142762982,370,370,3.248,6.541,6.524,0.879,0.690,0.016,22.487,75009
1780142763010,367,367,3.261,6.557,6.541,0.784,0.533,0.011,22.487,75042
1780142763053,362,362,3.255,6.549,6.541,0.941,0.596,0.016,22.487,75075
1780142763090,357,357,3.255,6.541,6.533,0.847,0.722,0.011,22.487,75108
1780142763110,355,355,3.255,6.541,6.533,0.753,0.659,0.022,22.487,75141
1780142763142,350,350,3.255,6.549,6.541,0.690,0.910,0.011,22.487,75174
1780142763175,347,347,3.255,6.557,6.541,0.722,0.565,0.016,22.487,75207
1780142763208,342,342,3.248,6.549,6.533,0.879,0.533,0.011,22.487,75240
1780142763240,337,337,3.261,6.566,6.557,0.753,0.439,0.016,22.487,75273
1780142763283,332,332,3.261,6.557,6.549,0.659,0.596,0.011,22.487,75306
1780142763307,330,330,3.255,6.557,6.549,0.659,0.502,0.011,22.571,75339
1780142763341,325,325,3.261,6.557,6.557,0.879,0.439,0.016,22.487,75372
1780142763408,317,317,3.261,6.566,6.557,0.690,0.596,0.005,22.487,75405
1780142763410,317,317,3.261,6.566,6.557,0.565,0.628,0.011,22.487,75438
1780142763437,315,315,3.267,6.566,6.557,0.690,0.502,0.011,22.487,75471
1780142763475,310,310,3.261,6.574,6.557,0.565,0.502,0.011,22.487,75504
1780142763510,305,305,3.261,6.566,6.549,0.502,0.690,0.011,22.571,75537
1780142763542,300,300,3.261,6.574,6.557,0.533,0.377,0.016,22.487,75570
1780142763570,297,297,3.267,6.574,6.566,0.533,0.471,0.011,22.487,75603
1780142763604,292,292,3.267,6.574,6.566,0.628,0.471,0.016,22.487,75636
1780142763638,290,290,3.267,6.582,6.574,0.439,0.408,0.011,22.571,75669
1780142763672,285,285,3.267,6.574,6.574,0.502,0.533,0.016,22.487,75702
1780142763713,280,280,3.267,6.582,6.574,0.596,0.314,0.016,22.571,75735
1780142763738,277,277,3.267,6.574,6.566,0.596,0.565,0.011,22.571,75768
1780142763775,272,272,3.261,6.574,6.566,0.628,0.565,0.016,22.487,75801
1780142763811,267,267,3.273,6.591,6.582,0.377,0.377,0.005,22.487,75834
1780142763836,265,265,3.273,6.591,6.582,0.471,0.345,0.016,22.571,75867
1780142763869,260,260,3.273,6.582,6.574,0.377,0.377,0.011,22.571,75900
1780142763904,255,255,3.273,6.591,6.582,0.502,0.377,0.016,22.487,75933
1780142763937,252,252,3.273,6.591,6.591,0.377,0.377,0.011,22.571,75966
1780142763970,247,247,3.279,6.591,6.591,0.439,0.345,0.011,22.571,75999
1780142764006,242,242,3.279,6.591,6.582,0.408,0.408,0.011,22.487,76032
1780142764041,240,240,3.273,6.599,6.599,0.314,0.408,0.011,22.487,76065
1780142764078,235,235,3.279,6.591,6.582,0.439,0.345,0.011,22.487,76098
1780142764117,230,230,3.273,6.599,6.591,0.345,0.282,0.016,22.571,76131
1780142764137,227,227,3.279,6.599,6.591,0.345,0.377,0.011,22.571,76164
1780142764168,222,222,3.273,6.599,6.591,0.314,0.282,0.016,22.571,76197
1780142764202,220,220,3.273,6.599,6.591,0.377,0.377,0.011,22.571,76230
1780142764237,215,215,3.279,6.599,6.599,0.345,0.377,0.011,22.487,76263
1780142764270,210,210,3.279,6.607,6.599,0.282,0.251,0.011,22.571,76296
1780142764302,207,207,3.279,6.607,6.599,0.408,0.251,0.011,22.487,76329
1780142764334,202,202,3.285,6.607,6.599,0.282,0.314,0.011,22.571,76362
1780142764368,197,197,3.279,6.607,6.599,0.282,0.345,0.011,22.571,76395
1780142764401,195,195,3.279,6.599,6.599,0.345,0.345,0.011,22.571,76428
1780142764438,190,190,3.285,6.607,6.599,0.282,0.251,0.011,22.571,76461
1780142764467,185,185,3.285,6.607,6.607,0.251,0.251,0.011,22.571,76494
1780142764503,182,182,3.285,6.615,6.607,0.251,0.251,0.011,22.571,76527
1780142764534,177,177,3.285,6.624,6.615,0.220,0.220,0.011,22.571,76560
1780142764567,172,172,3.285,6.615,6.607,0.220,0.220,0.011,22.571,76593
1780142764608,167,167,3.285,6.624,6.615,0.251,0.220,0.011,22.571,76626
1780142764634,165,165,3.285,6.624,6.615,0.188,0.220,0.016,22.487,76659
1780142764668,160,160,3.285,6.624,6.615,0.251,0.188,0.011,22.571,76692
1780142764714,155,155,3.291,6.624,6.615,0.251,0.188,0.011,22.571,76725
1780142764734,152,152,3.291,6.624,6.615,0.188,0.188,0.011,22.571,76758
1780142764767,150,150,3.285,6.624,6.615,0.188,0.220,0.011,22.571,76791
1780142764801,145,145,3.291,6.624,6.624,0.188,0.188,0.011,22.487,76824
1780142764836,140,140,3.291,6.624,6.624,0.188,0.188,0.011,22.487,76857
1780142764875,135,135,3.291,6.624,6.624,0.188,0.188,0.011,22.571,76890
1780142764900,132,132,3.291,6.632,6.624,0.188,0.188,0.011,22.487,76923
1780142764934,127,127,3.291,6.632,6.632,0.188,0.157,0.011,22.571,76956
1780142764972,122,122,3.291,6.632,6.624,0.188,0.188,0.011,22.571,76989
1780142765001,120,120,3.291,6.632,6.624,0.188,0.188,0.011,22.571,77022
1780142765035,115,115,3.291,6.632,6.624,0.188,0.157,0.011,22.571,77055
1780142765067,112,112,3.291,6.632,6.632,0.188,0.157,0.011,22.571,77088
1780142765108,107,107,3.291,6.632,6.632,0.188,0.157,0.011,22.571,77121
1780142765144,102,102,3.291,6.632,6.624,0.188,0.188,0.011,22.571,77154
1780142765166,100,100,3.291,6.632,6.632,0.188,0.157,0.011,22.571,77187
1780142765200,95,95,3.297,6.632,6.624,0.188,0.157,0.011,22.571,77220
1780142765232,92,92,3.291,6.632,6.632,0.188,0.157,0.016,22.571,77253
1780142765266,87,87,3.297,6.640,6.632,0.188,0.157,0.011,22.571,77286
1780142765299,82,82,3.291,6.640,6.632,0.188,0.157,0.016,22.571,77319
1780142765335,77,77,3.297,6.632,6.632,0.188,0.157,0.011,22.571,77352
1780142765382,72,72,3.291,6.640,6.632,0.188,0.157,0.011,22.571,77385
1780142765399,70,70,3.297,6.640,6.640,0.188,0.157,0.011,22.571,77418
1780142765432,67,67,3.297,6.640,6.632,0.188,0.157,0.011,22.571,77451
1780142765466,62,62,3.297,6.640,6.632,0.188,0.157,0.011,22.571,77484
1780142765498,57,57,3.297,6.640,6.640,0.188,0.157,0.011,22.571,77517
1780142765532,55,55,3.297,6.640,6.632,0.188,0.157,0.011,22.571,77550
1780142765574,50,50,3.297,6.640,6.640,0.188,0.157,0.011,22.571,77583
1780142765599,45,45,3.297,6.640,6.632,0.188,0.157,0.011,22.571,77616
1780142765632,42,42,3.297,6.640,6.632,0.188,0.157,0.016,22.571,77649
1780142765666,37,37,3.297,6.640,6.632,0.188,0.157,0.011,22.571,77682
1780142765701,32,32,3.297,6.640,6.632,0.188,0.157,0.011,22.571,77715
1780142765733,30,30,3.297,6.640,6.632,0.188,0.157,0.016,22.571,77748
1780142765764,25,25,3.297,6.640,6.632,0.188,0.157,0.011,22.571,77781
1780142765799,20,20,3.297,6.640,6.632,0.188,0.157,0.011,22.571,77814
1780142765831,17,17,3.297,6.640,6.640,0.188,0.157,0.011,22.571,77847
1780142765866,12,12,3.297,6.640,6.632,0.188,0.157,0.011,22.571,77880
1780142765901,7,7,3.297,6.640,6.640,0.188,0.157,0.011,22.571,77913
1780142765942,2,2,3.297,6.640,6.640,0.188,0.157,0.011,22.571,77946
1780142765964,0,0,3.297,6.640,6.632,0.188,0.157,0.011,22.571,77979
1780142765997,0,0,3.297,6.640,6.640,0.188,0.157,0.011,22.487,78012
1780142766032,0,0,3.297,6.640,6.640,0.188,0.157,0.016,22.571,78045
1780142766063,0,0,3.297,6.640,6.640,0.188,0.157,0.011,22.571,78078
1780142766097,0,0,3.297,6.640,6.640,0.188,0.157,0.011,22.571,78111
1780142766130,0,0,3.297,6.640,6.640,0.188,0.157,0.011,22.571,78144
1780142766164,0,0,3.297,6.640,6.640,0.188,0.188,0.011,22.571,78177
1780142766205,0,0,3.297,6.640,6.632,0.188,0.157,0.011,22.571,78210
1780142766230,0,0,3.297,6.640,6.632,0.188,0.157,0.011,22.571,78243
1780142766263,0,0,3.297,6.640,6.632,0.157,0.157,0.016,22.571,78276
1780142766304,0,0,3.297,6.640,6.640,0.157,0.157,0.011,22.571,78309
1780142766330,0,0,3.297,6.640,6.640,0.188,0.157,0.011,22.571,78342
1780142766366,-5,-5,3.297,6.648,6.640,0.188,0.157,0.011,22.571,78375
1780142766397,-7,-7,3.297,6.648,6.640,0.188,0.126,0.011,22.571,78408
1780142766430,-12,-12,3.297,6.640,6.640,0.188,0.157,0.011,22.571,78441
1780142766469,-17,-17,3.297,6.640,6.640,0.188,0.157,0.011,22.571,78474
1780142766496,-20,-20,3.297,6.640,6.640,0.157,0.157,0.011,22.571,78507
1780142766530,-25,-25,3.297,6.640,6.640,0.188,0.157,0.011,22.571,78540
1780142766563,-30,-30,3.297,6.640,6.640,0.188,0.157,0.011,22.571,78573
1780142766597,-32,-32,3.297,6.640,6.640,0.188,0.157,0.011,22.571,78606
1780142766629,-37,-37,3.297,6.640,6.640,0.188,0.157,0.011,22.571,78639
1780142766662,-42,-42,3.297,6.640,6.640,0.188,0.157,0.011,22.571,78672
1780142766711,-47,-47,3.297,6.640,6.640,0.188,0.157,0.016,22.571,78705
1780142766737,-50,-50,3.297,6.640,6.640,0.188,0.157,0.011,22.571,78738
1780142766778,-55,-55,3.297,6.640,6.640,0.188,0.157,0.011,22.571,78771
1780142766804,-60,-60,3.297,6.640,6.640,0.188,0.157,0.011,22.571,78804
1780142766836,-62,-62,3.297,6.640,6.640,0.188,0.157,0.016,22.571,78837
1780142766872,-67,-67,3.297,6.648,6.640,0.188,0.157,0.016,22.571,78870
1780142766903,-72,-72,3.297,6.640,6.640,0.188,0.157,0.011,22.571,78903
1780142766940,-75,-75,3.297,6.640,6.640,0.188,0.157,0.011,22.571,78936
1780142766969,-80,-80,3.297,6.648,6.640,0.188,0.157,0.011,22.487,78969
1780142767011,-85,-85,3.297,6.640,6.640,0.188,0.157,0.011,22.571,79002
1780142767042,-90,-90,3.297,6.648,6.640,0.188,0.157,0.011,22.571,79035
1780142767077,-92,-92,3.297,6.648,6.640,0.188,0.157,0.011,22.571,79068
1780142767107,-97,-97,3.297,6.640,6.640,0.157,0.157,0.016,22.571,79101
1780142767135,-100,-100,3.297,6.640,6.640,0.157,0.157,0.011,22.571,79134
1780142767172,-105,-105,3.297,6.640,6.640,0.188,0.157,0.011,22.571,79167
1780142767201,-107,-107,3.297,6.640,6.640,0.188,0.157,0.011,22.571,79200
1780142767236,-112,-112,3.297,6.640,6.640,0.188,0.157,0.011,22.571,79233
1780142767266,-117,-117,3.297,6.632,6.632,0.251,0.157,0.011,22.571,79266
1780142767301,-120,-120,3.297,6.640,6.632,0.188,0.220,0.011,22.571,79299
1780142767342,-127,-127,3.297,6.640,6.640,0.188,0.157,0.011,22.571,79332
1780142767365,-130,-130,3.297,6.640,6.640,0.188,0.188,0.011,22.571,79365
1780142767399,-132,-132,3.297,6.640,6.632,0.188,0.188,0.011,22.571,79398
1780142767432,-137,-137,3.297,6.640,6.632,0.188,0.188,0.011,22.571,79431
1780142767465,-142,-142,3.297,6.640,6.632,0.188,0.188,0.011,22.487,79464
1780142767499,-145,-145,3.291,6.640,6.640,0.188,0.188,0.011,22.571,79497
1780142767547,-152,-152,3.297,6.640,6.632,0.220,0.188,0.011,22.571,79530
1780142767572,-155,-155,3.297,6.632,6.632,0.220,0.157,0.011,22.571,79563
1780142767599,-157,-157,3.297,6.640,6.632,0.220,0.188,0.011,22.571,79596
1780142767637,-162,-162,3.297,6.632,6.632,0.220,0.188,0.011,22.571,79629
1780142767662,-165,-165,3.291,6.632,6.632,0.220,0.188,0.011,22.571,79662
1780142767697,-170,-170,3.297,6.640,6.632,0.188,0.188,0.011,22.571,79695
1780142767729,-175,-175,3.297,6.632,6.632,0.220,0.188,0.011,22.571,79728
1780142767761,-177,-177,3.291,6.632,6.632,0.220,0.188,0.016,22.571,79761
1780142767799,-182,-182,3.297,6.632,6.624,0.220,0.188,0.011,22.571,79794
1780142767827,-187,-187,3.291,6.632,6.624,0.220,0.220,0.011,22.571,79827
1780142767862,-190,-190,3.291,6.624,6.624,0.282,0.220,0.011,22.571,79860
1780142767893,-195,-195,3.291,6.624,6.624,0.251,0.188,0.011,22.571,79893
1780142767926,-200,-200,3.291,6.624,6.624,0.282,0.220,0.011,22.571,79926
1780142767959,-202,-202,3.291,6.632,6.624,0.282,0.220,0.016,22.571,79959
1780142767994,-207,-207,3.291,6.632,6.624,0.251,0.188,0.011,22.571,79992
1780142768026,-212,-212,3.291,6.624,6.615,0.251,0.220,0.016,22.571,80025
1780142768065,-215,-215,3.285,6.624,6.615,0.377,0.251,0.011,22.571,80058
1780142768091,-220,-220,3.291,6.624,6.615,0.314,0.220,0.011,22.487,80091
1780142768126,-225,-225,3.285,6.615,6.607,0.282,0.314,0.016,22.571,80124
1780142768158,-227,-227,3.285,6.615,6.607,0.314,0.282,0.016,22.571,80157
1780142768192,-232,-232,3.285,6.624,6.615,0.345,0.220,0.011,22.571,80190
1780142768226,-235,-235,3.285,6.615,6.607,0.345,0.251,0.011,22.571,80223
1780142768258,-240,-240,3.285,6.607,6.607,0.439,0.377,0.011,22.571,80256
1780142768291,-245,-245,3.285,6.615,6.599,0.377,0.377,0.011,22.571,80289
1780142768330,-250,-250,3.285,6.615,6.607,0.345,0.345,0.011,22.571,80322
1780142768359,-252,-252,3.279,6.599,6.599,0.471,0.408,0.011,22.487,80355
1780142768391,-257,-257,3.285,6.607,6.599,0.377,0.314,0.011,22.571,80388
1780142768424,-260,-260,3.285,6.607,6.599,0.439,0.377,0.011,22.487,80421
1780142768459,-265,-265,3.279,6.599,6.591,0.439,0.377,0.011,22.571,80454
1780142768492,-270,-270,3.279,6.607,6.599,0.471,0.345,0.011,22.487,80487
1780142768525,-272,-272,3.279,6.607,6.599,0.377,0.282,0.011,22.571,80520
1780142768576,-280,-280,3.273,6.591,6.582,0.408,0.565,0.011,22.571,80553
1780142768597,-282,-282,3.279,6.599,6.591,0.502,0.502,0.011,22.571,80586
1780142768624,-285,-285,3.279,6.591,6.591,0.533,0.439,0.011,22.571,80619
1780142768660,-290,-290,3.279,6.591,6.582,0.439,0.377,0.011,22.571,80652
1780142768690,-295,-295,3.279,6.591,6.582,0.502,0.533,0.011,22.571,80685
1780142768724,-297,-297,3.273,6.591,6.582,0.502,0.439,0.011,22.571,80718
1780142768757,-302,-302,3.279,6.591,6.582,0.596,0.377,0.011,22.571,80751
1780142768790,-307,-307,3.273,6.591,6.582,0.628,0.439,0.016,22.571,80784
1780142768824,-310,-310,3.273,6.591,6.582,0.596,0.502,0.011,22.487,80817
1780142768856,-315,-315,3.273,6.582,6.574,0.596,0.408,0.011,22.571,80850
1780142768890,-320,-320,3.273,6.582,6.574,0.596,0.502,0.011,22.571,80883
1780142768926,-322,-322,3.267,6.574,6.566,0.565,0.471,0.011,22.571,80916
1780142768967,-327,-327,3.273,6.574,6.566,0.659,0.439,0.011,22.571,80949
1780142769018,-335,-335,3.267,6.582,6.574,0.565,0.533,0.016,22.571,80982
1780142769024,-335,-335,3.267,6.574,6.557,0.628,0.533,0.005,22.487,81015
1780142769056,-340,-340,3.273,6.574,6.557,0.565,0.533,0.011,22.571,81048
1780142769089,-345,-345,3.267,6.574,6.566,0.722,0.471,0.011,22.571,81081
1780142769123,-347,-347,3.261,6.566,6.557,0.722,0.628,0.016,22.571,81114
1780142769157,-352,-352,3.267,6.574,6.557,0.941,0.533,0.011,22.571,81147
1780142769191,-357,-357,3.267,6.566,6.557,0.628,0.502,0.011,22.571,81180
1780142769223,-360,-360,3.261,6.557,6.549,0.784,0.502,0.016,22.487,81213
1780142769256,-365,-365,3.261,6.557,6.549,0.628,0.596,0.011,22.571,81246
1780142769290,-367,-367,3.267,6.566,6.549,0.659,0.628,0.005,22.571,81279
1780142769322,-372,-372,3.248,6.557,6.541,0.753,0.533,0.016,22.571,81312
1780142769355,-377,-377,3.267,6.566,6.549,0.722,0.565,0.011,22.571,81345
1780142769388,-380,-380,3.255,6.557,6.541,0.753,0.784,0.016,22.571,81378
1780142769422,-385,-385,3.255,6.549,6.541,0.816,0.659,0.011,22.571,81411
1780142769455,-390,-390,3.267,6.566,6.549,0.847,0.502,0.011,22.487,81444
1780142769490,-392,-392,3.255,6.549,6.541,0.753,0.565,0.011,22.571,81477
1780142769521,-397,-397,3.261,6.549,6.533,1.035,0.565,0.011,22.571,81510
1780142769556,-402,-402,3.255,6.541,6.533,0.847,0.596,0.011,22.571,81543
1780142769587,-405,-405,3.261,6.557,6.541,0.847,0.533,0.005,22.571,81576
1780142769622,-410,-410,3.248,6.541,6.524,1.130,0.690,0.011,22.571,81609
1780142769654,-415,-415,3.255,6.541,6.533,0.690,0.722,0.016,22.571,81642
1780142769688,-417,-417,3.248,6.533,6.524,1.035,0.879,0.011,22.571,81675
1780142769722,-422,-422,3.242,6.533,6.516,1.098,0.753,0.011,22.571,81708
1780142769756,-427,-427,3.255,6.533,6.524,0.910,0.879,0.005,22.571,81741
1780142769788,-430,-430,3.248,6.533,6.524,1.067,0.722,0.016,22.571,81774
1780142769821,-435,-435,3.236,6.533,6.516,1.067,0.659,0.016,22.571,81807
1780142769883,-442,-442,3.248,6.524,6.516,1.035,0.690,0.011,22.571,81840
1780142769888,-442,-442,3.248,6.533,6.524,0.941,0.722,0.016,22.487,81873
1780142769920,-447,-447,3.242,6.524,6.508,1.255,0.722,0.016,22.571,81906
1780142769956,-450,-450,3.242,6.516,6.508,1.004,0.816,0.011,22.571,81939
1780142769986,-455,-455,3.236,6.524,6.508,1.098,0.941,0.011,22.571,81972
1780142770036,-460,-460,3.236,6.516,6.499,1.255,0.784,0.016,22.571,82005
1780142770056,-462,-462,3.236,6.516,6.499,1.192,0.784,0.011,22.571,82038
1780142770092,-467,-467,3.236,6.524,6.508,1.067,0.910,0.016,22.571,82071
1780142770120,-472,-472,3.242,6.516,6.499,1.224,0.816,0.011,22.571,82104
1780142770155,-475,-475,3.242,6.516,6.499,1.318,0.659,0.011,22.487,82137
1780142770187,-480,-480,3.236,6.508,6.499,1.192,0.941,0.016,22.487,82170
1780142770222,-485,-485,3.230,6.508,6.491,0.941,0.973,0.011,22.571,82203
1780142770268,-490,-490,3.230,6.499,6.483,1.443,0.879,0.016,22.571,82236
1780142770286,-492,-492,3.230,6.499,6.483,1.286,0.816,0.022,22.571,82269
1780142770340,-485,-485,3.236,6.499,6.483,1.349,0.847,0.005,22.487,82302
1780142770353,-485,-485,3.224,6.491,6.491,1.192,0.973,0.016,22.571,82335
1780142770386,-480,-480,3.242,6.524,6.508,1.161,0.879,0.011,22.571,82368
1780142770421,-475,-475,3.236,6.508,6.491,1.443,0.816,0.016,22.571,82401
1780142770454,-472,-472,3.242,6.508,6.499,1.318,0.910,0.011,22.571,82434
1780142770487,-467,-467,3.242,6.508,6.491,1.067,0.879,0.005,22.571,82467
1780142770519,-462,-462,3.230,6.516,6.499,1.098,0.816,0.022,22.571,82500
1780142770552,-460,-460,3.236,6.524,6.508,1.224,0.690,0.011,22.571,82533
1780142770588,-455,-455,3.248,6.524,6.516,1.004,0.784,0.011,22.571,82566
1780142770624,-450,-450,3.242,6.516,6.508,1.035,0.753,0.005,22.571,82599
1780142770666,-445,-445,3.242,6.516,6.499,1.192,0.753,0.011,22.571,82632
1780142770686,-442,-442,3.248,6.524,6.516,0.910,0.973,0.005,22.571,82665
1780142770722,-447,-447,3.242,6.524,6.516,0.847,0.722,0.016,22.571,82698
1780142770752,-450,-450,3.248,6.533,6.516,0.753,0.690,0.005,22.571,82731
1780142770790,-455,-455,3.248,6.524,6.508,1.035,0.690,0.011,22.571,82764
1780142770818,-457,-457,3.236,6.508,6.499,1.035,0.628,0.011,22.571,82797
1780142770851,-462,-462,3.236,6.508,6.499,1.192,0.910,0.016,22.571,82830
1780142770896,-467,-467,3.242,6.499,6.491,0.879,1.035,0.011,22.571,82863
1780142770919,-470,-470,3.236,6.508,6.491,1.067,0.722,0.016,22.571,82896
1780142770952,-475,-475,3.236,6.508,6.499,1.067,0.753,0.011,22.571,82929
1780142770985,-477,-477,3.230,6.499,6.491,1.381,0.879,0.016,22.571,82962
1780142771019,-482,-482,3.236,6.499,6.483,1.067,0.973,0.005,22.571,82995
1780142771050,-487,-487,3.236,6.499,6.483,1.192,0.816,0.016,22.571,83028
1780142771086,-492,-492,3.230,6.491,6.483,1.098,0.784,0.011,22.571,83061
1780142771117,-495,-495,3.230,6.483,6.466,1.443,0.941,0.016,22.571,83094
1780142771168,-500,-500,3.230,6.483,6.466,1.569,0.753,0.011,22.571,83127
1780142771192,-500,-500,3.230,6.491,6.483,1.349,0.784,0.016,22.571,83160
1780142771226,-500,-500,3.224,6.491,6.475,1.569,0.753,0.016,22.571,83193
1780142771260,-500,-500,3.230,6.499,6.491,1.255,0.910,0.011,22.571,83226
1780142771292,-500,-500,3.230,6.491,6.475,1.098,1.035,0.005,22.571,83259
1780142771325,-500,-500,3.224,6.491,6.475,1.349,0.784,0.016,22.571,83292
1780142771358,-500,-500,3.236,6.499,6.491,0.847,0.941,0.011,22.571,83325
1780142771391,-500,-500,3.218,6.483,6.466,1.349,0.847,0.011,22.571,83358
1780142771424,-500,-500,3.230,6.483,6.466,1.443,0.941,0.011,22.571,83391
1780142771457,-500,-500,3.236,6.499,6.483,1.192,0.973,0.005,22.571,83424
1780142771490,-500,-500,3.236,6.499,6.483,1.286,0.722,0.011,22.571,83457
1780142771527,-497,-497,3.230,6.483,6.466,1.224,0.879,0.005,22.571,83490
1780142771558,-492,-492,3.230,6.499,6.491,1.161,0.722,0.016,22.571,83523
1780142771591,-487,-487,3.230,6.491,6.483,1.098,0.722,0.011,22.571,83556
1780142771626,-485,-485,3.230,6.499,6.483,1.443,0.628,0.011,22.571,83589
1780142771667,-480,-480,3.230,6.499,6.483,1.192,0.628,0.016,22.571,83622
1780142771691,-475,-475,3.236,6.499,6.483,1.130,0.753,0.005,22.571,83655
1780142771725,-472,-472,3.236,6.508,6.491,1.130,0.753,0.011,22.571,83688
1780142771754,-467,-467,3.242,6.508,6.491,1.130,1.004,0.011,22.571,83721
1780142771787,-465,-465,3.236,6.508,6.499,0.847,0.879,0.016,22.571,83754
1780142771819,-460,-460,3.248,6.524,6.508,0.941,0.722,0.011,22.571,83787
1780142771853,-455,-455,3.236,6.508,6.499,1.318,0.784,0.016,22.571,83820
1780142771888,-452,-452,3.236,6.499,6.483,1.067,0.879,0.005,22.571,83853
1780142771931,-445,-445,3.248,6.524,6.516,1.004,0.565,0.005,22.571,83886
1780142771952,-442,-442,3.248,6.524,6.508,0.753,0.753,0.011,22.571,83919
1780142771986,-440,-440,3.242,6.524,6.508,1.098,0.722,0.011,22.571,83952
1780142772018,-435,-435,3.242,6.524,6.508,0.941,0.659,0.016,22.571,83985
1780142772051,-430,-430,3.236,6.508,6.499,1.098,0.847,0.016,22.571,84018
1780142772088,-427,-427,3.242,6.524,6.508,1.130,0.628,0.011,22.571,84051
1780142772117,-422,-422,3.242,6.516,6.508,0.879,0.784,0.011,22.571,84084
1780142772150,-420,-420,3.242,6.524,6.508,0.816,0.690,0.016,22.571,84117
1780142772191,-415,-415,3.242,6.516,6.508,0.784,0.753,0.016,22.571,84150
1780142772225,-410,-410,3.248,6.533,6.516,0.879,0.596,0.011,22.571,84183
1780142772262,-405,-405,3.242,6.524,6.508,0.941,0.722,0.011,22.571,84216
1780142772288,-402,-402,3.230,6.516,6.508,1.035,0.628,0.016,22.571,84249
1780142772314,-397,-397,3.248,6.541,6.524,0.879,0.596,0.016,22.571,84282
1780142772361,-392,-392,3.236,6.524,6.516,0.879,0.596,0.016,22.571,84315
1780142772381,-390,-390,3.255,6.533,6.524,0.690,0.753,0.005,22.571,84348
1780142772415,-385,-385,3.242,6.533,6.524,0.910,0.565,0.011,22.571,84381
1780142772449,-382,-382,3.242,6.524,6.516,0.879,0.628,0.011,22.571,84414
1780142772482,-377,-377,3.248,6.533,6.524,0.879,0.659,0.011,22.571,84447
1780142772520,-372,-372,3.255,6.541,6.533,0.879,0.596,0.011,22.571,84480
1780142772547,-370,-370,3.248,6.541,6.533,0.816,0.439,0.016,22.571,84513
1780142772580,-365,-365,3.261,6.549,6.533,0.690,0.628,0.011,22.571,84546
1780142772613,-360,-360,3.255,6.541,6.533,0.816,0.628,0.011,22.571,84579
1780142772647,-357,-357,3.255,6.541,6.533,0.690,0.659,0.016,22.571,84612
1780142772682,-352,-352,3.255,6.549,6.541,0.628,0.565,0.011,22.571,84645
1780142772715,-347,-347,3.261,6.557,6.541,0.690,0.502,0.011,22.571,84678
1780142772747,-345,-345,3.255,6.541,6.541,0.753,0.502,0.011,22.571,84711
1780142772781,-340,-340,3.261,6.549,6.541,0.690,0.439,0.011,22.571,84744
1780142772813,-337,-337,3.261,6.557,6.541,0.722,0.439,0.016,22.571,84777
1780142772847,-332,-332,3.255,6.549,6.541,0.690,0.628,0.011,22.571,84810
1780142772881,-327,-327,3.261,6.549,6.541,0.690,0.502,0.011,22.571,84843
1780142772919,-322,-322,3.255,6.549,6.541,0.628,0.565,0.011,22.571,84876
1780142772946,-320,-320,3.261,6.557,6.549,0.502,0.565,0.005,22.571,84909
1780142772983,-315,-315,3.261,6.549,6.541,0.565,0.471,0.011,22.571,84942
1780142773013,-312,-312,3.261,6.557,6.549,0.565,0.565,0.011,22.571,84975
1780142773046,-307,-307,3.261,6.566,6.549,0.502,0.471,0.011,22.571,85008
1780142773079,-302,-302,3.261,6.566,6.557,0.565,0.439,0.011,22.571,85041
1780142773114,-297,-297,3.261,6.566,6.557,0.502,0.377,0.011,22.571,85074
1780142773146,-295,-295,3.261,6.566,6.557,0.502,0.502,0.011,22.571,85107
1780142773181,-290,-290,3.261,6.566,6.557,0.471,0.596,0.011,22.571,85140
1780142773213,-287,-287,3.261,6.557,6.557,0.565,0.502,0.011,22.571,85173
1780142773256,-280,-280,3.261,6.574,6.566,0.439,0.439,0.011,22.571,85206
1780142773286,-277,-277,3.267,6.574,6.566,0.502,0.345,0.011,22.571,85239
1780142773311,-275,-275,3.261,6.566,6.566,0.502,0.596,0.011,22.571,85272
1780142773345,-270,-270,3.261,6.574,6.557,0.439,0.471,0.016,22.571,85305
1780142773377,-265,-265,3.267,6.574,6.566,0.408,0.377,0.011,22.571,85338
1780142773411,-262,-262,3.267,6.574,6.566,0.502,0.439,0.011,22.571,85371
1780142773444,-257,-257,3.267,6.582,6.574,0.439,0.282,0.011,22.571,85404
1780142773478,-252,-252,3.273,6.574,6.574,0.439,0.314,0.011,22.571,85437
1780142773511,-250,-250,3.273,6.582,6.574,0.345,0.314,0.011,22.571,85470
1780142773561,-242,-242,3.267,6.582,6.574,0.439,0.314,0.011,22.571,85503
1780142773589,-240,-240,3.273,6.591,6.582,0.345,0.345,0.011,22.571,85536
1780142773610,-237,-237,3.273,6.582,6.574,0.377,0.408,0.011,22.571,85569
1780142773646,-232,-232,3.273,6.591,6.582,0.345,0.314,0.016,22.571,85602
1780142773677,-230,-230,3.273,6.591,6.591,0.314,0.251,0.011,22.571,85635
1780142773711,-225,-225,3.273,6.582,6.582,0.345,0.377,0.011,22.571,85668
1780142773747,-220,-220,3.273,6.591,6.591,0.314,0.220,0.011,22.571,85701
1780142773778,-217,-217,3.273,6.591,6.591,0.314,0.282,0.016,22.571,85734
1780142773810,-212,-212,3.273,6.599,6.591,0.251,0.251,0.016,22.571,85767
1780142773844,-207,-207,3.279,6.599,6.582,0.345,0.251,0.016,22.571,85800
1780142773882,-202,-202,3.273,6.599,6.591,0.345,0.251,0.016,22.571,85833
1780142773914,-200,-200,3.273,6.599,6.591,0.282,0.251,0.011,22.571,85866
1780142773944,-195,-195,3.279,6.599,6.591,0.314,0.282,0.011,22.571,85899
1780142773976,-192,-192,3.279,6.599,6.599,0.314,0.251,0.016,22.571,85932
1780142774010,-187,-187,3.279,6.607,6.599,0.220,0.220,0.011,22.571,85965
1780142774047,-182,-182,3.285,6.607,6.599,0.188,0.188,0.011,22.571,85998
1780142774079,-180,-180,3.285,6.607,6.599,0.251,0.220,0.011,22.571,86031
1780142774112,-175,-175,3.279,6.607,6.599,0.251,0.220,0.011,22.571,86064
1780142774144,-170,-170,3.279,6.607,6.599,0.251,0.220,0.011,22.571,86097
1780142774176,-167,-167,3.285,6.607,6.607,0.220,0.220,0.011,22.571,86130
1780142774209,-162,-162,3.285,6.607,6.607,0.220,0.188,0.011,22.571,86163
1780142774254,-157,-157,3.285,6.615,6.607,0.220,0.188,0.011,22.571,86196
1780142774275,-155,-155,3.285,6.607,6.607,0.220,0.188,0.016,22.571,86229
1780142774309,-150,-150,3.285,6.607,6.607,0.220,0.188,0.011,22.571,86262
1780142774342,-145,-145,3.285,6.615,6.607,0.188,0.157,0.011,22.571,86295
1780142774382,-140,-140,3.285,6.615,6.607,0.220,0.188,0.011,22.571,86328
1780142774409,-137,-137,3.285,6.624,6.615,0.188,0.188,0.011,22.571,86361
1780142774441,-135,-135,3.285,6.615,6.615,0.188,0.157,0.011,22.571,86394
1780142774476,-130,-130,3.291,6.624,6.615,0.188,0.157,0.011,22.571,86427
1780142774511,-125,-125,3.285,6.624,6.615,0.188,0.157,0.011,22.571,86460
1780142774542,-122,-122,3.291,6.624,6.615,0.188,0.157,0.011,22.571,86493
1780142774575,-117,-117,3.291,6.624,6.615,0.188,0.188,0.011,22.571,86526
1780142774609,-112,-112,3.291,6.624,6.624,0.188,0.157,0.011,22.571,86559
1780142774641,-110,-110,3.291,6.624,6.624,0.188,0.157,0.011,22.571,86592
1780142774676,-105,-105,3.285,6.624,6.615,0.188,0.157,0.016,22.571,86625
1780142774708,-100,-100,3.285,6.624,6.615,0.188,0.188,0.011,22.571,86658
1780142774741,-97,-97,3.291,6.624,6.615,0.188,0.157,0.011,22.571,86691
1780142774776,-92,-92,3.291,6.632,6.615,0.188,0.157,0.011,22.571,86724
1780142774808,-87,-87,3.291,6.624,6.624,0.188,0.157,0.011,22.571,86757
1780142774857,-82,-82,3.291,6.624,6.624,0.188,0.157,0.011,22.571,86790
1780142774883,-80,-80,3.291,6.624,6.624,0.188,0.157,0.011,22.571,86823
1780142774909,-75,-75,3.291,6.624,6.624,0.188,0.157,0.011,22.571,86856
1780142774941,-72,-72,3.291,6.624,6.624,0.188,0.157,0.011,22.571,86889
1780142774975,-67,-67,3.291,6.624,6.624,0.188,0.157,0.011,22.571,86922
1780142775007,-62,-62,3.291,6.624,6.624,0.188,0.157,0.011,22.571,86955
1780142775040,-60,-60,3.291,6.632,6.624,0.188,0.157,0.011,22.571,86988
1780142775074,-55,-55,3.291,6.624,6.624,0.188,0.157,0.011,22.571,87021
1780142775106,-52,-52,3.291,6.632,6.624,0.188,0.157,0.011,22.571,87054
1780142775141,-47,-47,3.291,6.632,6.624,0.188,0.157,0.011,22.571,87087
1780142775173,-42,-42,3.291,6.632,6.624,0.157,0.157,0.011,22.571,87120
1780142775222,-37,-37,3.291,6.624,6.624,0.188,0.157,0.011,22.571,87153
1780142775240,-35,-35,3.291,6.632,6.632,0.188,0.157,0.011,22.571,87186
1780142775274,-30,-30,3.291,6.632,6.624,0.188,0.157,0.011,22.571,87219
1780142775306,-27,-27,3.291,6.632,6.624,0.188,0.157,0.011,22.571,87252
1780142775345,-22,-22,3.291,6.632,6.624,0.188,0.157,0.011,22.571,87285
1780142775373,-17,-17,3.291,6.632,6.624,0.188,0.157,0.011,22.571,87318
1780142775410,-12,-12,3.291,6.632,6.624,0.188,0.157,0.011,22.571,87351
1780142775439,-10,-10,3.291,6.632,6.624,0.157,0.157,0.011,22.571,87384
1780142775473,-5,-5,3.291,6.632,6.624,0.188,0.157,0.011,22.571,87417
1780142775511,0,0,3.291,6.632,6.624,0.188,0.157,0.011,22.571,87450
1780142775540,2,2,3.291,6.632,6.624,0.188,0.157,0.011,22.571,87483
1780142775572,7,7,3.291,6.632,6.632,0.188,0.157,0.011,22.571,87516
1780142775622,12,12,3.291,6.632,6.624,0.188,0.157,0.011,22.571,87549
1780142775648,15,15,3.297,6.632,6.632,0.188,0.157,0.011,22.571,87582
1780142775687,20,20,3.291,6.632,6.632,0.188,0.157,0.011,22.571,87615
1780142775735,27,27,3.291,6.632,6.624,0.188,0.157,0.011,22.571,87648
1780142775752,30,30,3.291,6.632,6.632,0.188,0.188,0.011,22.571,87681
1780142775797,35,35,3.291,6.632,6.624,0.188,0.157,0.016,22.571,87714
1780142775813,37,37,3.291,6.632,6.624,0.188,0.157,0.011,22.571,87747
1780142775846,40,40,3.291,6.632,6.624,0.188,0.157,0.011,22.571,87780
1780142775879,45,45,3.291,6.632,6.632,0.188,0.157,0.011,22.571,87813
1780142775912,50,50,3.291,6.632,6.632,0.188,0.157,0.011,22.571,87846
1780142775953,55,55,3.291,6.632,6.624,0.188,0.157,0.011,22.571,87879
1780142775979,57,57,3.291,6.632,6.632,0.188,0.157,0.011,22.571,87912
1780142776018,62,62,3.297,6.632,6.632,0.188,0.157,0.011,22.571,87945
1780142776044,65,65,3.291,6.632,6.632,0.188,0.157,0.011,22.571,87978
1780142776080,70,70,3.291,6.632,6.632,0.157,0.157,0.011,22.571,88011
1780142776119,75,75,3.291,6.632,6.632,0.188,0.157,0.011,22.571,88044
1780142776143,77,77,3.291,6.632,6.632,0.157,0.157,0.011,22.571,88077
1780142776176,82,82,3.297,6.632,6.632,0.188,0.157,0.011,22.571,88110
1780142776208,85,85,3.291,6.632,6.632,0.157,0.157,0.011,22.571,88143
1780142776242,90,90,3.291,6.632,6.624,0.157,0.157,0.011,22.571,88176
1780142776274,92,92,3.291,6.632,6.632,0.188,0.157,0.011,22.571,88209
1780142776308,97,97,3.297,6.632,6.632,0.188,0.126,0.016,22.571,88242
1780142776343,102,102,3.291,6.632,6.632,0.188,0.157,0.011,22.571,88275
1780142776374,105,105,3.291,6.624,6.624,0.188,0.251,0.011,22.571,88308
1780142776408,110,110,3.291,6.624,6.624,0.220,0.157,0.011,22.571,88341
1780142776440,115,115,3.291,6.632,6.624,0.188,0.188,0.011,22.571,88374
1780142776473,117,117,3.291,6.632,6.624,0.188,0.157,0.011,22.571,88407
1780142776524,125,125,3.291,6.632,6.624,0.188,0.188,0.016,22.571,88440
1780142776551,127,127,3.291,6.632,6.624,0.220,0.188,0.011,22.571,88473
1780142776571,130,130,3.291,6.624,6.624,0.188,0.157,0.011,22.571,88506
1780142776605,135,135,3.291,6.624,6.624,0.220,0.188,0.011,22.571,88539
1780142776647,140,140,3.291,6.624,6.624,0.220,0.188,0.011,22.571,88572
1780142776671,142,142,3.291,6.632,6.624,0.220,0.188,0.011,22.571,88605
1780142776714,147,147,3.291,6.624,6.624,0.220,0.188,0.011,22.571,88638
1780142776737,152,152,3.291,6.624,6.624,0.220,0.188,0.011,22.571,88671
1780142776771,155,155,3.291,6.624,6.624,0.188,0.188,0.011,22.571,88704
1780142776811,160,160,3.285,6.624,6.624,0.220,0.188,0.011,22.571,88737
1780142776837,165,165,3.291,6.624,6.624,0.188,0.188,0.016,22.571,88770
1780142776883,170,170,3.291,6.624,6.615,0.220,0.220,0.011,22.571,88803
1780142776902,172,172,3.291,6.624,6.615,0.220,0.220,0.011,22.571,88836
1780142776944,177,177,3.291,6.624,6.624,0.251,0.188,0.011,22.571,88869
1780142776969,180,180,3.285,6.624,6.615,0.220,0.188,0.016,22.571,88902
1780142777001,185,185,3.285,6.624,6.615,0.251,0.220,0.011,22.571,88935
1780142777039,190,190,3.291,6.615,6.615,0.251,0.188,0.011,22.571,88968
1780142777068,192,192,3.291,6.624,6.615,0.251,0.220,0.011,22.571,89001
1780142777105,197,197,3.285,6.624,6.607,0.251,0.251,0.011,22.571,89034
1780142777147,202,202,3.285,6.615,6.607,0.282,0.251,0.016,22.571,89067
1780142777174,205,205,3.285,6.624,6.607,0.282,0.220,0.011,22.571,89100
1780142777203,210,210,3.285,6.607,6.607,0.314,0.251,0.011,22.571,89133
1780142777237,212,212,3.279,6.607,6.599,0.345,0.282,0.011,22.571,89166
1780142777269,217,217,3.279,6.607,6.599,0.377,0.314,0.011,22.571,89199
1780142777301,222,222,3.279,6.607,6.599,0.408,0.282,0.011,22.571,89232
1780142777344,227,227,3.279,6.607,6.599,0.345,0.220,0.011,22.571,89265
1780142777370,230,230,3.279,6.599,6.591,0.439,0.377,0.011,22.571,89298
1780142777404,235,235,3.279,6.599,6.591,0.345,0.408,0.011,22.571,89331
1780142777434,237,237,3.279,6.599,6.591,0.439,0.377,0.011,22.571,89364
1780142777472,242,242,3.279,6.599,6.591,0.408,0.282,0.016,22.571,89397
1780142777501,247,247,3.273,6.591,6.582,0.471,0.471,0.011,22.571,89430
1780142777543,252,252,3.273,6.591,6.582,0.439,0.439,0.016,22.571,89463
1780142777567,255,255,3.273,6.599,6.591,0.408,0.377,0.011,22.571,89496
1780142777605,260,260,3.273,6.591,6.582,0.439,0.533,0.016,22.571,89529
1780142777635,262,262,3.273,6.599,6.591,0.439,0.314,0.011,22.571,89562
1780142777667,267,267,3.273,6.591,6.574,0.502,0.533,0.011,22.571,89595
1780142777702,272,272,3.273,6.582,6.574,0.502,0.565,0.011,22.571,89628
1780142777734,275,275,3.273,6.591,6.582,0.533,0.439,0.016,22.571,89661
1780142777769,280,280,3.273,6.591,6.582,0.408,0.377,0.011,22.571,89694
1780142777802,285,285,3.267,6.582,6.574,0.565,0.565,0.011,22.571,89727
1780142777835,287,287,3.267,6.582,6.574,0.533,0.471,0.011,22.571,89760
1780142777866,292,292,3.273,6.582,6.582,0.439,0.408,0.016,22.571,89793
1780142777900,295,295,3.267,6.574,6.566,0.659,0.408,0.011,22.571,89826
1780142777936,300,300,3.267,6.574,6.566,0.690,0.439,0.011,22.571,89859
1780142777975,305,305,3.267,6.582,6.574,0.502,0.565,0.011,22.571,89892
1780142778000,307,307,3.267,6.574,6.566,0.628,0.345,0.016,22.571,89925
1780142778033,312,312,3.261,6.574,6.566,0.565,0.533,0.016,22.571,89958
1780142778077,317,317,3.267,6.574,6.566,0.565,0.565,0.011,22.571,89991
1780142778116,322,322,3.267,6.566,6.557,0.690,0.533,0.011,22.571,90024
1780142778142,327,327,3.261,6.566,6.557,0.690,0.471,0.016,22.571,90057
1780142778170,330,330,3.267,6.574,6.557,0.690,0.439,0.011,22.571,90090
1780142778200,332,332,3.267,6.566,6.557,0.722,0.502,0.011,22.571,90123
1780142778232,337,337,3.261,6.557,6.541,0.753,0.816,0.011,22.571,90156
1780142778266,342,342,3.261,6.557,6.549,0.847,0.596,0.016,22.571,90189
1780142778299,345,345,3.261,6.557,6.549,0.722,0.565,0.011,22.571,90222
1780142778332,350,350,3.261,6.557,6.541,0.816,0.565,0.016,22.571,90255
1780142778365,355,355,3.255,6.557,6.541,0.816,0.533,0.011,22.571,90288
1780142778400,357,357,3.255,6.549,6.533,0.847,0.628,0.011,22.571,90321
1780142778431,362,362,3.255,6.557,6.541,0.816,0.471,0.016,22.571,90354
1780142778465,365,365,3.261,6.557,6.541,0.941,0.502,0.016,22.571,90387
1780142778499,365,365,3.248,6.541,6.533,0.784,0.816,0.016,22.571,90420
1780142778532,365,365,3.255,6.557,6.541,0.879,0.533,0.016,22.571,90453
1780142778565,365,365,3.255,6.549,6.541,0.816,0.565,0.011,22.571,90486
1780142778609,365,365,3.255,6.549,6.533,0.690,0.879,0.011,22.571,90519
1780142778631,365,365,3.248,6.549,6.541,0.628,0.596,0.011,22.571,90552
1780142778665,365,365,3.248,6.549,6.533,0.973,0.471,0.022,22.571,90585
1780142778698,365,365,3.255,6.549,6.541,0.910,0.628,0.016,22.571,90618
1780142778731,365,365,3.255,6.549,6.533,0.722,0.628,0.011,22.571,90651
1780142778765,365,365,3.261,6.549,6.541,0.847,0.690,0.011,22.571,90684
1780142778801,365,365,3.261,6.557,6.541,0.722,0.471,0.011,22.571,90717
1780142778839,365,365,3.248,6.541,6.533,0.753,0.722,0.016,22.571,90750
1780142778865,365,365,3.255,6.549,6.533,0.816,0.690,0.016,22.571,90783
1780142778899,365,365,3.261,6.557,6.549,0.879,0.502,0.011,22.571,90816
1780142778930,365,365,3.255,6.541,6.533,0.847,0.690,0.011,22.571,90849
1780142778974,365,365,3.255,6.549,6.541,0.753,0.533,0.016,22.571,90882
1780142778997,365,365,3.248,6.549,6.533,0.847,0.502,0.011,22.571,90915
1780142779032,365,365,3.261,6.549,6.533,0.753,0.628,0.011,22.571,90948
1780142779066,365,365,3.255,6.549,6.541,0.753,0.533,0.016,22.571,90981
1780142779096,365,365,3.248,6.533,6.524,0.910,0.816,0.016,22.571,91014
1780142779130,365,365,3.255,6.557,6.549,0.722,0.533,0.016,22.571,91047
1780142779166,365,365,3.255,6.549,6.533,0.628,0.565,0.005,22.571,91080
1780142779198,365,365,3.255,6.541,6.533,1.004,0.596,0.011,22.571,91113
1780142779230,365,365,3.261,6.549,6.541,0.690,0.533,0.011,22.571,91146
1780142779263,365,365,3.248,6.541,6.533,0.941,0.628,0.016,22.571,91179
1780142779297,365,365,3.261,6.549,6.541,0.722,0.659,0.005,22.571,91212
1780142779329,365,365,3.255,6.541,6.533,0.628,0.690,0.016,22.571,91245
1780142779363,365,365,3.255,6.549,6.541,0.879,0.502,0.011,22.571,91278
1780142779395,365,365,3.261,6.549,6.541,0.753,0.533,0.011,22.571,91311
1780142779431,365,365,3.255,6.541,6.541,0.722,0.690,0.011,22.571,91344
1780142779465,365,365,3.261,6.549,6.541,0.816,0.439,0.005,22.571,91377
1780142779496,365,365,3.255,6.549,6.541,0.753,0.628,0.016,22.571,91410
1780142779529,365,365,3.255,6.549,6.533,0.784,0.596,0.011,22.571,91443
1780142779564,365,365,3.255,6.549,6.533,0.722,0.784,0.016,22.571,91476
1780142779596,365,365,3.261,6.557,6.549,0.565,0.533,0.016,22.571,91509
1780142779628,365,365,3.255,6.541,6.524,0.816,0.753,0.011,22.571,91542
1780142779662,365,365,3.248,6.549,6.533,0.753,0.596,0.011,22.571,91575
1780142779696,365,365,3.255,6.549,6.533,0.722,0.471,0.005,22.571,91608
1780142779743,365,365,3.255,6.549,6.541,0.784,0.628,0.011,22.571,91641
1780142779763,365,365,3.255,6.541,6.533,0.753,0.533,0.011,22.571,91674
1780142779796,365,365,3.248,6.541,6.533,0.973,0.533,0.011,22.571,91707
1780142779836,365,365,3.248,6.541,6.533,0.753,0.784,0.011,22.571,91740
1780142779862,365,365,3.255,6.549,6.533,0.847,0.502,0.011,22.571,91773
1780142779895,365,365,3.255,6.541,6.533,0.816,0.565,0.005,22.571,91806
1780142779928,365,365,3.255,6.549,6.541,0.690,0.628,0.016,22.571,91839
1780142779972,365,365,3.261,6.541,6.533,0.847,0.628,0.011,22.571,91872
1780142779995,365,365,3.255,6.549,6.541,0.690,0.690,0.011,22.571,91905
1780142780036,365,365,3.261,6.549,6.533,0.753,0.502,0.011,22.571,91938
1780142780082,365,365,3.255,6.541,6.533,0.879,0.439,0.011,22.571,91971
1780142780103,365,365,3.255,6.549,6.541,0.596,0.784,0.011,22.571,92004
1780142780144,365,365,3.255,6.549,6.533,0.816,0.596,0.016,22.571,92037
1780142780169,365,365,3.248,6.549,6.541,0.690,0.502,0.011,22.571,92070
1780142780202,365,365,3.248,6.541,6.533,0.847,0.690,0.022,22.571,92103
1780142780236,365,365,3.248,6.541,6.524,0.784,0.659,0.011,22.571,92136
1780142780270,360,360,3.255,6.549,6.541,0.784,0.533,0.016,22.571,92169
1780142780300,355,355,3.248,6.541,6.533,0.879,0.408,0.016,22.571,92202
1780142780334,352,352,3.248,6.533,6.524,0.879,0.816,0.016,22.571,92235
1780142780373,347,347,3.255,6.557,6.541,0.784,0.502,0.011,22.571,92268
1780142780400,342,342,3.255,6.557,6.549,0.659,0.439,0.011,22.571,92301
1780142780443,337,337,3.261,6.549,6.541,0.690,0.439,0.011,22.571,92334
1780142780468,335,335,3.255,6.557,6.541,0.628,0.753,0.011,22.571,92367
1780142780501,330,330,3.261,6.557,6.549,0.565,0.439,0.005,22.571,92400
1780142780532,327,327,3.261,6.557,6.541,0.628,0.471,0.016,22.571,92433
1780142780565,322,322,3.255,6.557,6.549,0.816,0.502,0.016,22.571,92466
1780142780600,317,317,3.261,6.557,6.557,0.722,0.533,0.011,22.571,92499
1780142780640,315,315,3.255,6.557,6.541,0.690,0.628,0.011,22.571,92532
1780142780667,315,315,3.261,6.566,6.549,0.690,0.408,0.011,22.571,92565
1780142780697,315,315,3.255,6.557,6.549,0.659,0.471,0.011,22.571,92598
1780142780731,315,315,3.261,6.557,6.549,0.628,0.439,0.016,22.571,92631
1780142780763,315,315,3.255,6.557,6.541,0.816,0.439,0.011,22.571,92664
1780142780804,315,315,3.261,6.557,6.549,0.690,0.502,0.011,22.571,92697
1780142780828,315,315,3.261,6.566,6.557,0.753,0.408,0.016,22.571,92730
1780142780861,315,315,3.267,6.566,6.549,0.628,0.471,0.011,22.571,92763
1780142780895,315,315,3.255,6.557,6.541,0.596,0.628,0.016,22.571,92796
1780142780928,315,315,3.261,6.557,6.557,0.659,0.502,0.011,22.571,92829
1780142780961,315,315,3.261,6.557,6.557,0.596,0.377,0.005,22.571,92862
1780142780996,315,315,3.261,6.566,6.557,0.533,0.596,0.011,22.571,92895
1780142781028,315,315,3.261,6.557,6.549,0.722,0.439,0.011,22.571,92928
1780142781061,315,315,3.261,6.557,6.549,0.753,0.408,0.022,22.571,92961
1780142781097,315,315,3.267,6.566,6.557,0.596,0.502,0.011,22.571,92994
1780142781126,315,315,3.261,6.557,6.549,0.628,0.533,0.011,22.571,93027
1780142781159,315,315,3.255,6.549,6.541,0.784,0.439,0.016,22.571,93060
1780142781192,315,315,3.261,6.557,6.549,0.659,0.408,0.011,22.571,93093
1780142781224,315,315,3.261,6.557,6.557,0.690,0.471,0.011,22.571,93126
1780142781258,315,315,3.261,6.557,6.541,0.659,0.628,0.011,22.571,93159
1780142781292,315,315,3.261,6.549,6.541,0.816,0.408,0.011,22.571,93192
1780142781326,315,315,3.261,6.566,6.549,0.565,0.471,0.016,22.571,93225
1780142781370,315,315,3.255,6.557,6.541,0.753,0.565,0.011,22.571,93258
1780142781392,315,315,3.267,6.566,6.557,0.439,0.439,0.011,22.571,93291
1780142781424,315,315,3.267,6.566,6.557,0.502,0.471,0.005,22.571,93324
1780142781464,315,315,3.261,6.557,6.541,0.596,0.408,0.011,22.571,93357
1780142781503,315,315,3.261,6.557,6.557,0.565,0.377,0.011,22.571,93390
1780142781523,315,315,3.261,6.557,6.549,0.565,0.502,0.016,22.571,93423
1780142781557,315,315,3.261,6.557,6.549,0.784,0.502,0.011,22.571,93456
1780142781590,315,315,3.261,6.557,6.549,0.565,0.377,0.016,22.571,93489
1780142781629,315,315,3.261,6.566,6.557,0.565,0.502,0.011,22.571,93522
1780142781656,315,315,3.255,6.549,6.541,0.879,0.471,0.005,22.571,93555
1780142781691,315,315,3.261,6.557,6.549,0.690,0.533,0.016,22.571,93588
1780142781729,315,315,3.261,6.566,6.557,0.502,0.408,0.016,22.571,93621
1780142781759,315,315,3.261,6.557,6.549,0.690,0.565,0.011,22.571,93654
1780142781805,315,315,3.261,6.557,6.549,0.690,0.471,0.011,22.571,93687
1780142781824,315,315,3.261,6.557,6.549,0.565,0.502,0.005,22.571,93720
1780142781856,315,315,3.261,6.557,6.557,0.690,0.471,0.011,22.571,93753
1780142781889,315,315,3.255,6.557,6.541,0.690,0.471,0.016,22.571,93786
1780142781923,315,315,3.261,6.566,6.549,0.722,0.439,0.011,22.571,93819
1780142781957,315,315,3.261,6.557,6.549,0.596,0.659,0.011,22.571,93852
1780142781990,315,315,3.255,6.549,6.541,0.628,0.533,0.022,22.571,93885
1780142782023,315,315,3.261,6.557,6.557,0.628,0.471,0.011,22.571,93918
1780142782057,315,315,3.255,6.566,6.557,0.502,0.471,0.011,22.571,93951
1780142782089,315,315,3.267,6.557,6.557,0.722,0.471,0.011,22.571,93984
1780142782124,315,315,3.261,6.557,6.549,0.565,0.533,0.011,22.571,94017
1780142782164,315,315,3.261,6.566,6.557,0.565,0.439,0.011,22.571,94050
1780142782192,315,315,3.261,6.557,6.549,0.628,0.690,0.011,22.571,94083
1780142782226,315,315,3.255,6.549,6.541,0.628,0.565,0.011,22.571,94116
1780142782260,315,315,3.261,6.557,6.549,0.784,0.471,0.011,22.571,94149
1780142782299,315,315,3.261,6.566,6.557,0.596,0.345,0.016,22.571,94182
1780142782340,315,315,3.255,6.557,6.549,0.628,0.533,0.011,22.571,94215
1780142782356,315,315,3.255,6.557,6.549,0.565,0.596,0.011,22.571,94248
1780142782388,315,315,3.261,6.566,6.557,0.628,0.439,0.011,22.571,94281
1780142782422,315,315,3.261,6.557,6.549,0.690,0.533,0.011,22.571,94314
1780142782455,315,315,3.255,6.557,6.549,0.533,0.502,0.016,22.571,94347
1780142782490,315,315,3.261,6.557,6.541,0.690,0.439,0.011,22.571,94380
1780142782523,315,315,3.261,6.566,6.557,0.628,0.439,0.016,22.571,94413
1780142782554,315,315,3.261,6.557,6.541,0.659,0.408,0.011,22.571,94446
1780142782590,315,315,3.255,6.557,6.549,0.628,0.502,0.016,22.571,94479
1780142782621,315,315,3.261,6.557,6.549,0.628,0.502,0.011,22.571,94512
1780142782654,315,315,3.261,6.557,6.549,0.628,0.471,0.011,22.571,94545
1780142782688,315,315,3.261,6.557,6.549,0.690,0.471,0.016,22.571,94578
1780142782721,315,315,3.261,6.557,6.557,0.565,0.502,0.011,22.571,94611
1780142782756,315,315,3.261,6.557,6.549,0.722,0.439,0.016,22.571,94644
1780142782788,315,315,3.255,6.557,6.549,0.690,0.596,0.011,22.571,94677
1780142782822,315,315,3.261,6.557,6.557,0.596,0.502,0.011,22.571,94710
1780142782854,315,315,3.261,6.557,6.549,0.753,0.439,0.011,22.571,94743
1780142782888,315,315,3.261,6.557,6.549,0.565,0.628,0.011,22.571,94776
1780142782921,315,315,3.261,6.566,6.557,0.533,0.471,0.011,22.571,94809
1780142782955,317,317,3.255,6.557,6.549,0.596,0.565,0.016,22.571,94842
1780142782987,320,320,3.261,6.557,6.541,0.753,0.471,0.011,22.571,94875
1780142783021,325,325,3.267,6.566,6.557,0.628,0.439,0.011,22.571,94908
1780142783058,330,330,3.261,6.557,6.541,0.753,0.502,0.011,22.571,94941
1780142783089,332,332,3.261,6.557,6.541,0.690,0.377,0.011,22.571,94974
1780142783130,340,340,3.255,6.549,6.541,0.659,0.471,0.011,22.571,95007
1780142783163,342,342,3.255,6.557,6.541,0.628,0.471,0.016,22.571,95040
1780142783187,345,345,3.255,6.549,6.533,0.816,0.439,0.011,22.571,95073
1780142783219,350,350,3.255,6.541,6.533,0.910,0.471,0.016,22.571,95106
1780142783255,355,355,3.261,6.549,6.541,0.753,0.502,0.005,22.571,95139
1780142783286,357,357,3.255,6.541,6.541,0.722,0.628,0.011,22.571,95172
1780142783319,362,362,3.248,6.541,6.524,0.847,0.690,0.011,22.571,95205
1780142783353,367,367,3.242,6.533,6.516,0.847,0.722,0.016,22.571,95238
1780142783386,370,370,3.248,6.541,6.533,0.879,0.502,0.011,22.571,95271
1780142783421,375,375,3.248,6.524,6.516,0.879,0.722,0.011,22.571,95304
1780142783463,380,380,3.248,6.533,6.533,0.847,0.533,0.016,22.571,95337
1780142783486,382,382,3.248,6.533,6.524,0.941,0.628,0.016,22.571,95370
1780142783519,387,387,3.248,6.533,6.524,0.879,0.722,0.011,22.571,95403
1780142783560,392,392,3.248,6.533,6.524,0.910,0.628,0.011,22.571,95436
1780142783586,395,395,3.242,6.533,6.516,0.816,0.659,0.016,22.571,95469
1780142783618,400,400,3.242,6.524,6.516,0.910,0.722,0.011,22.571,95502
1780142783653,405,405,3.242,6.524,6.508,1.004,0.816,0.011,22.571,95535
1780142783703,410,410,3.242,6.524,6.508,0.879,0.628,0.005,22.571,95568
1780142783726,412,412,3.236,6.516,6.508,1.130,0.690,0.011,22.571,95601
1780142783754,417,417,3.236,6.524,6.516,0.847,0.784,0.016,22.571,95634
1780142783785,420,420,3.224,6.508,6.499,1.098,0.659,0.011,22.571,95667
1780142783818,425,425,3.236,6.499,6.491,0.847,0.847,0.000,22.571,95700
1780142783852,425,425,3.236,6.508,6.499,1.192,0.659,0.011,22.571,95733
1780142783885,425,425,3.236,6.508,6.491,1.192,0.690,0.016,22.571,95766
1780142783919,425,425,3.236,6.508,6.499,1.035,0.816,0.016,22.571,95799
1780142783958,425,425,3.236,6.508,6.499,1.098,0.690,0.011,22.571,95832
1780142783985,425,425,3.242,6.516,6.499,1.098,0.753,0.011,22.571,95865
1780142784018,425,425,3.236,6.508,6.491,0.941,0.784,0.011,22.571,95898
1780142784053,425,425,3.242,6.524,6.508,1.067,0.659,0.022,22.571,95931
1780142784085,425,425,3.236,6.516,6.508,0.910,0.659,0.016,22.571,95964
1780142784118,425,425,3.236,6.508,6.491,1.004,0.659,0.011,22.571,95997
1780142784151,425,425,3.236,6.508,6.491,1.192,0.847,0.011,22.571,96030
1780142784185,425,425,3.236,6.508,6.499,1.004,0.659,0.011,22.571,96063
1780142784220,425,425,3.230,6.508,6.491,1.035,0.659,0.022,22.571,96096
1780142784251,425,425,3.242,6.516,6.499,1.192,0.659,0.011,22.571,96129
1780142784287,425,425,3.242,6.499,6.491,1.067,0.565,0.005,22.571,96162
1780142784329,425,425,3.242,6.516,6.508,0.973,0.565,0.016,22.571,96195
1780142784359,425,425,3.236,6.516,6.508,0.847,0.628,0.011,22.571,96228
1780142784383,425,425,3.230,6.508,6.491,1.004,0.722,0.016,22.571,96261
1780142784425,425,425,3.236,6.508,6.491,0.941,0.847,0.005,22.571,96294
1780142784466,420,420,3.230,6.508,6.491,1.318,0.659,0.016,22.571,96327
1780142784492,417,417,3.242,6.508,6.491,0.879,0.659,0.011,22.571,96360
1780142784525,412,412,3.236,6.508,6.491,1.004,0.628,0.005,22.571,96393
1780142784558,410,410,3.236,6.516,6.499,1.161,0.659,0.011,22.571,96426
1780142784593,405,405,3.236,6.516,6.508,1.067,0.565,0.011,22.571,96459
1780142784624,400,400,3.248,6.533,6.516,0.941,0.596,0.011,22.571,96492
1780142784657,397,397,3.242,6.524,6.516,1.004,0.659,0.016,22.571,96525
1780142784691,392,392,3.236,6.524,6.508,0.941,0.565,0.016,22.571,96558
1780142784722,387,387,3.242,6.524,6.508,1.098,0.753,0.016,22.571,96591
1780142784757,385,385,3.242,6.524,6.508,0.816,0.628,0.016,22.571,96624
1780142784789,380,380,3.242,6.524,6.508,0.941,0.565,0.011,22.571,96657
1780142784822,375,375,3.248,6.524,6.516,1.004,0.628,0.011,22.571,96690
1780142784863,370,370,3.242,6.524,6.516,0.753,0.533,0.016,22.571,96723
1780142784888,367,367,3.248,6.524,6.524,0.690,0.847,0.011,22.571,96756
1780142784924,362,362,3.248,6.541,6.524,0.784,0.659,0.011,22.571,96789
1780142784956,360,360,3.255,6.541,6.524,0.690,0.533,0.005,22.571,96822
1780142784987,355,355,3.248,6.524,6.516,0.753,0.722,0.011,22.571,96855
1780142785034,350,350,3.248,6.541,6.541,0.722,0.533,0.011,22.571,96888
1780142785062,345,345,3.242,6.533,6.524,0.879,0.439,0.016,22.571,96921
1780142785099,342,342,3.255,6.541,6.533,0.816,0.502,0.011,22.571,96954
1780142785123,337,337,3.255,6.541,6.533,0.816,0.565,0.011,22.571,96987
1780142785152,335,335,3.248,6.541,6.524,0.847,0.439,0.022,22.571,97020
1780142785184,330,330,3.248,6.541,6.524,0.753,0.753,0.011,22.571,97053
1780142785222,325,325,3.255,6.549,6.541,0.628,0.565,0.011,22.571,97086
1780142785251,322,322,3.261,6.549,6.541,0.659,0.565,0.005,22.571,97119
1780142785283,317,317,3.261,6.557,6.557,0.628,0.502,0.011,22.571,97152
1780142785325,312,312,3.255,6.549,6.541,0.690,0.628,0.011,22.571,97185
1780142785349,310,310,3.248,6.549,6.541,0.596,0.502,0.016,22.571,97218
1780142785382,305,305,3.261,6.557,6.541,0.502,0.408,0.011,22.571,97251
1780142785415,302,302,3.261,6.557,6.549,0.722,0.408,0.016,22.571,97284
1780142785455,297,297,3.261,6.557,6.541,0.565,0.439,0.016,22.571,97317
1780142785482,292,292,3.255,6.549,6.541,0.596,0.565,0.016,22.571,97350
1780142785515,290,290,3.261,6.557,6.549,0.596,0.502,0.016,22.571,97383
1780142785551,285,285,3.261,6.557,6.549,0.471,0.596,0.011,22.571,97416
1780142785581,282,282,3.261,6.566,6.557,0.502,0.439,0.011,22.571,97449
1780142785617,277,277,3.261,6.566,6.557,0.565,0.502,0.016,22.571,97482
1780142785650,272,272,3.261,6.557,6.557,0.502,0.471,0.016,22.571,97515
1780142785682,267,267,3.267,6.566,6.557,0.439,0.408,0.011,22.571,97548
1780142785725,262,262,3.267,6.574,6.566,0.439,0.408,0.005,22.571,97581
1780142785747,260,260,3.267,6.574,6.566,0.565,0.377,0.011,22.571,97614
1780142785781,257,257,3.261,6.582,6.566,0.377,0.471,0.016,22.571,97647
1780142785813,252,252,3.267,6.582,6.574,0.377,0.314,0.011,22.571,97680
1780142785847,247,247,3.267,6.582,6.566,0.439,0.345,0.011,22.571,97713
1780142785882,245,245,3.267,6.574,6.566,0.377,0.377,0.011,22.571,97746
1780142785913,240,240,3.267,6.574,6.566,0.439,0.314,0.011,22.571,97779
1780142785947,235,235,3.267,6.582,6.574,0.345,0.377,0.011,22.571,97812
1780142785982,232,232,3.273,6.582,6.574,0.314,0.282,0.011,22.571,97845
1780142786013,227,227,3.267,6.582,6.574,0.439,0.314,0.011,22.571,97878
1780142786046,222,222,3.267,6.582,6.574,0.345,0.377,0.011,22.571,97911
1780142786082,220,220,3.273,6.591,6.574,0.282,0.345,0.011,22.571,97944
1780142786113,217,217,3.273,6.591,6.582,0.251,0.251,0.011,22.571,97977
1780142786147,217,217,3.273,6.582,6.574,0.345,0.377,0.011,22.571,98010
1780142786181,217,217,3.273,6.591,6.582,0.282,0.314,0.016,22.571,98043
1780142786213,217,217,3.273,6.591,6.582,0.282,0.314,0.011,22.571,98076
1780142786246,217,217,3.273,6.591,6.582,0.314,0.251,0.011,22.571,98109
1780142786288,217,217,3.273,6.591,6.582,0.345,0.251,0.011,22.571,98142
1780142786312,217,217,3.273,6.591,6.582,0.314,0.220,0.011,22.571,98175
1780142786360,217,217,3.273,6.591,6.582,0.314,0.314,0.011,22.571,98208
1780142786382,217,217,3.273,6.591,6.582,0.314,0.251,0.011,22.571,98241
1780142786412,217,217,3.273,6.582,6.574,0.377,0.282,0.011,22.571,98274
1780142786448,217,217,3.273,6.582,6.574,0.408,0.314,0.011,22.571,98307
1780142786478,217,217,3.273,6.591,6.582,0.314,0.282,0.011,22.571,98340
1780142786513,217,217,3.273,6.591,6.582,0.314,0.188,0.016,22.571,98373
1780142786545,217,217,3.273,6.591,6.582,0.408,0.282,0.011,22.571,98406
1780142786579,217,217,3.273,6.591,6.582,0.377,0.282,0.011,22.571,98439
1780142786612,217,217,3.273,6.591,6.582,0.314,0.345,0.011,22.571,98472
1780142786651,217,217,3.273,6.591,6.591,0.251,0.251,0.011,22.571,98505
1780142786684,217,217,3.273,6.591,6.591,0.314,0.251,0.011,22.571,98538
1780142786711,217,217,3.273,6.582,6.574,0.377,0.377,0.011,22.571,98571
1780142786745,217,217,3.273,6.591,6.582,0.314,0.345,0.011,22.571,98604
1780142786777,217,217,3.273,6.591,6.582,0.314,0.251,0.011,22.571,98637
1780142786820,217,217,3.273,6.591,6.582,0.314,0.251,0.011,22.571,98670
1780142786846,217,217,3.273,6.591,6.591,0.314,0.282,0.011,22.571,98703
1780142786877,217,217,3.273,6.591,6.582,0.408,0.251,0.011,22.571,98736
1780142786911,217,217,3.273,6.591,6.582,0.377,0.251,0.011,22.571,98769
1780142786958,217,217,3.273,6.591,6.582,0.345,0.282,0.011,22.571,98802
1780142786981,217,217,3.273,6.591,6.582,0.345,0.251,0.011,22.571,98835
1780142787011,217,217,3.273,6.591,6.582,0.345,0.314,0.011,22.571,98868
1780142787045,217,217,3.273,6.591,6.591,0.345,0.282,0.011,22.571,98901
1780142787077,212,212,3.273,6.599,6.591,0.314,0.251,0.011,22.571,98934
1780142787111,207,207,3.273,6.591,6.582,0.377,0.251,0.016,22.571,98967
1780142787143,205,205,3.273,6.599,6.591,0.314,0.282,0.011,22.571,99000
1780142787184,200,200,3.279,6.599,6.591,0.282,0.251,0.011,22.571,99033
1780142787212,195,195,3.273,6.591,6.591,0.314,0.251,0.011,22.571,99066
1780142787250,190,190,3.273,6.591,6.591,0.282,0.314,0.011,22.571,99099
1780142787277,187,187,3.279,6.599,6.599,0.220,0.251,0.011,22.571,99132
1780142787311,182,182,3.279,6.599,6.591,0.314,0.251,0.011,22.571,99165
1780142787343,180,180,3.279,6.607,6.599,0.251,0.251,0.011,22.571,99198
1780142787376,175,175,3.279,6.607,6.599,0.188,0.251,0.011,22.571,99231
1780142787412,170,170,3.279,6.607,6.599,0.251,0.220,0.011,22.571,99264
1780142787443,167,167,3.285,6.607,6.599,0.188,0.188,0.011,22.571,99297
1780142787476,162,162,3.285,6.607,6.607,0.251,0.188,0.011,22.571,99330
1780142787511,160,160,3.285,6.607,6.599,0.220,0.220,0.011,22.571,99363
1780142787542,155,155,3.285,6.615,6.607,0.220,0.188,0.011,22.571,99396
1780142787576,150,150,3.285,6.615,6.607,0.188,0.188,0.011,22.571,99429
1780142787608,147,147,3.285,6.607,6.607,0.188,0.188,0.011,22.571,99462
1780142787642,142,142,3.285,6.615,6.607,0.188,0.188,0.011,22.571,99495
1780142787676,137,137,3.285,6.615,6.607,0.188,0.188,0.011,22.571,99528
1780142787712,135,135,3.285,6.615,6.607,0.188,0.188,0.011,22.571,99561
1780142787742,130,130,3.285,6.615,6.615,0.188,0.188,0.011,22.571,99594
1780142787774,127,127,3.285,6.624,6.615,0.188,0.157,0.011,22.571,99627
1780142787808,122,122,3.285,6.615,6.615,0.188,0.157,0.011,22.571,99660
1780142787841,117,117,3.285,6.624,6.615,0.188,0.157,0.011,22.571,99693
1780142787876,115,115,3.285,6.624,6.615,0.188,0.157,0.011,22.571,99726
1780142787909,110,110,3.285,6.624,6.615,0.188,0.157,0.011,22.571,99759
1780142787953,105,105,3.285,6.624,6.615,0.188,0.157,0.011,22.571,99792
1780142787975,102,102,3.285,6.624,6.615,0.188,0.157,0.011,22.571,99825
1780142788015,97,97,3.285,6.624,6.615,0.188,0.157,0.011,22.571,99858
1780142788050,92,92,3.285,6.624,6.615,0.188,0.157,0.011,22.571,99891
1780142788079,87,87,3.285,6.624,6.615,0.188,0.157,0.011,22.571,99924
1780142788107,85,85,3.291,6.624,6.624,0.188,0.157,0.011,22.571,99957
1780142788142,80,80,3.285,6.624,6.615,0.188,0.188,0.011,22.571,99990
1780142788186,75,75,3.285,6.624,6.624,0.188,0.157,0.011,22.571,100023
1780142788209,72,72,3.291,6.624,6.615,0.188,0.157,0.011,22.571,100056
1780142788242,67,67,3.285,6.624,6.624,0.188,0.157,0.011,22.571,100089
1780142788274,65,65,3.291,6.624,6.624,0.188,0.157,0.011,22.571,100122
1780142788309,60,60,3.285,6.624,6.624,0.188,0.157,0.011,22.571,100155
1780142788345,55,55,3.285,6.624,6.624,0.188,0.157,0.011,22.571,100188
1780142788374,52,52,3.285,6.624,6.624,0.188,0.157,0.011,22.571,100221
1780142788407,47,47,3.291,6.624,6.624,0.188,0.157,0.011,22.571,100254
1780142788442,42,42,3.285,6.624,6.624,0.188,0.157,0.011,22.571,100287
1780142788481,37,37,3.291,6.624,6.624,0.188,0.157,0.011,22.571,100320
1780142788507,35,35,3.291,6.624,6.624,0.188,0.157,0.011,22.571,100353
1780142788540,30,30,3.291,6.624,6.624,0.188,0.157,0.011,22.571,100386
1780142788573,27,27,3.291,6.624,6.624,0.188,0.157,0.016,22.571,100419
1780142788613,22,22,3.291,6.624,6.624,0.188,0.157,0.011,22.571,100452
1780142788652,17,17,3.285,6.632,6.624,0.188,0.157,0.011,22.571,100485
1780142788673,15,15,3.291,6.632,6.624,0.188,0.157,0.011,22.571,100518
1780142788716,10,10,3.291,6.624,6.624,0.188,0.157,0.011,22.571,100551
1780142788757,5,5,3.291,6.624,6.624,0.157,0.157,0.011,22.571,100584
1780142788781,0,0,3.291,6.624,6.624,0.188,0.157,0.011,22.571,100617
1780142788816,0,0,3.291,6.632,6.624,0.188,0.157,0.011,22.571,100650
1780142788848,0,0,3.291,6.624,6.624,0.188,0.157,0.016,22.571,100683
1780142788882,0,0,3.291,6.624,6.624,0.188,0.157,0.011,22.571,100716
1780142788913,0,0,3.291,6.624,6.624,0.188,0.157,0.011,22.571,100749
1780142788947,0,0,3.291,6.632,6.624,0.188,0.157,0.011,22.571,100782
1780142788980,0,0,3.291,6.624,6.624,0.188,0.157,0.011,22.571,100815
1780142789014,0,0,3.291,6.632,6.624,0.188,0.157,0.011,22.571,100848
1780142789047,0,0,3.291,6.632,6.624,0.188,0.157,0.011,22.571,100881
1780142789078,0,0,3.291,6.632,6.624,0.188,0.157,0.011,22.571,100914
1780142789112,0,0,3.291,6.632,6.624,0.188,0.157,0.011,22.571,100947
1780142789145,0,0,3.291,6.624,6.624,0.188,0.157,0.011,22.571,100980
1780142789180,0,0,3.291,6.632,6.624,0.188,0.157,0.011,22.571,101013
1780142789211,0,0,3.291,6.632,6.624,0.188,0.157,0.011,22.571,101046
1780142789244,0,0,3.291,6.624,6.624,0.188,0.157,0.011,22.571,101079
1780142789276,0,0,3.291,6.632,6.624,0.188,0.157,0.011,22.571,101112
1780142789309,0,0,3.291,6.632,6.624,0.188,0.157,0.011,22.571,101145
1780142789344,0,0,3.291,6.624,6.624,0.188,0.157,0.011,22.571,101178
1780142789376,0,0,3.291,6.632,6.624,0.188,0.157,0.011,22.571,101211
1780142789409,0,0,3.291,6.632,6.624,0.188,0.157,0.011,22.571,101244
1780142789452,0,0,3.291,6.632,6.624,0.188,0.157,0.011,22.571,101277
1780142789474,0,0,3.291,6.624,6.624,0.188,0.157,0.011,22.571,101310
1780142789509,0,0,3.291,6.632,6.624,0.188,0.157,0.011,22.571,101343
1780142789550,0,0,3.291,6.632,6.624,0.188,0.157,0.011,22.571,101376
1780142789583,0,0,3.291,6.632,6.624,0.188,0.157,0.016,22.571,101409
1780142789610,0,0,3.291,6.632,6.624,0.188,0.157,0.011,22.571,101442
1780142789642,0,0,3.291,6.632,6.632,0.188,0.157,0.011,22.571,101475
1780142789686,0,0,3.291,6.632,6.624,0.188,0.157,0.011,22.571,101508
1780142789706,0,0,3.291,6.632,6.624,0.188,0.157,0.011,22.571,101541
1780142789746,0,0,3.291,6.632,6.624,0.188,0.157,0.016,22.571,101574
1780142789771,0,0,3.291,6.632,6.624,0.188,0.157,0.011,22.571,101607
1780142789808,0,0,3.291,6.632,6.624,0.188,0.157,0.011,22.571,101640
1780142789839,0,0,3.291,6.632,6.624,0.188,0.157,0.011,22.571,101673
1780142789871,0,0,3.291,6.632,6.624,0.188,0.157,0.011,22.571,101706
1780142789903,0,0,3.291,6.632,6.624,0.188,0.157,0.011,22.571,101739
1780142789938,0,0,3.291,6.632,6.624,0.188,0.157,0.011,22.571,101772
1780142789974,0,0,3.291,6.632,6.624,0.188,0.157,0.011,22.571,101805
1780142790003,0,0,3.291,6.632,6.624,0.188,0.157,0.011,22.571,101838
1780142790037,0,0,3.291,6.632,6.624,0.188,0.157,0.016,22.571,101871
1780142790077,0,0,3.291,6.632,6.632,0.188,0.157,0.011,22.571,101904
1780142790113,0,0,3.291,6.632,6.624,0.188,0.157,0.011,22.571,101937
1780142790136,0,0,3.291,6.632,6.632,0.188,0.157,0.011,22.571,101970
1780142790169,0,0,3.291,6.632,6.632,0.188,0.157,0.011,22.571,102003
1780142790206,0,0,3.291,6.632,6.624,0.188,0.157,0.011,22.571,102036
1780142790236,0,0,3.291,6.632,6.632,0.188,0.157,0.011,22.571,102069
1780142790271,0,0,3.291,6.632,6.632,0.188,0.157,0.011,22.571,102102
1780142790302,0,0,3.291,6.632,6.632,0.188,0.157,0.011,22.571,102135
1780142790336,0,0,3.291,6.632,6.632,0.188,0.157,0.011,22.571,102168
1780142790370,0,0,3.291,6.632,6.632,0.188,0.157,0.011,22.571,102201
1780142790402,0,0,3.291,6.640,6.632,0.188,0.157,0.011,22.571,102234
1780142790435,0,0,3.291,6.640,6.624,0.188,0.157,0.011,22.571,102267
1780142790468,0,0,3.291,6.640,6.632,0.188,0.157,0.011,22.571,102300
1780142790503,0,0,3.291,6.632,6.624,0.188,0.157,0.011,22.571,102333
1780142790544,0,0,3.297,6.632,6.632,0.157,0.157,0.011,22.571,102366
1780142790568,0,0,3.291,6.640,6.632,0.157,0.157,0.011,22.571,102399
1780142790609,0,0,3.297,6.632,6.632,0.188,0.157,0.016,22.571,102432
1780142790636,0,0,3.291,6.632,6.632,0.188,0.157,0.011,22.571,102465
1780142790669,0,0,3.297,6.632,6.624,0.188,0.157,0.011,22.571,102498
1780142790708,0,0,3.297,6.632,6.632,0.188,0.157,0.011,22.571,102531
1780142790737,0,0,3.297,6.632,6.632,0.188,0.157,0.011,22.571,102564
1780142790769,0,0,3.297,6.632,6.632,0.188,0.157,0.011,22.571,102597
1780142790802,0,0,3.297,6.632,6.632,0.157,0.157,0.011,22.571,102630
1780142790834,0,0,3.291,6.632,6.632,0.188,0.157,0.016,22.571,102663
1780142790867,0,0,3.291,6.632,6.632,0.188,0.157,0.011,22.571,102696
1780142790904,0,0,3.291,6.640,6.632,0.188,0.157,0.011,22.571,102729
1780142790934,0,0,3.291,6.632,6.632,0.188,0.157,0.011,22.571,102762
1780142790968,0,0,3.291,6.632,6.632,0.188,0.157,0.011,22.571,102795
1780142791000,0,0,3.291,6.632,6.632,0.188,0.157,0.011,22.571,102828
1780142791036,0,0,3.291,6.640,6.632,0.188,0.157,0.011,22.571,102861
1780142791068,0,0,3.291,6.632,6.632,0.188,0.157,0.016,22.571,102894
1780142791113,0,0,3.297,6.632,6.632,0.188,0.157,0.011,22.571,102927
1780142791133,0,0,3.291,6.632,6.632,0.188,0.157,0.011,22.571,102960
1780142791167,0,0,3.297,6.632,6.632,0.157,0.157,0.011,22.571,102993
1780142791201,0,0,3.291,6.632,6.632,0.188,0.157,0.011,22.571,103026
1780142791260,0,0,3.297,6.640,6.632,0.188,0.157,0.011,22.571,103059
1780142791267,0,0,3.297,6.632,6.632,0.188,0.157,0.011,22.571,103092
