t_unix_ms,l,r,v_cell_1,v_bat,v_q,i_esc_1,i_esc_2,i_sys,temp_c,uptime_ms
1782481272077,0,0,0.000,6.615,6.607,0.188,0.157,0.172,25.990,491931
1782481272110,0,0,0.000,6.607,6.607,0.188,0.157,0.167,25.990,491964
1782481272143,0,0,0.000,6.615,6.615,0.188,0.157,0.172,25.990,491997
1782481272178,0,0,0.000,6.607,6.607,0.188,0.157,0.172,25.990,492030
1782481272212,0,0,0.000,6.624,6.607,0.188,0.157,0.177,25.990,492063
1782481272245,0,0,0.000,6.615,6.607,0.188,0.157,0.161,25.990,492096
1782481272276,0,0,0.000,6.615,6.607,0.188,0.157,0.172,25.990,492129
1782481272309,0,0,0.000,6.607,6.607,0.188,0.157,0.177,25.990,492162
1782481272343,0,0,0.000,6.615,6.607,0.188,0.157,0.177,25.990,492195
1782481272376,0,0,0.000,6.607,6.607,0.188,0.157,0.172,25.990,492228
1782481272409,0,0,0.000,6.615,6.607,0.188,0.157,0.194,25.990,492261
1782481272443,0,0,0.000,6.615,6.607,0.188,0.188,0.177,25.990,492294
1782481272475,0,0,0.000,6.615,6.607,0.188,0.188,0.172,25.990,492327
1782481272518,0,0,0.000,6.607,6.607,0.188,0.157,0.194,25.990,492360
1782481272543,0,0,0.000,6.607,6.607,0.188,0.157,0.183,25.990,492393
1782481272584,0,0,0.000,6.615,6.607,0.188,0.188,0.172,25.990,492426
1782481272645,0,0,0.000,6.615,6.607,0.157,0.157,0.188,25.990,492459
1782481272662,0,0,0.000,6.615,6.607,0.188,0.157,0.172,25.990,492492
1782481272684,0,0,0.006,6.615,6.615,0.188,0.157,0.172,25.990,492525
1782481272716,0,0,0.000,6.615,6.607,0.188,0.188,0.194,25.990,492558
1782481272750,0,0,0.000,6.615,6.607,0.188,0.188,0.177,25.990,492591
1782481272782,0,0,0.006,6.607,6.615,0.188,0.157,0.172,25.990,492624
1782481272815,0,0,0.000,6.624,6.607,0.188,0.157,0.172,25.990,492657
1782481272851,0,0,0.000,6.607,6.607,0.157,0.157,0.161,25.990,492690
1782481272882,0,0,0.000,6.607,6.615,0.157,0.157,0.134,25.990,492723
1782481272915,0,0,0.000,6.615,6.607,0.188,0.157,0.172,25.990,492756
1782481272961,0,0,0.000,6.624,6.607,0.188,0.157,0.113,25.990,492789
1782481272983,0,0,0.000,6.615,6.615,0.188,0.157,0.129,25.990,492822
1782481273014,0,0,0.000,6.624,6.607,0.188,0.188,0.151,25.990,492855
1782481273046,0,0,0.000,6.607,6.615,0.188,0.157,0.124,25.990,492888
1782481273079,0,0,0.000,6.615,6.615,0.188,0.188,0.129,25.990,492921
1782481273120,0,0,0.000,6.624,6.615,0.188,0.157,0.129,25.990,492954
1782481273158,0,0,0.000,6.624,6.615,0.157,0.157,0.129,25.990,492987
1782481273179,0,0,0.000,6.615,6.607,0.188,0.157,0.129,25.990,493020
1782481273211,0,0,0.000,6.615,6.615,0.188,0.157,0.151,25.990,493053
1782481273247,0,0,0.000,6.607,6.607,0.188,0.157,0.129,25.990,493086
1782481273278,0,0,0.000,6.615,6.615,0.188,0.157,0.129,25.990,493119
1782481273310,0,0,0.000,6.624,6.607,0.188,0.157,0.129,25.990,493152
1782481273347,0,0,0.000,6.624,6.615,0.157,0.157,0.129,25.990,493185
1782481273376,0,0,0.000,6.624,6.607,0.188,0.157,0.156,25.990,493218
1782481273410,0,0,0.000,6.615,6.615,0.188,0.188,0.129,25.990,493251
1782481273442,0,0,0.000,6.624,6.607,0.188,0.157,0.129,25.990,493284
1782481273477,0,0,0.000,6.615,6.624,0.188,0.157,0.145,25.990,493317
1782481273509,0,0,0.000,6.615,6.624,0.188,0.157,0.129,25.990,493350
1782481273542,0,0,0.000,6.615,6.607,0.188,0.157,0.129,25.990,493383
1782481273575,0,0,0.000,6.615,6.607,0.188,0.157,0.161,25.990,493416
1782481273608,0,0,0.006,6.624,6.607,0.188,0.157,0.129,25.990,493449
1782481273640,0,0,0.000,6.615,6.615,0.188,0.157,0.129,25.990,493482
1782481273673,0,0,0.000,6.615,6.615,0.188,0.157,0.156,25.990,493515
1782481273707,0,0,0.000,6.624,6.615,0.188,0.157,0.129,25.990,493548
1782481273739,0,0,0.000,6.624,6.615,0.188,0.157,0.129,25.990,493581
1782481273773,0,0,0.000,6.624,6.615,0.220,0.157,0.172,25.990,493614
1782481273806,0,0,0.000,6.624,6.615,0.188,0.157,0.124,25.990,493647
1782481273840,0,0,0.000,6.615,6.615,0.157,0.157,0.129,25.990,493680
1782481273876,0,0,0.000,6.615,6.607,0.157,0.157,0.140,25.990,493713
1782481273906,0,0,0.000,6.615,6.607,0.188,0.157,0.124,25.990,493746
1782481273939,0,0,0.000,6.624,6.607,0.188,0.157,0.129,25.990,493779
1782481273984,0,0,0.000,6.615,6.615,0.188,0.157,0.124,25.990,493812
1782481274005,0,0,0.000,6.615,6.615,0.188,0.157,0.129,25.990,493845
1782481274038,0,0,0.000,6.615,6.615,0.188,0.157,0.124,25.990,493878
1782481274072,0,0,0.000,6.615,6.615,0.188,0.188,0.134,25.990,493911
1782481274105,0,0,0.000,6.615,6.615,0.188,0.157,0.129,25.990,493944
1782481274138,0,0,0.000,6.615,6.615,0.157,0.157,0.129,25.990,493977
1782481274171,0,0,0.000,6.632,6.615,0.188,0.157,0.124,25.904,494010
1782481274204,0,0,0.000,6.624,6.615,0.188,0.157,0.129,25.990,494043
1782481274238,0,0,0.000,6.624,6.615,0.188,0.157,0.129,25.990,494076
1782481274288,0,0,0.000,6.624,6.615,0.188,0.157,0.129,25.990,494109
1782481274308,0,0,0.000,6.615,6.607,0.188,0.157,0.161,25.990,494142
1782481274337,0,0,0.006,6.624,6.615,0.188,0.157,0.156,25.990,494175
1782481274374,0,0,0.000,6.615,6.607,0.188,0.126,0.194,25.990,494208
1782481274404,0,0,0.000,6.615,6.607,0.188,0.157,0.194,25.990,494241
1782481274437,0,0,0.000,6.624,6.607,0.157,0.157,0.199,25.990,494274
1782481274476,0,0,0.000,6.607,6.607,0.188,0.157,0.194,25.990,494307
1782481274504,0,0,0.000,6.624,6.615,0.188,0.157,0.177,25.990,494340
1782481274537,0,0,0.000,6.624,6.607,0.188,0.157,0.183,25.990,494373
1782481274581,0,0,0.000,6.615,6.607,0.188,0.157,0.188,25.990,494406
1782481274604,0,0,0.000,6.615,6.607,0.188,0.157,0.167,25.990,494439
1782481274637,0,0,0.000,6.607,6.615,0.188,0.157,0.177,25.990,494472
1782481274670,0,0,0.000,6.615,6.607,0.188,0.157,0.167,25.990,494505
1782481274703,0,0,0.000,6.615,6.607,0.188,0.157,0.194,25.990,494538
1782481274738,0,0,0.000,6.607,6.607,0.188,0.157,0.183,25.990,494571
1782481274770,0,0,0.000,6.615,6.607,0.157,0.157,0.167,25.990,494604
1782481274804,0,0,0.000,6.615,6.615,0.188,0.157,0.156,25.990,494637
1782481274837,0,0,0.000,6.607,6.607,0.188,0.157,0.167,25.990,494670
1782481274870,0,0,0.000,6.615,6.607,0.188,0.188,0.194,25.990,494703
1782481274903,0,0,0.000,6.615,6.607,0.157,0.157,0.199,25.990,494736
1782481274936,0,0,0.000,6.615,6.607,0.188,0.157,0.172,25.990,494769
1782481274969,0,0,0.000,6.615,6.607,0.220,0.157,0.194,25.990,494802
1782481275003,0,0,0.000,6.615,6.607,0.188,0.157,0.199,25.990,494835
1782481275036,0,0,0.000,6.615,6.607,0.188,0.188,0.194,25.990,494868
1782481275069,0,0,0.000,6.615,6.607,0.188,0.188,0.183,25.990,494901
1782481275103,0,0,0.000,6.615,6.607,0.188,0.157,0.199,25.990,494934
1782481275136,0,0,0.000,6.615,6.607,0.188,0.157,0.194,25.990,494967
1782481275174,0,0,0.000,6.615,6.607,0.188,0.188,0.177,25.990,495000
1782481275206,0,0,0.000,6.615,6.615,0.188,0.157,0.177,25.990,495033
1782481275235,0,0,0.000,6.615,6.607,0.188,0.188,0.172,25.990,495066
1782481275269,0,0,0.000,6.615,6.607,0.188,0.157,0.172,25.990,495099
1782481275302,0,0,0.000,6.624,6.607,0.188,0.157,0.177,25.990,495132
1782481275335,0,0,0.000,6.615,6.607,0.188,0.157,0.204,25.990,495165
1782481275370,0,0,0.000,6.607,6.607,0.188,0.157,0.199,25.990,495198
1782481275402,0,0,0.000,6.615,6.607,0.188,0.157,0.177,25.990,495231
1782481275435,0,0,0.000,6.615,6.607,0.188,0.126,0.194,25.990,495264
1782481275482,0,0,0.000,6.607,6.607,0.188,0.157,0.183,25.990,495297
1782481275502,0,0,0.000,6.615,6.607,0.188,0.157,0.134,25.990,495330
1782481275535,0,0,0.000,6.615,6.607,0.157,0.157,0.172,25.990,495363
1782481275568,0,0,0.000,6.615,6.607,0.157,0.157,0.177,25.990,495396
1782481275610,0,0,0.000,6.615,6.615,0.157,0.157,0.167,25.990,495429
1782481275635,0,0,0.000,6.624,6.615,0.188,0.157,0.134,25.990,495462
1782481275668,0,0,0.000,6.615,6.607,0.188,0.188,0.199,25.990,495495
1782481275705,0,0,0.000,6.615,6.607,0.157,0.157,0.172,25.990,495528
1782481275734,0,0,0.000,6.615,6.607,0.188,0.188,0.167,25.990,495561
1782481275767,0,0,0.000,6.607,6.607,0.157,0.157,0.188,25.990,495594
1782481275808,0,0,0.000,6.615,6.607,0.188,0.157,0.188,25.990,495627
1782481275834,0,0,0.000,6.615,6.607,0.188,0.157,0.194,25.990,495660
1782481275884,0,0,0.000,6.615,6.607,0.188,0.157,0.194,25.990,495693
1782481275928,0,0,0.000,6.624,6.607,0.188,0.157,0.140,25.990,495726
1782481275938,0,0,0.000,6.615,6.615,0.188,0.157,0.140,25.990,495759
1782481275972,0,0,0.000,6.615,6.607,0.188,0.188,0.194,25.990,495792
1782481276000,0,0,0.000,6.615,6.607,0.188,0.188,0.183,25.990,495825
1782481276033,0,0,0.000,6.615,6.607,0.188,0.126,0.161,25.990,495858
1782481276066,0,0,0.000,6.607,6.607,0.188,0.157,0.183,25.990,495891
1782481276099,0,0,0.000,6.615,6.599,0.188,0.157,0.172,25.990,495924
1782481276133,0,0,0.000,6.615,6.624,0.188,0.157,0.172,25.990,495957
1782481276166,0,0,0.000,6.615,6.607,0.188,0.157,0.183,25.990,495990
1782481276200,0,0,0.000,6.615,6.607,0.157,0.188,0.167,25.990,496023
1782481276243,0,0,0.000,6.615,6.607,0.188,0.157,0.188,25.990,496056
1782481276267,0,0,0.006,6.624,6.615,0.188,0.157,0.140,25.990,496089
1782481276299,0,0,0.000,6.615,6.615,0.188,0.157,0.194,25.904,496122
1782481276333,0,0,0.000,6.607,6.615,0.157,0.157,0.194,25.990,496155
1782481276366,0,0,0.000,6.615,6.607,0.188,0.157,0.199,25.990,496188
1782481276400,0,0,0.000,6.615,6.599,0.188,0.157,0.177,25.990,496221
1782481276434,0,0,0.000,6.615,6.607,0.188,0.157,0.177,25.990,496254
1782481276465,0,0,0.000,6.624,6.607,0.188,0.126,0.172,25.990,496287
1782481276499,0,0,0.000,6.615,6.607,0.188,0.157,0.172,25.990,496320
1782481276532,0,0,0.000,6.615,6.607,0.188,0.157,0.177,25.990,496353
1782481276567,0,0,0.000,6.615,6.607,0.188,0.126,0.172,25.990,496386
1782481276598,0,0,0.000,6.615,6.615,0.188,0.157,0.183,25.990,496419
1782481276631,0,0,0.000,6.615,6.607,0.188,0.157,0.177,25.990,496452
1782481276665,0,0,0.000,6.615,6.615,0.157,0.157,0.199,25.990,496485
1782481276698,0,0,0.000,6.615,6.607,0.157,0.157,0.194,25.990,496518
1782481276732,0,0,0.000,6.615,6.607,0.188,0.157,0.199,25.990,496551
1782481276765,0,0,0.000,6.607,6.607,0.188,0.157,0.167,25.990,496584
1782481276799,0,0,0.000,6.624,6.607,0.157,0.157,0.183,25.990,496617
1782481276832,0,0,0.006,6.607,6.607,0.188,0.157,0.177,25.990,496650
1782481276868,0,0,0.000,6.624,6.607,0.188,0.188,0.183,25.990,496683
1782481276898,0,0,0.000,6.615,6.607,0.188,0.157,0.172,25.990,496716
1782481276940,0,0,0.000,6.615,6.607,0.188,0.157,0.172,25.990,496749
1782481276974,0,0,0.000,6.607,6.607,0.188,0.126,0.177,25.990,496782
1782481276997,0,0,0.000,6.615,6.607,0.157,0.157,0.172,25.990,496815
1782481277040,0,0,0.000,6.615,6.607,0.157,0.157,0.194,25.990,496848
1782481277073,0,0,0.000,6.615,6.615,0.188,0.157,0.183,25.990,496881
1782481277105,0,0,0.000,6.607,6.607,0.188,0.157,0.194,25.990,496914
1782481277141,0,0,0.000,6.624,6.607,0.188,0.157,0.199,25.990,496947
1782481277172,0,0,0.000,6.624,6.607,0.188,0.157,0.124,25.990,496980
1782481277205,0,0,0.000,6.615,6.607,0.188,0.157,0.172,25.990,497013
1782481277242,0,0,0.000,6.615,6.607,0.157,0.157,0.188,25.990,497046
1782481277270,0,0,0.000,6.607,6.615,0.188,0.157,0.113,25.990,497079
1782481277304,0,0,0.000,6.615,6.607,0.188,0.157,0.167,25.990,497112
1782481277343,0,0,0.000,6.615,6.607,0.188,0.188,0.156,25.990,497145
1782481277369,0,0,0.000,6.615,6.615,0.188,0.157,0.161,25.990,497178
1782481277402,0,0,0.000,6.615,6.615,0.188,0.157,0.118,25.990,497211
1782481277435,0,0,0.000,6.615,6.615,0.188,0.157,0.108,25.990,497244
1782481277469,0,0,0.000,6.615,6.615,0.188,0.157,0.124,25.904,497277
1782481277502,0,0,0.000,6.615,6.624,0.188,0.157,0.129,25.990,497310
1782481277541,0,0,0.000,6.615,6.615,0.157,0.188,0.124,25.990,497343
1782481277584,0,0,0.000,6.615,6.615,0.188,0.157,0.124,25.990,497376
1782481277600,0,0,0.000,6.632,6.615,0.188,0.157,0.134,25.990,497409
1782481277633,0,0,0.000,6.624,6.615,0.188,0.126,0.129,25.990,497442
1782481277667,0,0,0.000,6.615,6.615,0.188,0.157,0.156,25.990,497475
1782481277699,0,0,0.000,6.624,6.615,0.188,0.157,0.129,25.990,497508
1782481277732,0,0,0.000,6.624,6.615,0.188,0.157,0.129,25.990,497541
1782481277766,0,0,0.000,6.615,6.624,0.188,0.126,0.134,25.990,497574
1782481277798,0,0,0.000,6.615,6.615,0.188,0.126,0.129,25.990,497607
1782481277833,0,0,0.000,6.624,6.615,0.188,0.157,0.124,25.990,497640
1782481277876,0,0,0.000,6.615,6.607,0.188,0.157,0.161,25.990,497673
1782481277899,0,0,0.000,6.624,6.624,0.188,0.157,0.151,25.990,497706
1782481277931,0,0,0.000,6.624,6.624,0.188,0.157,0.129,25.990,497739
1782481277965,0,0,0.000,6.615,6.607,0.157,0.157,0.129,25.990,497772
1782481277996,0,0,0.000,6.615,6.615,0.188,0.157,0.124,25.990,497805
1782481278029,0,0,0.000,6.624,6.615,0.188,0.157,0.129,25.990,497838
1782481278072,0,0,0.000,6.624,6.615,0.157,0.157,0.151,25.990,497871
1782481278096,0,0,0.000,6.624,6.607,0.188,0.157,0.156,25.990,497904
1782481278128,0,0,0.000,6.615,6.615,0.188,0.157,0.129,25.990,497937
1782481278164,0,0,0.000,6.624,6.615,0.188,0.157,0.129,25.990,497970
1782481278195,0,0,0.000,6.615,6.615,0.188,0.157,0.124,25.990,498003
1782481278228,0,0,0.000,6.624,6.615,0.188,0.157,0.129,25.990,498036
1782481278265,0,0,0.000,6.615,6.615,0.188,0.157,0.129,25.990,498069
1782481278294,0,0,0.000,6.624,6.615,0.188,0.157,0.129,25.990,498102
1782481278327,0,0,0.000,6.624,6.615,0.188,0.157,0.129,25.990,498135
1782481278363,0,0,0.000,6.624,6.624,0.188,0.157,0.124,25.990,498168
1782481278394,0,0,0.000,6.624,6.615,0.188,0.157,0.129,25.990,498201
1782481278426,0,0,0.000,6.615,6.607,0.188,0.188,0.129,25.990,498234
1782481278460,0,0,0.000,6.615,6.615,0.188,0.157,0.124,25.990,498267
1782481278493,0,0,0.000,6.624,6.615,0.188,0.188,0.134,25.990,498300
1782481278526,0,0,0.000,6.624,6.615,0.188,0.157,0.129,25.990,498333
1782481278560,0,0,0.000,6.624,6.615,0.188,0.188,0.124,25.990,498366
1782481278594,0,0,0.000,6.615,6.615,0.188,0.157,0.129,25.990,498399
1782481278626,0,0,0.000,6.615,6.615,0.188,0.188,0.129,25.990,498432
1782481278659,0,0,0.000,6.624,6.615,0.157,0.157,0.124,25.990,498465
1782481278695,0,0,0.000,6.624,6.607,0.188,0.157,0.140,25.990,498498
1782481278727,0,0,0.000,6.624,6.615,0.188,0.157,0.129,25.990,498531
1782481278760,0,0,0.000,6.615,6.615,0.188,0.157,0.188,25.990,498564
1782481278792,0,0,0.000,6.624,6.615,0.157,0.157,0.177,25.990,498597
1782481278828,0,0,0.000,6.624,6.607,0.188,0.157,0.188,25.990,498630
1782481278859,0,0,0.000,6.624,6.615,0.188,0.126,0.194,25.990,498663
1782481278894,0,0,0.000,6.615,6.615,0.188,0.126,0.161,25.990,498696
1782481278926,0,0,0.000,6.615,6.607,0.188,0.157,0.172,25.990,498729
1782481278959,0,0,0.000,6.624,6.607,0.188,0.157,0.199,25.990,498762
1782481278995,0,0,0.000,6.624,6.615,0.188,0.157,0.177,25.990,498795
1782481279025,0,0,0.000,6.615,6.607,0.188,0.157,0.194,25.990,498828
1782481279059,0,0,0.000,6.615,6.607,0.188,0.157,0.188,25.990,498861
1782481279092,0,0,0.000,6.615,6.607,0.188,0.157,0.194,25.990,498894
1782481279127,0,0,0.000,6.624,6.607,0.188,0.157,0.161,25.990,498927
1782481279158,0,0,0.000,6.615,6.607,0.188,0.157,0.172,25.990,498960
1782481279200,0,0,0.000,6.615,6.615,0.188,0.157,0.172,25.990,498993
1782481279225,0,0,0.000,6.607,6.607,0.188,0.126,0.210,25.990,499026
1782481279258,0,0,0.000,6.607,6.615,0.188,0.188,0.183,25.990,499059
1782481279292,0,0,0.000,6.615,6.607,0.188,0.157,0.183,25.990,499092
1782481279324,0,0,0.000,6.607,6.607,0.188,0.157,0.161,25.990,499125
1782481279358,0,0,0.000,6.607,6.607,0.188,0.157,0.204,25.990,499158
1782481279392,0,0,0.000,6.624,6.607,0.220,0.157,0.183,25.990,499191
1782481279425,0,0,0.000,6.615,6.607,0.188,0.188,0.188,25.990,499224
1782481279458,0,0,0.000,6.607,6.607,0.188,0.126,0.188,25.990,499257
1782481279491,0,0,0.006,6.615,6.607,0.188,0.157,0.188,25.990,499290
1782481279524,0,0,0.000,6.624,6.607,0.188,0.157,0.167,25.990,499323
1782481279557,0,0,0.000,6.615,6.607,0.157,0.157,0.210,25.990,499356
1782481279597,0,0,0.000,6.607,6.607,0.188,0.188,0.172,25.990,499389
1782481279624,0,0,0.000,6.615,6.607,0.188,0.157,0.188,25.990,499422
1782481279658,0,0,0.000,6.615,6.615,0.188,0.157,0.172,25.990,499455
1782481279691,0,0,0.000,6.615,6.607,0.188,0.188,0.172,25.990,499488
1782481279731,0,0,0.000,6.615,6.615,0.188,0.157,0.183,25.990,499521
1782481279757,0,0,0.000,6.615,6.607,0.188,0.157,0.167,25.990,499554
1782481279790,0,0,0.000,6.615,6.607,0.188,0.157,0.194,25.990,499587
1782481279823,0,0,0.000,6.615,6.615,0.157,0.157,0.161,25.990,499620
1782481279856,0,0,0.000,6.615,6.607,0.188,0.157,0.177,25.990,499653
1782481279890,0,0,0.000,6.615,6.607,0.188,0.126,0.177,25.990,499686
1782481279923,0,0,0.000,6.615,6.615,0.188,0.126,0.167,25.990,499719
1782481279957,0,0,0.000,6.624,6.607,0.188,0.188,0.172,25.990,499752
1782481279990,0,0,0.000,6.615,6.607,0.188,0.157,0.177,25.990,499785
1782481280023,0,0,0.000,6.615,6.607,0.157,0.157,0.183,25.990,499818
1782481280056,0,0,0.000,6.615,6.607,0.188,0.188,0.172,25.990,499851
1782481280089,0,0,0.000,6.615,6.615,0.188,0.188,0.172,25.990,499884
1782481280129,0,0,0.000,6.615,6.607,0.188,0.157,0.188,25.990,499917
1782481280156,0,0,0.000,6.615,6.607,0.188,0.157,0.161,25.990,499950
1782481280190,0,0,0.000,6.615,6.607,0.157,0.157,0.183,25.990,499983
1782481280224,0,0,0.000,6.615,6.607,0.188,0.188,0.177,25.990,500016
1782481280256,0,0,0.000,6.624,6.607,0.188,0.157,0.183,25.990,500049
1782481280289,0,0,0.000,6.615,6.607,0.188,0.157,0.188,25.904,500082
1782481280325,0,0,0.000,6.615,6.607,0.188,0.157,0.194,25.990,500115
1782481280357,0,0,0.006,6.607,6.607,0.188,0.157,0.188,25.990,500148
1782481280390,0,0,0.000,6.624,6.607,0.188,0.157,0.172,25.990,500181
1782481280424,0,0,0.000,6.615,6.607,0.157,0.157,0.172,25.990,500214
1782481280455,0,0,0.000,6.615,6.607,0.188,0.157,0.172,25.990,500247
1782481280488,0,0,0.000,6.615,6.607,0.188,0.157,0.183,25.990,500280
1782481280532,0,0,0.000,6.615,6.607,0.188,0.157,0.177,25.990,500313
1782481280555,0,0,0.000,6.615,6.607,0.188,0.157,0.167,25.990,500346
1782481280588,0,0,0.000,6.615,6.607,0.188,0.157,0.188,25.990,500379
1782481280621,0,0,0.000,6.607,6.607,0.188,0.157,0.194,25.990,500412
1782481280654,0,0,0.000,6.615,6.615,0.188,0.157,0.167,25.990,500445
1782481280687,0,0,0.000,6.615,6.607,0.188,0.157,0.194,25.990,500478
1782481280724,0,0,0.000,6.615,6.615,0.188,0.157,0.199,25.990,500511
1782481280754,0,0,0.000,6.607,6.607,0.188,0.157,0.199,25.990,500544
1782481280792,0,0,0.000,6.607,6.607,0.188,0.157,0.172,25.990,500577
1782481280831,0,0,0.000,6.615,6.607,0.188,0.157,0.177,25.990,500610
1782481280855,0,0,0.000,6.624,6.607,0.188,0.157,0.161,25.990,500643
1782481280888,0,0,0.000,6.624,6.615,0.157,0.157,0.183,25.990,500676
1782481280924,0,0,0.000,6.615,6.607,0.157,0.157,0.188,25.990,500709
1782481280954,0,0,0.000,6.615,6.607,0.157,0.157,0.199,25.990,500742
1782481280987,0,0,0.000,6.615,6.607,0.188,0.157,0.183,25.990,500775
1782481281020,0,0,0.000,6.615,6.615,0.188,0.157,0.183,25.990,500808
1782481281053,0,0,0.000,6.624,6.624,0.188,0.157,0.161,25.990,500841
1782481281100,0,0,0.000,6.615,6.607,0.188,0.157,0.172,25.990,500874
1782481281121,0,0,0.000,6.615,6.607,0.188,0.157,0.161,25.990,500907
1782481281153,0,0,0.000,6.615,6.607,0.188,0.157,0.172,25.990,500940
1782481281186,0,0,0.000,6.615,6.607,0.188,0.157,0.172,25.990,500973
1782481281219,0,0,0.000,6.615,6.607,0.188,0.157,0.188,25.990,501006
1782481281254,0,0,0.000,6.607,6.615,0.188,0.157,0.177,25.990,501039
1782481281286,0,0,0.000,6.615,6.607,0.188,0.188,0.194,25.990,501072
1782481281322,0,0,0.000,6.624,6.607,0.188,0.157,0.183,25.990,501105
1782481281355,0,0,0.000,6.615,6.607,0.188,0.157,0.177,25.990,501138
1782481281395,0,0,0.000,6.615,6.615,0.188,0.157,0.161,25.990,501171
1782481281428,0,0,0.000,6.615,6.607,0.188,0.157,0.177,25.990,501204
1782481281461,0,0,0.000,6.624,6.607,0.188,0.157,0.194,25.990,501237
1782481281494,0,0,0.000,6.615,6.607,0.157,0.157,0.199,25.990,501270
1782481281527,0,0,0.000,6.624,6.607,0.188,0.157,0.188,25.990,501303
1782481281562,0,0,0.000,6.615,6.607,0.188,0.157,0.183,25.990,501336
1782481281593,0,0,0.000,6.624,6.607,0.188,0.126,0.177,25.990,501369
1782481281627,0,0,0.000,6.607,6.615,0.188,0.157,0.161,25.990,501402
1782481281660,0,0,0.000,6.624,6.615,0.188,0.157,0.161,25.990,501435
1782481281697,0,0,0.000,6.624,6.615,0.188,0.157,0.172,25.990,501468
1782481281725,0,0,0.000,6.624,6.615,0.157,0.157,0.140,25.990,501501
1782481281760,0,0,0.000,6.615,6.615,0.157,0.157,0.145,25.990,501534
1782481281791,0,0,0.000,6.624,6.615,0.188,0.157,0.167,25.904,501567
1782481281824,0,0,0.000,6.615,6.615,0.188,0.126,0.145,25.990,501600
1782481281857,0,0,0.000,6.624,6.615,0.188,0.157,0.108,25.990,501633
1782481281892,0,0,0.000,6.624,6.615,0.188,0.157,0.118,25.990,501666
1782481281924,0,0,0.000,6.624,6.607,0.188,0.157,0.151,25.990,501699
1782481281956,0,0,0.000,6.624,6.615,0.188,0.157,0.108,25.990,501732
1782481281990,0,0,0.000,6.624,6.607,0.188,0.157,0.129,25.990,501765
1782481282023,0,0,0.000,6.624,6.607,0.157,0.126,0.134,25.990,501798
1782481282056,0,0,0.000,6.624,6.607,0.157,0.188,0.129,25.990,501831
1782481282089,0,0,0.000,6.624,6.615,0.188,0.157,0.124,25.990,501864
1782481282122,0,0,0.000,6.624,6.615,0.188,0.126,0.124,25.990,501897
1782481282171,0,0,0.000,6.624,6.615,0.188,0.188,0.118,25.990,501930
1782481282193,0,0,0.000,6.624,6.615,0.188,0.157,0.129,25.990,501963
1782481282220,0,0,0.000,6.624,6.624,0.188,0.157,0.156,25.990,501996
1782481282259,0,0,0.000,6.624,6.615,0.188,0.157,0.151,25.904,502029
1782481282286,0,0,0.000,6.624,6.615,0.188,0.157,0.151,25.990,502062
1782481282320,0,0,0.000,6.624,6.615,0.188,0.157,0.129,25.990,502095
1782481282352,0,0,0.000,6.624,6.615,0.188,0.157,0.129,25.990,502128
1782481282386,0,0,0.000,6.624,6.615,0.157,0.157,0.129,25.990,502161
1782481282419,0,0,0.000,6.624,6.615,0.188,0.157,0.124,25.990,502194
1782481282452,0,0,0.006,6.624,6.615,0.188,0.157,0.129,25.990,502227
1782481282485,0,0,0.000,6.624,6.615,0.188,0.157,0.134,25.990,502260
1782481282518,0,0,0.000,6.624,6.615,0.188,0.157,0.129,25.990,502293
1782481282550,0,0,0.000,6.624,6.615,0.157,0.157,0.129,25.990,502326
1782481282583,0,0,0.000,6.624,6.615,0.157,0.157,0.129,25.990,502359
1782481282617,0,0,0.000,6.624,6.615,0.188,0.157,0.124,25.990,502392
1782481282649,0,0,0.000,6.624,6.615,0.188,0.157,0.124,25.990,502425
1782481282682,0,0,0.000,6.624,6.615,0.157,0.157,0.129,25.990,502458
1782481282716,0,0,0.000,6.624,6.615,0.188,0.157,0.129,25.990,502491
1782481282750,0,0,0.006,6.624,6.615,0.188,0.157,0.129,25.990,502524
1782481282786,0,0,0.000,6.624,6.607,0.188,0.157,0.129,25.990,502557
1782481282816,0,0,0.000,6.624,6.624,0.188,0.157,0.124,25.990,502590
1782481282849,0,0,0.006,6.624,6.615,0.188,0.157,0.129,25.990,502623
1782481282885,0,0,0.000,6.615,6.624,0.188,0.157,0.124,25.990,502656
1782481282916,0,0,0.000,6.624,6.615,0.188,0.157,0.124,25.990,502689
1782481282955,0,0,0.000,6.624,6.615,0.188,0.157,0.129,25.990,502722
1782481283002,0,0,0.000,6.624,6.615,0.157,0.126,0.134,25.990,502755
1782481283017,0,0,0.000,6.624,6.615,0.188,0.157,0.124,25.990,502788
1782481283049,0,0,0.006,6.624,6.615,0.188,0.126,0.129,25.990,502821
1782481283081,0,0,0.000,6.624,6.615,0.188,0.157,0.124,25.990,502854
1782481283115,0,0,0.000,6.624,6.615,0.188,0.157,0.156,25.990,502887
1782481283148,0,0,0.000,6.624,6.607,0.188,0.188,0.145,25.990,502920
1782481283181,0,0,0.000,6.624,6.615,0.188,0.157,0.145,25.990,502953
1782481283215,0,0,0.000,6.624,6.615,0.188,0.157,0.172,25.990,502986
1782481283248,0,0,0.000,6.615,6.607,0.188,0.157,0.199,25.990,503019
1782481283283,0,0,0.000,6.624,6.607,0.157,0.157,0.172,25.990,503052
1782481283314,0,0,0.006,6.624,6.607,0.188,0.157,0.172,25.990,503085
1782481283348,0,0,0.000,6.615,6.615,0.188,0.188,0.188,25.990,503118
1782481283388,0,0,0.000,6.615,6.615,0.188,0.157,0.177,25.990,503151
1782481283415,0,0,0.000,6.624,6.607,0.188,0.157,0.167,25.990,503184
1782481283448,0,0,0.000,6.624,6.615,0.188,0.157,0.183,25.990,503217
1782481283487,0,0,0.000,6.615,6.615,0.188,0.157,0.177,25.990,503250
1782481283515,0,0,0.000,6.615,6.607,0.188,0.188,0.194,25.990,503283
1782481283547,0,0,0.000,6.624,6.607,0.188,0.157,0.183,25.990,503316
1782481283581,0,0,0.000,6.615,6.607,0.157,0.157,0.183,25.990,503349
1782481283614,0,0,0.000,6.615,6.615,0.188,0.157,0.172,25.990,503382
1782481283647,0,0,0.000,6.615,6.607,0.188,0.157,0.183,25.990,503415
1782481283680,0,0,0.000,6.624,6.607,0.188,0.157,0.199,25.990,503448
1782481283714,0,0,0.000,6.615,6.615,0.188,0.126,0.177,25.990,503481
1782481283754,0,0,0.000,6.607,6.607,0.188,0.157,0.188,25.990,503514
1782481283786,0,0,0.000,6.615,6.607,0.188,0.157,0.183,25.990,503547
1782481283813,0,0,0.000,6.615,6.607,0.188,0.157,0.161,25.990,503580
1782481283847,0,0,0.000,6.615,6.615,0.157,0.157,0.167,25.990,503613
1782481283880,0,0,0.006,6.615,6.624,0.188,0.126,0.183,25.990,503646
1782481283913,0,0,0.000,6.607,6.607,0.188,0.157,0.177,25.990,503679
1782481283946,0,0,0.000,6.615,6.607,0.188,0.157,0.177,25.990,503712
1782481283980,0,0,0.000,6.615,6.615,0.188,0.157,0.177,25.990,503745
1782481284013,0,0,0.000,6.624,6.607,0.188,0.126,0.183,25.990,503778
1782481284052,0,0,0.000,6.624,6.615,0.188,0.188,0.161,25.990,503811
1782481284086,0,0,0.000,6.615,6.615,0.220,0.157,0.167,25.990,503844
1782481284117,0,0,0.000,6.615,6.607,0.188,0.157,0.194,25.990,503877
1782481284151,0,0,0.000,6.624,6.615,0.188,0.157,0.167,25.990,503910
1782481284179,0,0,0.000,6.624,6.615,0.188,0.157,0.177,25.990,503943
1782481284216,0,0,0.000,6.615,6.607,0.188,0.157,0.172,25.990,503976
1782481284247,0,0,0.000,6.615,6.607,0.188,0.157,0.188,25.990,504009
1782481284279,0,0,0.000,6.615,6.607,0.188,0.157,0.210,25.990,504042
1782481284312,0,0,0.006,6.624,6.607,0.157,0.157,0.188,25.990,504075
1782481284345,0,0,0.000,6.615,6.607,0.157,0.157,0.188,25.990,504108
1782481284379,0,0,0.000,6.607,6.607,0.188,0.157,0.177,25.990,504141
1782481284413,0,0,0.000,6.615,6.607,0.188,0.157,0.183,25.990,504174
1782481284445,0,0,0.000,6.615,6.615,0.188,0.188,0.161,25.990,504207
1782481284479,0,0,0.000,6.615,6.615,0.188,0.157,0.172,25.990,504240
1782481284512,0,0,0.000,6.615,6.607,0.188,0.157,0.172,25.990,504273
1782481284545,0,0,0.000,6.615,6.607,0.188,0.157,0.183,25.990,504306
1782481284579,0,0,0.000,6.615,6.607,0.188,0.157,0.188,25.990,504339
1782481284614,0,0,0.000,6.607,6.607,0.188,0.157,0.167,25.990,504372
1782481284645,0,0,0.000,6.615,6.615,0.188,0.157,0.161,25.990,504405
1782481284677,0,0,0.000,6.607,6.607,0.157,0.188,0.194,25.990,504438
1782481284717,0,0,0.000,6.615,6.607,0.188,0.157,0.183,25.990,504471
1782481284744,0,0,0.000,6.615,6.607,0.188,0.157,0.194,25.990,504504
1782481284778,0,0,0.000,6.624,6.615,0.188,0.157,0.183,25.990,504537
1782481284810,2,2,0.000,6.607,6.607,0.188,0.157,0.177,25.990,504570
1782481284845,7,7,0.000,6.624,6.607,0.188,0.188,0.167,25.990,504603
1782481284877,12,12,0.000,6.615,6.607,0.188,0.157,0.172,25.990,504636
1782481284910,15,15,0.000,6.624,6.607,0.188,0.157,0.172,25.990,504669
1782481284943,20,20,0.000,6.624,6.615,0.188,0.157,0.194,25.990,504702
1782481284977,25,25,0.000,6.607,6.624,0.188,0.157,0.172,25.990,504735
1782481285010,27,27,0.000,6.615,6.615,0.188,0.157,0.199,25.990,504768
1782481285044,32,32,0.000,6.624,6.615,0.188,0.157,0.177,25.990,504801
1782481285077,37,37,0.000,6.615,6.615,0.188,0.157,0.177,25.990,504834
1782481285110,40,40,0.000,6.615,6.615,0.188,0.157,0.172,25.990,504867
1782481285142,45,45,0.000,6.615,6.607,0.188,0.157,0.199,25.990,504900
1782481285176,50,50,0.000,6.624,6.607,0.188,0.157,0.161,25.990,504933
1782481285209,52,52,0.000,6.607,6.607,0.188,0.157,0.194,25.990,504966
1782481285244,57,57,0.000,6.624,6.607,0.188,0.157,0.177,25.990,504999
1782481285276,62,62,0.006,6.624,6.607,0.188,0.157,0.172,25.990,505032
1782481285310,65,65,0.000,6.607,6.607,0.188,0.157,0.188,25.990,505065
1782481285345,70,70,0.000,6.615,6.615,0.188,0.157,0.167,25.990,505098
1782481285377,75,75,0.000,6.607,6.607,0.188,0.157,0.177,25.990,505131
1782481285417,80,80,0.000,6.615,6.607,0.188,0.157,0.177,25.990,505164
1782481285447,82,82,0.000,6.615,6.607,0.188,0.157,0.194,25.990,505197
1782481285476,87,87,0.006,6.615,6.607,0.188,0.188,0.156,25.990,505230
1782481285508,90,90,0.000,6.615,6.615,0.157,0.157,0.194,25.990,505263
1782481285542,95,95,0.000,6.615,6.607,0.188,0.157,0.177,25.990,505296
1782481285575,100,100,0.000,6.624,6.615,0.188,0.157,0.199,25.990,505329
1782481285609,102,102,0.000,6.615,6.615,0.188,0.157,0.194,25.990,505362
1782481285642,107,107,0.000,6.607,6.599,0.220,0.157,0.177,25.990,505395
1782481285676,112,112,0.000,6.599,6.582,0.251,0.220,0.204,25.990,505428
1782481285717,117,117,0.000,6.591,6.591,0.251,0.220,0.161,25.990,505461
1782481285748,120,120,0.000,6.599,6.591,0.251,0.188,0.161,25.990,505494
1782481285775,125,125,0.000,6.582,6.574,0.345,0.220,0.172,25.990,505527
1782481285807,127,127,0.000,6.591,6.591,0.251,0.220,0.183,25.990,505560
1782481285851,132,132,0.000,6.591,6.591,0.251,0.220,0.199,25.990,505593
1782481285885,137,137,0.000,6.591,6.582,0.314,0.220,0.199,25.990,505626
1782481285916,132,132,0.000,6.591,6.582,0.251,0.251,0.172,25.990,505659
1782481285950,130,130,0.000,6.591,6.574,0.251,0.251,0.183,25.990,505692
1782481285983,125,125,0.000,6.591,6.582,0.282,0.251,0.161,25.990,505725
1782481286015,120,120,0.000,6.591,6.591,0.251,0.188,0.172,25.990,505758
1782481286049,117,117,0.000,6.599,6.591,0.188,0.220,0.199,25.990,505791
1782481286081,112,112,0.000,6.591,6.582,0.220,0.188,0.199,25.990,505824
1782481286114,107,107,0.000,6.591,6.591,0.188,0.188,0.172,25.990,505857
1782481286151,105,105,0.000,6.591,6.591,0.251,0.188,0.177,25.990,505890
1782481286180,110,110,0.000,6.599,6.599,0.188,0.188,0.156,25.990,505923
1782481286218,115,115,0.000,6.599,6.599,0.220,0.188,0.145,25.904,505956
1782481286264,120,120,0.000,6.599,6.599,0.251,0.188,0.156,25.990,505989
1782481286286,122,122,0.000,6.591,6.582,0.251,0.220,0.134,25.904,506022
1782481286312,125,125,0.000,6.591,6.582,0.282,0.220,0.129,25.990,506055
1782481286345,130,130,0.000,6.582,6.582,0.314,0.188,0.134,25.990,506088
1782481286379,135,135,0.000,6.591,6.582,0.314,0.220,0.129,25.990,506121
1782481286412,137,137,0.006,6.591,6.591,0.220,0.251,0.156,25.990,506154
1782481286445,142,142,0.000,6.591,6.591,0.220,0.188,0.145,25.990,506187
1782481286478,147,147,0.000,6.591,6.591,0.282,0.220,0.134,25.990,506220
1782481286510,150,150,0.006,6.591,6.582,0.220,0.251,0.129,25.990,506253
1782481286544,155,155,0.000,6.582,6.582,0.251,0.282,0.124,25.990,506286
1782481286577,160,160,0.000,6.582,6.574,0.314,0.251,0.129,25.990,506319
1782481286609,162,162,0.000,6.582,6.574,0.251,0.282,0.129,25.990,506352
1782481286643,167,167,0.000,6.599,6.574,0.251,0.251,0.129,25.990,506385
1782481286676,172,172,0.000,6.582,6.582,0.282,0.251,0.129,25.990,506418
1782481286708,175,175,0.000,6.591,6.582,0.251,0.220,0.129,25.990,506451
1782481286741,180,180,0.000,6.582,6.574,0.282,0.282,0.129,25.990,506484
1782481286777,185,185,0.000,6.582,6.582,0.282,0.251,0.124,25.990,506517
1782481286808,187,187,0.000,6.574,6.574,0.282,0.282,0.124,25.990,506550
1782481286840,192,192,0.000,6.574,6.566,0.314,0.251,0.124,25.990,506583
1782481286873,195,195,0.000,6.574,6.566,0.314,0.282,0.140,25.990,506616
1782481286906,200,200,0.000,6.566,6.557,0.439,0.282,0.129,25.990,506649
1782481286942,205,205,0.000,6.566,6.557,0.377,0.314,0.129,25.990,506682
1782481286973,207,207,0.000,6.566,6.557,0.377,0.314,0.140,25.990,506715
1782481287005,212,212,0.000,6.557,6.541,0.408,0.439,0.124,25.990,506748
1782481287042,217,217,0.000,6.549,6.541,0.471,0.345,0.129,25.990,506781
1782481287072,220,220,0.000,6.549,6.541,0.471,0.408,0.129,25.990,506814
1782481287105,225,225,0.000,6.541,6.524,0.565,0.345,0.124,25.990,506847
1782481287139,230,230,0.000,6.533,6.524,0.439,0.471,0.129,25.990,506880
1782481287175,235,235,0.000,6.524,6.508,0.565,0.471,0.129,25.990,506913
1782481287205,237,237,0.000,6.533,6.524,0.533,0.408,0.134,25.990,506946
1782481287237,242,242,0.000,6.524,6.508,0.690,0.408,0.129,25.904,506979
1782481287276,247,247,0.000,6.516,6.516,0.533,0.533,0.134,25.990,507012
1782481287304,250,250,0.000,6.499,6.491,0.659,0.690,0.108,25.990,507045
1782481287338,255,255,0.000,6.508,6.491,0.502,0.628,0.129,25.990,507078
1782481287371,257,257,0.006,6.516,6.508,0.533,0.596,0.129,25.990,507111
1782481287405,262,262,0.000,6.508,6.491,0.565,0.565,0.129,25.990,507144
1782481287437,267,267,0.000,6.499,6.491,0.659,0.596,0.134,25.990,507177
1782481287470,265,265,0.000,6.499,6.491,0.565,0.628,0.124,25.904,507210
1782481287504,260,260,0.000,6.483,6.475,0.941,0.565,0.124,25.990,507243
1782481287536,255,255,0.000,6.499,6.491,0.690,0.565,0.129,25.990,507276
1782481287570,252,252,0.000,6.508,6.499,0.533,0.596,0.161,25.990,507309
1782481287603,247,247,0.000,6.524,6.508,0.565,0.502,0.151,25.990,507342
1782481287637,242,242,0.000,6.516,6.508,0.596,0.439,0.204,25.990,507375
1782481287688,237,237,0.000,6.516,6.508,0.502,0.533,0.188,25.990,507408
1782481287709,235,235,0.000,6.516,6.508,0.565,0.471,0.172,25.990,507441
1782481287738,230,230,0.000,6.508,6.499,0.596,0.533,0.194,25.990,507474
1782481287769,227,227,0.000,6.524,6.508,0.502,0.471,0.172,25.990,507507
1782481287803,222,222,0.000,6.524,6.516,0.439,0.471,0.188,25.990,507540
1782481287836,217,217,0.000,6.524,6.524,0.471,0.408,0.188,25.990,507573
1782481287876,212,212,0.000,6.524,6.508,0.565,0.471,0.194,25.990,507606
1782481287903,210,210,0.000,6.533,6.524,0.533,0.377,0.172,25.990,507639
1782481287944,205,205,0.000,6.549,6.541,0.377,0.282,0.156,25.990,507672
1782481287969,202,202,0.006,6.541,6.533,0.502,0.345,0.183,25.990,507705
1782481288005,197,197,0.000,6.549,6.541,0.377,0.314,0.177,25.990,507738
1782481288036,192,192,0.000,6.549,6.533,0.471,0.282,0.172,25.990,507771
1782481288069,190,190,0.000,6.549,6.541,0.408,0.314,0.161,25.990,507804
1782481288102,185,185,0.000,6.557,6.549,0.345,0.282,0.194,25.990,507837
1782481288135,182,182,0.000,6.566,6.549,0.314,0.282,0.183,25.990,507870
1782481288169,177,177,0.000,6.557,6.557,0.345,0.251,0.194,25.990,507903
1782481288203,172,172,0.000,6.566,6.557,0.314,0.314,0.183,25.990,507936
1782481288236,170,170,0.000,6.574,6.566,0.282,0.220,0.183,25.990,507969
1782481288269,165,165,0.000,6.557,6.557,0.314,0.314,0.183,25.990,508002
1782481288308,160,160,0.000,6.574,6.566,0.282,0.282,0.167,25.990,508035
1782481288336,157,157,0.000,6.591,6.574,0.251,0.188,0.172,25.990,508068
1782481288368,152,152,0.000,6.574,6.574,0.251,0.220,0.172,25.990,508101
1782481288404,147,147,0.000,6.582,6.574,0.251,0.188,0.172,25.990,508134
1782481288435,145,145,0.000,6.582,6.566,0.251,0.220,0.199,25.990,508167
1782481288468,140,140,0.000,6.582,6.574,0.251,0.220,0.194,25.990,508200
1782481288507,135,135,0.000,6.591,6.574,0.220,0.220,0.172,25.990,508233
1782481288534,132,132,0.000,6.591,6.582,0.220,0.188,0.194,25.990,508266
1782481288569,127,127,0.000,6.591,6.582,0.220,0.188,0.188,25.990,508299
1782481288608,122,122,0.000,6.591,6.582,0.220,0.220,0.161,25.990,508332
1782481288636,120,120,0.000,6.591,6.582,0.220,0.188,0.183,25.990,508365
1782481288667,115,115,0.000,6.591,6.582,0.220,0.188,0.161,25.990,508398
1782481288701,110,110,0.000,6.582,6.582,0.220,0.220,0.172,25.990,508431
1782481288738,105,105,0.000,6.591,6.582,0.220,0.157,0.172,25.990,508464
1782481288767,102,102,0.000,6.582,6.574,0.251,0.188,0.177,25.990,508497
1782481288800,97,97,0.000,6.591,6.582,0.220,0.188,0.188,25.990,508530
1782481288833,95,95,0.000,6.582,6.591,0.251,0.188,0.167,25.990,508563
1782481288867,90,90,0.000,6.599,6.591,0.220,0.157,0.172,25.990,508596
1782481288900,85,85,0.000,6.599,6.591,0.188,0.157,0.183,25.990,508629
1782481288934,82,82,0.000,6.599,6.599,0.188,0.157,0.172,25.990,508662
1782481288966,77,77,0.000,6.607,6.599,0.188,0.157,0.204,25.990,508695
1782481289000,72,72,0.000,6.615,6.607,0.188,0.157,0.167,25.990,508728
1782481289041,67,67,0.000,6.607,6.599,0.188,0.157,0.194,25.990,508761
1782481289068,65,65,0.000,6.607,6.607,0.188,0.157,0.183,25.990,508794
1782481289099,60,60,0.000,6.607,6.599,0.188,0.157,0.177,25.990,508827
1782481289133,57,57,0.000,6.607,6.599,0.188,0.157,0.194,25.990,508860
1782481289166,52,52,0.000,6.607,6.599,0.220,0.157,0.199,25.990,508893
1782481289199,47,47,0.000,6.607,6.599,0.188,0.157,0.172,25.990,508926
1782481289235,45,45,0.000,6.607,6.599,0.157,0.157,0.194,25.990,508959
1782481289266,40,40,0.000,6.607,6.599,0.188,0.157,0.167,25.990,508992
1782481289301,35,35,0.000,6.607,6.607,0.188,0.157,0.183,25.990,509025
1782481289337,32,32,0.000,6.607,6.599,0.188,0.188,0.172,25.990,509058
1782481289367,27,27,0.000,6.607,6.599,0.188,0.157,0.161,25.990,509091
1782481289398,22,22,0.000,6.607,6.607,0.188,0.157,0.156,25.990,509124
1782481289431,20,20,0.000,6.607,6.599,0.188,0.157,0.183,25.990,509157
1782481289465,15,15,0.000,6.607,6.599,0.188,0.157,0.210,25.990,509190
1782481289503,10,10,0.000,6.607,6.615,0.188,0.157,0.199,25.990,509223
1782481289544,5,5,0.000,6.607,6.599,0.188,0.188,0.194,25.990,509256
1782481289568,2,2,0.000,6.607,6.607,0.157,0.188,0.140,25.990,509289
1782481289598,0,0,0.000,6.607,6.599,0.188,0.157,0.167,25.990,509322
1782481289632,-5,-5,0.000,6.607,6.599,0.157,0.157,0.194,25.990,509355
1782481289664,-10,-10,0.000,6.607,6.615,0.188,0.188,0.177,25.990,509388
1782481289698,-12,-12,0.000,6.607,6.599,0.188,0.157,0.199,25.990,509421
1782481289734,-17,-17,0.000,6.607,6.599,0.188,0.157,0.199,25.990,509454
1782481289765,-22,-22,0.000,6.607,6.607,0.188,0.157,0.172,25.990,509487
1782481289798,-25,-25,0.000,6.607,6.599,0.188,0.157,0.188,25.990,509520
1782481289837,-30,-30,0.000,6.607,6.599,0.157,0.157,0.172,25.990,509553
1782481289865,-35,-35,0.000,6.607,6.607,0.188,0.157,0.177,25.990,509586
1782481289898,-37,-37,0.006,6.615,6.599,0.157,0.126,0.188,25.990,509619
1782481289939,-42,-42,0.000,6.607,6.599,0.188,0.157,0.194,25.990,509652
1782481289964,-47,-47,0.000,6.607,6.607,0.188,0.157,0.172,25.990,509685
1782481289997,-50,-50,0.000,6.607,6.599,0.188,0.157,0.183,25.990,509718
1782481290030,-55,-55,0.000,6.607,6.607,0.157,0.157,0.188,25.990,509751
1782481290064,-60,-60,0.000,6.607,6.607,0.188,0.157,0.183,25.990,509784
1782481290096,-62,-62,0.000,6.607,6.599,0.188,0.157,0.188,25.990,509817
1782481290130,-67,-67,0.006,6.607,6.599,0.188,0.157,0.188,26.077,509850
1782481290165,-72,-72,0.000,6.607,6.607,0.188,0.157,0.167,25.990,509883
1782481290206,-77,-77,0.000,6.607,6.607,0.188,0.157,0.199,25.990,509916
1782481290231,-80,-80,0.000,6.607,6.607,0.188,0.157,0.172,25.990,509949
1782481290265,-85,-85,0.000,6.615,6.607,0.188,0.157,0.156,25.990,509982
1782481290306,-90,-90,0.000,6.607,6.615,0.188,0.157,0.199,25.990,510015
1782481290338,-92,-92,0.000,6.615,6.607,0.157,0.157,0.172,25.990,510048
1782481290371,-97,-97,0.000,6.615,6.607,0.157,0.157,0.183,25.990,510081
1782481290404,-102,-102,0.000,6.615,6.607,0.157,0.157,0.172,25.990,510114
1782481290437,-105,-105,0.000,6.607,6.607,0.188,0.157,0.167,25.990,510147
1782481290470,-110,-110,0.000,6.607,6.599,0.188,0.157,0.177,25.990,510180
1782481290504,-115,-115,0.006,6.599,6.591,0.188,0.220,0.156,25.990,510213
1782481290537,-117,-117,0.000,6.607,6.599,0.188,0.157,0.161,25.990,510246
1782481290570,-122,-122,0.000,6.591,6.574,0.251,0.188,0.161,25.990,510279
1782481290603,-127,-127,0.000,6.582,6.582,0.282,0.188,0.183,25.990,510312
1782481290636,-130,-130,0.000,6.591,6.582,0.220,0.220,0.161,25.990,510345
1782481290674,-135,-135,0.000,6.599,6.591,0.188,0.188,0.129,25.990,510378
1782481290703,-140,-140,0.000,6.599,6.591,0.220,0.220,0.129,25.990,510411
1782481290734,-142,-142,0.000,6.591,6.582,0.220,0.220,0.172,25.990,510444
1782481290770,-147,-147,0.000,6.582,6.582,0.220,0.251,0.124,25.990,510477
1782481290800,-150,-150,0.000,6.582,6.574,0.282,0.282,0.129,25.990,510510
1782481290833,-155,-155,0.000,6.582,6.582,0.251,0.220,0.118,25.990,510543
1782481290866,-160,-160,0.000,6.582,6.582,0.314,0.251,0.129,25.990,510576
1782481290899,-162,-162,0.000,6.582,6.582,0.314,0.188,0.129,25.990,510609
1782481290944,-160,-160,0.000,6.582,6.574,0.251,0.251,0.167,25.990,510642
1782481290966,-157,-157,0.000,6.574,6.566,0.282,0.314,0.140,25.990,510675
1782481291000,-155,-155,0.000,6.591,6.574,0.251,0.251,0.129,25.990,510708
1782481291031,-150,-150,0.000,6.574,6.574,0.251,0.251,0.129,25.990,510741
1782481291066,-145,-145,0.000,6.599,6.591,0.220,0.251,0.124,25.990,510774
1782481291097,-142,-142,0.000,6.591,6.591,0.251,0.220,0.113,25.990,510807
1782481291139,-137,-137,0.000,6.599,6.591,0.220,0.188,0.156,25.990,510840
1782481291169,-132,-132,0.000,6.599,6.591,0.220,0.188,0.129,25.990,510873
1782481291198,-130,-130,0.000,6.591,6.599,0.220,0.188,0.118,25.990,510906
1782481291230,-125,-125,0.000,6.599,6.599,0.188,0.220,0.129,25.990,510939
1782481291262,-120,-120,0.000,6.607,6.591,0.188,0.188,0.129,25.990,510972
1782481291295,-117,-117,0.000,6.599,6.591,0.220,0.188,0.129,25.990,511005
1782481291328,-112,-112,0.000,6.591,6.582,0.251,0.220,0.134,25.990,511038
1782481291361,-107,-112,0.000,6.599,6.599,0.251,0.188,0.129,25.990,511071
1782481291394,-97,-112,0.000,6.599,6.599,0.188,0.188,0.129,25.990,511104
1782481291427,-87,-112,0.000,6.599,6.591,0.220,0.157,0.129,25.990,511137
1782481291460,-82,-112,0.000,6.607,6.599,0.220,0.157,0.129,25.990,511170
1782481291495,-72,-112,0.000,6.607,6.607,0.220,0.157,0.129,25.990,511203
1782481291535,-62,-112,0.000,6.599,6.599,0.251,0.157,0.129,25.990,511236
1782481291561,-57,-112,0.000,6.599,6.591,0.220,0.157,0.134,25.990,511269
1782481291594,-47,-112,0.000,6.607,6.591,0.220,0.126,0.129,25.990,511302
1782481291628,-37,-112,0.000,6.607,6.607,0.220,0.188,0.129,25.990,511335
1782481291660,-32,-112,0.000,6.599,6.591,0.282,0.157,0.129,25.990,511368
1782481291693,-22,-112,0.000,6.607,6.599,0.188,0.157,0.129,25.990,511401
1782481291727,-12,-112,0.000,6.607,6.607,0.220,0.157,0.129,25.990,511434
1782481291759,-7,-112,0.000,6.599,6.599,0.220,0.126,0.129,25.990,511467
1782481291794,2,-112,0.000,6.599,6.599,0.220,0.157,0.129,25.990,511500
1782481291826,12,-112,0.000,6.599,6.591,0.220,0.157,0.124,25.990,511533
1782481291860,17,-112,0.000,6.599,6.599,0.251,0.157,0.129,25.990,511566
1782481291907,32,-112,0.000,6.607,6.591,0.282,0.188,0.129,25.990,511599
1782481291927,37,-112,0.000,6.599,6.591,0.251,0.157,0.129,25.990,511632
1782481291959,42,-112,0.000,6.615,6.599,0.220,0.157,0.134,25.990,511665
1782481291992,52,-112,0.000,6.607,6.591,0.251,0.126,0.129,25.990,511698
1782481292025,62,-112,0.000,6.607,6.591,0.220,0.157,0.194,25.990,511731
1782481292059,62,-107,0.000,6.607,6.591,0.251,0.188,0.177,25.990,511764
1782481292092,62,-97,0.000,6.599,6.591,0.220,0.157,0.188,25.990,511797
1782481292125,62,-87,0.000,6.607,6.607,0.188,0.157,0.172,25.990,511830
1782481292159,62,-82,0.000,6.607,6.607,0.188,0.157,0.183,25.990,511863
1782481292194,62,-72,0.000,6.607,6.607,0.188,0.157,0.177,25.990,511896
1782481292224,62,-62,0.000,6.607,6.607,0.188,0.157,0.183,25.990,511929
1782481292264,57,-57,0.000,6.615,6.599,0.188,0.188,0.177,25.990,511962
1782481292303,55,-55,0.000,6.607,6.607,0.188,0.188,0.177,25.990,511995
1782481292325,50,-50,0.000,6.607,6.607,0.188,0.157,0.161,25.990,512028
1782481292357,47,-47,0.000,6.607,6.599,0.188,0.157,0.204,25.990,512061
1782481292396,42,-42,0.000,6.607,6.607,0.188,0.157,0.177,25.990,512094
1782481292424,37,-37,0.000,6.615,6.607,0.188,0.157,0.172,25.990,512127
1782481292465,32,-32,0.000,6.607,6.607,0.188,0.157,0.194,25.990,512160
1782481292491,30,-30,0.000,6.607,6.599,0.188,0.157,0.183,25.990,512193
1782481292524,25,-25,0.000,6.607,6.607,0.188,0.126,0.161,25.990,512226
1782481292562,22,-22,0.000,6.607,6.599,0.188,0.157,0.183,25.990,512259
1782481292601,17,-17,0.000,6.607,6.607,0.188,0.188,0.183,25.990,512292
1782481292625,12,-12,0.000,6.607,6.599,0.188,0.157,0.161,25.990,512325
1782481292665,17,-17,0.000,6.607,6.607,0.188,0.157,0.183,25.990,512358
1782481292690,20,-20,0.000,6.615,6.607,0.157,0.157,0.199,25.990,512391
1782481292724,25,-25,0.000,6.607,6.615,0.188,0.157,0.161,25.990,512424
1782481292769,30,-30,0.000,6.607,6.607,0.188,0.157,0.183,25.990,512457
1782481292791,32,-32,0.000,6.615,6.607,0.157,0.157,0.172,25.990,512490
1782481292826,37,-37,0.000,6.615,6.607,0.188,0.157,0.177,25.990,512523
1782481292860,40,-40,0.000,6.607,6.607,0.157,0.157,0.156,25.990,512556
1782481292889,45,-45,0.000,6.607,6.607,0.188,0.157,0.156,25.990,512589
1782481292924,47,-47,0.000,6.607,6.607,0.188,0.157,0.172,25.990,512622
1782481292956,52,-52,0.000,6.607,6.607,0.188,0.188,0.177,25.990,512655
1782481292990,57,-57,0.000,6.607,6.607,0.157,0.157,0.172,25.990,512688
1782481293023,60,-60,0.000,6.607,6.607,0.220,0.157,0.183,25.990,512721
1782481293055,65,-65,0.000,6.607,6.599,0.157,0.157,0.188,25.990,512754
1782481293089,70,-70,0.000,6.607,6.607,0.188,0.157,0.183,25.990,512787
1782481293125,75,-75,0.000,6.607,6.607,0.188,0.157,0.183,25.990,512820
1782481293156,77,-77,0.000,6.607,6.607,0.157,0.157,0.172,25.990,512853
1782481293191,82,-82,0.000,6.615,6.607,0.188,0.157,0.177,25.990,512886
1782481293223,85,-85,0.000,6.607,6.607,0.188,0.157,0.161,25.990,512919
1782481293256,90,-90,0.000,6.607,6.599,0.188,0.157,0.177,25.990,512952
1782481293289,95,-95,0.000,6.615,6.599,0.188,0.157,0.183,25.990,512985
1782481293323,97,-97,0.000,6.607,6.607,0.188,0.157,0.194,25.990,513018
1782481293355,102,-102,0.000,6.615,6.607,0.188,0.157,0.177,25.990,513051
1782481293389,107,-107,0.000,6.607,6.607,0.188,0.157,0.183,25.990,513084
1782481293422,110,-110,0.000,6.607,6.599,0.157,0.157,0.194,25.990,513117
1782481293455,115,-115,0.000,6.599,6.599,0.188,0.188,0.161,25.990,513150
1782481293489,120,-120,0.000,6.582,6.574,0.251,0.188,0.177,25.990,513183
1782481293524,122,-122,0.000,6.591,6.582,0.251,0.220,0.183,25.990,513216
1782481293555,127,-127,0.000,6.591,6.582,0.251,0.220,0.183,25.990,513249
1782481293588,132,-132,0.000,6.591,6.582,0.220,0.188,0.199,25.990,513282
1782481293625,137,-137,0.000,6.591,6.582,0.251,0.188,0.161,25.990,513315
1782481293654,140,-140,0.000,6.582,6.582,0.251,0.220,0.194,25.990,513348
1782481293689,145,-145,0.000,6.591,6.582,0.251,0.188,0.172,25.990,513381
1782481293728,150,-150,0.000,6.582,6.582,0.251,0.251,0.194,25.990,513414
1782481293754,152,-152,0.000,6.582,6.574,0.282,0.188,0.210,25.990,513447
1782481293788,157,-157,0.000,6.574,6.566,0.220,0.251,0.194,25.990,513480
1782481293821,160,-160,0.000,6.582,6.574,0.251,0.251,0.183,25.990,513513
1782481293854,165,-165,0.000,6.582,6.574,0.251,0.251,0.161,25.990,513546
1782481293888,170,-170,0.000,6.574,6.574,0.251,0.251,0.194,25.990,513579
1782481293921,172,-172,0.000,6.574,6.574,0.282,0.220,0.183,25.990,513612
1782481293959,177,-177,0.000,6.582,6.574,0.282,0.220,0.167,25.990,513645
1782481293989,182,-182,0.000,6.574,6.566,0.282,0.251,0.194,25.990,513678
1782481294020,185,-185,0.000,6.582,6.582,0.251,0.220,0.161,25.990,513711
1782481294055,190,-190,0.000,6.566,6.574,0.282,0.220,0.172,25.990,513744
1782481294087,195,-195,0.000,6.566,6.566,0.314,0.251,0.199,25.990,513777
1782481294121,197,-197,0.000,6.566,6.557,0.314,0.282,0.194,25.990,513810
1782481294153,202,-202,0.000,6.566,6.549,0.314,0.314,0.188,25.990,513843
1782481294187,207,-207,0.000,6.557,6.557,0.314,0.345,0.177,25.990,513876
1782481294222,210,-210,0.000,6.557,6.549,0.282,0.345,0.194,25.990,513909
1782481294261,215,-215,0.000,6.549,6.541,0.439,0.314,0.177,25.990,513942
1782481294286,220,-220,0.000,6.549,6.541,0.377,0.345,0.226,25.990,513975
1782481294320,217,-217,0.000,6.541,6.541,0.439,0.408,0.199,25.990,514008
1782481294355,212,-212,0.000,6.541,6.533,0.408,0.439,0.177,25.990,514041
1782481294386,210,-210,0.000,6.541,6.533,0.439,0.345,0.183,25.990,514074
1782481294423,205,-205,0.000,6.549,6.541,0.377,0.408,0.172,25.990,514107
1782481294464,200,-200,0.000,6.557,6.549,0.345,0.345,0.177,25.990,514140
1782481294486,197,-197,0.000,6.549,6.549,0.377,0.345,0.161,25.990,514173
1782481294519,192,-192,0.000,6.557,6.549,0.345,0.282,0.177,25.990,514206
1782481294552,187,-187,0.000,6.557,6.557,0.345,0.282,0.194,25.990,514239
1782481294585,185,-185,0.000,6.566,6.557,0.314,0.314,0.188,25.990,514272
1782481294619,180,-180,0.000,6.566,6.557,0.314,0.314,0.172,25.990,514305
1782481294662,175,-175,0.000,6.582,6.574,0.251,0.251,0.199,25.990,514338
1782481294694,170,-170,0.000,6.574,6.566,0.282,0.314,0.161,25.990,514371
1782481294727,165,-165,0.000,6.574,6.574,0.220,0.251,0.199,25.990,514404
1782481294763,162,-162,0.000,6.574,6.566,0.251,0.282,0.177,25.990,514437
1782481294794,157,-157,0.000,6.591,6.582,0.251,0.220,0.194,25.990,514470
1782481294827,155,-155,0.000,6.582,6.574,0.251,0.220,0.167,25.990,514503
1782481294859,150,-150,0.000,6.591,6.574,0.220,0.220,0.194,25.990,514536
1782481294893,145,-145,0.000,6.582,6.582,0.220,0.188,0.156,25.990,514569
1782481294925,142,-142,0.000,6.591,6.591,0.188,0.188,0.156,25.990,514602
1782481294959,137,-137,0.000,6.599,6.591,0.188,0.220,0.151,25.990,514635
1782481294992,132,-132,0.000,6.582,6.582,0.251,0.188,0.183,25.990,514668
1782481295024,130,-130,0.000,6.591,6.599,0.220,0.188,0.140,25.990,514701
1782481295060,127,-122,0.000,6.599,6.591,0.220,0.188,0.140,25.990,514734
1782481295090,127,-112,0.000,6.591,6.582,0.220,0.188,0.151,25.990,514767
1782481295125,127,-107,0.000,6.599,6.599,0.188,0.188,0.124,25.990,514800
1782481295158,127,-97,0.000,6.591,6.582,0.220,0.220,0.161,25.990,514833
1782481295194,127,-87,0.000,6.599,6.582,0.188,0.220,0.161,25.990,514866
1782481295222,127,-82,0.000,6.599,6.599,0.188,0.188,0.129,25.990,514899
1782481295255,127,-72,0.000,6.599,6.591,0.188,0.220,0.129,25.990,514932
1782481295292,127,-62,0.000,6.599,6.591,0.188,0.220,0.129,25.990,514965
1782481295321,127,-57,0.000,6.599,6.591,0.188,0.220,0.129,25.990,514998
1782481295354,127,-47,0.000,6.607,6.599,0.188,0.188,0.129,25.990,515031
1782481295388,127,-37,0.000,6.599,6.599,0.188,0.220,0.134,25.990,515064
1782481295420,127,-32,0.000,6.599,6.591,0.188,0.282,0.129,25.990,515097
1782481295454,127,-22,0.000,6.607,6.599,0.188,0.188,0.129,25.990,515130
1782481295486,127,-17,0.000,6.607,6.599,0.188,0.220,0.129,25.990,515163
1782481295520,127,-7,0.000,6.599,6.599,0.157,0.188,0.129,25.990,515196
1782481295553,127,2,0.000,6.599,6.599,0.188,0.220,0.129,25.990,515229
1782481295586,127,7,0.000,6.607,6.599,0.157,0.251,0.134,25.990,515262
1782481295618,127,17,0.000,6.599,6.599,0.188,0.188,0.129,25.990,515295
1782481295651,127,27,0.000,6.599,6.599,0.188,0.251,0.129,25.990,515328
1782481295686,127,32,0.000,6.607,6.599,0.188,0.220,0.129,25.990,515361
1782481295718,127,42,0.000,6.607,6.599,0.188,0.188,0.129,25.990,515394
1782481295750,127,52,0.000,6.599,6.599,0.188,0.220,0.129,25.990,515427
1782481295783,127,57,0.000,6.599,6.599,0.188,0.220,0.129,25.990,515460
1782481295816,127,67,0.000,6.607,6.599,0.188,0.220,0.118,25.990,515493
1782481295855,127,77,0.000,6.599,6.599,0.188,0.220,0.129,25.990,515526
1782481295884,127,82,0.000,6.599,6.599,0.188,0.188,0.161,25.990,515559
1782481295915,127,92,0.000,6.599,6.599,0.188,0.251,0.134,25.990,515592
1782481295949,127,102,0.000,6.599,6.599,0.188,0.188,0.129,25.990,515625
1782481295982,127,107,0.000,6.599,6.591,0.188,0.220,0.129,25.990,515658
1782481296016,127,117,0.000,6.591,6.582,0.251,0.251,0.134,25.990,515691
1782481296058,117,117,0.000,6.591,6.591,0.220,0.188,0.129,25.990,515724
1782481296099,112,112,0.000,6.591,6.591,0.220,0.220,0.129,25.990,515757
1782481296124,110,110,0.000,6.591,6.582,0.251,0.188,0.177,25.990,515790
1782481296148,105,105,0.000,6.591,6.591,0.220,0.188,0.177,25.990,515823
1782481296186,102,102,0.000,6.599,6.599,0.220,0.188,0.124,25.990,515856
1782481296215,97,97,0.000,6.607,6.599,0.188,0.188,0.140,25.990,515889
1782481296248,92,92,0.000,6.599,6.591,0.220,0.188,0.129,25.990,515922
1782481296287,90,90,0.000,6.607,6.599,0.220,0.188,0.129,25.990,515955
1782481296314,85,85,0.000,6.607,6.607,0.188,0.157,0.161,25.990,515988
1782481296348,82,82,0.000,6.607,6.599,0.220,0.157,0.129,25.990,516021
1782481296381,77,77,0.000,6.615,6.599,0.188,0.157,0.183,25.990,516054
1782481296415,72,72,0.000,6.615,6.607,0.188,0.157,0.151,25.990,516087
1782481296448,70,70,0.000,6.607,6.607,0.188,0.157,0.145,25.990,516120
1782481296481,65,65,0.000,6.615,6.607,0.188,0.157,0.177,25.990,516153
1782481296514,60,60,0.000,6.607,6.607,0.188,0.157,0.172,25.990,516186
1782481296547,57,57,0.000,6.607,6.615,0.188,0.126,0.183,25.990,516219
1782481296580,57,57,0.000,6.607,6.599,0.188,0.157,0.188,25.990,516252
1782481296616,62,62,0.000,6.607,6.607,0.188,0.157,0.156,25.990,516285
1782481296647,65,65,0.000,6.607,6.607,0.157,0.157,0.199,25.990,516318
1782481296681,70,70,0.000,6.607,6.599,0.188,0.157,0.172,25.990,516351
1782481296713,75,75,0.000,6.607,6.599,0.188,0.157,0.183,25.990,516384
1782481296746,77,77,0.006,6.615,6.607,0.188,0.157,0.188,25.990,516417
1782481296780,82,82,0.000,6.607,6.607,0.188,0.157,0.156,25.990,516450
1782481296813,87,87,0.000,6.607,6.607,0.188,0.188,0.188,25.990,516483
1782481296848,90,90,0.000,6.607,6.599,0.188,0.157,0.156,26.077,516516
1782481296880,95,95,0.000,6.607,6.607,0.188,0.157,0.183,25.990,516549
1782481296915,100,100,0.000,6.615,6.607,0.188,0.188,0.177,25.990,516582
1782481296946,102,102,0.000,6.607,6.607,0.188,0.188,0.194,25.990,516615
1782481296980,107,107,0.000,6.599,6.591,0.220,0.157,0.204,25.990,516648
1782481297016,112,112,0.000,6.582,6.574,0.251,0.220,0.183,25.990,516681
1782481297045,115,115,0.000,6.582,6.582,0.251,0.220,0.188,25.990,516714
1782481297080,120,120,0.000,6.582,6.582,0.251,0.188,0.177,25.990,516747
1782481297113,125,125,0.000,6.574,6.566,0.314,0.157,0.188,25.990,516780
1782481297146,127,127,0.000,6.574,6.566,0.314,0.188,0.199,25.990,516813
1782481297195,135,135,0.000,6.582,6.574,0.220,0.282,0.177,25.990,516846
1782481297223,137,137,0.000,6.591,6.591,0.251,0.251,0.156,25.990,516879
1782481297264,142,142,0.000,6.591,6.582,0.220,0.220,0.156,25.990,516912
1782481297279,145,145,0.000,6.582,6.566,0.251,0.282,0.172,25.990,516945
1782481297313,150,150,0.000,6.574,6.566,0.314,0.251,0.183,25.990,516978
1782481297345,152,152,0.000,6.574,6.574,0.220,0.282,0.194,25.990,517011
1782481297378,157,157,0.000,6.574,6.574,0.314,0.220,0.167,25.990,517044
1782481297414,162,162,0.000,6.582,6.574,0.314,0.251,0.194,25.990,517077
1782481297445,165,165,0.000,6.574,6.574,0.251,0.251,0.194,25.990,517110
1782481297487,170,170,0.000,6.582,6.566,0.314,0.251,0.161,25.990,517143
1782481297517,175,175,0.000,6.574,6.574,0.282,0.251,0.161,25.990,517176
1782481297545,177,177,0.000,6.574,6.566,0.282,0.251,0.172,25.990,517209
1782481297578,182,182,0.000,6.566,6.566,0.282,0.314,0.172,25.990,517242
1782481297611,187,187,0.000,6.566,6.566,0.345,0.251,0.194,25.990,517275
1782481297644,190,190,0.000,6.566,6.557,0.377,0.251,0.167,25.990,517308
1782481297679,195,195,0.000,6.566,6.557,0.314,0.282,0.194,25.990,517341
1782481297712,200,200,0.000,6.557,6.557,0.345,0.345,0.188,25.990,517374
1782481297747,202,202,0.000,6.557,6.549,0.377,0.282,0.161,25.990,517407
1782481297778,207,207,0.000,6.566,6.549,0.345,0.282,0.172,25.990,517440
1782481297811,212,212,0.000,6.557,6.541,0.408,0.345,0.172,25.990,517473
1782481297844,215,215,0.000,6.549,6.533,0.439,0.377,0.172,25.990,517506
1782481297877,220,220,0.000,6.541,6.533,0.565,0.345,0.199,25.990,517539
1782481297911,225,225,0.000,6.533,6.524,0.439,0.408,0.204,25.990,517572
1782481297943,227,227,0.000,6.541,6.533,0.439,0.377,0.183,25.990,517605
1782481297977,232,232,0.000,6.541,6.524,0.439,0.408,0.172,25.990,517638
1782481298010,237,237,0.000,6.533,6.524,0.533,0.408,0.188,25.990,517671
1782481298045,240,240,0.000,6.524,6.508,0.502,0.439,0.194,25.990,517704
1782481298076,245,245,0.000,6.524,6.508,0.533,0.439,0.188,25.990,517737
1782481298113,240,240,0.000,6.524,6.508,0.502,0.408,0.188,25.990,517770
1782481298144,237,237,0.000,6.508,6.491,0.628,0.533,0.177,25.990,517803
1782481298176,232,232,0.000,6.516,6.508,0.502,0.471,0.204,25.990,517836
1782481298210,230,230,0.000,6.508,6.508,0.628,0.502,0.183,25.990,517869
1782481298245,225,225,0.000,6.524,6.516,0.408,0.471,0.183,25.990,517902
1782481298276,220,220,0.006,6.524,6.516,0.439,0.471,0.172,25.990,517935
1782481298309,217,217,0.000,6.524,6.516,0.408,0.408,0.194,25.990,517968
1782481298343,212,212,0.000,6.533,6.524,0.565,0.377,0.199,25.990,518001
1782481298376,207,207,0.000,6.541,6.533,0.377,0.345,0.188,25.990,518034
1782481298410,210,210,0.000,6.549,6.533,0.439,0.377,0.194,25.990,518067
1782481298444,215,215,0.000,6.541,6.541,0.408,0.282,0.183,25.990,518100
1782481298476,220,220,0.000,6.541,6.533,0.502,0.314,0.177,25.990,518133
1782481298513,225,225,0.000,6.533,6.524,0.502,0.377,0.183,25.990,518166
1782481298543,227,227,0.000,6.524,6.524,0.565,0.345,0.210,25.990,518199
1782481298576,232,232,0.000,6.524,6.516,0.596,0.408,0.161,25.990,518232
1782481298609,235,235,0.006,6.533,6.524,0.439,0.439,0.194,25.990,518265
1782481298643,240,240,0.006,6.516,6.508,0.533,0.439,0.199,25.990,518298
1782481298675,245,245,0.000,6.508,6.491,0.502,0.659,0.199,25.990,518331
1782481298708,247,247,0.006,6.499,6.491,0.690,0.533,0.204,25.990,518364
1782481298745,252,252,0.000,6.499,6.483,0.628,0.502,0.199,25.990,518397
1782481298775,257,257,0.000,6.508,6.491,0.565,0.471,0.199,25.990,518430
1782481298809,260,260,0.006,6.499,6.491,0.628,0.596,0.188,25.990,518463
1782481298848,265,265,0.000,6.491,6.483,0.690,0.565,0.199,25.990,518496
1782481298876,270,270,0.000,6.483,6.475,0.690,0.533,0.199,25.990,518529
1782481298910,272,272,0.000,6.491,6.475,0.628,0.533,0.172,25.990,518562
1782481298941,277,277,0.006,6.475,6.466,0.628,0.659,0.161,25.990,518595
1782481298974,282,282,0.000,6.466,6.458,0.628,0.879,0.161,25.990,518628
1782481299007,285,285,0.000,6.475,6.475,0.690,0.596,0.194,25.990,518661
1782481299053,287,287,0.000,6.475,6.458,0.753,0.628,0.210,25.990,518694
1782481299074,285,285,0.000,6.475,6.458,0.753,0.690,0.167,25.990,518727
1782481299116,280,280,0.000,6.466,6.458,0.816,0.722,0.199,25.990,518760
1782481299162,275,275,0.000,6.466,6.450,0.910,0.596,0.183,25.990,518793
1782481299182,272,272,0.000,6.491,6.475,0.628,0.596,0.177,25.990,518826
1782481299215,267,267,0.000,6.483,6.466,0.753,0.565,0.188,25.990,518859
1782481299249,265,265,0.000,6.491,6.483,0.596,0.596,0.188,25.990,518892
1782481299281,260,260,0.000,6.491,6.475,0.502,0.628,0.172,25.990,518925
1782481299328,255,255,0.006,6.491,6.483,0.565,0.533,0.188,25.990,518958
1782481299350,252,252,0.006,6.499,6.483,0.533,0.690,0.156,25.990,518991
1782481299382,247,247,0.000,6.499,6.508,0.533,0.439,0.113,25.990,519024
1782481299413,245,245,0.000,6.499,6.491,0.596,0.565,0.134,25.990,519057
1782481299446,240,240,0.000,6.499,6.491,0.533,0.659,0.151,25.990,519090
1782481299479,235,235,0.000,6.508,6.499,0.439,0.659,0.118,25.990,519123
1782481299512,232,232,0.000,6.516,6.508,0.533,0.408,0.145,25.990,519156
1782481299545,227,227,0.000,6.508,6.499,0.659,0.408,0.118,25.990,519189
1782481299579,222,222,0.000,6.516,6.516,0.596,0.408,0.129,25.990,519222
1782481299611,220,220,0.000,6.524,6.508,0.471,0.408,0.156,25.990,519255
1782481299644,215,215,0.000,6.533,6.524,0.408,0.345,0.129,25.990,519288
1782481299680,210,210,0.000,6.541,6.533,0.345,0.377,0.129,25.990,519321
1782481299711,207,207,0.000,6.533,6.524,0.439,0.345,0.167,25.990,519354
1782481299744,202,202,0.000,6.541,6.533,0.377,0.314,0.129,25.990,519387
1782481299777,197,197,0.000,6.541,6.533,0.439,0.314,0.129,25.990,519420
1782481299810,195,195,0.000,6.541,6.533,0.439,0.251,0.124,26.077,519453
1782481299842,200,200,0.000,6.541,6.533,0.439,0.314,0.129,25.990,519486
1782481299875,202,202,0.000,6.557,6.541,0.345,0.345,0.129,25.990,519519
1782481299908,207,207,0.000,6.549,6.541,0.345,0.345,0.129,25.990,519552
1782481299941,212,212,0.000,6.541,6.533,0.377,0.377,0.124,25.990,519585
1782481299977,217,217,0.000,6.533,6.516,0.502,0.471,0.129,26.077,519618
1782481300008,220,220,0.000,6.533,6.524,0.377,0.345,0.113,25.990,519651
1782481300040,225,225,0.006,6.533,6.524,0.439,0.377,0.118,25.990,519684
1782481300078,230,230,0.000,6.524,6.524,0.502,0.377,0.129,25.990,519717
1782481300106,232,232,0.000,6.516,6.508,0.565,0.408,0.177,25.990,519750
1782481300146,237,237,0.000,6.524,6.508,0.471,0.408,0.129,25.990,519783
1782481300179,242,242,0.000,6.516,6.499,0.628,0.471,0.151,25.990,519816
1782481300212,245,245,0.000,6.499,6.499,0.659,0.408,0.151,25.990,519849
1782481300238,250,250,0.000,6.491,6.483,0.753,0.565,0.124,25.990,519882
1782481300271,247,247,0.000,6.508,6.491,0.565,0.502,0.129,25.990,519915
1782481300305,242,242,0.000,6.508,6.491,0.596,0.502,0.134,25.990,519948
1782481300338,237,237,0.000,6.499,6.491,0.565,0.533,0.129,25.990,519981
1782481300371,235,235,0.000,6.508,6.499,0.502,0.439,0.129,25.990,520014
1782481300404,230,230,0.000,6.508,6.491,0.753,0.408,0.156,25.990,520047
1782481300437,225,225,0.000,6.516,6.499,0.565,0.439,0.129,25.990,520080
1782481300472,222,222,0.000,6.516,6.508,0.565,0.408,0.129,25.990,520113
1782481300504,217,217,0.000,6.524,6.516,0.502,0.408,0.172,26.077,520146
1782481300537,217,217,0.000,6.516,6.516,0.533,0.533,0.124,25.990,520179
1782481300570,220,220,0.000,6.533,6.541,0.439,0.345,0.129,25.990,520212
1782481300604,225,225,0.000,6.541,6.524,0.377,0.314,0.161,25.990,520245
1782481300637,227,227,0.000,6.516,6.508,0.628,0.408,0.129,25.990,520278
1782481300671,232,232,0.000,6.533,6.524,0.408,0.377,0.129,25.990,520311
1782481300704,237,237,0.000,6.516,6.508,0.628,0.377,0.161,25.990,520344
1782481300736,240,240,0.000,6.508,6.499,0.628,0.502,0.134,25.990,520377
1782481300771,245,245,0.000,6.499,6.508,0.502,0.565,0.145,25.990,520410
1782481300806,250,250,0.000,6.508,6.499,0.690,0.377,0.140,25.990,520443
1782481300837,255,255,0.000,6.499,6.483,0.596,0.502,0.151,25.990,520476
1782481300870,257,257,0.000,6.499,6.491,0.502,0.533,0.194,25.990,520509
1782481300903,262,262,0.000,6.483,6.466,0.784,0.596,0.204,25.990,520542
1782481300939,267,267,0.000,6.491,6.483,0.533,0.502,0.188,25.990,520575
1782481300970,270,270,0.000,6.491,6.475,0.628,0.502,0.172,25.990,520608
1782481301013,275,275,0.006,6.491,6.475,0.596,0.596,0.161,25.990,520641
1782481301051,280,280,0.000,6.475,6.458,0.690,0.565,0.183,25.990,520674
1782481301069,282,282,0.006,6.491,6.466,0.596,0.565,0.161,25.990,520707
1782481301102,287,287,0.000,6.483,6.466,0.659,0.596,0.194,25.990,520740
1782481301136,290,290,0.000,6.458,6.450,0.879,0.690,0.167,25.990,520773
1782481301168,295,295,0.000,6.466,6.458,0.628,0.690,0.177,25.990,520806
1782481301206,300,300,0.000,6.442,6.425,0.879,0.690,0.177,25.990,520839
1782481301235,302,302,0.000,6.458,6.442,0.690,0.879,0.194,25.990,520872
1782481301268,307,307,0.000,6.433,6.425,0.753,0.910,0.199,26.077,520905
1782481301305,312,312,0.000,6.442,6.425,0.910,0.753,0.194,25.990,520938
1782481301335,315,315,0.000,6.450,6.433,0.784,0.659,0.199,25.990,520971
1782481301369,320,320,0.000,6.425,6.408,0.941,0.847,0.194,25.990,521004
1782481301409,325,325,0.000,6.417,6.408,0.879,1.004,0.194,25.990,521037
1782481301435,327,327,0.000,6.425,6.408,0.847,0.941,0.177,25.990,521070
1782481301469,332,332,0.006,6.408,6.392,1.098,0.910,0.199,25.990,521103
1782481301501,337,337,0.000,6.433,6.425,0.879,0.753,0.199,25.990,521136
1782481301537,340,340,0.006,6.408,6.392,1.192,0.879,0.161,25.990,521169
1782481301568,345,345,0.000,6.408,6.400,0.910,0.910,0.188,25.990,521202
1782481301601,350,350,0.000,6.417,6.408,0.847,0.879,0.204,25.990,521235
1782481301634,347,347,0.000,6.400,6.384,1.067,0.941,0.167,25.990,521268
1782481301668,342,342,0.000,6.408,6.392,0.973,0.973,0.204,25.990,521301
1782481301702,337,337,0.000,6.425,6.417,0.879,0.847,0.183,25.990,521334
1782481301736,335,335,0.000,6.442,6.425,0.784,0.784,0.167,25.990,521367
1782481301768,330,330,0.000,6.417,6.408,0.941,0.879,0.177,25.990,521400
1782481301801,325,325,0.000,6.433,6.425,0.722,0.879,0.177,26.077,521433
1782481301834,322,322,0.000,6.442,6.425,0.879,0.690,0.172,25.990,521466
1782481301867,317,317,0.000,6.450,6.442,0.753,0.753,0.172,25.990,521499
1782481301900,312,312,0.000,6.433,6.417,0.973,0.659,0.183,25.990,521532
1782481301934,310,310,0.006,6.442,6.425,0.941,0.659,0.199,25.990,521565
1782481301967,305,305,0.000,6.442,6.433,0.753,0.690,0.177,25.990,521598
1782481302000,300,300,0.000,6.450,6.442,0.941,0.596,0.188,25.990,521631
1782481302035,297,297,0.000,6.458,6.442,0.847,0.628,0.199,25.990,521664
1782481302067,292,292,0.000,6.458,6.450,0.690,0.659,0.199,25.990,521697
1782481302104,287,287,0.006,6.466,6.450,0.690,0.659,0.194,25.990,521730
1782481302137,285,285,0.000,6.466,6.458,0.722,0.565,0.194,25.990,521763
1782481302168,280,280,0.000,6.458,6.450,0.628,0.722,0.172,25.990,521796
1782481302200,277,277,0.000,6.466,6.458,0.628,0.628,0.172,25.990,521829
1782481302232,272,272,0.000,6.466,6.458,0.816,0.659,0.183,25.990,521862
1782481302267,267,267,0.006,6.466,6.458,0.722,0.565,0.194,25.990,521895
1782481302299,265,265,0.000,6.475,6.458,0.596,0.533,0.194,25.990,521928
1782481302333,260,260,0.000,6.491,6.475,0.659,0.502,0.210,25.990,521961
1782481302365,255,255,0.000,6.483,6.475,0.565,0.502,0.167,25.990,521994
1782481302399,252,252,0.000,6.483,6.466,0.659,0.471,0.199,25.990,522027
1782481302437,247,247,0.000,6.483,6.475,0.596,0.502,0.172,25.990,522060
1782481302465,242,242,0.000,6.491,6.475,0.533,0.596,0.199,25.990,522093
1782481302499,240,240,0.000,6.499,6.499,0.439,0.439,0.172,25.990,522126
1782481302534,235,235,0.000,6.499,6.483,0.565,0.596,0.194,25.990,522159
1782481302566,230,230,0.000,6.491,6.483,0.502,0.533,0.194,25.990,522192
1782481302601,225,225,0.000,6.499,6.499,0.439,0.502,0.194,26.077,522225
1782481302649,220,220,0.000,6.508,6.491,0.565,0.439,0.188,25.990,522258
1782481302666,217,217,0.000,6.508,6.491,0.502,0.377,0.161,25.990,522291
1782481302698,215,215,0.000,6.508,6.499,0.533,0.377,0.172,25.990,522324
1782481302738,210,210,0.000,6.524,6.516,0.471,0.314,0.177,25.990,522357
1782481302765,205,205,0.000,6.516,6.508,0.439,0.345,0.199,25.990,522390
1782481302798,202,202,0.000,6.524,6.516,0.377,0.377,0.183,25.990,522423
1782481302831,197,197,0.000,6.533,6.508,0.502,0.314,0.183,25.990,522456
1782481302865,192,192,0.000,6.541,6.524,0.502,0.314,0.172,25.990,522489
1782481302898,190,190,0.000,6.533,6.524,0.377,0.282,0.188,25.990,522522
1782481302932,185,185,0.000,6.541,6.533,0.314,0.282,0.188,25.990,522555
1782481302964,180,180,0.006,6.541,6.533,0.314,0.282,0.177,25.990,522588
1782481302997,177,177,0.000,6.541,6.533,0.314,0.314,0.183,25.990,522621
1782481303032,172,172,0.000,6.549,6.541,0.282,0.251,0.172,25.990,522654
1782481303072,167,167,0.000,6.557,6.549,0.251,0.251,0.172,25.990,522687
1782481303098,165,165,0.000,6.549,6.541,0.282,0.282,0.204,25.990,522720
1782481303130,160,160,0.000,6.549,6.541,0.282,0.282,0.183,25.990,522753
1782481303165,155,155,0.000,6.557,6.549,0.251,0.220,0.167,25.990,522786
1782481303197,152,152,0.000,6.557,6.557,0.251,0.220,0.177,25.990,522819
1782481303230,147,147,0.000,6.566,6.557,0.251,0.188,0.194,25.990,522852
1782481303264,142,142,0.006,6.557,6.557,0.220,0.188,0.199,25.990,522885
1782481303297,140,140,0.000,6.566,6.557,0.220,0.188,0.210,25.990,522918
1782481303332,135,135,0.000,6.574,6.557,0.220,0.188,0.204,26.077,522951
1782481303366,130,130,0.000,6.566,6.566,0.220,0.188,0.199,25.990,522984
1782481303420,125,125,0.000,6.574,6.566,0.220,0.188,0.177,25.990,523017
1782481303430,122,122,0.000,6.574,6.557,0.220,0.220,0.167,25.990,523050
1782481303472,117,117,0.000,6.574,6.566,0.188,0.188,0.177,25.990,523083
1782481303505,112,112,0.000,6.566,6.566,0.188,0.220,0.177,25.990,523116
1782481303539,110,110,0.000,6.566,6.557,0.251,0.188,0.204,25.990,523149
1782481303571,105,105,0.000,6.557,6.557,0.251,0.157,0.194,25.990,523182
1782481303605,100,100,0.000,6.574,6.566,0.251,0.188,0.172,26.077,523215
1782481303637,97,97,0.000,6.566,6.566,0.220,0.188,0.183,25.990,523248
1782481303673,92,92,0.000,6.574,6.566,0.188,0.188,0.183,25.990,523281
1782481303703,87,87,0.000,6.582,6.574,0.188,0.157,0.113,25.990,523314
1782481303737,85,85,0.000,6.591,6.591,0.188,0.157,0.156,25.990,523347
1782481303770,80,80,0.000,6.591,6.591,0.188,0.157,0.151,26.077,523380
1782481303814,75,75,0.000,6.591,6.582,0.188,0.157,0.172,25.990,523413
1782481303836,72,72,0.000,6.591,6.591,0.188,0.157,0.118,25.990,523446
1782481303869,67,67,0.000,6.591,6.591,0.188,0.157,0.145,25.990,523479
1782481303901,65,65,0.000,6.591,6.582,0.188,0.157,0.161,26.077,523512
1782481303934,60,60,0.000,6.591,6.582,0.188,0.157,0.129,25.990,523545
1782481303969,55,55,0.000,6.599,6.582,0.188,0.157,0.124,25.990,523578
1782481304001,52,52,0.000,6.591,6.582,0.188,0.157,0.177,26.077,523611
1782481304035,47,47,0.000,6.591,6.582,0.157,0.157,0.118,25.990,523644
1782481304071,42,42,0.000,6.591,6.582,0.188,0.188,0.129,25.990,523677
1782481304099,40,40,0.000,6.591,6.582,0.188,0.157,0.210,25.990,523710
1782481304132,35,35,0.000,6.591,6.591,0.188,0.157,0.129,26.077,523743
1782481304172,30,30,0.000,6.591,6.591,0.188,0.126,0.129,25.990,523776
1782481304198,27,27,0.000,6.591,6.591,0.188,0.188,0.161,25.990,523809
1782481304238,22,22,0.000,6.591,6.591,0.188,0.157,0.124,25.990,523842
1782481304275,17,17,0.000,6.591,6.591,0.188,0.157,0.140,26.077,523875
1782481304301,15,15,0.000,6.591,6.591,0.220,0.157,0.161,25.990,523908
1782481304331,10,10,0.000,6.591,6.591,0.188,0.157,0.124,25.990,523941
1782481304363,7,7,0.000,6.591,6.591,0.188,0.157,0.124,25.990,523974
1782481304397,2,2,0.000,6.591,6.591,0.188,0.157,0.156,25.990,524007
1782481304429,0,0,0.000,6.599,6.591,0.188,0.157,0.124,25.990,524040
1782481304462,0,0,0.000,6.591,6.591,0.188,0.157,0.129,25.990,524073
1782481304496,0,0,0.000,6.599,6.591,0.188,0.157,0.129,25.990,524106
1782481304529,0,0,0.000,6.599,6.599,0.188,0.157,0.129,25.990,524139
1782481304561,0,0,0.000,6.599,6.591,0.188,0.126,0.124,25.990,524172
1782481304595,0,0,0.000,6.599,6.591,0.157,0.157,0.140,25.990,524205
1782481304628,0,0,0.006,6.599,6.591,0.188,0.157,0.129,25.990,524238
1782481304662,0,0,0.000,6.591,6.599,0.188,0.157,0.129,25.990,524271
1782481304697,0,0,0.000,6.599,6.599,0.188,0.188,0.129,25.990,524304
1782481304727,0,0,0.000,6.599,6.591,0.188,0.157,0.124,25.990,524337
1782481304761,0,0,0.000,6.599,6.591,0.188,0.188,0.129,26.077,524370
1782481304794,0,0,0.000,6.591,6.591,0.188,0.157,0.129,25.990,524403
1782481304828,0,0,0.000,6.599,6.591,0.188,0.157,0.129,25.990,524436
1782481304860,0,0,0.000,6.599,6.591,0.188,0.126,0.129,26.077,524469
1782481304893,0,0,0.000,6.599,6.591,0.220,0.157,0.156,25.990,524502
1782481304927,0,0,0.000,6.599,6.591,0.188,0.157,0.129,25.990,524535
1782481304959,0,0,0.000,6.591,6.599,0.188,0.157,0.134,25.990,524568
1782481304995,0,0,0.000,6.599,6.591,0.188,0.157,0.134,26.077,524601
1782481305027,0,0,0.000,6.599,6.591,0.188,0.126,0.129,26.077,524634
1782481305059,0,0,0.000,6.599,6.599,0.188,0.157,0.129,26.077,524667
1782481305094,0,0,0.000,6.591,6.591,0.188,0.126,0.124,25.990,524700
1782481305126,0,0,0.000,6.599,6.591,0.188,0.157,0.156,25.990,524733
1782481305159,0,0,0.000,6.599,6.591,0.188,0.126,0.151,25.990,524766
1782481305197,0,0,0.000,6.591,6.591,0.188,0.157,0.199,25.990,524799
1782481305226,0,0,0.000,6.599,6.582,0.188,0.157,0.183,26.077,524832
1782481305259,0,0,0.000,6.599,6.591,0.157,0.157,0.194,25.990,524865
1782481305298,0,0,0.000,6.591,6.591,0.188,0.157,0.194,25.990,524898
1782481305325,0,0,0.000,6.591,6.591,0.157,0.157,0.188,25.990,524931
1782481305360,0,0,0.000,6.591,6.591,0.188,0.157,0.183,25.990,524964
1782481305393,0,0,0.000,6.599,6.591,0.188,0.157,0.172,25.990,524997
1782481305426,0,0,0.000,6.591,6.591,0.157,0.157,0.167,25.990,525030
1782481305459,0,0,0.000,6.599,6.582,0.220,0.157,0.172,25.990,525063
1782481305491,0,0,0.000,6.591,6.591,0.188,0.157,0.199,25.990,525096
1782481305526,0,0,0.000,6.607,6.591,0.157,0.188,0.177,25.990,525129
1782481305558,0,0,0.000,6.591,6.591,0.188,0.157,0.199,25.990,525162
1782481305592,0,0,0.000,6.591,6.591,0.188,0.157,0.188,25.990,525195
1782481305624,0,0,0.000,6.591,6.591,0.188,0.157,0.167,25.990,525228
1782481305658,0,0,0.000,6.591,6.591,0.188,0.157,0.188,25.990,525261
1782481305691,0,0,0.000,6.591,6.591,0.157,0.157,0.161,25.990,525294
1782481305725,0,0,0.000,6.591,6.582,0.188,0.157,0.194,25.990,525327
1782481305761,0,0,0.000,6.599,6.591,0.188,0.157,0.177,25.990,525360
1782481305791,0,0,0.000,6.591,6.591,0.188,0.157,0.188,26.077,525393
1782481305825,0,0,0.000,6.591,6.591,0.188,0.126,0.183,25.990,525426
1782481305857,0,0,0.000,6.591,6.591,0.188,0.188,0.177,25.990,525459
1782481305894,0,0,0.000,6.591,6.591,0.188,0.157,0.161,25.990,525492
1782481305927,0,0,0.000,6.599,6.591,0.188,0.157,0.183,25.990,525525
1782481305957,0,0,0.000,6.591,6.591,0.188,0.157,0.172,25.990,525558
1782481305990,0,0,0.000,6.599,6.591,0.188,0.157,0.177,25.990,525591
1782481306027,0,0,0.000,6.599,6.591,0.157,0.157,0.177,25.990,525624
1782481306058,0,0,0.000,6.599,6.591,0.188,0.126,0.177,25.990,525657
1782481306089,0,0,0.000,6.599,6.591,0.188,0.157,0.188,25.990,525690
1782481306124,0,0,0.000,6.599,6.591,0.188,0.157,0.172,25.990,525723
1782481306156,0,0,0.000,6.599,6.591,0.188,0.157,0.215,25.990,525756
1782481306191,0,0,0.000,6.599,6.591,0.188,0.126,0.194,25.990,525789
1782481306223,0,0,0.000,6.599,6.591,0.188,0.157,0.188,25.990,525822
1782481306256,0,0,0.000,6.599,6.599,0.188,0.157,0.156,26.077,525855
1782481306289,0,0,0.000,6.591,6.591,0.188,0.157,0.188,25.990,525888
1782481306324,0,0,0.000,6.599,6.599,0.188,0.188,0.161,25.990,525921
1782481306360,0,0,0.000,6.599,6.599,0.188,0.157,0.183,25.990,525954
1782481306389,0,0,0.006,6.591,6.591,0.188,0.157,0.177,25.990,525987
1782481306423,0,0,0.000,6.599,6.591,0.188,0.157,0.194,25.990,526020
1782481306455,0,0,0.000,6.599,6.591,0.188,0.157,0.167,25.990,526053
1782481306489,0,0,0.000,6.599,6.591,0.188,0.157,0.194,25.990,526086
1782481306527,0,0,0.000,6.591,6.591,0.188,0.188,0.194,25.990,526119
1782481306556,0,0,0.000,6.599,6.591,0.188,0.157,0.167,25.990,526152
1782481306589,0,0,0.000,6.591,6.591,0.157,0.157,0.199,25.990,526185
1782481306621,0,0,0.000,6.599,6.591,0.188,0.157,0.194,25.990,526218
1782481306662,0,0,0.000,6.607,6.599,0.188,0.157,0.167,25.990,526251
1782481306689,0,0,0.000,6.599,6.599,0.188,0.157,0.194,25.990,526284
1782481306722,0,0,0.000,6.599,6.591,0.188,0.188,0.194,25.990,526317
1782481306755,0,0,0.000,6.599,6.591,0.188,0.157,0.156,25.990,526350
1782481306789,0,0,0.000,6.607,6.591,0.188,0.157,0.172,25.990,526383
1782481306822,0,0,0.000,6.599,6.591,0.188,0.157,0.172,25.990,526416
1782481306855,0,0,0.006,6.607,6.599,0.188,0.157,0.167,25.990,526449
1782481306888,0,0,0.000,6.599,6.591,0.188,0.157,0.188,25.990,526482
1782481306921,0,0,0.000,6.599,6.599,0.188,0.157,0.177,25.990,526515
1782481306955,0,0,0.000,6.599,6.599,0.188,0.157,0.183,25.990,526548
1782481306988,0,0,0.000,6.599,6.591,0.188,0.157,0.172,25.990,526581
1782481307026,0,0,0.000,6.599,6.599,0.188,0.157,0.172,25.990,526614
1782481307054,0,0,0.000,6.599,6.591,0.126,0.157,0.161,25.990,526647
1782481307088,0,0,0.000,6.599,6.591,0.188,0.157,0.172,25.990,526680
1782481307121,0,0,0.000,6.599,6.591,0.188,0.126,0.183,25.990,526713
1782481307155,0,0,0.000,6.599,6.599,0.188,0.157,0.194,25.990,526746
1782481307187,0,0,0.000,6.599,6.591,0.220,0.157,0.188,25.990,526779
1782481307220,0,0,0.000,6.599,6.591,0.188,0.157,0.199,25.990,526812
1782481307257,0,0,0.000,6.591,6.599,0.157,0.188,0.199,26.077,526845
1782481307286,0,0,0.000,6.599,6.599,0.188,0.157,0.194,25.990,526878
1782481307351,0,0,0.000,6.599,6.591,0.188,0.157,0.172,25.990,526911
1782481307395,0,0,0.000,6.607,6.591,0.188,0.188,0.167,26.077,526944
1782481307396,0,0,0.000,6.607,6.599,0.188,0.157,0.161,25.990,526977
1782481307420,0,0,0.000,6.599,6.599,0.188,0.157,0.161,25.990,527010
1782481307454,0,0,0.000,6.599,6.599,0.188,0.126,0.194,25.990,527043
1782481307486,0,0,0.000,6.599,6.599,0.188,0.157,0.161,25.990,527076
1782481307523,0,0,0.000,6.599,6.591,0.188,0.157,0.199,25.990,527109
1782481307560,0,0,0.000,6.599,6.591,0.188,0.157,0.172,26.077,527142
1782481307605,0,0,0.000,6.599,6.591,0.188,0.126,0.204,25.990,527175
1782481307619,0,0,0.000,6.599,6.599,0.188,0.157,0.167,25.990,527208
1782481307654,0,0,0.000,6.599,6.599,0.188,0.157,0.177,25.990,527241
1782481307686,0,0,0.000,6.599,6.591,0.188,0.157,0.183,25.990,527274
1782481307719,0,0,0.000,6.599,6.591,0.188,0.157,0.183,25.990,527307
1782481307756,0,0,0.000,6.599,6.591,0.157,0.157,0.199,25.990,527340
1782481307786,0,0,0.000,6.599,6.591,0.157,0.157,0.177,25.990,527373
1782481307819,0,0,0.000,6.599,6.599,0.188,0.157,0.183,25.990,527406
1782481307861,0,0,0.000,6.607,6.591,0.188,0.157,0.177,26.077,527439
1782481307894,0,0,0.000,6.599,6.591,0.188,0.157,0.177,25.990,527472
1782481307931,0,0,0.000,6.599,6.591,0.188,0.157,0.172,26.077,527505
1782481307967,0,0,0.000,6.607,6.599,0.188,0.157,0.156,25.990,527538
1782481307994,0,0,0.000,6.599,6.591,0.188,0.157,0.167,26.077,527571
1782481308026,0,0,0.000,6.607,6.591,0.188,0.157,0.194,25.990,527604
1782481308065,0,0,0.000,6.599,6.591,0.188,0.157,0.194,25.990,527637
1782481308093,0,0,0.000,6.607,6.607,0.188,0.157,0.140,25.990,527670
1782481308125,0,0,0.000,6.599,6.591,0.188,0.157,0.183,25.990,527703
1782481308159,0,0,0.000,6.599,6.599,0.188,0.157,0.156,25.990,527736
1782481308192,0,0,0.000,6.599,6.599,0.188,0.157,0.140,25.990,527769
1782481308231,0,0,0.000,6.607,6.607,0.188,0.126,0.172,25.990,527802
1782481308269,0,0,0.000,6.607,6.599,0.188,0.157,0.118,26.077,527835
1782481308291,0,0,0.000,6.607,6.599,0.188,0.157,0.129,25.990,527868
1782481308328,0,0,0.000,6.599,6.599,0.188,0.157,0.140,25.990,527901
1782481308357,0,0,0.000,6.599,6.599,0.157,0.188,0.129,25.990,527934
1782481308390,0,0,0.000,6.607,6.599,0.188,0.157,0.124,25.990,527967
1782481308422,0,0,0.000,6.607,6.599,0.188,0.157,0.113,25.990,528000
1782481308456,0,0,0.000,6.599,6.599,0.157,0.157,0.129,25.990,528033
1782481308489,0,0,0.006,6.607,6.599,0.157,0.157,0.151,25.990,528066
1782481308521,0,0,0.000,6.607,6.599,0.188,0.126,0.129,25.990,528099
1782481308554,0,0,0.000,6.607,6.599,0.188,0.157,0.129,25.990,528132
1782481308589,0,0,0.000,6.607,6.599,0.188,0.188,0.167,25.990,528165
1782481308639,0,0,0.000,6.607,6.599,0.188,0.188,0.129,25.990,528198
1782481308683,0,0,0.000,6.607,6.599,0.188,0.157,0.129,25.990,528231
1782481308686,0,0,0.000,6.599,6.607,0.188,0.126,0.129,25.990,528264
1782481308731,0,0,0.000,6.607,6.599,0.188,0.188,0.124,25.990,528297
1782481308753,0,0,0.000,6.607,6.599,0.157,0.157,0.124,25.990,528330
1782481308785,0,0,0.006,6.607,6.599,0.188,0.157,0.124,25.990,528363
1782481308819,0,0,0.000,6.615,6.607,0.188,0.157,0.134,26.077,528396
1782481308851,0,0,0.000,6.607,6.607,0.188,0.157,0.124,26.077,528429
1782481308885,0,0,0.000,6.607,6.607,0.188,0.157,0.124,25.990,528462
1782481308917,0,0,0.000,6.607,6.599,0.157,0.157,0.124,25.990,528495
1782481308974,0,0,0.000,6.607,6.599,0.188,0.157,0.129,25.990,528528
1782481308998,0,0,0.000,6.607,6.599,0.157,0.188,0.129,25.990,528561
1782481309021,0,0,0.000,6.607,6.599,0.188,0.157,0.129,25.990,528594
1782481309049,0,0,0.000,6.607,6.599,0.188,0.157,0.108,25.990,528627
1782481309087,0,0,0.000,6.607,6.599,0.188,0.157,0.129,25.990,528660
1782481309116,0,0,0.000,6.607,6.599,0.188,0.157,0.129,25.990,528693
1782481309175,0,0,0.000,6.607,6.607,0.188,0.157,0.129,25.990,528726
1782481309216,0,0,0.006,6.607,6.607,0.188,0.157,0.129,25.990,528759
1782481309217,0,0,0.000,6.607,6.607,0.188,0.157,0.129,25.990,528792
1782481309248,0,0,0.000,6.607,6.607,0.188,0.157,0.129,25.990,528825
1782481309281,0,0,0.000,6.607,6.607,0.188,0.157,0.129,25.990,528858
1782481309315,0,0,0.000,6.615,6.599,0.188,0.157,0.129,25.990,528891
1782481309348,0,0,0.000,6.607,6.607,0.188,0.126,0.129,25.990,528924
1782481309381,0,0,0.006,6.607,6.607,0.188,0.157,0.124,25.990,528957
1782481309415,0,0,0.006,6.615,6.599,0.188,0.157,0.129,25.990,528990
1782481309448,0,0,0.000,6.607,6.607,0.188,0.157,0.129,25.990,529023
1782481309481,0,0,0.000,6.607,6.607,0.188,0.157,0.129,25.990,529056
1782481309514,0,0,0.000,6.607,6.607,0.188,0.157,0.129,25.990,529089
1782481309548,0,0,0.000,6.607,6.607,0.188,0.157,0.129,25.990,529122
1782481309581,0,0,0.000,6.599,6.599,0.188,0.157,0.129,26.077,529155
1782481309627,0,0,0.000,6.607,6.607,0.157,0.157,0.129,25.990,529188
1782481309647,0,0,0.000,6.607,6.599,0.188,0.157,0.156,25.990,529221
1782481309680,0,0,0.000,6.607,6.607,0.157,0.157,0.156,25.990,529254
1782481309715,0,0,0.000,6.607,6.591,0.188,0.157,0.194,25.990,529287
1782481309746,0,0,0.000,6.599,6.599,0.188,0.157,0.188,25.990,529320
1782481309780,0,0,0.000,6.599,6.599,0.188,0.157,0.199,25.990,529353
1782481309817,0,0,0.000,6.607,6.599,0.188,0.157,0.194,25.990,529386
1782481309847,0,0,0.000,6.607,6.599,0.188,0.157,0.188,25.990,529419
1782481309880,0,0,0.000,6.607,6.599,0.188,0.157,0.172,25.990,529452
1782481309913,0,0,0.000,6.607,6.599,0.157,0.157,0.204,25.990,529485
1782481309946,0,0,0.000,6.607,6.599,0.188,0.157,0.183,25.990,529518
1782481309986,0,0,0.000,6.607,6.599,0.188,0.157,0.188,25.990,529551
1782481310025,0,0,0.000,6.599,6.599,0.157,0.157,0.177,25.990,529584
1782481310046,0,0,0.006,6.607,6.607,0.188,0.157,0.156,25.990,529617
1782481310079,0,0,0.000,6.607,6.599,0.188,0.157,0.204,26.077,529650
1782481310113,0,0,0.000,6.599,6.599,0.188,0.157,0.194,25.990,529683
1782481310147,0,0,0.000,6.607,6.599,0.188,0.157,0.194,25.990,529716
1782481310179,0,0,0.000,6.607,6.599,0.188,0.157,0.167,25.990,529749
1782481310215,0,0,0.000,6.607,6.599,0.220,0.126,0.194,25.990,529782
1782481310245,0,0,0.000,6.607,6.599,0.188,0.157,0.194,25.990,529815
1782481310285,0,0,0.000,6.607,6.591,0.188,0.157,0.204,25.990,529848
1782481310322,0,0,0.000,6.599,6.591,0.188,0.157,0.204,25.990,529881
1782481310359,0,0,0.000,6.607,6.599,0.188,0.157,0.161,25.990,529914
1782481310378,0,0,0.000,6.607,6.607,0.188,0.157,0.177,25.990,529947
1782481310418,0,0,0.000,6.599,6.599,0.188,0.157,0.204,25.990,529980
1782481310445,0,0,0.000,6.607,6.607,0.188,0.157,0.215,25.990,530013
1782481310478,0,0,0.000,6.607,6.599,0.188,0.188,0.167,25.990,530046
1782481310512,0,0,0.000,6.607,6.599,0.157,0.157,0.199,25.990,530079
1782481310546,0,0,0.000,6.607,6.599,0.188,0.188,0.161,25.990,530112
1782481310578,0,0,0.000,6.607,6.607,0.188,0.188,0.177,25.990,530145
1782481310611,0,0,0.000,6.607,6.591,0.188,0.157,0.194,25.990,530178
1782481310645,0,0,0.000,6.607,6.599,0.188,0.126,0.161,25.990,530211
1782481310678,0,0,0.006,6.599,6.599,0.188,0.157,0.161,25.990,530244
1782481310712,0,0,0.000,6.607,6.599,0.188,0.157,0.177,25.990,530277
1782481310744,0,0,0.000,6.607,6.599,0.188,0.157,0.167,25.990,530310
1782481310808,0,0,0.000,6.607,6.591,0.188,0.126,0.194,25.990,530343
1782481310812,0,0,0.000,6.607,6.599,0.188,0.126,0.156,25.990,530376
1782481310856,0,0,0.000,6.607,6.599,0.188,0.188,0.156,25.990,530409
1782481310878,0,0,0.000,6.599,6.599,0.188,0.157,0.161,25.990,530442
1782481310910,0,0,0.000,6.607,6.599,0.188,0.157,0.172,25.990,530475
1782481310945,0,0,0.000,6.607,6.599,0.188,0.157,0.183,25.990,530508
1782481310977,0,0,0.000,6.607,6.599,0.188,0.157,0.177,25.990,530541
1782481311010,0,0,0.000,6.607,6.599,0.188,0.157,0.199,25.990,530574
1782481311046,0,0,0.000,6.607,6.599,0.188,0.157,0.172,25.990,530607
1782481311081,0,0,0.000,6.607,6.599,0.188,0.157,0.172,25.990,530640
1782481311110,0,0,0.000,6.607,6.599,0.188,0.157,0.183,25.990,530673
1782481311143,0,0,0.000,6.599,6.599,0.188,0.157,0.194,25.990,530706
1782481311177,0,0,0.000,6.607,6.599,0.157,0.157,0.172,25.990,530739
1782481311219,0,0,0.000,6.607,6.591,0.188,0.157,0.194,25.990,530772
1782481311243,0,0,0.000,6.607,6.599,0.188,0.157,0.156,25.990,530805
1782481311277,0,0,0.000,6.607,6.599,0.188,0.157,0.188,25.990,530838
1782481311310,0,0,0.000,6.607,6.599,0.157,0.188,0.177,25.990,530871
1782481311344,0,0,0.000,6.607,6.599,0.188,0.157,0.194,25.990,530904
1782481311377,0,0,0.000,6.607,6.599,0.188,0.157,0.156,25.990,530937
1782481311409,0,0,0.000,6.607,6.599,0.188,0.188,0.194,26.077,530970
1782481311444,0,0,0.000,6.607,6.599,0.188,0.157,0.199,25.990,531003
1782481311477,0,0,0.000,6.607,6.599,0.188,0.188,0.177,25.990,531036
1782481311517,0,0,0.000,6.607,6.599,0.188,0.157,0.188,25.990,531069
1782481311545,0,0,0.000,6.607,6.599,0.188,0.157,0.199,25.990,531102
1782481311580,0,0,0.000,6.607,6.599,0.188,0.188,0.172,25.990,531135
1782481311623,0,0,0.000,6.607,6.599,0.188,0.157,0.188,25.990,531168
1782481311647,0,0,0.000,6.607,6.591,0.188,0.188,0.161,25.990,531201
1782481311675,0,0,0.000,6.607,6.599,0.188,0.157,0.194,25.990,531234
1782481311708,0,0,0.000,6.615,6.607,0.188,0.157,0.156,25.990,531267
1782481311741,0,0,0.000,6.607,6.599,0.188,0.157,0.177,25.990,531300
1782481311775,0,0,0.000,6.607,6.599,0.188,0.157,0.172,25.990,531333
1782481311809,0,0,0.000,6.607,6.599,0.188,0.157,0.199,25.990,531366
1782481311842,0,0,0.000,6.599,6.599,0.188,0.157,0.188,25.990,531399
1782481311875,0,0,0.000,6.607,6.599,0.188,0.157,0.161,25.990,531432
1782481311915,0,0,0.000,6.607,6.599,0.188,0.157,0.172,25.990,531465
1782481311941,0,0,0.000,6.607,6.599,0.188,0.157,0.177,25.990,531498
1782481311976,0,0,0.006,6.607,6.607,0.188,0.126,0.156,25.990,531531
1782481312008,0,0,0.000,6.607,6.607,0.157,0.157,0.194,25.990,531564
1782481312040,0,0,0.000,6.607,6.607,0.188,0.157,0.167,25.990,531597
1782481312074,0,0,0.000,6.607,6.599,0.188,0.157,0.177,25.990,531630
1782481312110,0,0,0.000,6.599,6.607,0.188,0.188,0.156,25.990,531663
1782481312141,0,0,0.000,6.607,6.599,0.188,0.157,0.194,25.990,531696
1782481312174,0,0,0.000,6.607,6.607,0.188,0.157,0.194,25.990,531729
1782481312233,0,0,0.000,6.607,6.599,0.188,0.188,0.183,25.990,531762
1782481312241,0,0,0.000,6.607,6.607,0.188,0.157,0.156,25.990,531795
1782481312275,0,0,0.000,6.607,6.599,0.188,0.157,0.172,25.990,531828
1782481312320,0,0,0.000,6.607,6.599,0.188,0.157,0.188,25.990,531861
1782481312349,0,0,0.000,6.615,6.607,0.157,0.157,0.161,25.990,531894
1782481312382,0,0,0.000,6.607,6.607,0.157,0.157,0.194,25.990,531927
1782481312418,0,0,0.000,6.599,6.599,0.157,0.157,0.194,25.990,531960
1782481312450,0,0,0.006,6.607,6.599,0.188,0.157,0.194,25.990,531993
1782481312488,0,0,0.000,6.607,6.607,0.157,0.157,0.172,25.990,532026
1782481312514,0,0,0.000,6.607,6.607,0.157,0.157,0.161,25.990,532059
1782481312547,0,0,0.000,6.607,6.599,0.188,0.157,0.161,25.990,532092
1782481312582,0,0,0.000,6.607,6.599,0.188,0.157,0.204,25.990,532125
1782481312614,0,0,0.006,6.624,6.607,0.188,0.157,0.129,25.990,532158
1782481312646,0,0,0.000,6.607,6.607,0.188,0.126,0.151,25.990,532191
1782481312680,0,0,0.000,6.607,6.607,0.157,0.157,0.156,25.990,532224
1782481312712,0,0,0.000,6.607,6.599,0.188,0.157,0.134,25.990,532257
1782481312745,0,0,0.000,6.615,6.607,0.157,0.126,0.151,25.990,532290
1782481312778,0,0,0.000,6.607,6.607,0.188,0.157,0.124,25.990,532323
1782481312811,0,0,0.000,6.615,6.615,0.188,0.157,0.129,25.990,532356
1782481312845,0,0,0.000,6.607,6.607,0.188,0.157,0.118,25.990,532389
1782481312882,0,0,0.000,6.615,6.607,0.188,0.157,0.124,25.990,532422
1782481312911,0,0,0.000,6.615,6.607,0.188,0.157,0.134,25.990,532455
1782481312943,0,0,0.000,6.624,6.607,0.188,0.157,0.129,25.990,532488
1782481312979,0,0,0.000,6.607,6.607,0.188,0.157,0.124,25.990,532521
1782481313010,0,0,0.000,6.607,6.607,0.188,0.157,0.134,25.990,532554
1782481313042,0,0,0.000,6.607,6.607,0.188,0.157,0.124,25.990,532587
1782481313082,0,0,0.000,6.624,6.607,0.188,0.157,0.129,25.990,532620
1782481313108,0,0,0.000,6.615,6.607,0.157,0.157,0.129,25.990,532653
1782481313142,0,0,0.000,6.607,6.607,0.188,0.157,0.124,25.990,532686
1782481313196,0,0,0.000,6.615,6.607,0.188,0.157,0.140,25.990,532719
1782481313211,0,0,0.000,6.607,6.607,0.157,0.188,0.129,25.990,532752
1782481313240,0,0,0.000,6.607,6.607,0.188,0.157,0.129,25.990,532785
1782481313276,0,0,0.000,6.615,6.607,0.188,0.157,0.156,25.990,532818
1782481313320,0,0,0.000,6.607,6.607,0.188,0.126,0.124,25.990,532851
1782481313340,0,0,0.000,6.607,6.607,0.188,0.157,0.129,25.990,532884
1782481313372,0,0,0.000,6.615,6.607,0.157,0.157,0.124,25.990,532917
1782481313405,0,0,0.000,6.607,6.607,0.188,0.188,0.129,25.990,532950
1782481313439,0,0,0.000,6.607,6.615,0.188,0.157,0.129,25.990,532983
1782481313471,0,0,0.000,6.615,6.607,0.188,0.157,0.129,25.990,533016
1782481313505,0,0,0.000,6.615,6.607,0.188,0.157,0.124,25.990,533049
1782481313571,0,0,0.000,6.607,6.607,0.157,0.157,0.129,25.990,533082
1782481313572,0,0,0.000,6.607,6.607,0.188,0.157,0.124,25.990,533115
1782481313635,0,0,0.000,6.615,6.607,0.188,0.157,0.129,25.990,533148
1782481313637,0,0,0.000,6.615,6.607,0.188,0.157,0.129,25.990,533181
1782481313670,0,0,0.000,6.607,6.607,0.188,0.188,0.129,25.990,533214
1782481313703,0,0,0.000,6.615,6.607,0.188,0.157,0.129,25.990,533247
1782481313736,0,0,0.000,6.615,6.607,0.188,0.157,0.129,25.990,533280
1782481313769,0,0,0.000,6.607,6.607,0.188,0.126,0.129,25.990,533313
1782481313803,0,0,0.000,6.615,6.607,0.188,0.157,0.129,25.990,533346
1782481313868,0,0,0.000,6.607,6.607,0.188,0.157,0.124,25.990,533379
1782481313871,0,0,0.000,6.607,6.607,0.188,0.157,0.129,25.990,533412
1782481313902,0,0,0.000,6.615,6.607,0.188,0.157,0.129,25.990,533445
1782481313937,0,0,0.000,6.615,6.607,0.157,0.157,0.129,25.990,533478
1782481313970,0,0,0.000,6.615,6.607,0.188,0.157,0.124,25.990,533511
1782481314004,0,0,0.006,6.615,6.599,0.188,0.157,0.129,25.990,533544
1782481314036,0,0,0.000,6.624,6.607,0.188,0.157,0.145,25.990,533577
1782481314077,0,0,0.000,6.615,6.607,0.188,0.157,0.134,25.990,533610
1782481314121,0,0,0.000,6.607,6.599,0.188,0.188,0.237,25.990,533643
1782481314140,0,0,0.000,6.607,6.607,0.188,0.188,0.161,25.990,533676
1782481314169,0,0,0.000,6.607,6.607,0.157,0.157,0.194,25.990,533709
1782481314204,0,0,0.000,6.607,6.607,0.188,0.157,0.183,26.077,533742
1782481314236,0,0,0.000,6.615,6.599,0.188,0.157,0.183,25.990,533775
1782481314284,0,0,0.000,6.607,6.607,0.188,0.157,0.161,25.990,533808
1782481314301,0,0,0.000,6.607,6.607,0.188,0.157,0.161,25.990,533841
1782481314335,0,0,0.006,6.615,6.599,0.188,0.157,0.194,25.990,533874
1782481314368,0,0,0.000,6.607,6.591,0.188,0.157,0.194,25.990,533907
1782481314402,0,0,0.000,6.607,6.607,0.188,0.157,0.204,25.990,533940
1782481314435,0,0,0.000,6.607,6.607,0.188,0.157,0.172,25.990,533973
1782481314469,0,0,0.000,6.607,6.607,0.188,0.157,0.177,25.990,534006
1782481314501,0,0,0.000,6.615,6.607,0.188,0.157,0.177,26.077,534039
1782481314534,0,0,0.000,6.607,6.607,0.188,0.157,0.161,25.990,534072
1782481314570,0,0,0.000,6.607,6.599,0.157,0.157,0.167,25.990,534105
1782481314601,0,0,0.000,6.607,6.607,0.188,0.157,0.183,25.990,534138
1782481314635,0,0,0.000,6.607,6.599,0.188,0.157,0.172,25.990,534171
1782481314667,0,0,0.000,6.607,6.599,0.188,0.157,0.194,25.990,534204
1782481314701,0,0,0.000,6.607,6.607,0.188,0.157,0.194,25.990,534237
1782481314734,0,0,0.000,6.607,6.607,0.188,0.157,0.199,25.990,534270
1782481314768,0,0,0.000,6.607,6.607,0.188,0.157,0.183,25.990,534303
1782481314806,0,0,0.000,6.607,6.599,0.188,0.157,0.177,25.990,534336
1782481314849,0,0,0.000,6.607,6.607,0.188,0.157,0.194,25.990,534369
1782481314872,0,0,0.000,6.607,6.607,0.188,0.157,0.161,25.990,534402
1782481314928,0,0,0.000,6.607,6.599,0.188,0.157,0.188,25.990,534435
1782481314940,0,0,0.000,6.607,6.607,0.157,0.157,0.172,25.990,534468
1782481314972,0,0,0.000,6.607,6.607,0.188,0.157,0.177,25.990,534501
1782481315000,0,0,0.000,6.607,6.599,0.188,0.157,0.183,25.990,534534
1782481315033,0,0,0.000,6.607,6.599,0.188,0.157,0.188,25.990,534567
1782481315067,0,0,0.000,6.607,6.607,0.188,0.157,0.188,25.990,534600
1782481315100,0,0,0.000,6.607,6.607,0.188,0.188,0.177,25.990,534633
1782481315133,0,0,0.000,6.607,6.599,0.157,0.157,0.177,25.990,534666
1782481315166,0,0,0.000,6.607,6.607,0.188,0.157,0.161,25.990,534699
1782481315199,0,0,0.000,6.607,6.599,0.188,0.157,0.177,25.990,534732
1782481315233,0,0,0.000,6.607,6.607,0.157,0.157,0.161,25.990,534765
1782481315266,0,0,0.006,6.607,6.607,0.188,0.157,0.183,25.990,534798
1782481315299,0,0,0.006,6.615,6.607,0.188,0.157,0.172,25.990,534831
1782481315334,0,0,0.000,6.599,6.607,0.188,0.157,0.177,25.990,534864
1782481315366,0,0,0.000,6.615,6.599,0.188,0.157,0.188,25.990,534897
1782481315399,0,0,0.000,6.607,6.599,0.188,0.157,0.188,25.990,534930
1782481315436,0,0,0.000,6.607,6.607,0.188,0.157,0.177,25.990,534963
1782481315466,0,0,0.000,6.607,6.607,0.188,0.188,0.183,25.990,534996
1782481315529,0,0,0.000,6.607,6.607,0.188,0.157,0.172,25.990,535029
1782481315573,0,0,0.000,6.615,6.607,0.188,0.157,0.156,25.990,535062
1782481315574,0,0,0.000,6.607,6.599,0.188,0.157,0.161,26.077,535095
1782481315598,0,0,0.000,6.607,6.607,0.188,0.157,0.220,25.990,535128
1782481315631,0,0,0.000,6.607,6.599,0.188,0.157,0.188,25.990,535161
1782481315664,0,0,0.000,6.607,6.607,0.188,0.157,0.161,25.990,535194
1782481315704,0,0,0.000,6.607,6.607,0.188,0.157,0.194,25.990,535227
1782481315732,0,0,0.000,6.607,6.607,0.188,0.157,0.204,25.990,535260
1782481315766,0,0,0.000,6.607,6.607,0.188,0.157,0.172,25.990,535293
1782481315798,0,0,0.000,6.607,6.607,0.188,0.126,0.204,25.990,535326
1782481315831,0,0,0.000,6.615,6.607,0.188,0.126,0.183,25.990,535359
1782481315864,0,0,0.000,6.615,6.607,0.220,0.157,0.167,25.990,535392
1782481315899,0,0,0.000,6.607,6.607,0.188,0.157,0.194,25.990,535425
1782481315931,0,0,0.000,6.615,6.607,0.157,0.157,0.177,25.990,535458
1782481315965,0,0,0.000,6.599,6.607,0.188,0.188,0.183,25.990,535491
1782481315998,0,0,0.000,6.607,6.599,0.157,0.157,0.172,25.990,535524
1782481316030,0,0,0.000,6.607,6.599,0.157,0.157,0.188,25.990,535557
1782481316064,0,0,0.000,6.607,6.607,0.188,0.157,0.194,25.990,535590
1782481316097,0,0,0.000,6.615,6.607,0.188,0.157,0.183,25.990,535623
1782481316130,0,0,0.000,6.607,6.607,0.188,0.157,0.194,25.990,535656
1782481316166,0,0,0.000,6.607,6.607,0.188,0.157,0.172,25.990,535689
1782481316197,0,0,0.000,6.607,6.607,0.220,0.157,0.188,25.990,535722
1782481316230,0,0,0.000,6.607,6.607,0.188,0.157,0.172,25.990,535755
1782481316264,0,0,0.000,6.607,6.607,0.188,0.157,0.194,25.990,535788
1782481316296,0,0,0.000,6.607,6.599,0.188,0.157,0.177,25.990,535821
1782481316329,0,0,0.000,6.607,6.599,0.188,0.157,0.194,25.990,535854
1782481316363,0,0,0.000,6.607,6.607,0.188,0.157,0.183,25.990,535887
1782481316396,0,0,0.000,6.615,6.607,0.126,0.157,0.177,25.990,535920
1782481316434,0,0,0.000,6.607,6.607,0.188,0.157,0.183,25.990,535953
1782481316463,0,0,0.000,6.607,6.607,0.157,0.157,0.177,25.990,535986
1782481316498,0,0,0.000,6.615,6.607,0.188,0.157,0.161,25.990,536019
1782481316537,0,0,0.000,6.615,6.607,0.188,0.157,0.177,25.990,536052
1782481316572,0,0,0.000,6.615,6.607,0.188,0.157,0.183,26.077,536085
1782481316597,0,0,0.000,6.607,6.607,0.188,0.157,0.161,25.990,536118
1782481316628,0,0,0.000,6.607,6.607,0.188,0.188,0.194,25.990,536151
1782481316666,0,0,0.000,6.624,6.615,0.188,0.157,0.177,25.990,536184
1782481316695,0,0,0.000,6.615,6.607,0.157,0.157,0.172,25.990,536217
1782481316729,0,0,0.000,6.607,6.599,0.188,0.157,0.167,25.990,536250
1782481316767,0,0,0.000,6.607,6.607,0.188,0.157,0.183,25.990,536283
1782481316795,0,0,0.000,6.615,6.599,0.188,0.157,0.188,25.990,536316
1782481316839,0,0,0.000,6.607,6.607,0.188,0.157,0.172,25.990,536349
1782481316872,0,0,0.000,6.607,6.607,0.188,0.157,0.172,26.077,536382
1782481316903,0,0,0.000,6.615,6.607,0.188,0.157,0.161,25.990,536415
1782481316941,0,0,0.000,6.615,6.599,0.157,0.157,0.194,25.990,536448
1782481316972,0,0,0.000,6.615,6.607,0.188,0.157,0.167,25.990,536481
1782481317002,0,0,0.000,6.607,6.607,0.157,0.157,0.161,25.990,536514
1782481317036,0,0,0.000,6.607,6.607,0.188,0.157,0.183,25.990,536547
1782481317075,0,0,0.000,6.607,6.607,0.188,0.157,0.177,25.990,536580
1782481317102,0,0,0.000,6.615,6.607,0.188,0.157,0.172,25.990,536613
1782481317134,0,0,0.000,6.615,6.607,0.157,0.157,0.140,25.990,536646
1782481317168,0,0,0.000,6.615,6.607,0.157,0.157,0.161,25.990,536679
1782481317200,0,0,0.000,6.615,6.599,0.188,0.157,0.113,25.990,536712
1782481317233,0,0,0.000,6.607,6.615,0.188,0.188,0.145,25.990,536745
1782481317266,0,0,0.000,6.615,6.607,0.188,0.157,0.140,25.990,536778
1782481317301,0,0,0.000,6.615,6.615,0.188,0.188,0.129,25.990,536811
1782481317334,0,0,0.000,6.624,6.607,0.188,0.157,0.167,25.990,536844
1782481317367,0,0,0.000,6.607,6.607,0.188,0.157,0.140,25.990,536877
1782481317425,0,0,0.000,6.607,6.607,0.157,0.188,0.161,25.990,536910
1782481317436,0,0,0.000,6.615,6.607,0.188,0.157,0.124,25.990,536943
1782481317465,0,0,0.000,6.615,6.607,0.188,0.157,0.140,25.990,536976
1782481317498,0,0,0.000,6.615,6.615,0.188,0.157,0.129,25.990,537009
1782481317530,0,0,0.000,6.615,6.607,0.188,0.188,0.124,25.990,537042
1782481317563,0,0,0.000,6.615,6.607,0.157,0.157,0.124,25.990,537075
1782481317599,0,0,0.000,6.615,6.607,0.188,0.157,0.129,25.990,537108
1782481317630,0,0,0.000,6.615,6.607,0.157,0.157,0.156,25.990,537141
1782481317662,0,0,0.000,6.615,6.607,0.188,0.157,0.129,25.990,537174
1782481317696,0,0,0.000,6.624,6.607,0.188,0.157,0.124,25.990,537207
1782481317729,0,0,0.000,6.615,6.607,0.188,0.157,0.129,25.990,537240
1782481317761,0,0,0.000,6.615,6.607,0.188,0.157,0.124,26.077,537273
1782481317794,0,0,0.000,6.615,6.607,0.157,0.157,0.124,25.990,537306
1782481317827,0,0,0.000,6.615,6.615,0.188,0.157,0.129,25.990,537339
1782481317860,0,0,0.000,6.615,6.615,0.188,0.157,0.124,25.990,537372
1782481317896,0,0,0.000,6.615,6.607,0.188,0.188,0.124,26.077,537405
1782481317926,0,0,0.000,6.624,6.624,0.188,0.157,0.124,25.990,537438
1782481317959,0,0,0.006,6.624,6.615,0.188,0.157,0.124,25.990,537471
1782481317998,0,0,0.000,6.615,6.615,0.188,0.157,0.124,25.990,537504
1782481318026,0,0,0.000,6.607,6.607,0.188,0.157,0.161,25.990,537537
1782481318060,0,0,0.000,6.615,6.607,0.188,0.157,0.129,25.990,537570
1782481318096,0,0,0.000,6.615,6.615,0.188,0.157,0.124,25.990,537603
1782481318126,0,0,0.000,6.615,6.607,0.157,0.157,0.108,25.990,537636
1782481318158,0,0,0.000,6.615,6.607,0.188,0.157,0.124,25.990,537669
1782481318191,0,0,0.000,6.624,6.607,0.188,0.157,0.124,25.990,537702
1782481318234,0,0,0.000,6.615,6.615,0.188,0.157,0.134,25.990,537735
1782481318258,0,0,0.006,6.615,6.615,0.188,0.126,0.129,25.990,537768
1782481318291,0,0,0.000,6.615,6.615,0.188,0.157,0.124,25.990,537801
1782481318325,0,0,0.000,6.615,6.615,0.157,0.157,0.151,25.990,537834
1782481318358,0,0,0.000,6.615,6.607,0.188,0.188,0.129,25.990,537867
1782481318391,0,0,0.000,6.615,6.607,0.157,0.157,0.129,25.990,537900
1782481318424,0,0,0.000,6.615,6.607,0.126,0.157,0.167,25.990,537933
1782481318458,0,0,0.000,6.615,6.607,0.188,0.157,0.129,25.990,537966
1782481318507,0,0,0.006,6.624,6.615,0.188,0.157,0.129,25.990,537999
1782481318529,0,0,0.000,6.615,6.607,0.188,0.157,0.129,25.990,538032
1782481318557,0,0,0.000,6.615,6.607,0.188,0.188,0.134,25.990,538065
1782481318590,0,0,0.000,6.624,6.615,0.188,0.188,0.129,25.990,538098
1782481318626,0,0,0.000,6.607,6.607,0.188,0.157,0.210,25.990,538131
1782481318656,0,0,0.000,6.607,6.607,0.157,0.157,0.156,25.990,538164
1782481318690,0,0,0.006,6.615,6.607,0.188,0.157,0.183,25.990,538197
1782481318725,0,0,0.000,6.615,6.607,0.188,0.157,0.199,25.990,538230
1782481318756,0,0,0.000,6.615,6.607,0.188,0.157,0.177,25.990,538263
1782481318789,0,0,0.000,6.615,6.607,0.188,0.157,0.177,25.990,538296
1782481318836,0,0,0.000,6.607,6.607,0.188,0.157,0.199,25.990,538329
1782481318856,0,0,0.000,6.615,6.607,0.188,0.157,0.156,25.990,538362
1782481318889,0,0,0.000,6.607,6.615,0.188,0.157,0.194,25.990,538395
1782481318923,0,0,0.000,6.615,6.607,0.188,0.157,0.194,25.990,538428
1782481318956,0,0,0.000,6.615,6.599,0.188,0.157,0.177,25.990,538461
1782481318994,0,0,0.000,6.615,6.607,0.188,0.157,0.172,25.990,538494
1782481319022,0,0,0.000,6.607,6.607,0.188,0.157,0.183,25.990,538527
1782481319055,0,0,0.000,6.615,6.607,0.188,0.188,0.156,25.990,538560
1782481319089,0,0,0.000,6.607,6.607,0.188,0.157,0.167,25.990,538593
1782481319124,0,0,0.000,6.607,6.599,0.188,0.157,0.167,25.990,538626
1782481319155,0,0,0.000,6.607,6.607,0.188,0.126,0.183,25.990,538659
1782481319188,0,0,0.000,6.607,6.607,0.188,0.157,0.183,25.990,538692
1782481319225,0,0,0.000,6.607,6.599,0.188,0.157,0.188,25.990,538725
1782481319255,0,0,0.000,6.607,6.607,0.188,0.157,0.188,25.990,538758
1782481319288,0,0,0.000,6.615,6.599,0.188,0.157,0.177,25.990,538791
1782481319327,0,0,0.000,6.607,6.615,0.188,0.157,0.177,25.990,538824
1782481319354,0,0,0.000,6.607,6.607,0.188,0.157,0.194,25.990,538857
1782481319388,0,0,0.000,6.607,6.607,0.188,0.157,0.199,26.077,538890
1782481319427,0,0,0.000,6.624,6.607,0.157,0.157,0.172,25.990,538923
1782481319455,0,0,0.000,6.624,6.607,0.188,0.157,0.161,25.990,538956
1782481319487,0,0,0.000,6.615,6.607,0.157,0.126,0.172,25.990,538989
1782481319521,0,0,0.000,6.615,6.607,0.188,0.157,0.199,25.990,539022
1782481319554,0,0,0.000,6.615,6.607,0.157,0.188,0.177,25.990,539055
1782481319587,0,0,0.000,6.607,6.607,0.188,0.157,0.177,25.990,539088
1782481319621,0,0,0.000,6.607,6.607,0.157,0.157,0.204,25.990,539121
1782481319654,0,0,0.006,6.615,6.607,0.188,0.157,0.161,25.990,539154
1782481319688,0,0,0.000,6.607,6.607,0.188,0.157,0.204,25.990,539187
1782481319720,0,0,0.000,6.615,6.599,0.188,0.157,0.194,25.990,539220
1782481319754,0,0,0.000,6.624,6.607,0.188,0.157,0.188,25.990,539253
1782481319787,0,0,0.000,6.607,6.607,0.188,0.157,0.161,25.990,539286
1782481319820,0,0,0.000,6.615,6.607,0.188,0.157,0.177,25.990,539319
1782481319853,0,0,0.000,6.607,6.607,0.188,0.157,0.194,25.990,539352
1782481319887,0,0,0.000,6.607,6.607,0.188,0.157,0.183,25.990,539385
1782481319919,0,0,0.000,6.615,6.607,0.188,0.157,0.167,25.990,539418
1782481319955,0,0,0.000,6.615,6.615,0.188,0.188,0.183,25.990,539451
1782481319986,0,0,0.000,6.607,6.607,0.157,0.157,0.183,25.990,539484
1782481320019,0,0,0.000,6.607,6.607,0.157,0.157,0.188,25.990,539517
1782481320057,0,0,0.000,6.615,6.599,0.188,0.157,0.188,25.990,539550
1782481320086,0,0,0.000,6.615,6.607,0.188,0.157,0.172,25.990,539583
1782481320119,0,0,0.000,6.607,6.607,0.220,0.157,0.199,25.990,539616
1782481320153,0,0,0.000,6.615,6.607,0.188,0.157,0.172,25.990,539649
1782481320189,0,0,0.000,6.607,6.607,0.188,0.157,0.177,25.990,539682
1782481320219,0,0,0.000,6.615,6.607,0.188,0.157,0.167,25.990,539715
1782481320253,0,0,0.000,6.615,6.607,0.188,0.157,0.177,25.990,539748
1782481320287,0,0,0.000,6.615,6.607,0.188,0.157,0.156,25.990,539781
1782481320319,0,0,0.000,6.607,6.607,0.188,0.157,0.172,25.990,539814
1782481320353,0,0,0.000,6.607,6.607,0.157,0.157,0.194,25.990,539847
1782481320385,0,0,0.000,6.615,6.607,0.188,0.157,0.183,25.990,539880
1782481320419,0,0,0.000,6.607,6.607,0.188,0.157,0.161,25.990,539913
1782481320455,0,0,0.000,6.615,6.607,0.188,0.157,0.177,25.990,539946
1782481320485,0,0,0.000,6.615,6.607,0.157,0.157,0.194,25.990,539979
1782481320518,0,0,0.000,6.607,6.607,0.188,0.157,0.183,25.990,540012
1782481320556,0,0,0.000,6.607,6.607,0.157,0.157,0.199,25.990,540045
1782481320585,0,0,0.000,6.615,6.607,0.188,0.157,0.183,25.990,540078
1782481320628,0,0,0.000,6.607,6.607,0.188,0.157,0.194,25.990,540111
1782481320660,0,0,0.000,6.624,6.607,0.188,0.157,0.161,25.990,540144
1782481320685,0,0,0.000,6.615,6.607,0.188,0.157,0.167,25.990,540177
1782481320718,0,0,0.000,6.615,6.607,0.188,0.157,0.204,25.990,540210
1782481320751,0,0,0.000,6.615,6.599,0.188,0.157,0.199,25.990,540243
1782481320784,0,0,0.000,6.615,6.607,0.188,0.157,0.161,25.990,540276
1782481320817,0,0,0.000,6.607,6.607,0.188,0.157,0.177,25.990,540309
1782481320851,0,0,0.000,6.615,6.607,0.188,0.157,0.183,25.990,540342
1782481320885,0,0,0.000,6.624,6.615,0.188,0.157,0.156,25.990,540375
1782481320917,0,0,0.000,6.615,6.607,0.188,0.157,0.172,25.990,540408
1782481320951,0,0,0.000,6.615,6.607,0.188,0.157,0.194,25.990,540441
1782481320984,0,0,0.000,6.607,6.607,0.188,0.157,0.172,25.990,540474
1782481321017,0,0,0.000,6.615,6.607,0.188,0.188,0.172,25.990,540507
1782481321053,0,0,0.000,6.615,6.607,0.188,0.157,0.199,25.990,540540
1782481321085,0,0,0.000,6.615,6.607,0.188,0.157,0.172,25.990,540573
1782481321117,0,0,0.000,6.615,6.607,0.157,0.157,0.194,25.990,540606
1782481321150,0,0,0.000,6.607,6.599,0.188,0.157,0.183,25.990,540639
1782481321184,0,0,0.000,6.615,6.607,0.188,0.157,0.172,25.990,540672
1782481321216,0,0,0.000,6.615,6.607,0.188,0.157,0.177,25.990,540705
1782481321259,0,0,0.000,6.607,6.607,0.188,0.157,0.188,25.990,540738
1782481321294,0,0,0.000,6.607,6.607,0.188,0.157,0.194,25.990,540771
1782481321316,0,0,0.000,6.615,6.599,0.188,0.157,0.188,25.990,540804
1782481321358,0,0,0.000,6.607,6.607,0.188,0.157,0.172,25.990,540837
1782481321397,0,0,0.000,6.615,6.615,0.188,0.157,0.177,25.990,540870
1782481321426,0,0,0.000,6.607,6.607,0.157,0.126,0.194,25.990,540903
1782481321457,0,0,0.000,6.607,6.607,0.188,0.157,0.172,25.990,540936
1782481321496,0,0,0.000,6.607,6.607,0.157,0.157,0.177,25.990,540969
1782481321523,0,0,0.000,6.615,6.607,0.188,0.157,0.129,25.990,541002
1782481321556,0,0,0.000,6.607,6.607,0.188,0.157,0.177,25.990,541035
1782481321589,0,0,0.000,6.615,6.607,0.188,0.157,0.167,25.990,541068
1782481321623,0,0,0.000,6.615,6.607,0.188,0.188,0.151,25.990,541101
1782481321655,0,0,0.000,6.615,6.607,0.188,0.157,0.145,25.990,541134
1782481321688,0,0,0.000,6.615,6.607,0.188,0.157,0.145,25.990,541167
1782481321721,0,0,0.000,6.607,6.607,0.188,0.157,0.124,25.990,541200
1782481321755,0,0,0.000,6.615,6.607,0.188,0.157,0.118,25.990,541233
1782481321788,0,0,0.000,6.615,6.607,0.157,0.188,0.118,26.077,541266
1782481321820,0,0,0.000,6.615,6.607,0.188,0.157,0.151,25.990,541299
1782481321853,0,0,0.000,6.624,6.607,0.188,0.157,0.129,25.990,541332
1782481321889,0,0,0.000,6.624,6.607,0.188,0.188,0.124,25.990,541365
1782481321919,0,0,0.000,6.615,6.607,0.188,0.157,0.161,25.990,541398
1782481321953,0,0,0.000,6.615,6.607,0.188,0.157,0.118,25.990,541431
1782481321990,0,0,0.000,6.615,6.607,0.220,0.157,0.118,25.990,541464
1782481322018,0,0,0.000,6.607,6.607,0.188,0.157,0.167,25.990,541497
1782481322052,0,0,0.000,6.615,6.607,0.188,0.157,0.161,25.990,541530
1782481322094,0,0,0.000,6.615,6.615,0.188,0.157,0.124,25.990,541563
1782481322118,0,0,0.000,6.624,6.624,0.188,0.188,0.129,25.990,541596
1782481322150,0,0,0.000,6.615,6.607,0.188,0.157,0.156,25.990,541629
1782481322184,0,0,0.000,6.624,6.607,0.188,0.157,0.129,25.990,541662
1782481322216,0,0,0.000,6.615,6.607,0.188,0.157,0.129,25.990,541695
1782481322249,0,0,0.000,6.607,6.615,0.188,0.157,0.151,25.990,541728
1782481322282,0,0,0.000,6.624,6.615,0.188,0.126,0.129,25.990,541761
1782481322315,0,0,0.000,6.615,6.615,0.188,0.157,0.118,25.990,541794
1782481322349,0,0,0.000,6.615,6.615,0.188,0.157,0.129,25.990,541827
1782481322381,0,0,0.000,6.615,6.615,0.157,0.157,0.129,25.990,541860
1782481322414,0,0,0.000,6.624,6.615,0.188,0.157,0.129,25.990,541893
1782481322447,0,0,0.000,6.615,6.607,0.188,0.157,0.124,25.990,541926
1782481322480,0,0,0.000,6.615,6.607,0.188,0.188,0.129,25.990,541959
1782481322515,0,0,0.000,6.615,6.607,0.188,0.188,0.129,25.990,541992
1782481322546,0,0,0.000,6.624,6.615,0.188,0.188,0.129,25.990,542025
1782481322580,0,0,0.000,6.624,6.607,0.188,0.157,0.124,25.990,542058
1782481322616,0,0,0.000,6.624,6.615,0.188,0.157,0.129,25.990,542091
1782481322646,0,0,0.000,6.624,6.615,0.188,0.157,0.129,25.990,542124
1782481322680,0,0,0.000,6.615,6.607,0.188,0.157,0.129,25.990,542157
1782481322713,0,0,0.000,6.624,6.607,0.188,0.188,0.129,25.990,542190
1782481322745,0,0,0.000,6.624,6.615,0.188,0.157,0.124,25.990,542223
1782481322779,0,0,0.000,6.624,6.607,0.188,0.188,0.124,25.990,542256
1782481322812,0,0,0.000,6.615,6.615,0.157,0.157,0.124,25.990,542289
1782481322845,0,0,0.000,6.615,6.615,0.188,0.126,0.124,25.990,542322
1782481322878,0,0,0.000,6.615,6.615,0.188,0.157,0.129,25.990,542355
1782481322913,0,0,0.000,6.615,6.607,0.188,0.157,0.129,25.990,542388
1782481322945,0,0,0.000,6.615,6.615,0.188,0.157,0.129,25.990,542421
1782481322978,0,0,0.000,6.615,6.615,0.188,0.157,0.134,25.990,542454
1782481323015,0,0,0.000,6.615,6.615,0.188,0.157,0.129,25.990,542487
1782481323046,0,0,0.000,6.624,6.607,0.188,0.157,0.129,25.990,542520
1782481323078,0,0,0.000,6.615,6.615,0.188,0.157,0.156,25.990,542553
1782481323129,0,0,0.000,6.615,6.607,0.188,0.157,0.151,25.990,542586
1782481323149,0,0,0.000,6.615,6.615,0.188,0.157,0.172,25.990,542619
1782481323178,0,0,0.000,6.615,6.615,0.188,0.126,0.188,25.990,542652
1782481323211,0,0,0.000,6.607,6.607,0.188,0.188,0.188,25.990,542685
1782481323245,0,0,0.000,6.615,6.607,0.188,0.157,0.161,25.990,542718
1782481323278,0,0,0.000,6.607,6.607,0.188,0.157,0.194,25.990,542751
1782481323310,0,0,0.000,6.615,6.607,0.188,0.157,0.204,25.990,542784
1782481323344,0,0,0.000,6.607,6.607,0.188,0.157,0.161,25.990,542817
1782481323378,0,0,0.000,6.615,6.607,0.188,0.157,0.172,25.990,542850
1782481323410,0,0,0.000,6.615,6.607,0.188,0.157,0.199,25.990,542883
1782481323444,0,0,0.000,6.615,6.607,0.188,0.157,0.183,25.990,542916
1782481323477,0,0,0.000,6.624,6.607,0.188,0.157,0.172,25.990,542949
1782481323510,0,0,0.000,6.615,6.607,0.188,0.188,0.172,25.990,542982
1782481323543,0,0,0.000,6.615,6.607,0.188,0.157,0.183,25.990,543015
1782481323576,0,0,0.000,6.615,6.607,0.188,0.157,0.177,25.990,543048
1782481323610,0,0,0.000,6.615,6.607,0.188,0.157,0.194,25.990,543081
1782481323643,0,0,0.000,6.615,6.607,0.157,0.126,0.188,25.990,543114
1782481323677,0,0,0.000,6.624,6.607,0.157,0.157,0.194,25.990,543147
1782481323709,0,0,0.000,6.607,6.615,0.188,0.157,0.167,25.990,543180
1782481323744,0,0,0.000,6.615,6.607,0.188,0.188,0.194,25.990,543213
1782481323776,0,0,0.000,6.615,6.607,0.188,0.126,0.172,25.990,543246
1782481323810,0,0,0.000,6.615,6.615,0.220,0.157,0.177,25.990,543279
1782481323845,0,0,0.000,6.607,6.607,0.188,0.157,0.188,25.990,543312
1782481323875,0,0,0.000,6.615,6.607,0.188,0.157,0.188,25.990,543345
1782481323909,0,0,0.000,6.615,6.607,0.188,0.188,0.199,25.990,543378
1782481323948,0,0,0.000,6.624,6.607,0.188,0.157,0.177,25.990,543411
1782481323976,0,0,0.000,6.624,6.607,0.157,0.157,0.177,25.990,543444
1782481324009,0,0,0.000,6.607,6.615,0.157,0.157,0.183,25.990,543477
1782481324042,0,0,0.000,6.615,6.615,0.188,0.126,0.177,25.990,543510
1782481324075,0,0,0.000,6.615,6.607,0.188,0.157,0.156,25.990,543543
1782481324109,0,0,0.000,6.607,6.607,0.188,0.157,0.194,25.990,543576
1782481324142,0,0,0.000,6.607,6.607,0.157,0.157,0.194,25.990,543609
1782481324174,0,0,0.000,6.607,6.607,0.188,0.157,0.188,25.990,543642
1782481324208,0,0,0.000,6.615,6.607,0.188,0.157,0.183,25.990,543675
1782481324244,0,0,0.000,6.615,6.607,0.188,0.157,0.172,25.990,543708
1782481324276,0,0,0.000,6.615,6.607,0.188,0.157,0.188,25.990,543741
1782481324308,0,0,0.000,6.615,6.607,0.157,0.157,0.188,25.990,543774
1782481324345,0,0,0.000,6.607,6.607,0.188,0.157,0.199,25.990,543807
1782481324381,0,0,0.000,6.607,6.615,0.188,0.157,0.194,25.990,543840
1782481324408,0,0,0.000,6.615,6.607,0.188,0.157,0.194,26.077,543873
1782481324447,0,0,0.000,6.615,6.607,0.188,0.157,0.199,25.990,543906
1782481324474,0,0,0.000,6.607,6.607,0.188,0.126,0.204,25.990,543939
1782481324507,0,0,0.000,6.607,6.607,0.188,0.157,0.194,25.990,543972
1782481324540,0,0,0.000,6.615,6.607,0.188,0.126,0.194,25.990,544005
1782481324574,0,0,0.000,6.615,6.607,0.157,0.188,0.161,25.990,544038
1782481324607,0,0,0.000,6.607,6.607,0.188,0.157,0.183,25.990,544071
1782481324641,0,0,0.000,6.615,6.607,0.188,0.157,0.194,25.990,544104
1782481324677,0,0,0.000,6.615,6.607,0.188,0.126,0.167,25.990,544137
1782481324706,0,0,0.000,6.615,6.607,0.188,0.157,0.172,25.990,544170
1782481324740,0,0,0.000,6.607,6.607,0.188,0.126,0.172,25.990,544203
1782481324773,0,0,0.000,6.615,6.607,0.188,0.157,0.194,25.990,544236
1782481324806,0,0,0.000,6.615,6.607,0.220,0.126,0.188,25.990,544269
1782481324839,0,0,0.000,6.615,6.607,0.188,0.157,0.172,25.990,544302
1782481324874,0,0,0.000,6.615,6.607,0.157,0.157,0.172,25.990,544335
1782481324906,0,0,0.000,6.615,6.607,0.188,0.188,0.172,25.990,544368
1782481324940,0,0,0.000,6.615,6.607,0.157,0.157,0.183,25.990,544401
1782481324973,0,0,0.000,6.607,6.607,0.188,0.188,0.199,25.990,544434
1782481325007,0,0,0.000,6.615,6.607,0.188,0.157,0.183,25.990,544467
1782481325039,0,0,0.000,6.607,6.607,0.188,0.126,0.194,25.990,544500
1782481325074,0,0,0.000,6.615,6.615,0.188,0.157,0.161,25.990,544533
1782481325105,0,0,0.000,6.615,6.607,0.188,0.157,0.194,25.990,544566
1782481325139,0,0,0.006,6.607,6.607,0.220,0.188,0.188,25.990,544599
1782481325172,0,0,0.000,6.615,6.615,0.188,0.157,0.172,25.990,544632
1782481325205,0,0,0.000,6.615,6.607,0.188,0.157,0.188,25.990,544665
1782481325239,0,0,0.000,6.607,6.607,0.188,0.157,0.177,25.990,544698
1782481325272,0,0,0.000,6.615,6.607,0.188,0.157,0.183,25.990,544731
1782481325304,0,0,0.000,6.607,6.599,0.188,0.157,0.177,25.990,544764
1782481325338,0,0,0.000,6.615,6.607,0.188,0.126,0.188,25.990,544797
1782481325375,0,0,0.000,6.607,6.607,0.188,0.157,0.188,25.990,544830
1782481325405,0,0,0.000,6.615,6.607,0.188,0.188,0.156,25.990,544863
1782481325438,0,0,0.000,6.607,6.599,0.188,0.157,0.199,25.990,544896
1782481325472,0,0,0.000,6.607,6.607,0.188,0.157,0.188,25.990,544929
1782481325504,0,0,0.000,6.607,6.615,0.188,0.157,0.177,25.990,544962
1782481325538,0,0,0.000,6.607,6.615,0.157,0.157,0.188,25.990,544995
1782481325576,0,0,0.000,6.615,6.599,0.188,0.157,0.161,25.990,545028
1782481325604,0,0,0.000,6.615,6.607,0.157,0.157,0.210,25.990,545061
1782481325637,0,0,0.000,6.615,6.607,0.157,0.157,0.172,25.990,545094
1782481325676,0,0,0.000,6.615,6.607,0.188,0.157,0.194,25.990,545127
1782481325704,0,0,0.000,6.615,6.607,0.188,0.188,0.194,25.990,545160
1782481325737,0,0,0.000,6.615,6.607,0.157,0.157,0.172,25.990,545193
1782481325771,0,0,0.000,6.615,6.607,0.157,0.157,0.188,25.990,545226
1782481325803,0,0,0.000,6.615,6.607,0.188,0.157,0.172,25.990,545259
1782481325836,0,0,0.000,6.615,6.607,0.188,0.126,0.199,25.990,545292
1782481325882,0,0,0.006,6.607,6.607,0.188,0.157,0.183,25.990,545325
1782481325912,0,0,0.000,6.624,6.607,0.188,0.157,0.177,25.990,545358
1782481325945,0,0,0.000,6.615,6.607,0.126,0.157,0.188,25.990,545391
1782481325984,0,0,0.000,6.615,6.607,0.188,0.157,0.183,25.990,545424
1782481326011,0,0,0.000,6.615,6.607,0.157,0.157,0.167,25.990,545457
1782481326044,0,0,0.000,6.615,6.607,0.188,0.157,0.194,25.990,545490
1782481326077,0,0,0.000,6.615,6.607,0.188,0.188,0.183,25.990,545523
1782481326110,0,0,0.000,6.607,6.607,0.188,0.157,0.172,25.990,545556
1782481326143,0,0,0.000,6.607,6.607,0.188,0.157,0.172,25.990,545589
1782481326176,0,0,0.000,6.615,6.607,0.188,0.157,0.156,25.990,545622
1782481326209,0,0,0.000,6.615,6.615,0.188,0.157,0.161,25.990,545655
1782481326242,0,0,0.000,6.615,6.615,0.188,0.157,0.161,25.990,545688
1782481326275,0,0,0.000,6.615,6.607,0.188,0.157,0.145,25.990,545721
1782481326308,0,0,0.000,6.624,6.615,0.188,0.157,0.118,25.990,545754
1782481326342,0,0,0.000,6.607,6.607,0.188,0.188,0.145,25.990,545787
1782481326374,0,0,0.000,6.615,6.607,0.188,0.157,0.129,25.990,545820
1782481326407,0,0,0.000,6.615,6.615,0.188,0.188,0.124,25.990,545853
1782481326440,0,0,0.000,6.607,6.607,0.188,0.157,0.129,25.990,545886
1782481326474,0,0,0.000,6.615,6.607,0.188,0.157,0.129,25.990,545919
1782481326508,0,0,0.000,6.624,6.615,0.188,0.188,0.129,25.990,545952
1782481326539,0,0,0.000,6.607,6.615,0.188,0.188,0.151,25.990,545985
1782481326572,0,0,0.000,6.615,6.615,0.188,0.157,0.129,25.990,546018
1782481326606,0,0,0.006,6.624,6.607,0.188,0.157,0.134,25.990,546051
1782481326638,0,0,0.000,6.615,6.624,0.188,0.157,0.124,25.990,546084
1782481326672,0,0,0.006,6.624,6.624,0.220,0.157,0.129,25.990,546117
1782481326706,0,0,0.000,6.624,6.615,0.188,0.188,0.129,25.990,546150
1782481326742,0,0,0.006,6.615,6.607,0.157,0.157,0.129,25.990,546183
1782481326771,0,0,0.000,6.615,6.615,0.188,0.157,0.156,25.990,546216
1782481326804,0,0,0.000,6.615,6.615,0.188,0.157,0.129,25.990,546249
1782481326836,0,0,0.000,6.624,6.607,0.188,0.157,0.129,25.990,546282
1782481326869,0,0,0.000,6.624,6.615,0.188,0.157,0.129,25.990,546315
1782481326906,0,0,0.000,6.624,6.615,0.188,0.157,0.124,25.990,546348
1782481326935,0,0,0.000,6.624,6.607,0.188,0.157,0.124,25.990,546381
1782481326969,0,0,0.000,6.615,6.607,0.188,0.126,0.129,25.990,546414
1782481327007,0,0,0.000,6.615,6.615,0.188,0.157,0.124,25.990,546447
1782481327034,0,0,0.000,6.624,6.615,0.188,0.157,0.145,25.990,546480
1782481327067,0,0,0.000,6.624,6.615,0.188,0.157,0.124,25.990,546513
1782481327100,0,0,0.000,6.624,6.615,0.157,0.157,0.124,25.990,546546
1782481327134,0,0,0.000,6.624,6.615,0.188,0.157,0.129,25.990,546579
1782481327166,0,0,0.000,6.624,6.615,0.188,0.157,0.124,25.990,546612
1782481327212,0,0,0.000,6.624,6.615,0.188,0.188,0.129,25.990,546645
1782481327233,0,0,0.000,6.615,6.607,0.188,0.157,0.129,25.990,546678
1782481327266,0,0,0.000,6.615,6.615,0.188,0.157,0.124,25.990,546711
1782481327300,0,0,0.000,6.632,6.615,0.188,0.157,0.129,25.990,546744
1782481327332,0,0,0.000,6.615,6.615,0.157,0.157,0.129,25.990,546777
1782481327367,0,0,0.000,6.615,6.615,0.157,0.126,0.129,25.990,546810
1782481327399,0,0,0.000,6.624,6.615,0.188,0.157,0.129,25.990,546843
1782481327433,0,0,0.000,6.624,6.615,0.188,0.157,0.134,25.990,546876
1782481327465,0,0,0.000,6.624,6.624,0.188,0.126,0.129,25.990,546909
1782481327499,0,0,0.000,6.615,6.615,0.188,0.157,0.129,25.990,546942
1782481327533,0,0,0.000,6.615,6.624,0.188,0.157,0.129,25.990,546975
1782481327565,0,0,0.000,6.624,6.615,0.188,0.126,0.124,25.990,547008
1782481327602,0,0,0.000,6.624,6.607,0.188,0.157,0.134,25.990,547041
1782481327634,0,0,0.000,6.615,6.615,0.188,0.126,0.134,25.990,547074
1782481327665,0,0,0.000,6.607,6.615,0.188,0.157,0.194,25.990,547107
1782481327698,0,0,0.000,6.615,6.624,0.188,0.157,0.167,25.990,547140
1782481327732,0,0,0.000,6.615,6.607,0.188,0.188,0.194,25.990,547173
1782481327765,0,0,0.000,6.615,6.607,0.188,0.157,0.199,25.990,547206
1782481327799,0,0,0.000,6.615,6.607,0.188,0.157,0.188,25.990,547239
1782481327831,0,0,0.000,6.607,6.607,0.188,0.157,0.177,25.990,547272
1782481327864,0,0,0.000,6.615,6.607,0.188,0.157,0.177,25.990,547305
1782481327898,0,0,0.000,6.615,6.607,0.188,0.126,0.172,25.990,547338
1782481327930,0,0,0.000,6.607,6.607,0.188,0.157,0.194,25.990,547371
1782481327964,0,0,0.000,6.607,6.607,0.188,0.188,0.156,25.990,547404
1782481328001,0,0,0.000,6.607,6.607,0.188,0.157,0.172,25.990,547437
1782481328032,0,0,0.000,6.615,6.607,0.188,0.157,0.172,25.990,547470
1782481328064,0,0,0.000,6.615,6.607,0.188,0.126,0.177,25.990,547503
1782481328097,0,0,0.000,6.607,6.607,0.188,0.157,0.194,25.990,547536
1782481328135,0,0,0.000,6.615,6.607,0.157,0.157,0.161,25.990,547569
1782481328164,0,0,0.000,6.607,6.607,0.188,0.157,0.188,25.990,547602
1782481328197,0,0,0.000,6.607,6.607,0.188,0.157,0.199,25.990,547635
1782481328236,0,0,0.006,6.615,6.607,0.188,0.126,0.172,25.990,547668
1782481328264,0,0,0.000,6.615,6.615,0.188,0.126,0.194,25.990,547701
1782481328297,0,0,0.000,6.607,6.615,0.188,0.157,0.188,25.990,547734
1782481328330,0,0,0.000,6.615,6.607,0.188,0.188,0.194,25.990,547767
1782481328367,0,0,0.000,6.615,6.615,0.188,0.157,0.172,25.990,547800
1782481328396,0,0,0.000,6.615,6.607,0.188,0.157,0.194,25.990,547833
1782481328430,0,0,0.000,6.615,6.607,0.157,0.157,0.199,25.990,547866
1782481328463,0,0,0.000,6.615,6.607,0.188,0.157,0.161,25.990,547899
1782481328497,0,0,0.000,6.615,6.607,0.157,0.157,0.172,25.990,547932
1782481328529,0,0,0.000,6.615,6.607,0.188,0.157,0.194,25.990,547965
1782481328564,0,0,0.000,6.615,6.607,0.188,0.157,0.167,25.990,547998
1782481328596,0,0,0.000,6.624,6.607,0.188,0.157,0.199,25.990,548031
1782481328648,0,0,0.000,6.607,6.607,0.157,0.157,0.194,25.990,548064
1782481328663,0,0,0.000,6.607,6.615,0.188,0.188,0.156,25.990,548097
1782481328695,0,0,0.000,6.615,6.607,0.188,0.157,0.172,25.990,548130
1782481328729,0,0,0.000,6.615,6.607,0.220,0.188,0.183,25.990,548163
1782481328762,0,0,0.000,6.607,6.607,0.188,0.157,0.199,25.990,548196
1782481328796,0,0,0.006,6.607,6.607,0.188,0.126,0.194,25.990,548229
1782481328842,0,0,0.000,6.615,6.615,0.157,0.188,0.177,25.990,548262
1782481328864,0,0,0.000,6.615,6.615,0.188,0.126,0.161,25.990,548295
1782481328896,0,0,0.000,6.624,6.599,0.188,0.157,0.177,25.990,548328
1782481328929,0,0,0.000,6.615,6.607,0.188,0.126,0.194,25.990,548361
1782481328961,0,0,0.006,6.615,6.607,0.188,0.157,0.172,25.990,548394
1782481328994,0,0,0.000,6.615,6.615,0.188,0.157,0.177,25.990,548427
1782481329028,0,0,0.000,6.615,6.607,0.188,0.126,0.188,25.990,548460
1782481329061,0,0,0.000,6.615,6.607,0.157,0.157,0.172,25.990,548493
1782481329095,0,0,0.006,6.615,6.615,0.188,0.157,0.204,25.990,548526
1782481329128,0,0,0.000,6.607,6.599,0.188,0.157,0.194,25.990,548559
1782481329161,0,0,0.000,6.607,6.607,0.188,0.157,0.199,25.990,548592
1782481329194,0,0,0.000,6.607,6.615,0.188,0.157,0.161,25.990,548625
1782481329227,0,0,0.000,6.615,6.607,0.188,0.188,0.177,25.990,548658
1782481329262,0,0,0.000,6.615,6.607,0.188,0.188,0.188,25.990,548691
1782481329294,0,0,0.000,6.615,6.615,0.188,0.188,0.177,25.990,548724
1782481329327,0,0,0.000,6.615,6.607,0.188,0.157,0.194,25.990,548757
1782481329364,0,0,0.000,6.607,6.607,0.188,0.157,0.188,25.990,548790
1782481329394,0,0,0.000,6.615,6.615,0.188,0.157,0.194,25.990,548823
1782481329427,0,0,0.000,6.615,6.607,0.157,0.157,0.172,25.990,548856
1782481329465,0,0,0.000,6.615,6.607,0.157,0.126,0.199,25.990,548889
1782481329493,0,0,0.000,6.624,6.615,0.188,0.157,0.172,25.990,548922
1782481329526,0,0,0.000,6.607,6.607,0.188,0.188,0.194,25.990,548955
1782481329568,0,0,0.000,6.615,6.607,0.188,0.157,0.156,25.990,548988
1782481329593,0,0,0.000,6.615,6.607,0.188,0.157,0.226,25.990,549021
1782481329639,0,0,0.000,6.615,6.615,0.126,0.157,0.188,25.990,549054
1782481329660,0,0,0.000,6.615,6.615,0.157,0.157,0.161,25.990,549087
1782481329693,0,0,0.000,6.624,6.615,0.188,0.157,0.161,25.990,549120
1782481329727,0,0,0.000,6.607,6.607,0.188,0.157,0.194,25.990,549153
1782481329760,0,0,0.000,6.615,6.607,0.188,0.157,0.177,25.990,549186
1782481329793,0,0,0.000,6.615,6.615,0.188,0.126,0.156,25.990,549219
1782481329826,0,0,0.000,6.615,6.615,0.188,0.157,0.183,25.990,549252
1782481329859,0,0,0.000,6.615,6.607,0.157,0.157,0.194,25.990,549285
1782481329892,0,0,0.000,6.615,6.615,0.157,0.157,0.188,25.990,549318
1782481329926,0,0,0.000,6.615,6.607,0.188,0.157,0.172,25.990,549351
1782481329965,0,0,0.000,6.615,6.607,0.188,0.157,0.188,25.990,549384
1782481329993,0,0,0.000,6.624,6.607,0.188,0.157,0.177,25.990,549417
1782481330025,0,0,0.000,6.615,6.607,0.220,0.188,0.172,25.990,549450
1782481330059,0,0,0.000,6.615,6.607,0.188,0.188,0.183,25.990,549483
1782481330093,0,0,0.000,6.615,6.607,0.188,0.157,0.183,25.990,549516
1782481330126,0,0,0.000,6.615,6.607,0.188,0.157,0.183,25.990,549549
1782481330158,0,0,0.000,6.615,6.607,0.157,0.157,0.194,25.990,549582
1782481330194,0,0,0.000,6.615,6.607,0.157,0.157,0.172,25.990,549615
1782481330226,0,0,0.000,6.607,6.607,0.188,0.157,0.194,25.990,549648
1782481330258,0,0,0.000,6.615,6.615,0.188,0.157,0.183,25.990,549681
1782481330302,0,0,0.000,6.615,6.607,0.188,0.188,0.183,25.990,549714
1782481330325,0,0,0.000,6.615,6.607,0.188,0.157,0.167,25.990,549747
1782481330358,0,0,0.000,6.615,6.615,0.188,0.126,0.194,25.990,549780
1782481330401,0,0,0.000,6.615,6.607,0.157,0.157,0.177,25.990,549813
1782481330433,0,0,0.000,6.615,6.624,0.157,0.157,0.161,25.990,549846
1782481330466,0,0,0.000,6.624,6.607,0.188,0.188,0.183,25.990,549879
1782481330507,0,0,0.000,6.615,6.615,0.157,0.126,0.188,25.990,549912
1782481330543,0,0,0.000,6.624,6.615,0.188,0.126,0.134,25.990,549945
1782481330565,0,0,0.000,6.615,6.607,0.188,0.157,0.140,25.990,549978
1782481330598,0,0,0.000,6.615,6.607,0.188,0.157,0.177,25.990,550011
1782481330632,0,0,0.000,6.624,6.607,0.188,0.157,0.172,25.990,550044
1782481330664,0,0,0.000,6.615,6.615,0.188,0.188,0.161,25.990,550077
1782481330697,0,0,0.000,6.624,6.607,0.188,0.157,0.124,25.990,550110
1782481330730,0,0,0.000,6.607,6.607,0.188,0.157,0.140,25.990,550143
1782481330763,0,0,0.000,6.624,6.615,0.188,0.157,0.108,25.990,550176
1782481330797,0,0,0.000,6.615,6.615,0.220,0.157,0.145,25.990,550209
1782481330829,0,0,0.000,6.615,6.607,0.188,0.157,0.172,25.990,550242
1782481330862,0,0,0.000,6.624,6.615,0.188,0.157,0.124,25.990,550275
1782481330899,0,0,0.000,6.624,6.615,0.188,0.157,0.129,25.990,550308
1782481330928,0,0,0.000,6.615,6.624,0.188,0.157,0.129,25.990,550341
1782481330961,0,0,0.000,6.615,6.615,0.188,0.157,0.129,25.990,550374
1782481331001,0,0,0.000,6.624,6.615,0.188,0.157,0.124,25.990,550407
1782481331027,0,0,0.006,6.615,6.615,0.157,0.157,0.129,25.990,550440
1782481331060,0,0,0.000,6.615,6.615,0.188,0.157,0.124,25.990,550473
1782481331093,0,0,0.000,6.624,6.615,0.188,0.157,0.113,25.990,550506
1782481331126,0,0,0.000,6.624,6.615,0.188,0.157,0.134,25.990,550539
1782481331160,0,0,0.000,6.624,6.615,0.157,0.157,0.129,25.990,550572
1782481331195,0,0,0.006,6.615,6.615,0.157,0.157,0.113,25.990,550605
1782481331244,0,0,0.000,6.615,6.615,0.188,0.157,0.161,25.990,550638
1782481331269,0,0,0.000,6.624,6.615,0.188,0.157,0.134,25.904,550671
1782481331292,0,0,0.000,6.624,6.615,0.188,0.157,0.151,25.990,550704
1782481331325,0,0,0.000,6.615,6.615,0.188,0.157,0.129,25.990,550737
1782481331357,0,0,0.006,6.624,6.615,0.188,0.157,0.129,25.990,550770
1782481331390,0,0,0.000,6.624,6.615,0.220,0.157,0.161,25.990,550803
1782481331424,0,0,0.000,6.624,6.615,0.188,0.157,0.129,25.990,550836
1782481331457,0,0,0.000,6.615,6.615,0.188,0.157,0.124,25.990,550869
1782481331490,0,0,0.006,6.624,6.615,0.157,0.157,0.134,25.990,550902
1782481331522,0,0,0.000,6.624,6.615,0.188,0.157,0.124,25.990,550935
1782481331555,0,0,0.006,6.624,6.615,0.188,0.157,0.129,25.990,550968
1782481331592,0,0,0.000,6.624,6.615,0.188,0.157,0.134,25.990,551001
1782481331621,0,0,0.000,6.624,6.624,0.188,0.157,0.124,25.990,551034
1782481331658,0,0,0.000,6.615,6.615,0.188,0.157,0.151,25.990,551067
1782481331688,0,0,0.000,6.615,6.607,0.188,0.157,0.129,25.990,551100
1782481331724,0,0,0.000,6.624,6.615,0.188,0.157,0.129,25.990,551133
1782481331755,0,0,0.000,6.624,6.615,0.188,0.157,0.129,25.990,551166
1782481331787,0,0,0.000,6.624,6.615,0.188,0.157,0.124,25.990,551199
1782481331822,0,0,0.000,6.624,6.624,0.188,0.157,0.124,25.990,551232
1782481331854,0,0,0.000,6.615,6.615,0.188,0.157,0.118,25.990,551265
1782481331889,0,0,0.000,6.624,6.615,0.188,0.157,0.129,25.990,551298
1782481331951,0,0,0.000,6.615,6.615,0.188,0.157,0.129,25.990,551331
1782481331972,0,0,0.000,6.624,6.615,0.188,0.157,0.129,25.990,551364
1782481331987,0,0,0.000,6.615,6.615,0.188,0.157,0.124,25.990,551397
1782481332025,0,0,0.000,6.624,6.615,0.188,0.188,0.129,25.990,551430
1782481332053,0,0,0.000,6.624,6.607,0.188,0.188,0.124,25.990,551463
1782481332097,0,0,0.000,6.624,6.607,0.188,0.157,0.129,25.990,551496
1782481332127,0,0,0.000,6.624,6.615,0.188,0.157,0.156,25.990,551529
1782481332155,0,0,0.000,6.615,6.615,0.157,0.157,0.183,25.990,551562
1782481332187,0,0,0.000,6.615,6.607,0.188,0.157,0.177,25.990,551595
1782481332220,0,0,0.000,6.624,6.615,0.188,0.157,0.183,25.990,551628
1782481332253,0,0,0.000,6.624,6.615,0.157,0.157,0.167,25.990,551661
1782481332286,0,0,0.006,6.624,6.624,0.188,0.157,0.183,25.990,551694
1782481332320,0,0,0.000,6.615,6.599,0.188,0.157,0.188,25.990,551727
1782481332352,0,0,0.000,6.624,6.615,0.157,0.157,0.156,25.990,551760
1782481332386,0,0,0.000,6.615,6.607,0.188,0.157,0.172,25.990,551793
1782481332419,0,0,0.000,6.607,6.615,0.188,0.188,0.172,25.990,551826
1782481332452,0,0,0.000,6.615,6.615,0.188,0.157,0.172,25.990,551859
1782481332486,0,0,0.000,6.615,6.615,0.188,0.157,0.188,25.990,551892
1782481332519,0,0,0.000,6.615,6.607,0.188,0.157,0.167,25.990,551925
1782481332553,0,0,0.000,6.615,6.607,0.188,0.126,0.188,25.990,551958
1782481332585,0,0,0.000,6.624,6.607,0.188,0.157,0.167,25.990,551991
1782481332618,0,0,0.000,6.615,6.607,0.188,0.126,0.188,25.990,552024
1782481332653,0,0,0.000,6.615,6.615,0.157,0.157,0.194,25.990,552057
1782481332685,0,0,0.000,6.615,6.607,0.188,0.157,0.172,25.990,552090
1782481332719,0,0,0.006,6.615,6.607,0.188,0.157,0.183,25.990,552123
1782481332754,0,0,0.000,6.615,6.607,0.188,0.126,0.183,25.990,552156
1782481332786,0,0,0.000,6.615,6.624,0.188,0.157,0.188,25.990,552189
1782481332821,0,0,0.000,6.615,6.607,0.188,0.157,0.172,25.990,552222
1782481332865,0,0,0.000,6.615,6.607,0.188,0.157,0.172,25.990,552255
1782481332885,0,0,0.000,6.624,6.615,0.188,0.188,0.156,25.990,552288
1782481332918,0,0,0.000,6.615,6.607,0.157,0.157,0.194,25.990,552321
1782481332951,0,0,0.000,6.607,6.599,0.188,0.157,0.167,25.990,552354
1782481332984,0,0,0.000,6.615,6.615,0.188,0.157,0.161,25.990,552387
1782481333018,0,0,0.000,6.615,6.607,0.188,0.157,0.194,25.990,552420
1782481333051,0,0,0.000,6.615,6.615,0.188,0.157,0.172,25.990,552453
1782481333084,0,0,0.000,6.615,6.607,0.188,0.126,0.161,25.990,552486
1782481333117,0,0,0.000,6.607,6.615,0.188,0.157,0.183,25.990,552519
1782481333152,0,0,0.000,6.615,6.607,0.188,0.157,0.194,25.990,552552
1782481333185,0,0,0.000,6.615,6.615,0.188,0.188,0.177,25.990,552585
1782481333217,0,0,0.000,6.615,6.607,0.188,0.157,0.172,25.990,552618
1782481333256,0,0,0.000,6.607,6.615,0.188,0.157,0.199,25.990,552651
1782481333283,0,0,0.000,6.607,6.607,0.157,0.157,0.194,25.990,552684
1782481333317,0,0,0.000,6.624,6.607,0.188,0.157,0.161,25.990,552717
1782481333356,0,0,0.000,6.615,6.607,0.188,0.157,0.194,25.990,552750
1782481333385,0,0,0.000,6.607,6.607,0.157,0.157,0.188,25.990,552783
1782481333417,0,0,0.000,6.607,6.599,0.188,0.157,0.194,25.990,552816
1782481333450,0,0,0.000,6.615,6.607,0.188,0.157,0.194,25.990,552849
1782481333487,0,0,0.000,6.607,6.615,0.188,0.157,0.167,25.990,552882
1782481333530,0,0,0.000,6.615,6.607,0.188,0.157,0.199,25.990,552915
1782481333552,0,0,0.000,6.615,6.607,0.188,0.126,0.156,26.077,552948
1782481333583,0,0,0.000,6.615,6.615,0.220,0.157,0.161,25.990,552981
1782481333616,0,0,0.006,6.615,6.615,0.157,0.157,0.161,25.990,553014
1782481333649,0,0,0.000,6.615,6.607,0.188,0.157,0.172,25.990,553047
1782481333683,0,0,0.000,6.615,6.615,0.188,0.157,0.167,25.990,553080
1782481333716,0,0,0.000,6.615,6.607,0.157,0.157,0.194,25.990,553113
1782481333763,0,0,0.000,6.615,6.607,0.157,0.188,0.194,25.990,553146
1782481333800,0,0,0.000,6.624,6.624,0.188,0.157,0.156,25.990,553179
1782481333815,0,0,0.000,6.615,6.615,0.188,0.126,0.167,25.990,553212
1782481333849,0,0,0.006,6.615,6.607,0.188,0.188,0.177,25.990,553245
1782481333882,0,0,0.000,6.624,6.607,0.188,0.157,0.210,25.990,553278
1782481333916,0,0,0.000,6.615,6.607,0.157,0.157,0.188,25.990,553311
1782481333949,0,0,0.000,6.615,6.607,0.157,0.157,0.199,25.990,553344
1782481333984,0,0,0.000,6.615,6.607,0.157,0.157,0.199,25.990,553377
1782481334015,0,0,0.000,6.615,6.607,0.188,0.157,0.177,25.990,553410
1782481334047,0,0,0.000,6.607,6.624,0.188,0.157,0.177,25.990,553443
1782481334082,0,0,0.000,6.615,6.607,0.188,0.157,0.188,25.990,553476
1782481334114,0,0,0.000,6.615,6.607,0.188,0.188,0.183,25.990,553509
1782481334150,0,0,0.000,6.615,6.607,0.188,0.157,0.194,25.990,553542
1782481334188,0,0,0.006,6.615,6.607,0.188,0.126,0.183,25.990,553575
1782481334215,0,0,0.000,6.615,6.607,0.188,0.157,0.199,25.990,553608
1782481334247,0,0,0.000,6.624,6.607,0.188,0.157,0.172,25.990,553641
1782481334282,0,0,0.000,6.615,6.607,0.220,0.126,0.194,25.990,553674
1782481334314,0,0,0.000,6.615,6.615,0.188,0.126,0.161,25.990,553707
1782481334347,0,0,0.000,6.615,6.607,0.188,0.220,0.183,25.990,553740
1782481334383,0,0,0.000,6.624,6.615,0.188,0.157,0.183,25.990,553773
1782481334414,0,0,0.000,6.615,6.607,0.220,0.157,0.188,25.990,553806
1782481334466,0,0,0.000,6.615,6.599,0.188,0.157,0.183,25.990,553839
1782481334486,0,0,0.000,6.615,6.615,0.188,0.157,0.172,25.990,553872
1782481334514,0,0,0.000,6.615,6.607,0.188,0.157,0.172,25.990,553905
1782481334547,0,0,0.000,6.615,6.607,0.157,0.126,0.188,25.990,553938
1782481334585,0,0,0.000,6.615,6.607,0.157,0.157,0.188,25.990,553971
1782481334617,0,0,0.000,6.615,6.607,0.188,0.126,0.183,25.990,554004
1782481334646,0,0,0.000,6.615,6.615,0.188,0.157,0.194,25.990,554037
1782481334684,0,0,0.000,6.615,6.607,0.188,0.157,0.172,25.990,554070
1782481334712,0,0,0.000,6.615,6.607,0.188,0.188,0.199,25.990,554103
1782481334746,0,0,0.000,6.624,6.607,0.157,0.157,0.183,25.990,554136
1782481334779,0,0,0.000,6.615,6.615,0.188,0.126,0.188,25.990,554169
1782481334822,0,0,0.006,6.624,6.615,0.188,0.157,0.161,25.990,554202
1782481334862,0,0,0.000,6.632,6.615,0.188,0.157,0.188,25.990,554235
1782481334898,0,0,0.000,6.624,6.615,0.188,0.157,0.156,25.990,554268
1782481334929,0,0,0.000,6.615,6.615,0.188,0.157,0.161,25.990,554301
1782481334955,0,0,0.000,6.615,6.607,0.188,0.157,0.172,25.990,554334
1782481334987,0,0,0.000,6.615,6.615,0.188,0.157,0.204,25.990,554367
1782481335020,0,0,0.000,6.615,6.607,0.188,0.188,0.188,25.990,554400
1782481335053,0,0,0.000,6.624,6.607,0.188,0.126,0.172,25.990,554433
1782481335086,0,0,0.000,6.615,6.607,0.188,0.157,0.167,25.990,554466
1782481335119,0,0,0.006,6.615,6.615,0.188,0.188,0.161,25.990,554499
1782481335152,0,0,0.006,6.615,6.615,0.188,0.157,0.151,25.990,554532
1782481335185,0,0,0.000,6.615,6.607,0.188,0.157,0.172,25.990,554565
1782481335221,0,0,0.006,6.615,6.607,0.188,0.188,0.140,25.990,554598
1782481335257,0,0,0.000,6.624,6.615,0.188,0.157,0.129,25.990,554631
1782481335285,0,0,0.000,6.624,6.624,0.188,0.157,0.124,25.990,554664
1782481335318,0,0,0.000,6.624,6.615,0.188,0.157,0.118,25.990,554697
1782481335350,0,0,0.000,6.624,6.624,0.188,0.188,0.124,25.990,554730
1782481335384,0,0,0.000,6.615,6.615,0.188,0.157,0.134,25.990,554763
1782481335417,0,0,0.000,6.624,6.615,0.188,0.157,0.124,25.990,554796
1782481335449,0,0,0.000,6.615,6.615,0.188,0.157,0.161,26.077,554829
1782481335482,0,0,0.000,6.615,6.615,0.188,0.157,0.129,25.990,554862
1782481335515,0,0,0.000,6.624,6.615,0.188,0.157,0.129,25.990,554895
1782481335548,0,0,0.000,6.632,6.615,0.188,0.157,0.124,25.990,554928
1782481335581,0,0,0.000,6.615,6.615,0.188,0.157,0.124,25.990,554961
1782481335615,0,0,0.000,6.624,6.615,0.188,0.188,0.129,25.990,554994
