t_unix_ms,l,r,v_cell_1,v_bat,v_q,i_esc_1,i_esc_2,i_sys,temp_c,uptime_ms
1782536395176,0,0,0.000,6.566,6.557,0.188,0.157,0.177,24.957,399432
1782536395210,0,0,0.000,6.566,6.566,0.188,0.157,0.145,24.957,399465
1782536395242,0,0,0.000,6.566,6.566,0.188,0.157,0.161,24.957,399498
1782536395277,0,0,0.000,6.566,6.566,0.188,0.157,0.172,24.957,399531
1782536395309,0,0,0.000,6.566,6.566,0.188,0.157,0.167,24.957,399564
1782536395342,0,0,0.000,6.566,6.557,0.188,0.157,0.172,24.957,399597
1782536395374,0,0,0.000,6.566,6.566,0.188,0.157,0.172,24.957,399630
1782536395414,0,0,0.000,6.566,6.557,0.188,0.157,0.177,24.957,399663
1782536395443,0,0,0.000,6.566,6.566,0.188,0.157,0.215,24.957,399696
1782536395474,0,0,0.000,6.566,6.557,0.188,0.157,0.172,24.957,399729
1782536395510,0,0,0.000,6.566,6.566,0.188,0.157,0.156,24.957,399762
1782536395543,0,0,0.000,6.566,6.557,0.188,0.157,0.172,24.957,399795
1782536395572,0,0,0.000,6.566,6.557,0.188,0.157,0.194,24.957,399828
1782536395605,0,0,0.000,6.566,6.566,0.188,0.157,0.151,24.957,399861
1782536395673,0,0,0.000,6.566,6.566,0.188,0.157,0.161,24.957,399894
1782536395675,0,0,0.000,6.566,6.557,0.188,0.157,0.215,24.957,399927
1782536395704,0,0,0.000,6.557,6.557,0.188,0.188,0.247,24.957,399960
1782536395737,0,0,0.000,6.566,6.557,0.188,0.157,0.210,24.957,399993
1782536395770,0,0,0.000,6.566,6.557,0.188,0.157,0.210,24.957,400026
1782536395804,0,0,0.000,6.557,6.557,0.188,0.157,0.220,24.957,400059
1782536395838,0,0,0.000,6.566,6.557,0.188,0.157,0.210,24.957,400092
1782536395889,0,0,0.000,6.566,6.557,0.188,0.157,0.204,24.957,400125
1782536395904,0,0,0.000,6.557,6.557,0.188,0.157,0.220,24.957,400158
1782536395936,0,0,0.000,6.557,6.557,0.188,0.157,0.215,24.957,400191
1782536395969,0,0,0.000,6.557,6.557,0.188,0.157,0.247,24.957,400224
1782536396004,0,0,0.000,6.566,6.557,0.188,0.157,0.204,24.957,400257
1782536396036,0,0,0.000,6.557,6.557,0.188,0.157,0.215,24.957,400290
1782536396069,0,0,0.000,6.566,6.557,0.188,0.188,0.220,24.957,400323
1782536396105,0,0,0.000,6.557,6.557,0.188,0.157,0.215,24.957,400356
1782536396135,0,0,0.000,6.566,6.557,0.188,0.157,0.220,24.957,400389
1782536396169,0,0,0.000,6.557,6.549,0.188,0.157,0.263,24.957,400422
1782536396202,0,0,0.000,6.557,6.557,0.188,0.157,0.215,24.957,400455
1782536396235,0,0,0.000,6.557,6.549,0.188,0.157,0.269,24.957,400488
1782536396269,0,0,0.000,6.557,6.557,0.188,0.157,0.210,24.957,400521
1782536396301,0,0,0.000,6.566,6.557,0.188,0.157,0.215,24.957,400554
1782536396337,0,0,0.000,6.549,6.549,0.188,0.157,0.317,24.957,400587
1782536396369,0,0,0.000,6.557,6.557,0.188,0.157,0.231,24.957,400620
1782536396404,0,0,0.000,6.557,6.557,0.188,0.157,0.220,24.957,400653
1782536396436,0,0,0.000,6.557,6.557,0.188,0.157,0.237,24.957,400686
1782536396468,0,0,0.000,6.566,6.557,0.188,0.157,0.242,24.957,400719
1782536396502,0,0,0.000,6.557,6.557,0.188,0.157,0.237,24.957,400752
1782536396538,0,0,0.000,6.557,6.541,0.188,0.157,0.328,24.957,400785
1782536396571,0,0,0.000,6.566,6.557,0.188,0.157,0.215,24.957,400818
1782536396603,0,0,0.000,6.549,6.549,0.188,0.157,0.328,24.957,400851
1782536396637,0,0,0.000,6.557,6.549,0.188,0.157,0.263,24.957,400884
1782536396670,0,0,0.000,6.557,6.549,0.188,0.157,0.258,24.957,400917
1782536396702,0,0,0.000,6.557,6.557,0.188,0.157,0.215,24.957,400950
1782536396735,0,0,0.000,6.549,6.549,0.188,0.157,0.371,24.957,400983
1782536396768,0,0,0.000,6.557,6.549,0.188,0.157,0.237,24.957,401016
1782536396801,0,0,0.000,6.557,6.549,0.188,0.157,0.366,24.957,401049
1782536396839,0,0,0.000,6.557,6.549,0.157,0.157,0.226,24.957,401082
1782536396867,0,0,0.000,6.557,6.557,0.157,0.157,0.215,24.957,401115
1782536396900,0,0,0.000,6.557,6.557,0.188,0.157,0.226,24.957,401148
1782536396935,0,0,0.000,6.557,6.557,0.188,0.157,0.220,24.957,401181
1782536396969,0,0,0.000,6.557,6.557,0.188,0.157,0.210,24.871,401214
1782536397011,0,0,0.000,6.557,6.557,0.188,0.157,0.215,24.957,401247
1782536397049,0,0,0.000,6.566,6.557,0.188,0.157,0.210,24.957,401280
1782536397075,0,0,0.000,6.557,6.557,0.188,0.157,0.242,24.957,401313
1782536397107,0,0,0.000,6.557,6.557,0.188,0.157,0.253,24.957,401346
1782536397133,0,0,0.000,6.557,6.557,0.188,0.157,0.220,24.957,401379
1782536397166,0,0,0.000,6.557,6.557,0.188,0.157,0.220,24.957,401412
1782536397199,0,0,0.000,6.557,6.557,0.188,0.157,0.220,24.957,401445
1782536397233,0,0,0.000,6.557,6.549,0.188,0.157,0.247,24.957,401478
1782536397267,0,0,0.000,6.557,6.557,0.188,0.157,0.210,24.957,401511
1782536397300,0,0,0.000,6.557,6.549,0.188,0.157,0.210,24.957,401544
1782536397338,0,0,0.000,6.557,6.557,0.188,0.157,0.215,24.957,401577
1782536397367,0,0,0.000,6.557,6.557,0.188,0.157,0.210,24.957,401610
1782536397401,0,0,0.000,6.557,6.557,0.188,0.157,0.220,24.957,401643
1782536397432,0,0,0.000,6.557,6.557,0.188,0.157,0.226,24.957,401676
1782536397466,0,0,0.000,6.557,6.557,0.157,0.157,0.215,24.957,401709
1782536397499,0,0,0.000,6.557,6.557,0.188,0.157,0.237,24.957,401742
1782536397533,0,0,0.000,6.557,6.557,0.188,0.157,0.226,24.957,401775
1782536397566,0,0,0.000,6.557,6.557,0.188,0.157,0.226,24.957,401808
1782536397599,0,0,0.000,6.557,6.549,0.188,0.157,0.215,24.957,401841
1782536397632,0,0,0.000,6.557,6.557,0.188,0.157,0.242,24.957,401874
1782536397666,0,0,0.000,6.557,6.557,0.188,0.157,0.247,24.957,401907
1782536397699,0,0,0.000,6.557,6.549,0.188,0.157,0.366,24.957,401940
1782536397734,0,0,0.000,6.557,6.557,0.188,0.157,0.237,24.957,401973
1782536397769,0,0,0.000,6.566,6.557,0.188,0.157,0.226,24.957,402006
1782536397798,0,0,0.000,6.557,6.549,0.188,0.157,0.242,24.957,402039
1782536397831,0,0,0.000,6.557,6.557,0.188,0.157,0.215,24.957,402072
1782536397869,0,0,0.000,6.549,6.541,0.188,0.157,0.344,24.957,402105
1782536397900,0,0,0.000,6.557,6.557,0.188,0.157,0.231,24.957,402138
1782536397932,0,0,0.000,6.557,6.557,0.188,0.157,0.210,24.957,402171
1782536397972,0,0,0.000,6.557,6.557,0.188,0.157,0.220,24.957,402204
1782536398001,0,0,0.000,6.557,6.549,0.188,0.157,0.237,24.957,402237
1782536398030,0,0,0.000,6.549,6.549,0.188,0.157,0.269,24.957,402270
1782536398064,0,0,0.000,6.557,6.557,0.188,0.157,0.215,24.957,402303
1782536398097,0,0,0.000,6.557,6.557,0.188,0.157,0.215,24.871,402336
1782536398131,0,0,0.000,6.566,6.557,0.188,0.157,0.226,24.957,402369
1782536398164,0,0,0.000,6.557,6.557,0.188,0.157,0.226,24.957,402402
1782536398201,0,0,0.000,6.557,6.549,0.188,0.157,0.215,24.957,402435
1782536398231,0,0,0.000,6.557,6.557,0.188,0.157,0.210,24.957,402468
1782536398268,0,0,0.000,6.557,6.549,0.188,0.157,0.226,24.957,402501
1782536398305,0,0,0.000,6.557,6.549,0.188,0.157,0.215,24.957,402534
1782536398332,0,0,0.000,6.557,6.549,0.188,0.157,0.253,24.957,402567
1782536398364,0,0,0.000,6.557,6.549,0.188,0.157,0.247,24.957,402600
1782536398396,0,0,0.000,6.557,6.557,0.188,0.157,0.237,24.871,402633
1782536398430,0,0,0.000,6.557,6.549,0.188,0.157,0.247,24.957,402666
1782536398464,0,0,0.000,6.557,6.549,0.188,0.157,0.237,24.957,402699
1782536398497,0,0,0.000,6.557,6.549,0.188,0.157,0.237,24.957,402732
1782536398530,0,0,0.000,6.557,6.549,0.188,0.157,0.215,24.957,402765
1782536398563,0,0,0.000,6.557,6.557,0.188,0.157,0.226,24.957,402798
1782536398596,0,0,0.000,6.557,6.549,0.188,0.157,0.301,24.957,402831
1782536398630,0,0,0.000,6.557,6.557,0.157,0.157,0.237,24.957,402864
1782536398663,0,0,0.000,6.557,6.557,0.188,0.157,0.215,24.957,402897
1782536398696,0,0,0.000,6.557,6.557,0.188,0.157,0.210,24.957,402930
1782536398737,0,0,0.000,6.557,6.541,0.188,0.157,0.344,24.957,402963
1782536398762,0,0,0.000,6.557,6.541,0.188,0.157,0.355,24.957,402996
1782536398797,0,0,0.000,6.557,6.557,0.188,0.157,0.231,24.871,403029
1782536398830,0,0,0.000,6.557,6.549,0.188,0.157,0.237,24.957,403062
1782536398863,0,0,0.000,6.557,6.557,0.188,0.157,0.220,24.957,403095
1782536398897,0,0,0.000,6.557,6.549,0.188,0.157,0.226,24.957,403128
1782536398929,0,0,0.000,6.557,6.557,0.188,0.157,0.237,24.957,403161
1782536398972,0,0,0.000,6.557,6.557,0.188,0.157,0.210,24.871,403194
1782536399005,0,0,0.000,6.557,6.549,0.188,0.157,0.231,24.957,403227
1782536399044,0,0,0.000,6.557,6.557,0.188,0.157,0.210,24.957,403260
1782536399071,0,0,0.000,6.557,6.557,0.188,0.157,0.210,24.957,403293
1782536399103,0,0,0.000,6.557,6.549,0.188,0.157,0.220,24.957,403326
1782536399149,0,0,0.000,6.557,6.549,0.188,0.188,0.215,24.957,403359
1782536399189,0,0,0.000,6.557,6.549,0.188,0.157,0.231,24.957,403392
1782536399204,0,0,0.000,6.557,6.557,0.188,0.157,0.210,24.957,403425
1782536399235,0,0,0.000,6.557,6.549,0.188,0.157,0.210,24.957,403458
1782536399268,0,0,0.000,6.557,6.557,0.188,0.157,0.215,24.957,403491
1782536399304,0,0,0.000,6.557,6.557,0.188,0.157,0.220,24.957,403524
1782536399334,0,0,0.000,6.557,6.557,0.188,0.157,0.231,24.957,403557
1782536399369,0,0,0.000,6.557,6.549,0.188,0.157,0.220,24.957,403590
1782536399405,0,0,0.000,6.557,6.557,0.157,0.157,0.215,24.957,403623
1782536399435,0,0,0.000,6.557,6.557,0.188,0.157,0.204,24.957,403656
1782536399466,0,0,0.000,6.557,6.557,0.188,0.157,0.247,24.957,403689
1782536399499,0,0,0.000,6.557,6.549,0.188,0.157,0.215,24.957,403722
1782536399532,0,0,0.000,6.557,6.549,0.157,0.157,0.231,24.957,403755
1782536399565,0,0,0.000,6.557,6.557,0.188,0.157,0.215,24.957,403788
1782536399600,0,0,0.000,6.557,6.549,0.188,0.157,0.210,24.957,403821
1782536399631,0,0,0.000,6.557,6.549,0.188,0.188,0.220,24.957,403854
1782536399664,0,0,0.000,6.557,6.557,0.188,0.157,0.215,24.957,403887
1782536399699,0,0,0.000,6.557,6.549,0.188,0.157,0.280,24.957,403920
1782536399730,0,0,0.000,6.557,6.557,0.188,0.157,0.204,24.957,403953
1782536399763,0,0,0.000,6.557,6.557,0.157,0.157,0.215,24.957,403986
1782536399796,0,0,0.000,6.566,6.549,0.157,0.157,0.215,24.957,404019
1782536399829,0,0,0.000,6.549,6.549,0.157,0.157,0.317,24.957,404052
1782536399863,0,0,0.000,6.557,6.549,0.188,0.157,0.215,24.957,404085
1782536399897,0,0,0.000,6.549,6.549,0.188,0.157,0.371,24.957,404118
1782536399928,0,0,0.000,6.557,6.557,0.157,0.157,0.210,24.957,404151
1782536399961,0,0,0.000,6.549,6.541,0.188,0.157,0.312,24.957,404184
1782536399994,0,0,0.000,6.557,6.557,0.188,0.157,0.204,24.957,404217
1782536400028,0,0,0.000,6.557,6.557,0.188,0.157,0.204,24.957,404250
1782536400060,0,0,0.000,6.557,6.557,0.188,0.157,0.220,24.957,404283
1782536400093,0,0,0.000,6.557,6.549,0.157,0.188,0.210,24.957,404316
1782536400131,0,0,0.000,6.557,6.549,0.188,0.157,0.204,24.957,404349
1782536400164,0,0,0.000,6.557,6.549,0.188,0.157,0.215,24.957,404382
1782536400193,0,0,0.000,6.557,6.557,0.188,0.157,0.215,24.957,404415
1782536400227,0,0,0.000,6.549,6.541,0.188,0.157,0.349,24.957,404448
1782536400259,0,0,0.000,6.549,6.549,0.188,0.157,0.280,24.957,404481
1782536400297,0,0,0.000,6.557,6.549,0.188,0.157,0.258,24.957,404514
1782536400331,0,0,0.000,6.557,6.549,0.188,0.188,0.194,24.957,404547
1782536400359,0,0,0.000,6.557,6.549,0.188,0.157,0.263,24.957,404580
1782536400392,0,0,0.000,6.549,6.549,0.188,0.157,0.376,24.957,404613
1782536400429,0,0,0.000,6.557,6.549,0.188,0.188,0.274,24.957,404646
1782536400460,0,0,0.000,6.549,6.541,0.188,0.157,0.301,24.957,404679
1782536400492,0,0,0.000,6.549,6.549,0.188,0.157,0.301,24.957,404712
1782536400531,0,0,0.000,6.549,6.541,0.188,0.157,0.263,24.957,404745
1782536400580,0,0,0.000,6.557,6.549,0.188,0.157,0.215,24.957,404778
1782536400621,0,0,0.000,6.557,6.549,0.157,0.157,0.220,24.957,404811
1782536400641,0,0,0.000,6.557,6.549,0.188,0.157,0.215,24.871,404844
1782536400657,0,0,0.000,6.549,6.541,0.157,0.157,0.290,24.957,404877
1782536400696,0,0,0.000,6.557,6.549,0.188,0.157,0.237,24.957,404910
1782536400726,0,0,0.000,6.557,6.549,0.188,0.157,0.226,24.957,404943
1782536400758,0,0,0.000,6.557,6.549,0.188,0.157,0.242,24.957,404976
1782536400796,0,0,0.000,6.557,6.557,0.188,0.157,0.215,24.957,405009
1782536400824,0,0,0.000,6.549,6.541,0.188,0.157,0.312,24.957,405042
1782536400857,0,0,0.000,6.557,6.549,0.188,0.157,0.210,24.957,405075
1782536400906,0,0,0.000,6.557,6.549,0.188,0.157,0.220,24.957,405108
1782536400923,0,0,0.000,6.557,6.549,0.188,0.157,0.231,24.957,405141
1782536400957,0,0,0.000,6.549,6.557,0.188,0.157,0.247,24.957,405174
1782536400991,0,0,0.000,6.557,6.549,0.188,0.157,0.242,24.957,405207
1782536401025,0,0,0.000,6.557,6.549,0.188,0.157,0.328,24.957,405240
1782536401057,0,0,0.000,6.557,6.549,0.188,0.126,0.220,24.957,405273
1782536401090,0,0,0.000,6.557,6.549,0.188,0.157,0.231,24.957,405306
1782536401125,0,0,0.000,6.557,6.549,0.188,0.157,0.242,24.957,405339
1782536401156,0,0,0.000,6.557,6.549,0.188,0.157,0.220,24.957,405372
1782536401190,0,0,0.000,6.557,6.557,0.188,0.188,0.237,24.957,405405
1782536401223,0,0,0.000,6.557,6.549,0.188,0.157,0.215,24.957,405438
1782536401256,0,0,0.000,6.549,6.549,0.188,0.157,0.215,24.957,405471
1782536401290,0,0,0.000,6.557,6.549,0.188,0.157,0.231,24.957,405504
1782536401323,0,0,0.000,6.557,6.557,0.157,0.157,0.220,24.957,405537
1782536401356,0,0,0.000,6.557,6.557,0.188,0.157,0.215,24.957,405570
1782536401390,0,0,0.000,6.557,6.549,0.157,0.157,0.231,24.957,405603
1782536401423,0,0,0.000,6.557,6.549,0.188,0.157,0.220,24.957,405636
1782536401457,0,0,0.000,6.557,6.549,0.188,0.157,0.242,24.957,405669
1782536401489,0,0,0.000,6.557,6.549,0.188,0.157,0.215,24.957,405702
1782536401524,0,0,0.000,6.557,6.549,0.188,0.157,0.215,24.957,405735
1782536401557,0,0,0.000,6.557,6.549,0.188,0.157,0.242,24.957,405768
1782536401589,0,0,0.000,6.557,6.541,0.188,0.188,0.328,24.957,405801
1782536401623,0,0,0.000,6.557,6.557,0.188,0.157,0.210,24.957,405834
1782536401659,0,0,0.000,6.557,6.549,0.188,0.157,0.226,24.957,405867
1782536401691,0,0,0.000,6.557,6.549,0.188,0.157,0.237,24.957,405900
1782536401722,0,0,0.000,6.557,6.549,0.188,0.157,0.242,24.957,405933
1782536401762,0,0,0.000,6.557,6.549,0.188,0.157,0.226,24.957,405966
1782536401791,0,0,0.000,6.557,6.549,0.188,0.157,0.247,24.957,405999
1782536401821,0,0,0.000,6.557,6.549,0.188,0.157,0.226,24.957,406032
1782536401856,0,0,0.000,6.549,6.541,0.157,0.157,0.355,24.957,406065
1782536401888,0,0,0.000,6.557,6.549,0.188,0.157,0.226,24.957,406098
1782536401920,0,0,0.000,6.557,6.549,0.188,0.157,0.215,24.957,406131
1782536401953,0,0,0.000,6.557,6.549,0.188,0.157,0.237,24.957,406164
1782536401990,0,0,0.000,6.549,6.549,0.188,0.157,0.349,24.957,406197
1782536402020,0,0,0.000,6.557,6.557,0.188,0.157,0.247,24.957,406230
1782536402055,0,0,0.000,6.557,6.549,0.157,0.157,0.226,24.957,406263
1782536402087,0,0,0.000,6.557,6.549,0.188,0.157,0.215,24.957,406296
1782536402120,0,0,0.000,6.549,6.541,0.188,0.157,0.323,24.957,406329
1782536402153,0,0,0.000,6.557,6.549,0.157,0.157,0.253,24.871,406362
1782536402189,0,0,0.000,6.549,6.549,0.188,0.157,0.371,24.957,406395
1782536402239,0,0,0.000,6.557,6.557,0.188,0.157,0.220,24.957,406428
1782536402286,0,0,0.000,6.557,6.557,0.188,0.188,0.215,24.957,406461
1782536402287,0,0,0.000,6.557,6.557,0.188,0.157,0.210,24.957,406494
1782536402322,0,0,0.000,6.557,6.549,0.188,0.157,0.231,24.957,406527
1782536402353,0,0,0.000,6.549,6.541,0.157,0.157,0.312,24.957,406560
1782536402386,0,0,0.000,6.557,6.549,0.188,0.157,0.237,24.871,406593
1782536402421,0,0,0.000,6.557,6.549,0.157,0.188,0.215,24.957,406626
1782536402459,0,0,0.000,6.557,6.549,0.188,0.157,0.237,24.957,406659
1782536402486,0,0,0.000,6.557,6.557,0.188,0.157,0.220,24.957,406692
1782536402519,0,0,0.000,6.541,6.541,0.188,0.157,0.339,24.957,406725
1782536402557,0,0,0.000,6.557,6.549,0.188,0.157,0.247,24.957,406758
1782536402587,0,0,0.000,6.549,6.541,0.188,0.157,0.317,24.957,406791
1782536402620,0,0,0.000,6.557,6.549,0.188,0.157,0.215,24.957,406824
1782536402653,0,0,0.000,6.557,6.549,0.188,0.157,0.237,24.957,406857
1782536402685,0,0,0.000,6.557,6.549,0.188,0.157,0.215,24.957,406890
1782536402721,0,0,0.000,6.557,6.549,0.188,0.157,0.237,24.957,406923
1782536402752,0,0,0.000,6.557,6.549,0.188,0.157,0.215,24.957,406956
1782536402787,0,0,0.000,6.557,6.549,0.188,0.188,0.237,24.957,406989
1782536402820,0,0,0.000,6.557,6.549,0.188,0.157,0.226,24.957,407022
1782536402854,0,0,0.000,6.557,6.549,0.188,0.157,0.237,24.957,407055
1782536402888,0,0,0.000,6.557,6.557,0.188,0.157,0.237,24.957,407088
1782536402919,0,0,0.000,6.557,6.549,0.188,0.157,0.220,24.957,407121
1782536402952,0,0,0.000,6.549,6.549,0.188,0.157,0.237,24.957,407154
1782536402986,0,0,0.000,6.557,6.549,0.188,0.188,0.220,24.957,407187
1782536403020,0,0,0.000,6.557,6.549,0.188,0.157,0.237,24.957,407220
1782536403051,0,0,0.000,6.557,6.549,0.188,0.157,0.215,24.957,407253
1782536403088,0,0,0.000,6.557,6.549,0.188,0.157,0.220,24.957,407286
1782536403129,0,0,0.000,6.557,6.549,0.188,0.157,0.242,24.957,407319
1782536403151,0,0,0.000,6.541,6.533,0.188,0.157,0.468,24.957,407352
1782536403196,0,0,0.000,6.557,6.549,0.188,0.157,0.231,24.957,407385
1782536403230,0,0,0.000,6.557,6.557,0.188,0.157,0.215,24.957,407418
1782536403258,0,0,0.000,6.541,6.541,0.188,0.157,0.349,24.957,407451
1782536403288,0,0,0.000,6.541,6.541,0.188,0.157,0.366,24.957,407484
1782536403329,0,0,0.000,6.557,6.549,0.188,0.157,0.215,24.957,407517
1782536403350,0,0,0.000,6.557,6.549,0.188,0.157,0.210,24.957,407550
1782536403385,0,0,0.000,6.557,6.549,0.188,0.157,0.204,24.957,407583
1782536403428,0,0,0.000,6.557,6.549,0.188,0.157,0.210,24.957,407616
1782536403460,0,0,0.000,6.557,6.549,0.188,0.157,0.210,24.957,407649
1782536403494,0,0,0.000,6.557,6.549,0.157,0.157,0.242,24.957,407682
1782536403525,0,0,0.000,6.557,6.549,0.188,0.157,0.220,24.957,407715
1782536403558,0,0,0.000,6.557,6.549,0.188,0.157,0.247,24.957,407748
1782536403594,0,0,0.000,6.557,6.549,0.188,0.157,0.231,24.957,407781
1782536403625,0,0,0.000,6.557,6.549,0.188,0.157,0.215,24.957,407814
1782536403657,0,0,0.000,6.549,6.549,0.188,0.157,0.237,24.957,407847
1782536403690,0,0,0.000,6.557,6.549,0.188,0.157,0.215,24.957,407880
1782536403723,0,0,0.000,6.557,6.557,0.188,0.157,0.210,24.957,407913
1782536403756,0,0,0.000,6.557,6.549,0.188,0.157,0.215,24.957,407946
1782536403789,0,0,0.000,6.557,6.549,0.188,0.188,0.194,24.957,407979
1782536403826,0,0,0.000,6.557,6.549,0.188,0.157,0.204,24.957,408012
1782536403859,0,0,0.000,6.549,6.541,0.188,0.157,0.296,24.957,408045
1782536403889,0,0,0.000,6.557,6.549,0.188,0.157,0.204,24.957,408078
1782536403942,0,0,0.000,6.557,6.549,0.188,0.157,0.215,24.957,408111
1782536403955,0,0,0.000,6.557,6.549,0.188,0.157,0.301,24.957,408144
1782536403987,0,0,0.000,6.557,6.549,0.188,0.157,0.204,24.957,408177
1782536404020,0,0,0.000,6.557,6.549,0.188,0.157,0.199,24.957,408210
1782536404054,0,0,0.000,6.557,6.549,0.188,0.157,0.199,24.957,408243
1782536404094,0,0,0.000,6.549,6.549,0.188,0.157,0.263,24.957,408276
1782536404125,0,0,0.000,6.557,6.549,0.188,0.157,0.204,24.957,408309
1782536404152,0,0,0.000,6.557,6.549,0.188,0.157,0.220,24.957,408342
1782536404185,0,0,0.000,6.557,6.557,0.188,0.157,0.210,24.957,408375
1782536404220,0,0,0.000,6.549,6.549,0.188,0.157,0.290,24.957,408408
1782536404252,0,0,0.000,6.549,6.549,0.188,0.157,0.274,24.957,408441
1782536404284,0,0,0.000,6.541,6.533,0.188,0.157,0.392,24.957,408474
1782536404328,0,0,0.000,6.557,6.557,0.188,0.157,0.215,24.957,408507
1782536404351,0,0,0.000,6.549,6.541,0.188,0.157,0.328,24.957,408540
1782536404383,0,0,0.000,6.557,6.549,0.188,0.157,0.204,24.957,408573
1782536404420,0,0,0.000,6.549,6.541,0.188,0.157,0.263,24.957,408606
1782536404452,0,0,0.000,6.557,6.549,0.188,0.157,0.204,24.957,408639
1782536404482,0,0,0.000,6.557,6.549,0.157,0.157,0.258,24.957,408672
1782536404515,0,0,0.000,6.557,6.549,0.188,0.157,0.204,24.957,408705
1782536404549,0,0,0.000,6.557,6.549,0.188,0.188,0.199,24.957,408738
1782536404581,0,0,0.000,6.549,6.541,0.157,0.157,0.339,24.957,408771
1782536404615,0,0,0.000,6.557,6.549,0.188,0.157,0.199,24.957,408804
1782536404647,0,0,0.000,6.549,6.549,0.188,0.157,0.215,24.957,408837
1782536404681,0,0,0.000,6.557,6.557,0.188,0.157,0.199,24.957,408870
1782536404714,0,0,0.000,6.557,6.549,0.188,0.157,0.220,24.957,408903
1782536404749,0,0,0.000,6.549,6.549,0.188,0.157,0.220,24.957,408936
1782536404781,0,0,0.000,6.557,6.549,0.188,0.157,0.220,24.957,408969
1782536404821,15,15,0.000,6.549,6.541,0.188,0.157,0.355,24.957,409002
1782536404849,30,30,0.000,6.557,6.549,0.188,0.157,0.263,24.957,409035
1782536404881,60,60,0.000,6.541,6.533,0.188,0.157,0.446,24.957,409068
1782536404917,90,90,0.000,6.549,6.541,0.157,0.157,0.253,24.957,409101
1782536404947,105,105,0.000,6.549,6.549,0.188,0.157,0.263,24.957,409134
1782536404980,135,135,0.000,6.549,6.541,0.188,0.157,0.280,24.957,409167
1782536405015,165,165,0.000,6.549,6.541,0.188,0.188,0.258,24.957,409200
1782536405046,180,180,0.000,6.557,6.541,0.188,0.157,0.247,24.957,409233
1782536405080,210,210,0.000,6.541,6.541,0.188,0.157,0.452,24.957,409266
1782536405124,240,240,0.000,6.549,6.541,0.188,0.157,0.280,24.957,409299
1782536405148,255,255,0.000,6.541,6.533,0.188,0.157,0.457,24.957,409332
1782536405179,285,285,0.000,6.557,6.549,0.188,0.157,0.204,24.957,409365
1782536405215,315,315,0.000,6.557,6.549,0.188,0.157,0.226,24.957,409398
1782536405253,345,345,0.000,6.549,6.541,0.188,0.157,0.317,24.957,409431
1782536405280,360,360,0.000,6.557,6.549,0.188,0.157,0.204,24.957,409464
1782536405321,390,390,0.000,6.557,6.549,0.188,0.157,0.226,24.957,409497
1782536405347,405,405,0.000,6.541,6.541,0.188,0.157,0.339,24.957,409530
1782536405379,435,435,0.000,6.557,6.549,0.188,0.157,0.215,24.957,409563
1782536405412,450,450,0.000,6.557,6.549,0.188,0.157,0.215,24.957,409596
1782536405448,480,480,0.000,6.549,6.541,0.188,0.157,0.349,24.957,409629
1782536405479,500,500,0.000,6.557,6.549,0.188,0.157,0.226,24.957,409662
1782536405517,500,500,0.000,6.541,6.541,0.188,0.157,0.366,24.957,409695
1782536405563,500,500,0.000,6.557,6.557,0.188,0.157,0.231,24.957,409728
1782536405581,500,500,0.000,6.557,6.549,0.188,0.157,0.204,24.957,409761
1782536405611,500,500,0.000,6.549,6.549,0.188,0.157,0.226,24.957,409794
1782536405651,500,500,0.000,6.549,6.541,0.188,0.157,0.226,24.957,409827
1782536405682,500,500,0.000,6.557,6.549,0.188,0.157,0.231,24.957,409860
1782536405713,500,500,0.000,6.557,6.549,0.188,0.157,0.210,24.957,409893
1782536405748,500,500,0.000,6.557,6.549,0.188,0.188,0.215,24.957,409926
1782536405780,500,500,0.000,6.557,6.549,0.188,0.157,0.215,24.957,409959
1782536405812,500,500,0.000,6.557,6.549,0.188,0.157,0.210,24.957,409992
1782536405844,500,500,0.000,6.557,6.549,0.188,0.157,0.204,24.957,410025
1782536405878,500,500,0.000,6.557,6.549,0.188,0.157,0.210,24.957,410058
1782536405911,500,500,0.000,6.557,6.557,0.188,0.157,0.204,24.957,410091
1782536405944,500,500,0.000,6.557,6.549,0.188,0.157,0.226,24.957,410124
1782536405979,460,460,0.000,6.549,6.541,0.188,0.157,0.344,24.957,410157
1782536406010,440,440,0.000,6.557,6.549,0.188,0.157,0.199,24.957,410190
1782536406051,400,400,0.000,6.557,6.549,0.188,0.157,0.204,24.957,410223
1782536406077,360,360,0.000,6.549,6.549,0.188,0.157,0.242,24.957,410256
1782536406116,320,320,0.000,6.557,6.549,0.188,0.157,0.247,24.957,410289
1782536406143,300,300,0.000,6.557,6.549,0.188,0.157,0.204,24.957,410322
1782536406184,260,260,0.000,6.557,6.549,0.188,0.157,0.226,24.957,410355
1782536406210,240,240,0.000,6.557,6.549,0.188,0.157,0.231,24.957,410388
1782536406244,200,200,0.000,6.557,6.549,0.188,0.157,0.199,24.957,410421
1782536406277,160,160,0.000,6.557,6.549,0.188,0.157,0.215,24.957,410454
1782536406312,140,140,0.000,6.549,6.549,0.188,0.157,0.210,24.957,410487
1782536406344,100,100,0.000,6.557,6.549,0.188,0.157,0.231,24.957,410520
1782536406377,60,60,0.000,6.557,6.549,0.188,0.157,0.231,24.957,410553
1782536406410,40,40,0.000,6.557,6.549,0.188,0.157,0.237,24.957,410586
1782536406443,0,0,0.000,6.557,6.549,0.188,0.157,0.237,24.957,410619
1782536406479,0,0,0.000,6.557,6.549,0.188,0.157,0.237,24.957,410652
1782536406510,0,0,0.000,6.557,6.549,0.188,0.157,0.237,24.957,410685
1782536406543,0,0,0.000,6.557,6.549,0.157,0.157,0.237,24.957,410718
1782536406576,0,0,0.000,6.557,6.549,0.157,0.157,0.237,24.957,410751
1782536406609,0,0,0.000,6.549,6.541,0.188,0.157,0.349,24.957,410784
1782536406644,0,0,0.000,6.557,6.549,0.188,0.157,0.220,24.957,410817
1782536406683,0,0,0.000,6.557,6.549,0.188,0.157,0.220,24.957,410850
1782536406712,0,0,0.000,6.541,6.541,0.188,0.188,0.328,24.957,410883
1782536406742,0,0,0.000,6.557,6.549,0.188,0.157,0.220,24.957,410916
1782536406779,0,0,0.000,6.549,6.541,0.188,0.157,0.285,24.957,410949
1782536406809,0,0,0.000,6.549,6.549,0.188,0.157,0.220,24.957,410982
1782536406842,0,0,0.000,6.557,6.549,0.188,0.157,0.215,24.957,411015
1782536406883,0,0,0.000,6.557,6.549,0.188,0.157,0.204,24.957,411048
1782536406920,0,0,0.000,6.557,6.549,0.188,0.157,0.247,24.957,411081
1782536406946,0,0,0.000,6.557,6.541,0.188,0.157,0.349,24.957,411114
1782536406974,0,0,0.000,6.557,6.549,0.188,0.157,0.204,24.957,411147
1782536407009,0,0,0.000,6.557,6.549,0.188,0.188,0.215,24.957,411180
1782536407042,0,0,0.000,6.557,6.549,0.188,0.157,0.204,24.957,411213
1782536407076,0,0,0.000,6.557,6.549,0.188,0.157,0.231,24.957,411246
1782536407120,0,0,0.000,6.557,6.549,0.188,0.157,0.204,24.957,411279
1782536407141,0,0,0.000,6.557,6.549,0.188,0.188,0.204,24.957,411312
1782536407197,0,0,0.000,6.557,6.549,0.188,0.157,0.210,24.957,411345
1782536407207,0,0,0.000,6.557,6.549,0.188,0.157,0.199,24.957,411378
1782536407242,0,0,0.000,6.557,6.549,0.188,0.157,0.204,24.957,411411
1782536407275,0,0,0.000,6.549,6.549,0.188,0.157,0.210,24.957,411444
1782536407308,0,0,0.000,6.557,6.541,0.188,0.157,0.204,24.957,411477
1782536407355,0,0,0.000,6.549,6.541,0.188,0.157,0.210,24.957,411510
1782536407395,0,0,0.000,6.557,6.549,0.188,0.157,0.210,24.957,411543
1782536407407,0,0,0.000,6.557,6.549,0.188,0.157,0.210,24.957,411576
1782536407441,0,0,0.000,6.557,6.549,0.188,0.157,0.226,24.957,411609
1782536407474,0,0,0.000,6.549,6.549,0.188,0.157,0.231,24.957,411642
1782536407507,0,0,0.000,6.557,6.549,0.188,0.157,0.231,24.957,411675
1782536407540,0,0,0.000,6.557,6.549,0.188,0.157,0.231,24.957,411708
1782536407575,-30,-30,0.000,6.557,6.549,0.188,0.157,0.237,24.957,411741
1782536407606,-45,-45,0.000,6.557,6.549,0.157,0.157,0.215,24.957,411774
1782536407641,-75,-75,0.000,6.549,6.541,0.188,0.157,0.204,24.957,411807
1782536407673,-105,-105,0.000,6.541,6.541,0.188,0.157,0.376,24.957,411840
1782536407707,-120,-120,0.000,6.549,6.549,0.188,0.157,0.237,24.957,411873
1782536407739,-150,-150,0.000,6.541,6.533,0.188,0.157,0.452,24.957,411906
1782536407782,-180,-180,0.000,6.549,6.549,0.188,0.157,0.204,24.957,411939
1782536407815,-210,-210,0.000,6.557,6.541,0.188,0.157,0.231,24.957,411972
1782536407848,-240,-240,0.000,6.549,6.549,0.188,0.157,0.204,24.957,412005
1782536407881,-255,-255,0.000,6.557,6.549,0.188,0.157,0.220,24.957,412038
1782536407915,-285,-285,0.000,6.549,6.557,0.188,0.157,0.231,24.957,412071
1782536407947,-300,-300,0.000,6.549,6.549,0.188,0.157,0.226,24.957,412104
1782536407980,-330,-330,0.000,6.557,6.549,0.188,0.157,0.220,24.957,412137
1782536408014,-360,-360,0.000,6.557,6.549,0.188,0.157,0.215,24.957,412170
1782536408046,-375,-375,0.000,6.549,6.549,0.157,0.157,0.215,24.957,412203
1782536408088,-405,-405,0.006,6.549,6.541,0.188,0.157,0.317,24.957,412236
1782536408119,-435,-435,0.000,6.557,6.549,0.188,0.157,0.210,24.957,412269
1782536408146,-450,-450,0.000,6.549,6.541,0.188,0.157,0.333,24.957,412302
1782536408180,-480,-480,0.000,6.549,6.541,0.188,0.157,0.312,24.957,412335
1782536408215,-500,-500,0.000,6.557,6.549,0.157,0.157,0.204,24.957,412368
1782536408247,-500,-500,0.000,6.557,6.549,0.188,0.157,0.204,24.957,412401
1782536408278,-500,-500,0.000,6.541,6.541,0.188,0.157,0.317,24.957,412434
1782536408317,-500,-500,0.000,6.549,6.549,0.188,0.157,0.215,24.957,412467
1782536408345,-500,-500,0.000,6.557,6.549,0.188,0.157,0.204,24.957,412500
1782536408377,-500,-500,0.000,6.557,6.549,0.188,0.157,0.215,24.957,412533
1782536408416,-500,-500,0.000,6.557,6.557,0.188,0.157,0.210,24.957,412566
1782536408473,-500,-500,0.000,6.549,6.549,0.188,0.157,0.280,24.957,412599
1782536408481,-500,-500,0.000,6.557,6.549,0.188,0.157,0.215,24.957,412632
1782536408508,-500,-500,0.000,6.549,6.541,0.188,0.157,0.274,24.957,412665
1782536408541,-500,-500,0.000,6.557,6.549,0.188,0.157,0.215,24.957,412698
1782536408574,-500,-500,0.000,6.541,6.533,0.188,0.157,0.468,24.957,412731
1782536408610,-500,-500,0.000,6.557,6.549,0.188,0.157,0.215,24.957,412764
1782536408640,-480,-480,0.000,6.549,6.541,0.188,0.157,0.280,24.957,412797
1782536408673,-440,-440,0.000,6.557,6.549,0.188,0.157,0.258,24.957,412830
1782536408706,-420,-420,0.000,6.541,6.533,0.188,0.157,0.430,24.957,412863
1782536408739,-380,-380,0.000,6.557,6.549,0.188,0.157,0.204,24.957,412896
1782536408785,-340,-340,0.000,6.549,6.541,0.157,0.157,0.280,24.957,412929
1782536408810,-300,-300,0.000,6.557,6.549,0.188,0.157,0.220,24.957,412962
1782536408853,-260,-260,0.000,6.549,6.549,0.157,0.157,0.220,24.957,412995
1782536408874,-240,-240,0.000,6.557,6.549,0.157,0.157,0.210,24.957,413028
1782536408904,-220,-220,0.000,6.557,6.549,0.188,0.157,0.204,24.957,413061
1782536408937,-180,-180,0.000,6.549,6.549,0.188,0.157,0.220,24.957,413094
1782536408971,-140,-140,0.000,6.549,6.541,0.188,0.157,0.312,24.957,413127
1782536409015,-100,-100,0.000,6.549,6.541,0.188,0.157,0.312,24.957,413160
1782536409040,-80,-80,0.000,6.549,6.549,0.188,0.157,0.306,24.957,413193
1782536409070,-40,-40,0.000,6.549,6.541,0.188,0.157,0.296,24.957,413226
1782536409104,-20,-20,0.000,6.541,6.541,0.188,0.157,0.285,24.957,413259
1782536409137,0,0,0.000,6.557,6.541,0.188,0.157,0.258,24.957,413292
1782536409170,0,0,0.000,6.549,6.549,0.188,0.157,0.296,24.957,413325
1782536409204,0,0,0.000,6.549,6.549,0.188,0.157,0.215,24.957,413358
1782536409237,0,0,0.000,6.549,6.541,0.188,0.157,0.349,24.957,413391
1782536409269,0,0,0.000,6.557,6.541,0.188,0.157,0.258,24.957,413424
1782536409302,0,0,0.000,6.541,6.541,0.188,0.157,0.414,24.957,413457
1782536409338,0,0,0.000,6.549,6.549,0.188,0.157,0.306,24.957,413490
1782536409370,0,0,0.000,6.549,6.541,0.188,0.157,0.258,24.957,413523
1782536409402,0,0,0.000,6.549,6.549,0.188,0.188,0.231,24.957,413556
1782536409440,0,0,0.000,6.541,6.541,0.188,0.157,0.344,24.957,413589
1782536409472,0,0,0.000,6.557,6.549,0.157,0.157,0.210,24.957,413622
1782536409504,0,0,0.000,6.549,6.549,0.157,0.157,0.226,24.957,413655
1782536409535,0,0,0.000,6.549,6.533,0.188,0.157,0.339,24.957,413688
1782536409577,0,0,0.000,6.557,6.549,0.188,0.157,0.253,24.957,413721
1782536409603,0,0,0.000,6.557,6.549,0.188,0.157,0.210,24.957,413754
1782536409634,0,0,0.000,6.549,6.541,0.188,0.157,0.344,24.957,413787
1782536409668,0,0,0.000,6.557,6.549,0.188,0.157,0.215,24.957,413820
1782536409701,0,0,0.000,6.541,6.541,0.157,0.157,0.355,24.957,413853
1782536409736,0,0,0.000,6.549,6.541,0.188,0.157,0.323,24.957,413886
1782536409768,0,0,0.000,6.557,6.549,0.188,0.157,0.210,24.957,413919
1782536409802,0,0,0.000,6.549,6.541,0.188,0.157,0.215,24.957,413952
1782536409834,0,0,0.000,6.557,6.549,0.188,0.157,0.215,24.957,413985
1782536409867,0,0,0.000,6.549,6.549,0.188,0.157,0.269,24.957,414018
1782536409901,0,0,0.000,6.549,6.549,0.188,0.157,0.215,24.957,414051
1782536409937,0,0,0.000,6.541,6.533,0.188,0.157,0.462,24.957,414084
1782536409967,0,0,0.000,6.549,6.541,0.188,0.157,0.280,24.957,414117
1782536410000,0,0,0.000,6.549,6.541,0.188,0.157,0.274,24.957,414150
1782536410034,0,0,0.000,6.549,6.549,0.188,0.157,0.247,24.957,414183
1782536410067,0,0,0.000,6.557,6.541,0.188,0.157,0.237,24.957,414216
1782536410101,0,0,0.000,6.557,6.541,0.188,0.157,0.215,24.957,414249
1782536410137,0,0,0.000,6.549,6.541,0.188,0.157,0.247,24.957,414282
1782536410167,0,0,0.000,6.549,6.549,0.188,0.157,0.210,24.957,414315
1782536410200,0,0,0.000,6.541,6.541,0.188,0.157,0.317,24.957,414348
1782536410237,0,0,0.000,6.549,6.549,0.188,0.157,0.226,24.957,414381
1782536410266,0,0,0.000,6.557,6.549,0.188,0.188,0.231,24.957,414414
1782536410300,0,0,0.000,6.557,6.549,0.188,0.188,0.247,24.957,414447
1782536410334,0,0,0.000,6.549,6.541,0.188,0.157,0.355,24.957,414480
1782536410368,0,0,0.000,6.549,6.541,0.188,0.157,0.226,24.957,414513
1782536410399,0,0,0.000,6.549,6.549,0.188,0.157,0.237,24.957,414546
1782536410433,0,0,0.000,6.549,6.549,0.188,0.157,0.280,24.957,414579
1782536410466,0,0,0.000,6.541,6.541,0.188,0.157,0.323,24.957,414612
1782536410499,0,0,0.000,6.557,6.541,0.188,0.157,0.215,24.957,414645
1782536410533,0,0,0.000,6.549,6.541,0.188,0.157,0.366,24.957,414678
1782536410572,0,0,0.000,6.549,6.541,0.188,0.157,0.301,24.957,414711
1782536410602,0,0,0.000,6.541,6.533,0.188,0.157,0.349,24.957,414744
1782536410639,0,0,0.000,6.557,6.541,0.188,0.157,0.226,24.957,414777
1782536410679,0,0,0.000,6.557,6.549,0.188,0.157,0.215,24.957,414810
1782536410700,0,0,0.000,6.549,6.549,0.188,0.157,0.220,24.957,414843
1782536410732,0,0,0.000,6.549,6.549,0.157,0.157,0.242,24.957,414876
1782536410771,0,0,0.000,6.557,6.549,0.188,0.157,0.220,24.957,414909
1782536410801,0,0,0.000,6.557,6.549,0.188,0.157,0.247,24.957,414942
1782536410831,0,0,0.000,6.549,6.541,0.188,0.157,0.333,24.957,414975
1782536410868,0,0,0.000,6.549,6.549,0.188,0.157,0.215,24.957,415008
1782536410898,0,0,0.000,6.557,6.549,0.188,0.157,0.215,24.957,415041
1782536410931,0,0,0.000,6.549,6.549,0.188,0.157,0.220,24.957,415074
1782536410966,0,0,0.000,6.549,6.541,0.188,0.157,0.312,24.957,415107
1782536410997,0,0,0.000,6.549,6.541,0.188,0.157,0.312,24.957,415140
1782536411031,0,0,0.000,6.557,6.549,0.188,0.157,0.237,24.957,415173
1782536411065,0,0,0.000,6.557,6.549,0.188,0.157,0.231,24.957,415206
1782536411098,0,0,0.000,6.557,6.549,0.188,0.157,0.215,24.957,415239
1782536411131,0,0,0.000,6.557,6.549,0.188,0.157,0.210,24.957,415272
1782536411165,0,0,0.000,6.557,6.549,0.188,0.157,0.220,24.957,415305
1782536411198,0,0,0.000,6.557,6.541,0.188,0.157,0.215,24.957,415338
1782536411231,0,0,0.000,6.549,6.549,0.188,0.157,0.210,24.957,415371
1782536411264,0,0,0.000,6.549,6.549,0.188,0.157,0.231,24.957,415404
1782536411297,0,0,0.000,6.557,6.541,0.188,0.157,0.220,24.957,415437
1782536411332,0,0,0.000,6.549,6.549,0.188,0.157,0.242,24.957,415470
1782536411364,0,0,0.000,6.557,6.549,0.188,0.157,0.226,24.957,415503
1782536411397,0,0,0.006,6.557,6.549,0.188,0.157,0.226,24.957,415536
1782536411433,0,0,0.000,6.549,6.549,0.188,0.157,0.210,24.957,415569
1782536411465,0,0,0.000,6.557,6.549,0.188,0.157,0.215,24.957,415602
1782536411497,0,0,0.000,6.549,6.541,0.188,0.157,0.226,24.957,415635
1782536411530,0,0,0.000,6.557,6.549,0.188,0.157,0.215,24.957,415668
1782536411564,0,0,0.000,6.549,6.549,0.188,0.157,0.215,24.957,415701
1782536411598,0,0,0.000,6.557,6.541,0.188,0.157,0.301,24.957,415734
1782536411630,0,0,0.000,6.557,6.549,0.188,0.157,0.215,24.957,415767
1782536411663,0,0,0.000,6.549,6.541,0.157,0.157,0.237,24.957,415800
1782536411696,0,0,0.000,6.557,6.549,0.188,0.157,0.237,24.957,415833
1782536411733,0,0,0.000,6.549,6.549,0.188,0.157,0.237,24.957,415866
1782536411764,0,0,0.000,6.557,6.549,0.188,0.157,0.247,24.957,415899
1782536411798,30,30,0.000,6.549,6.541,0.188,0.157,0.226,24.957,415932
1782536411830,45,45,0.000,6.549,6.549,0.188,0.157,0.231,24.957,415965
1782536411867,75,75,0.000,6.541,6.541,0.188,0.157,0.344,24.957,415998
1782536411899,105,105,0.000,6.549,6.549,0.188,0.157,0.231,24.957,416031
1782536411930,120,120,0.000,6.557,6.549,0.188,0.157,0.215,24.957,416064
1782536411973,165,165,0.000,6.557,6.549,0.188,0.157,0.210,24.957,416097
1782536412000,180,180,0.000,6.524,6.508,0.345,0.220,0.355,24.957,416130
1782536412040,210,210,0.000,6.475,6.458,0.753,0.408,0.237,24.957,416163
1782536412062,225,225,0.000,6.475,6.466,0.439,0.784,0.215,24.957,416196
1782536412129,270,270,0.000,6.442,6.425,0.941,0.816,0.215,24.957,416229
1782536412140,285,285,0.000,6.425,6.417,0.753,0.910,0.220,24.957,416262
1782536412178,315,315,0.000,6.392,6.375,1.192,0.879,0.441,24.957,416295
1782536412207,330,330,0.000,6.417,6.408,1.098,0.690,0.339,24.957,416328
1782536412238,360,360,0.006,6.392,6.367,1.286,0.784,0.220,24.957,416361
1782536412290,390,390,0.000,6.334,6.317,1.883,0.973,0.258,24.957,416394
1782536412312,405,405,0.000,6.334,6.317,1.632,1.067,0.226,24.957,416427
1782536412338,435,435,0.000,6.292,6.268,1.851,1.286,0.215,24.957,416460
1782536412369,450,450,0.000,6.243,6.210,2.510,1.537,0.237,24.957,416493
1782536412402,480,480,0.006,6.259,6.226,2.322,1.506,0.253,24.957,416526
1782536412447,475,475,0.000,6.226,6.193,2.510,1.663,0.237,24.957,416559
1782536412468,455,455,0.000,6.168,6.135,2.824,1.945,0.355,24.957,416592
1782536412503,415,415,0.000,6.185,6.152,2.761,1.914,0.226,24.957,416625
1782536412536,375,375,0.000,6.235,6.201,2.353,1.569,0.226,24.957,416658
1782536412567,355,355,0.012,6.342,6.317,1.537,0.941,0.210,24.871,416691
1782536412601,315,315,0.000,6.367,6.342,1.349,0.722,0.269,24.957,416724
1782536412633,295,295,0.000,6.417,6.408,1.098,0.439,0.247,24.957,416757
1782536412667,255,255,0.000,6.466,6.450,0.471,0.314,0.220,24.957,416790
1782536412699,215,215,0.000,6.450,6.442,0.690,0.502,0.220,24.957,416823
1782536412732,195,195,0.000,6.475,6.458,0.502,0.408,0.253,24.957,416856
1782536412765,155,155,0.000,6.491,6.475,0.314,0.282,0.247,24.957,416889
1782536412798,115,115,0.000,6.491,6.475,0.345,0.314,0.274,24.957,416922
1782536412831,95,95,0.000,6.516,6.499,0.251,0.220,0.220,24.957,416955
1782536412867,55,55,0.000,6.516,6.508,0.188,0.157,0.237,24.957,416988
1782536412897,15,15,0.000,6.524,6.524,0.188,0.157,0.215,24.957,417021
1782536412930,0,0,0.000,6.533,6.524,0.157,0.157,0.204,24.957,417054
1782536412964,0,0,0.000,6.533,6.524,0.188,0.157,0.210,24.957,417087
1782536412996,0,0,0.006,6.533,6.524,0.220,0.157,0.215,24.957,417120
1782536413036,0,0,0.000,6.533,6.524,0.188,0.157,0.215,24.871,417153
1782536413065,0,0,0.000,6.524,6.524,0.188,0.157,0.269,24.957,417186
1782536413095,0,0,0.000,6.516,6.516,0.188,0.157,0.344,24.957,417219
1782536413128,0,0,0.000,6.533,6.524,0.188,0.188,0.215,24.957,417252
1782536413164,0,0,0.000,6.533,6.533,0.157,0.188,0.210,24.957,417285
1782536413194,0,0,0.000,6.533,6.524,0.188,0.188,0.199,24.957,417318
1782536413229,0,0,0.000,6.533,6.524,0.188,0.157,0.215,24.957,417351
1782536413260,0,0,0.000,6.524,6.524,0.188,0.126,0.237,24.957,417384
1782536413293,0,0,0.000,6.533,6.533,0.188,0.157,0.204,24.957,417417
1782536413334,0,0,0.006,6.533,6.524,0.188,0.188,0.215,25.043,417450
1782536413362,0,0,0.000,6.524,6.516,0.188,0.157,0.339,24.957,417483
1782536413393,0,0,0.000,6.524,6.533,0.188,0.188,0.215,24.957,417516
1782536413426,0,0,0.006,6.541,6.533,0.157,0.126,0.215,24.957,417549
1782536413459,0,0,0.000,6.524,6.533,0.188,0.157,0.220,24.957,417582
1782536413492,0,0,0.000,6.524,6.516,0.188,0.157,0.376,24.957,417615
1782536413525,0,0,0.000,6.533,6.533,0.126,0.188,0.215,24.957,417648
1782536413559,0,0,0.000,6.541,6.524,0.157,0.157,0.285,25.043,417681
1782536413592,0,0,0.000,6.533,6.533,0.126,0.126,0.237,24.957,417714
1782536413626,0,0,0.000,6.533,6.524,0.188,0.157,0.215,24.957,417747
1782536413658,0,0,0.000,6.533,6.524,0.188,0.157,0.258,24.871,417780
1782536413695,0,0,0.000,6.533,6.524,0.188,0.157,0.366,24.871,417813
1782536413729,0,0,0.000,6.533,6.533,0.220,0.157,0.258,24.957,417846
1782536413774,0,0,0.000,6.533,6.524,0.157,0.157,0.285,24.957,417879
1782536413795,0,0,0.000,6.541,6.533,0.188,0.157,0.312,24.957,417912
1782536413825,0,0,0.000,6.541,6.524,0.188,0.157,0.204,24.957,417945
1782536413857,-15,-15,0.000,6.533,6.533,0.157,0.157,0.215,24.957,417978
1782536413891,-30,-30,0.006,6.533,6.524,0.188,0.188,0.328,25.043,418011
1782536413925,-60,-60,0.000,6.549,6.533,0.188,0.126,0.215,24.957,418044
1782536413962,-90,-90,0.000,6.541,6.541,0.188,0.157,0.242,24.957,418077
1782536413991,-105,-105,0.000,6.541,6.533,0.157,0.126,0.220,24.957,418110
1782536414024,-135,-135,0.000,6.533,6.533,0.188,0.157,0.215,24.957,418143
1782536414059,-165,-165,0.000,6.533,6.533,0.188,0.188,0.237,24.957,418176
1782536414090,-180,-180,0.000,6.533,6.524,0.188,0.251,0.226,24.957,418209
1782536414125,-210,-210,0.000,6.475,6.483,0.439,0.471,0.215,24.957,418242
1782536414156,-225,-225,0.000,6.475,6.466,0.314,0.628,0.355,24.957,418275
1782536414190,-255,-255,0.000,6.458,6.450,0.471,0.753,0.220,24.957,418308
1782536414223,-285,-285,0.000,6.400,6.384,0.847,0.910,0.366,24.957,418341
1782536414259,-315,-315,0.006,6.408,6.392,0.941,0.879,0.237,24.957,418374
1782536414290,-330,-330,0.000,6.400,6.392,0.910,0.879,0.242,24.957,418407
1782536414325,-360,-360,0.000,6.342,6.342,1.318,1.035,0.215,24.957,418440
1782536414356,-375,-375,0.000,6.326,6.309,1.381,1.192,0.344,24.957,418473
1782536414393,-405,-405,0.000,6.326,6.301,1.757,1.192,0.242,25.043,418506
1782536414423,-365,-365,0.012,6.243,6.218,1.914,1.694,0.355,24.957,418539
1782536414456,-345,-345,0.000,6.309,6.284,1.694,1.255,0.231,24.957,418572
1782536414493,-305,-305,0.000,6.309,6.292,1.663,1.192,0.263,24.957,418605
1782536414522,-265,-265,0.000,6.359,6.342,1.286,1.004,0.242,25.043,418638
1782536414563,-225,-225,0.000,6.425,6.417,0.847,0.596,0.220,24.957,418671
1782536414591,-205,-205,0.000,6.491,6.483,0.439,0.251,0.237,24.957,418704
1782536414623,-165,-165,0.000,6.508,6.499,0.282,0.282,0.285,24.957,418737
1782536414659,-145,-145,0.000,6.491,6.483,0.282,0.314,0.220,25.043,418770
1782536414695,-105,-105,0.012,6.508,6.499,0.251,0.220,0.296,24.957,418803
1782536414723,-65,-65,0.000,6.524,6.524,0.188,0.188,0.220,24.871,418836
1782536414755,-45,-45,0.000,6.524,6.516,0.188,0.220,0.231,24.957,418869
1782536414797,-5,-5,0.000,6.516,6.524,0.188,0.157,0.258,24.957,418902
1782536414821,0,0,0.000,6.524,6.516,0.157,0.188,0.355,24.957,418935
1782536414856,0,0,0.000,6.533,6.516,0.188,0.157,0.215,24.957,418968
1782536414888,0,0,0.000,6.524,6.524,0.157,0.157,0.215,24.957,419001
1782536414925,0,0,0.000,6.533,6.524,0.188,0.157,0.215,24.957,419034
1782536414954,0,0,0.000,6.524,6.516,0.188,0.188,0.210,24.957,419067
1782536414987,0,0,0.000,6.541,6.516,0.188,0.126,0.220,24.957,419100
1782536415030,0,0,0.000,6.524,6.524,0.220,0.188,0.220,24.957,419133
1782536415094,0,0,0.000,6.533,6.524,0.188,0.157,0.210,24.957,419166
1782536415105,0,0,0.000,6.533,6.524,0.188,0.157,0.231,24.957,419199
1782536415122,0,0,0.000,6.524,6.516,0.157,0.188,0.366,24.957,419232
1782536415156,-15,15,0.000,6.524,6.516,0.188,0.157,0.312,24.957,419265
1782536415188,-45,45,0.000,6.533,6.524,0.188,0.157,0.215,24.957,419298
1782536415221,-60,60,0.000,6.533,6.524,0.157,0.157,0.231,24.957,419331
1782536415256,-90,90,0.000,6.541,6.533,0.188,0.157,0.215,24.957,419364
1782536415287,-120,120,0.000,6.541,6.533,0.126,0.157,0.237,24.957,419397
1782536415322,-150,150,0.000,6.533,6.524,0.188,0.126,0.215,24.957,419430
1782536415353,-165,165,0.000,6.524,6.516,0.188,0.188,0.328,24.957,419463
1782536415400,-195,195,0.000,6.475,6.466,0.690,0.282,0.231,24.957,419496
1782536415428,-225,225,0.000,6.491,6.483,0.439,0.345,0.220,24.957,419529
1782536415454,-240,240,0.006,6.458,6.450,0.471,0.533,0.247,24.957,419562
1782536415487,-270,270,0.000,6.392,6.375,1.130,0.941,0.253,24.957,419595
1782536415524,-285,285,0.006,6.400,6.400,0.941,0.784,0.215,24.957,419628
1782536415558,-315,315,0.000,6.384,6.359,1.161,0.941,0.204,24.957,419661
1782536415588,-310,310,0.006,6.317,6.309,1.600,1.318,0.237,25.043,419694
1782536415620,-290,290,0.006,6.301,6.276,1.945,1.286,0.349,24.957,419727
1782536415654,-250,250,0.000,6.301,6.276,1.945,1.224,0.237,24.957,419760
1782536415687,-210,210,0.006,6.400,6.392,1.004,0.722,0.242,24.957,419793
1782536415719,-190,190,0.000,6.417,6.408,0.910,0.596,0.237,24.957,419826
1782536415754,-150,150,0.000,6.458,6.450,0.502,0.377,0.231,24.957,419859
1782536415790,-110,110,0.006,6.475,6.466,0.439,0.345,0.253,24.957,419892
1782536415820,-90,90,0.000,6.491,6.483,0.345,0.220,0.237,24.957,419925
1782536415853,-50,50,0.000,6.508,6.508,0.188,0.157,0.220,24.957,419958
1782536415891,-10,10,0.000,6.516,6.499,0.220,0.157,0.376,24.957,419991
1782536415922,0,0,0.000,6.524,6.516,0.188,0.157,0.220,24.957,420024
1782536415952,0,0,0.006,6.516,6.508,0.188,0.157,0.355,24.957,420057
1782536415987,0,0,0.000,6.524,6.524,0.188,0.157,0.210,24.957,420090
1782536416018,0,0,0.000,6.524,6.516,0.188,0.157,0.215,24.957,420123
1782536416052,0,0,0.000,6.524,6.516,0.157,0.126,0.237,24.957,420156
1782536416086,0,0,0.000,6.524,6.524,0.188,0.157,0.242,24.957,420189
1782536416119,0,0,0.000,6.524,6.524,0.188,0.157,0.220,24.957,420222
1782536416152,0,0,0.000,6.533,6.524,0.188,0.157,0.215,24.957,420255
1782536416185,0,0,0.000,6.524,6.524,0.188,0.188,0.215,24.957,420288
1782536416219,0,0,0.000,6.533,6.524,0.157,0.126,0.210,24.957,420321
1782536416252,0,0,0.000,6.533,6.516,0.188,0.157,0.210,24.957,420354
1782536416285,0,0,0.000,6.533,6.524,0.157,0.157,0.269,25.043,420387
1782536416319,0,0,0.000,6.533,6.524,0.188,0.157,0.237,24.957,420420
1782536416354,0,0,0.000,6.524,6.524,0.220,0.188,0.210,24.957,420453
1782536416386,0,0,0.000,6.524,6.533,0.188,0.157,0.237,24.957,420486
1782536416423,0,0,0.000,6.524,6.524,0.157,0.157,0.220,24.957,420519
1782536416453,0,0,0.000,6.533,6.524,0.188,0.157,0.231,24.957,420552
1782536416484,0,0,0.000,6.533,6.524,0.188,0.188,0.220,24.957,420585
1782536416529,0,0,0.000,6.533,6.524,0.188,0.157,0.242,25.043,420618
1782536416560,0,0,0.000,6.524,6.524,0.220,0.157,0.220,24.957,420651
1782536416595,0,0,0.000,6.541,6.524,0.188,0.188,0.210,25.043,420684
1782536416626,0,0,0.000,6.541,6.524,0.188,0.188,0.226,24.957,420717
1782536416659,0,0,0.000,6.533,6.524,0.188,0.157,0.242,24.957,420750
1782536416692,0,0,0.000,6.524,6.524,0.188,0.157,0.215,24.957,420783
1782536416726,0,0,0.000,6.524,6.516,0.188,0.188,0.366,24.957,420816
1782536416759,0,0,0.000,6.541,6.516,0.188,0.157,0.220,24.957,420849
1782536416793,0,0,0.000,6.533,6.524,0.220,0.126,0.220,24.957,420882
1782536416831,0,0,0.000,6.533,6.524,0.188,0.188,0.215,25.043,420915
1782536416857,0,0,0.000,6.533,6.524,0.188,0.126,0.360,25.043,420948
1782536416890,0,0,0.006,6.533,6.533,0.188,0.157,0.204,24.957,420981
1782536416923,0,0,0.000,6.533,6.524,0.188,0.157,0.258,24.957,421014
1782536416956,0,0,0.000,6.533,6.516,0.157,0.126,0.204,24.957,421047
1782536416998,0,0,0.000,6.524,6.524,0.157,0.157,0.210,24.957,421080
1782536417022,0,0,0.006,6.524,6.508,0.188,0.157,0.462,24.957,421113
1782536417056,0,0,0.000,6.541,6.524,0.157,0.157,0.204,24.957,421146
1782536417092,0,0,0.000,6.524,6.533,0.157,0.188,0.210,24.957,421179
1782536417124,0,0,0.000,6.524,6.524,0.188,0.157,0.231,24.957,421212
1782536417154,0,0,0.000,6.533,6.541,0.188,0.126,0.301,24.957,421245
1782536417187,0,0,0.000,6.533,6.524,0.188,0.157,0.204,24.957,421278
1782536417225,0,0,0.000,6.533,6.533,0.188,0.157,0.258,24.957,421311
1782536417259,0,0,0.000,6.541,6.524,0.157,0.157,0.215,25.043,421344
1782536417287,0,0,0.000,6.524,6.524,0.188,0.157,0.349,24.957,421377
1782536417325,0,0,0.000,6.533,6.524,0.157,0.157,0.215,24.957,421410
1782536417352,0,0,0.006,6.524,6.533,0.188,0.157,0.226,24.957,421443
1782536417389,0,0,0.000,6.533,6.533,0.188,0.220,0.215,25.043,421476
1782536417424,0,0,0.000,6.533,6.524,0.157,0.188,0.226,24.957,421509
1782536417451,0,0,0.000,6.541,6.533,0.157,0.157,0.226,24.957,421542
1782536417483,0,0,0.006,6.533,6.541,0.188,0.157,0.226,24.957,421575
1782536417517,0,0,0.000,6.533,6.524,0.188,0.157,0.220,25.043,421608
1782536417549,0,0,0.000,6.533,6.524,0.188,0.157,0.215,24.957,421641
1782536417582,0,0,0.000,6.533,6.524,0.188,0.157,0.306,24.957,421674
1782536417617,0,0,0.000,6.541,6.533,0.188,0.157,0.210,25.043,421707
1782536417648,0,0,0.000,6.524,6.524,0.188,0.188,0.204,25.043,421740
1782536417683,0,0,0.000,6.533,6.524,0.157,0.157,0.317,24.957,421773
1782536417715,0,0,0.000,6.541,6.533,0.188,0.157,0.210,24.957,421806
1782536417748,0,0,0.000,6.541,6.533,0.157,0.157,0.210,24.957,421839
1782536417781,0,0,0.000,6.524,6.524,0.220,0.126,0.296,24.957,421872
1782536417816,0,0,0.000,6.533,6.533,0.251,0.157,0.306,24.957,421905
1782536417847,0,0,0.000,6.524,6.533,0.220,0.094,0.285,24.957,421938
1782536417883,0,0,0.000,6.533,6.541,0.188,0.157,0.258,24.957,421971
1782536417914,0,0,0.000,6.533,6.533,0.188,0.157,0.263,24.957,422004
1782536417948,0,0,0.000,6.533,6.524,0.157,0.157,0.285,25.043,422037
1782536417980,0,0,0.000,6.524,6.524,0.188,0.126,0.306,24.957,422070
1782536418024,0,0,0.000,6.541,6.533,0.157,0.157,0.263,24.957,422103
1782536418047,0,0,0.000,6.541,6.524,0.251,0.157,0.253,24.957,422136
1782536418082,0,0,0.000,6.533,6.533,0.188,0.157,0.247,25.043,422169
1782536418114,0,0,0.000,6.524,6.516,0.188,0.157,0.312,24.957,422202
1782536418147,0,0,0.000,6.533,6.533,0.188,0.157,0.269,24.957,422235
1782536418184,0,0,0.000,6.524,6.524,0.188,0.157,0.398,24.957,422268
1782536418223,0,0,0.000,6.533,6.524,0.188,0.188,0.263,24.957,422301
1782536418247,0,0,0.000,6.533,6.524,0.157,0.157,0.333,24.957,422334
1782536418280,0,0,0.000,6.533,6.533,0.188,0.157,0.199,24.957,422367
1782536418318,0,0,0.000,6.549,6.533,0.251,0.157,0.204,24.957,422400
1782536418351,0,0,0.000,6.533,6.524,0.157,0.157,0.312,24.957,422433
1782536418381,0,0,0.000,6.541,6.533,0.157,0.188,0.204,24.957,422466
1782536418413,0,0,0.000,6.533,6.524,0.188,0.188,0.349,25.043,422499
1782536418451,0,0,0.000,6.533,6.524,0.188,0.157,0.344,24.957,422532
1782536418482,0,0,0.000,6.533,6.533,0.188,0.157,0.231,24.957,422565
1782536418513,0,0,0.000,6.533,6.524,0.188,0.157,0.296,24.957,422598
1782536418546,0,0,0.000,6.533,6.524,0.220,0.157,0.226,24.871,422631
1782536418584,0,0,0.000,6.541,6.533,0.188,0.157,0.220,24.957,422664
1782536418613,0,0,0.006,6.533,6.524,0.188,0.157,0.215,24.957,422697
1782536418646,0,0,0.000,6.541,6.533,0.126,0.094,0.215,24.957,422730
1782536418691,0,0,0.000,6.541,6.533,0.188,0.157,0.210,24.871,422763
1782536418712,0,0,0.006,6.541,6.533,0.188,0.188,0.339,25.043,422796
1782536418747,0,0,0.000,6.533,6.524,0.188,0.157,0.204,25.043,422829
1782536418779,0,0,0.000,6.524,6.533,0.188,0.188,0.306,24.957,422862
1782536418817,0,0,0.000,6.541,6.533,0.220,0.188,0.210,24.957,422895
1782536418850,0,0,0.000,6.549,6.533,0.188,0.157,0.199,24.957,422928
1782536418881,0,0,0.000,6.541,6.524,0.188,0.126,0.204,24.957,422961
1782536418915,0,0,0.000,6.541,6.533,0.188,0.157,0.210,24.957,422994
1782536418945,0,0,0.000,6.541,6.533,0.126,0.188,0.204,24.957,423027
1782536418981,0,0,0.000,6.541,6.533,0.157,0.157,0.220,24.957,423060
1782536419012,0,0,0.006,6.541,6.541,0.188,0.188,0.210,25.043,423093
1782536419045,0,0,0.000,6.541,6.541,0.188,0.157,0.204,24.957,423126
1782536419079,0,0,0.000,6.541,6.533,0.188,0.188,0.204,24.957,423159
1782536419111,0,0,0.000,6.533,6.524,0.188,0.157,0.301,24.957,423192
1782536419147,0,0,0.000,6.541,6.533,0.157,0.157,0.204,24.957,423225
1782536419179,0,0,0.000,6.533,6.533,0.126,0.126,0.215,24.957,423258
1782536419213,0,0,0.000,6.533,6.524,0.188,0.188,0.306,25.043,423291
1782536419244,0,0,0.006,6.533,6.524,0.188,0.157,0.226,25.043,423324
1782536419278,0,0,0.000,6.541,6.524,0.157,0.157,0.204,24.957,423357
1782536419313,0,0,0.000,6.533,6.533,0.188,0.157,0.220,24.957,423390
1782536419345,0,0,0.006,6.541,6.533,0.188,0.157,0.210,24.957,423423
1782536419378,0,0,0.000,6.541,6.533,0.188,0.157,0.237,24.957,423456
1782536419411,0,0,0.000,6.549,6.533,0.188,0.188,0.231,24.957,423489
1782536419445,0,0,0.000,6.541,6.533,0.188,0.188,0.215,24.957,423522
1782536419478,0,0,0.000,6.533,6.524,0.188,0.157,0.349,24.957,423555
1782536419510,0,0,0.000,6.541,6.533,0.188,0.157,0.242,24.957,423588
1782536419543,0,0,0.000,6.541,6.524,0.188,0.126,0.237,24.957,423621
1782536419579,0,0,0.000,6.541,6.541,0.188,0.126,0.215,24.957,423654
1782536419611,0,0,0.000,6.541,6.533,0.188,0.157,0.237,24.957,423687
1782536419643,0,0,0.006,6.524,6.533,0.157,0.188,0.220,24.957,423720
1782536419684,0,0,0.000,6.541,6.533,0.157,0.157,0.226,24.957,423753
1782536419711,0,0,0.000,6.541,6.541,0.157,0.126,0.220,24.957,423786
1782536419744,0,0,0.000,6.541,6.533,0.188,0.157,0.226,25.043,423819
1782536419779,0,0,0.000,6.541,6.533,0.157,0.157,0.226,24.957,423852
1782536419813,0,0,0.000,6.541,6.541,0.188,0.188,0.215,24.957,423885
1782536419845,0,0,0.006,6.541,6.533,0.157,0.157,0.247,24.957,423918
1782536419877,0,0,0.000,6.541,6.524,0.188,0.157,0.269,24.957,423951
1782536419909,0,0,0.006,6.541,6.533,0.157,0.157,0.204,24.957,423984
1782536419943,0,0,0.000,6.533,6.533,0.188,0.157,0.204,24.957,424017
1782536419976,0,0,0.000,6.533,6.524,0.188,0.157,0.220,24.957,424050
1782536420009,0,0,0.000,6.541,6.533,0.188,0.157,0.210,24.957,424083
1782536420044,0,0,0.000,6.549,6.533,0.188,0.157,0.199,25.043,424116
1782536420076,0,0,0.000,6.533,6.533,0.188,0.157,0.210,24.957,424149
1782536420109,0,0,0.000,6.541,6.533,0.188,0.188,0.204,24.957,424182
1782536420144,0,0,0.000,6.533,6.533,0.188,0.157,0.204,24.957,424215
1782536420175,0,0,0.000,6.541,6.533,0.188,0.157,0.231,25.043,424248
1782536420209,0,0,0.000,6.549,6.533,0.188,0.157,0.237,24.957,424281
1782536420253,0,0,0.000,6.541,6.533,0.188,0.157,0.237,24.957,424314
1782536420276,0,0,0.000,6.541,6.533,0.188,0.157,0.204,24.957,424347
1782536420329,0,0,0.000,6.533,6.541,0.157,0.157,0.237,24.957,424380
1782536420342,0,0,0.000,6.557,6.533,0.188,0.188,0.210,24.957,424413
1782536420375,0,0,0.000,6.541,6.541,0.188,0.188,0.210,24.957,424446
1782536420408,0,0,0.000,6.541,6.533,0.188,0.157,0.226,24.957,424479
1782536420447,0,0,0.000,6.541,6.541,0.188,0.188,0.220,24.957,424512
1782536420475,0,0,0.000,6.541,6.533,0.188,0.157,0.204,24.957,424545
1782536420521,0,0,0.006,6.549,6.533,0.188,0.157,0.204,24.957,424578
1782536420543,0,0,0.000,6.541,6.524,0.188,0.126,0.204,24.957,424611
1782536420575,0,0,0.000,6.533,6.524,0.188,0.157,0.344,24.957,424644
1782536420607,0,0,0.000,6.541,6.533,0.188,0.157,0.231,24.957,424677
1782536420644,0,0,0.000,6.549,6.541,0.220,0.157,0.237,24.957,424710
1782536420675,0,0,0.000,6.541,6.533,0.188,0.188,0.220,24.957,424743
1782536420709,0,0,0.000,6.541,6.541,0.188,0.157,0.204,24.957,424776
1782536420742,0,0,0.006,6.541,6.533,0.220,0.126,0.237,24.957,424809
1782536420775,0,0,0.000,6.541,6.533,0.157,0.157,0.226,24.957,424842
1782536420818,0,0,0.000,6.541,6.533,0.188,0.157,0.285,24.957,424875
1782536420851,0,0,0.000,6.541,6.533,0.188,0.157,0.226,25.043,424908
1782536420885,0,0,0.000,6.541,6.541,0.188,0.157,0.215,25.043,424941
1782536420919,0,0,0.000,6.541,6.533,0.188,0.188,0.204,24.957,424974
1782536420949,0,0,0.000,6.541,6.541,0.188,0.157,0.220,24.957,425007
1782536420982,0,0,0.000,6.541,6.533,0.188,0.157,0.226,24.957,425040
1782536421016,0,0,0.000,6.549,6.541,0.188,0.157,0.231,24.957,425073
1782536421056,0,0,0.000,6.541,6.533,0.188,0.126,0.215,24.957,425106
1782536421082,0,0,0.006,6.557,6.549,0.188,0.157,0.204,24.957,425139
1782536421117,0,0,0.000,6.557,6.533,0.157,0.157,0.204,24.957,425172
1782536421149,0,0,0.006,6.541,6.541,0.157,0.157,0.242,25.043,425205
1782536421180,0,0,0.006,6.541,6.541,0.188,0.126,0.204,24.957,425238
1782536421216,0,0,0.000,6.541,6.533,0.188,0.157,0.199,24.957,425271
1782536421247,0,0,0.000,6.549,6.541,0.126,0.157,0.199,24.957,425304
1782536421284,0,0,0.000,6.541,6.541,0.188,0.157,0.215,24.957,425337
1782536421319,0,0,0.006,6.533,6.541,0.188,0.188,0.263,24.957,425370
1782536421351,0,0,0.006,6.541,6.524,0.188,0.157,0.204,24.957,425403
1782536421386,0,0,0.000,6.541,6.533,0.188,0.157,0.215,24.957,425436
1782536421412,0,0,0.000,6.541,6.541,0.126,0.157,0.199,24.957,425469
1782536421444,0,0,0.000,6.541,6.541,0.188,0.157,0.204,24.957,425502
1782536421477,0,0,0.000,6.541,6.541,0.188,0.157,0.204,24.957,425535
1782536421510,0,0,0.000,6.533,6.533,0.188,0.188,0.301,24.957,425568
1782536421561,0,0,0.000,6.541,6.533,0.188,0.188,0.258,24.957,425601
1782536421580,0,0,0.000,6.541,6.524,0.188,0.188,0.226,24.957,425634
1782536421610,0,0,0.000,6.541,6.549,0.188,0.157,0.210,24.957,425667
1782536421642,0,0,0.000,6.541,6.533,0.220,0.188,0.210,25.043,425700
1782536421675,0,0,0.000,6.533,6.524,0.188,0.157,0.349,24.957,425733
1782536421708,0,0,0.006,6.549,6.541,0.157,0.188,0.210,24.957,425766
1782536421741,0,0,0.000,6.541,6.549,0.188,0.188,0.210,24.957,425799
1782536421774,0,0,0.000,6.541,6.541,0.126,0.157,0.199,25.043,425832
1782536421809,0,0,0.000,6.533,6.524,0.157,0.157,0.333,24.957,425865
1782536421849,0,0,0.000,6.541,6.541,0.188,0.157,0.210,24.957,425898
1782536421873,0,0,0.006,6.524,6.524,0.157,0.188,0.371,24.957,425931
1782536421907,0,0,0.000,6.533,6.541,0.188,0.157,0.285,24.957,425964
1782536421944,0,0,0.000,6.541,6.524,0.220,0.157,0.366,24.957,425997
1782536421972,0,0,0.000,6.549,6.533,0.188,0.157,0.210,24.957,426030
1782536422006,0,0,0.000,6.541,6.533,0.188,0.157,0.290,24.957,426063
1782536422038,0,0,0.000,6.541,6.533,0.188,0.157,0.263,24.957,426096
1782536422081,0,0,0.000,6.541,6.541,0.188,0.126,0.204,24.957,426129
1782536422106,0,0,0.000,6.549,6.533,0.188,0.157,0.237,24.957,426162
1782536422147,0,0,0.000,6.541,6.549,0.157,0.188,0.204,24.957,426195
1782536422179,0,0,0.000,6.541,6.533,0.188,0.126,0.231,24.957,426228
1782536422203,0,0,0.006,6.541,6.516,0.157,0.126,0.430,25.043,426261
1782536422241,0,0,0.000,6.549,6.541,0.188,0.157,0.194,24.957,426294
1782536422271,0,0,0.000,6.549,6.541,0.188,0.157,0.210,24.957,426327
1782536422309,0,0,0.000,6.541,6.541,0.188,0.188,0.210,24.957,426360
1782536422343,0,0,0.000,6.541,6.541,0.188,0.157,0.210,24.957,426393
1782536422373,0,0,0.000,6.541,6.533,0.188,0.126,0.247,24.957,426426
1782536422404,0,0,0.000,6.549,6.533,0.188,0.157,0.371,24.957,426459
1782536422437,0,0,0.000,6.533,6.549,0.188,0.157,0.258,24.957,426492
1782536422470,0,0,0.000,6.541,6.533,0.188,0.157,0.349,24.957,426525
1782536422503,0,0,0.006,6.541,6.533,0.157,0.157,0.253,24.957,426558
1782536422538,0,0,0.000,6.533,6.533,0.188,0.126,0.339,24.957,426591
1782536422570,0,0,0.000,6.541,6.533,0.188,0.157,0.210,25.043,426624
1782536422602,0,0,0.006,6.549,6.541,0.188,0.157,0.301,24.957,426657
1782536422636,0,0,0.000,6.541,6.549,0.188,0.126,0.247,24.957,426690
1782536422671,0,0,0.000,6.549,6.533,0.188,0.157,0.215,24.957,426723
1782536422703,0,0,0.000,6.541,6.541,0.188,0.157,0.210,24.957,426756
1782536422735,0,0,0.000,6.541,6.533,0.157,0.188,0.306,24.957,426789
1782536422769,0,0,0.006,6.549,6.533,0.157,0.157,0.220,24.957,426822
1782536422803,0,0,0.000,6.541,6.533,0.188,0.188,0.247,25.043,426855
1782536422836,0,0,0.000,6.541,6.533,0.157,0.157,0.242,24.957,426888
1782536422870,0,0,0.000,6.533,6.541,0.188,0.126,0.355,24.957,426921
1782536422902,0,0,0.000,6.541,6.541,0.157,0.126,0.226,24.957,426954
1782536422935,0,0,0.006,6.541,6.557,0.188,0.126,0.220,24.957,426987
1782536422970,0,0,0.000,6.541,6.524,0.188,0.157,0.220,24.957,427020
1782536423002,0,0,0.000,6.541,6.524,0.188,0.157,0.323,25.043,427053
1782536423035,0,0,0.000,6.541,6.533,0.188,0.188,0.237,24.957,427086
1782536423070,0,0,0.000,6.541,6.541,0.157,0.157,0.237,24.957,427119
1782536423102,0,0,0.000,6.541,6.541,0.157,0.157,0.226,24.957,427152
1782536423137,0,0,0.000,6.549,6.533,0.157,0.157,0.237,24.957,427185
1782536423168,0,0,0.000,6.541,6.524,0.126,0.188,0.220,25.043,427218
1782536423202,0,0,0.006,6.541,6.541,0.188,0.188,0.231,25.043,427251
1782536423237,0,0,0.000,6.541,6.549,0.188,0.157,0.237,24.957,427284
1782536423272,0,0,0.006,6.557,6.541,0.188,0.126,0.215,24.957,427317
1782536423301,0,0,0.000,6.541,6.533,0.188,0.126,0.242,24.957,427350
1782536423335,0,0,0.000,6.533,6.541,0.188,0.157,0.226,25.043,427383
1782536423368,0,0,0.006,6.541,6.541,0.220,0.157,0.226,24.957,427416
1782536423401,0,0,0.000,6.541,6.524,0.188,0.126,0.237,24.957,427449
1782536423437,0,0,0.000,6.541,6.541,0.188,0.188,0.215,24.957,427482
1782536423470,0,0,0.000,6.541,6.541,0.220,0.188,0.220,24.957,427515
1782536423500,0,0,0.000,6.541,6.541,0.188,0.188,0.242,24.957,427548
1782536423535,0,0,0.000,6.541,6.549,0.188,0.157,0.247,24.957,427581
1782536423583,0,0,0.000,6.549,6.533,0.220,0.188,0.349,24.957,427614
1782536423602,0,0,0.000,6.541,6.549,0.188,0.126,0.210,24.957,427647
1782536423634,0,0,0.000,6.549,6.533,0.188,0.157,0.226,24.957,427680
1782536423671,0,0,0.000,6.541,6.541,0.220,0.157,0.237,24.957,427713
1782536423700,0,0,0.000,6.549,6.533,0.188,0.157,0.247,24.957,427746
1782536423735,0,0,0.000,6.549,6.541,0.188,0.157,0.237,24.957,427779
1782536423785,0,0,0.000,6.541,6.541,0.188,0.126,0.220,24.957,427812
1782536423800,0,0,0.000,6.533,6.541,0.188,0.157,0.215,24.957,427845
1782536423833,0,0,0.000,6.533,6.533,0.188,0.157,0.274,24.957,427878
1782536423867,0,0,0.000,6.541,6.533,0.188,0.157,0.258,24.957,427911
1782536423900,0,0,0.000,6.541,6.541,0.188,0.157,0.204,24.957,427944
1782536423933,0,0,0.000,6.549,6.541,0.188,0.157,0.204,24.957,427977
1782536423967,0,0,0.000,6.541,6.533,0.188,0.157,0.226,24.957,428010
1782536423999,0,0,0.000,6.541,6.541,0.188,0.157,0.204,24.957,428043
1782536424034,0,0,0.000,6.541,6.541,0.188,0.157,0.204,24.957,428076
1782536424066,0,0,0.006,6.549,6.541,0.188,0.157,0.226,24.957,428109
1782536424099,0,0,0.000,6.549,6.541,0.157,0.157,0.210,24.957,428142
1782536424133,0,0,0.000,6.533,6.541,0.188,0.157,0.220,24.957,428175
1782536424167,0,0,0.000,6.549,6.533,0.188,0.188,0.226,24.957,428208
1782536424200,0,0,0.000,6.541,6.541,0.188,0.157,0.231,24.957,428241
1782536424233,0,0,0.000,6.541,6.541,0.188,0.157,0.220,24.957,428274
1782536424267,0,0,0.000,6.533,6.533,0.188,0.157,0.296,24.957,428307
1782536424298,0,0,0.000,6.541,6.533,0.188,0.220,0.237,24.957,428340
1782536424332,0,0,0.000,6.541,6.533,0.157,0.157,0.237,24.957,428373
1782536424365,0,0,0.000,6.533,6.524,0.188,0.157,0.468,25.043,428406
1782536424398,0,0,0.000,6.541,6.541,0.188,0.157,0.237,24.957,428439
1782536424433,0,0,0.000,6.541,6.557,0.188,0.157,0.258,24.957,428472
1782536424465,0,0,0.012,6.533,6.533,0.188,0.126,0.339,24.957,428505
1782536424499,0,0,0.006,6.541,6.533,0.126,0.157,0.237,24.957,428538
1782536424532,0,0,0.000,6.541,6.541,0.157,0.157,0.226,24.957,428571
1782536424567,0,0,0.000,6.541,6.541,0.188,0.157,0.204,24.957,428604
1782536424598,0,0,0.000,6.541,6.541,0.188,0.188,0.220,24.957,428637
1782536424631,0,0,0.000,6.541,6.541,0.126,0.157,0.231,24.957,428670
1782536424667,0,0,0.000,6.541,6.541,0.188,0.157,0.220,24.957,428703
1782536424699,0,0,0.000,6.541,6.541,0.188,0.157,0.210,24.957,428736
1782536424733,0,0,0.000,6.541,6.541,0.188,0.126,0.231,24.957,428769
1782536424765,0,0,0.000,6.549,6.541,0.188,0.157,0.210,25.043,428802
1782536424800,0,0,0.000,6.541,6.541,0.220,0.157,0.210,24.957,428835
1782536424833,0,0,0.000,6.533,6.541,0.188,0.157,0.215,24.957,428868
1782536424864,0,0,0.000,6.541,6.533,0.188,0.188,0.215,24.957,428901
1782536424899,0,0,0.006,6.541,6.524,0.157,0.188,0.253,24.957,428934
1782536424938,0,0,0.000,6.541,6.533,0.157,0.157,0.349,24.957,428967
1782536424965,0,0,0.000,6.541,6.541,0.188,0.188,0.242,24.957,429000
1782536424996,0,0,0.006,6.541,6.541,0.188,0.188,0.220,24.957,429033
1782536425032,0,0,0.000,6.541,6.541,0.188,0.157,0.274,24.957,429066
1782536425065,0,0,0.000,6.541,6.541,0.157,0.157,0.231,25.043,429099
1782536425098,0,0,0.000,6.541,6.541,0.188,0.188,0.226,24.957,429132
1782536425137,0,0,0.000,6.541,6.524,0.220,0.188,0.323,24.957,429165
1782536425175,0,0,0.000,6.541,6.541,0.188,0.188,0.226,24.957,429198
1782536425213,0,0,0.000,6.524,6.524,0.188,0.188,0.339,24.957,429231
1782536425229,0,0,0.000,6.549,6.541,0.188,0.157,0.215,24.957,429264
1782536425271,0,0,0.000,6.541,6.541,0.157,0.157,0.204,24.957,429297
1782536425313,0,0,0.000,6.549,6.541,0.157,0.157,0.210,24.957,429330
1782536425342,0,0,0.000,6.541,6.533,0.188,0.188,0.360,24.957,429363
1782536425380,0,0,0.000,6.541,6.541,0.188,0.157,0.220,24.957,429396
1782536425404,0,0,0.006,6.541,6.541,0.188,0.157,0.215,25.043,429429
1782536425436,0,0,0.000,6.541,6.541,0.220,0.157,0.231,24.957,429462
1782536425470,0,0,0.000,6.541,6.533,0.188,0.157,0.242,25.043,429495
1782536425515,0,0,0.000,6.541,6.549,0.188,0.157,0.215,25.043,429528
1782536425536,0,0,0.000,6.541,6.541,0.188,0.157,0.263,24.957,429561
1782536425570,0,0,0.000,6.541,6.541,0.188,0.157,0.215,24.871,429594
1782536425603,0,0,0.006,6.549,6.549,0.188,0.157,0.226,24.957,429627
1782536425635,0,0,0.000,6.541,6.541,0.220,0.126,0.220,24.957,429660
1782536425670,0,0,0.000,6.541,6.533,0.188,0.157,0.215,24.957,429693
1782536425701,0,0,0.000,6.549,6.541,0.188,0.157,0.204,24.957,429726
1782536425736,0,0,0.000,6.541,6.541,0.220,0.126,0.258,24.957,429759
1782536425768,0,0,0.000,6.524,6.533,0.157,0.157,0.231,24.957,429792
1782536425805,0,0,0.000,6.541,6.541,0.188,0.157,0.210,24.957,429825
1782536425832,0,0,0.000,6.541,6.533,0.188,0.157,0.253,25.043,429858
1782536425866,0,0,0.000,6.541,6.541,0.188,0.157,0.215,24.957,429891
1782536425899,0,0,0.000,6.549,6.541,0.188,0.157,0.199,24.957,429924
1782536425932,0,0,0.000,6.541,6.533,0.157,0.157,0.323,24.957,429957
1782536425972,0,0,0.000,6.549,6.549,0.188,0.157,0.204,24.957,429990
1782536425998,0,0,0.006,6.533,6.533,0.188,0.157,0.333,24.957,430023
1782536426033,0,0,0.000,6.541,6.533,0.188,0.157,0.220,24.957,430056
1782536426064,0,0,0.000,6.549,6.541,0.188,0.157,0.215,24.957,430089
1782536426096,0,0,0.000,6.549,6.541,0.188,0.157,0.215,24.957,430122
1782536426132,0,0,0.000,6.541,6.541,0.188,0.157,0.215,24.957,430155
1782536426165,0,0,0.000,6.549,6.549,0.188,0.157,0.220,24.957,430188
1782536426197,0,0,0.000,6.533,6.541,0.188,0.188,0.317,24.957,430221
1782536426241,0,0,0.000,6.533,6.533,0.188,0.157,0.215,24.957,430254
1782536426264,0,0,0.000,6.533,6.541,0.220,0.188,0.344,24.957,430287
1782536426295,0,0,0.000,6.533,6.541,0.188,0.157,0.226,24.957,430320
1782536426332,0,0,0.000,6.533,6.524,0.188,0.157,0.301,24.957,430353
1782536426361,0,0,0.000,6.549,6.533,0.220,0.157,0.215,25.043,430386
1782536426394,0,0,0.000,6.541,6.533,0.188,0.157,0.312,24.957,430419
1782536426428,0,0,0.000,6.549,6.541,0.126,0.188,0.204,24.957,430452
1782536426462,0,0,0.000,6.541,6.549,0.188,0.157,0.204,24.957,430485
1782536426496,0,0,0.000,6.541,6.524,0.188,0.157,0.312,24.957,430518
1782536426527,0,0,0.000,6.541,6.549,0.188,0.157,0.215,24.957,430551
1782536426559,0,0,0.000,6.541,6.541,0.157,0.188,0.280,24.957,430584
1782536426596,0,0,0.000,6.541,6.541,0.188,0.157,0.231,24.957,430617
1782536426626,0,0,0.000,6.549,6.533,0.188,0.126,0.280,24.957,430650
1782536426660,0,0,0.000,6.549,6.533,0.188,0.157,0.285,24.957,430683
1782536426693,0,0,0.000,6.533,6.549,0.188,0.157,0.215,24.957,430716
1782536426725,0,0,0.000,6.541,6.541,0.188,0.126,0.215,24.957,430749
1782536426759,0,0,0.006,6.541,6.549,0.157,0.188,0.253,24.957,430782
1782536426795,0,0,0.000,6.541,6.541,0.157,0.188,0.231,24.957,430815
1782536426826,0,0,0.000,6.541,6.533,0.188,0.157,0.215,24.957,430848
1782536426859,0,0,0.000,6.541,6.541,0.188,0.157,0.306,24.957,430881
1782536426891,0,0,0.000,6.541,6.541,0.188,0.157,0.226,24.871,430914
1782536426925,0,0,0.000,6.533,6.524,0.188,0.157,0.371,24.957,430947
1782536426959,0,0,0.000,6.541,6.541,0.188,0.157,0.280,24.957,430980
1782536426993,0,0,0.000,6.541,6.524,0.157,0.126,0.371,24.957,431013
1782536427025,0,0,0.000,6.549,6.541,0.126,0.157,0.263,24.957,431046
1782536427059,0,0,0.000,6.541,6.533,0.188,0.157,0.323,24.957,431079
1782536427095,0,0,0.006,6.541,6.541,0.188,0.126,0.226,24.957,431112
1782536427125,0,0,0.000,6.549,6.533,0.157,0.188,0.328,24.957,431145
1782536427158,0,0,0.000,6.549,6.541,0.188,0.126,0.226,24.957,431178
1782536427198,0,0,0.000,6.549,6.541,0.188,0.157,0.242,24.957,431211
1782536427226,0,0,0.000,6.541,6.533,0.157,0.157,0.215,24.957,431244
1782536427259,0,0,0.000,6.549,6.533,0.188,0.157,0.237,24.957,431277
1782536427304,0,0,0.000,6.541,6.557,0.126,0.188,0.247,24.957,431310
1782536427325,0,0,0.000,6.541,6.533,0.157,0.157,0.269,25.043,431343
1782536427361,0,0,0.000,6.549,6.541,0.220,0.157,0.220,25.043,431376
1782536427391,0,0,0.000,6.541,6.533,0.188,0.157,0.253,25.043,431409
1782536427425,0,0,0.000,6.541,6.541,0.188,0.188,0.242,24.957,431442
1782536427463,0,0,0.000,6.541,6.541,0.220,0.157,0.226,24.957,431475
1782536427493,0,0,0.000,6.533,6.524,0.188,0.188,0.452,24.957,431508
1782536427524,0,0,0.000,6.541,6.541,0.188,0.188,0.220,24.957,431541
1782536427558,0,0,0.000,6.549,6.549,0.188,0.126,0.226,24.957,431574
1782536427591,0,0,0.000,6.533,6.549,0.157,0.157,0.204,24.957,431607
1782536427623,0,0,0.000,6.541,6.541,0.157,0.188,0.210,24.957,431640
1782536427657,0,0,0.000,6.541,6.533,0.188,0.188,0.242,24.957,431673
1782536427698,0,0,0.000,6.541,6.541,0.188,0.157,0.237,24.957,431706
1782536427723,0,0,0.000,6.541,6.541,0.188,0.188,0.215,24.957,431739
1782536427757,0,0,0.000,6.549,6.541,0.188,0.157,0.237,24.957,431772
1782536427790,0,0,0.000,6.541,6.541,0.188,0.157,0.215,24.957,431805
1782536427824,0,0,0.000,6.557,6.541,0.188,0.157,0.210,24.957,431838
1782536427858,0,0,0.000,6.541,6.541,0.188,0.157,0.215,25.043,431871
1782536427891,0,0,0.000,6.549,6.541,0.188,0.157,0.215,25.043,431904
1782536427927,0,0,0.000,6.541,6.533,0.188,0.188,0.263,24.957,431937
1782536427958,0,0,0.000,6.541,6.541,0.188,0.157,0.210,24.957,431970
1782536427989,0,0,0.000,6.541,6.533,0.157,0.126,0.237,24.957,432003
1782536428023,0,0,0.000,6.549,6.549,0.188,0.188,0.231,24.957,432036
1782536428056,0,0,0.000,6.549,6.541,0.157,0.188,0.247,24.957,432069
1782536428091,0,0,0.000,6.541,6.541,0.188,0.157,0.210,24.957,432102
1782536428123,0,0,0.000,6.541,6.541,0.188,0.188,0.210,24.957,432135
1782536428155,0,0,0.000,6.549,6.541,0.188,0.126,0.210,25.043,432168
1782536428190,0,0,0.000,6.541,6.541,0.188,0.157,0.226,24.957,432201
1782536428222,0,0,0.006,6.549,6.533,0.188,0.157,0.242,24.957,432234
1782536428261,0,0,0.000,6.549,6.541,0.188,0.157,0.204,24.957,432267
1782536428289,0,0,0.000,6.541,6.541,0.157,0.188,0.226,24.871,432300
1782536428322,0,0,0.000,6.549,6.541,0.188,0.220,0.215,24.957,432333
1782536428355,0,0,0.006,6.541,6.549,0.126,0.157,0.226,24.957,432366
1782536428389,0,0,0.000,6.549,6.541,0.188,0.157,0.226,24.957,432399
1782536428428,0,0,0.000,6.549,6.533,0.188,0.157,0.231,24.957,432432
1782536428463,0,0,0.006,6.541,6.541,0.188,0.157,0.333,24.957,432465
1782536428503,0,0,0.006,6.541,6.541,0.188,0.157,0.285,24.957,432498
1782536428522,0,0,0.000,6.549,6.541,0.188,0.157,0.220,24.957,432531
1782536428558,0,0,0.000,6.549,6.541,0.188,0.157,0.210,24.957,432564
1782536428593,0,0,0.000,6.541,6.533,0.157,0.157,0.349,24.957,432597
1782536428621,0,0,0.000,6.549,6.541,0.157,0.157,0.215,24.957,432630
1782536428656,0,0,0.000,6.541,6.549,0.188,0.157,0.215,24.957,432663
1782536428692,0,0,0.006,6.541,6.549,0.220,0.157,0.231,24.957,432696
1782536428723,0,0,0.000,6.541,6.541,0.220,0.126,0.210,24.957,432729
1782536428757,0,0,0.000,6.541,6.533,0.188,0.157,0.247,24.957,432762
1782536428795,0,0,0.000,6.541,6.533,0.188,0.157,0.285,24.957,432795
1782536428824,0,0,0.000,6.557,6.557,0.220,0.188,0.253,24.957,432828
1782536428854,0,0,0.000,6.549,6.541,0.188,0.126,0.242,24.957,432861
1782536428888,0,0,0.000,6.549,6.549,0.220,0.157,0.220,24.957,432894
1782536428929,0,0,0.000,6.549,6.541,0.188,0.157,0.215,24.957,432927
1782536428954,0,0,0.000,6.533,6.533,0.157,0.126,0.339,24.957,432960
1782536428988,0,0,0.006,6.541,6.549,0.188,0.157,0.226,24.957,432993
1782536429020,0,0,0.000,6.541,6.541,0.188,0.157,0.237,24.957,433026
1782536429054,0,0,0.000,6.549,6.541,0.188,0.157,0.210,24.957,433059
1782536429087,0,0,0.000,6.549,6.541,0.188,0.157,0.215,24.871,433092
1782536429120,0,0,0.000,6.549,6.541,0.188,0.188,0.226,24.957,433125
1782536429153,0,0,0.000,6.541,6.541,0.157,0.188,0.242,24.957,433158
1782536429191,0,0,0.000,6.541,6.533,0.188,0.157,0.296,24.957,433191
1782536429219,0,0,0.000,6.541,6.541,0.188,0.188,0.215,24.957,433224
1782536429255,0,0,0.006,6.549,6.541,0.188,0.157,0.220,24.957,433257
1782536429286,0,0,0.012,6.549,6.533,0.188,0.157,0.242,24.957,433290
1782536429322,0,0,0.000,6.541,6.541,0.220,0.157,0.242,24.957,433323
1782536429355,0,0,0.006,6.541,6.541,0.157,0.188,0.210,24.957,433356
1782536429393,0,0,0.000,6.549,6.541,0.188,0.188,0.215,24.957,433389
1782536429419,0,0,0.000,6.541,6.524,0.157,0.188,0.349,24.957,433422
1782536429452,0,0,0.000,6.541,6.533,0.188,0.157,0.237,24.957,433455
1782536429487,0,0,0.000,6.549,6.541,0.188,0.157,0.215,25.043,433488
1782536429523,0,0,0.000,6.533,6.524,0.188,0.157,0.349,24.957,433521
1782536429552,0,0,0.000,6.549,6.541,0.188,0.188,0.220,25.043,433554
1782536429586,0,0,0.000,6.533,6.533,0.188,0.157,0.226,24.957,433587
1782536429628,0,0,0.000,6.541,6.533,0.188,0.157,0.274,24.957,433620
1782536429669,0,0,0.006,6.533,6.541,0.188,0.157,0.210,24.957,433653
1782536429694,0,0,0.000,6.541,6.549,0.188,0.188,0.237,25.043,433686
1782536429727,0,0,0.006,6.541,6.541,0.188,0.157,0.231,25.043,433719
1782536429760,0,0,0.000,6.541,6.541,0.220,0.126,0.220,24.957,433752
1782536429803,0,0,0.000,6.541,6.541,0.188,0.126,0.247,25.043,433785
1782536429826,0,0,0.000,6.549,6.541,0.157,0.126,0.220,24.957,433818
1782536429859,0,0,0.000,6.549,6.533,0.157,0.157,0.226,24.957,433851
1782536429892,0,0,0.000,6.541,6.541,0.188,0.157,0.237,25.043,433884
1782536429925,0,0,0.000,6.541,6.533,0.188,0.157,0.215,24.957,433917
1782536429957,0,0,0.000,6.549,6.549,0.188,0.157,0.204,24.957,433950
1782536429999,0,0,0.000,6.541,6.541,0.126,0.157,0.204,24.957,433983
1782536430026,0,0,0.000,6.541,6.533,0.188,0.188,0.349,24.957,434016
1782536430056,0,0,0.000,6.533,6.541,0.188,0.157,0.231,24.957,434049
1782536430103,0,0,0.000,6.541,6.549,0.188,0.157,0.210,24.957,434082
1782536430123,0,0,0.000,6.541,6.541,0.188,0.157,0.204,24.957,434115
1782536430162,0,0,0.000,6.541,6.549,0.188,0.157,0.215,25.043,434148
1782536430189,0,0,0.000,6.541,6.533,0.126,0.126,0.349,24.957,434181
1782536430228,0,0,0.000,6.541,6.549,0.188,0.157,0.204,24.957,434214
1782536430257,0,0,0.006,6.541,6.541,0.188,0.157,0.237,24.871,434247
1782536430290,0,0,0.000,6.557,6.541,0.188,0.157,0.210,24.957,434280
1782536430331,0,0,0.000,6.549,6.541,0.188,0.188,0.226,24.957,434313
1782536430356,0,0,0.000,6.549,6.541,0.188,0.157,0.220,24.957,434346
1782536430396,0,0,0.000,6.541,6.533,0.188,0.188,0.204,24.957,434379
1782536430421,0,0,0.000,6.533,6.533,0.188,0.126,0.366,24.957,434412
1782536430453,0,0,0.000,6.557,6.541,0.220,0.157,0.220,24.957,434445
1782536430488,0,0,0.000,6.549,6.549,0.188,0.157,0.226,24.957,434478
1782536430518,0,0,0.000,6.549,6.541,0.220,0.188,0.210,24.957,434511
1782536430552,0,0,0.000,6.549,6.541,0.188,0.188,0.204,24.957,434544
1782536430585,0,0,0.000,6.541,6.533,0.188,0.126,0.349,24.957,434577
1782536430617,0,0,0.000,6.549,6.541,0.188,0.157,0.199,24.957,434610
1782536430651,0,0,0.000,6.549,6.541,0.188,0.157,0.220,24.957,434643
1782536430684,0,0,0.000,6.549,6.541,0.188,0.126,0.215,24.957,434676
1782536430719,0,0,0.000,6.541,6.533,0.188,0.126,0.339,24.871,434709
1782536430758,0,0,0.000,6.549,6.541,0.188,0.157,0.220,24.957,434742
1782536430782,0,0,0.000,6.541,6.533,0.188,0.188,0.269,24.957,434775
1782536430816,0,0,0.000,6.541,6.541,0.188,0.126,0.210,24.957,434808
1782536430850,0,0,0.000,6.549,6.533,0.188,0.157,0.199,24.957,434841
1782536430882,0,0,0.000,6.541,6.541,0.188,0.157,0.328,25.043,434874
1782536430915,0,0,0.000,6.541,6.541,0.188,0.188,0.204,24.957,434907
1782536430957,0,0,0.000,6.533,6.533,0.188,0.157,0.290,24.957,434940
1782536430984,0,0,0.000,6.557,6.541,0.126,0.126,0.290,24.957,434973
1782536431016,0,0,0.000,6.549,6.541,0.157,0.157,0.204,25.043,435006
1782536431054,0,0,0.006,6.549,6.541,0.157,0.157,0.204,24.957,435039
1782536431082,0,0,0.000,6.541,6.541,0.188,0.126,0.204,24.957,435072
1782536431119,0,0,0.000,6.549,6.541,0.188,0.126,0.210,24.957,435105
1782536431150,0,0,0.000,6.524,6.516,0.188,0.157,0.403,24.957,435138
1782536431183,0,0,0.000,6.549,6.524,0.188,0.157,0.280,25.043,435171
1782536431216,0,0,0.000,6.541,6.533,0.188,0.126,0.355,25.043,435204
1782536431253,0,0,0.000,6.541,6.557,0.188,0.157,0.253,24.957,435237
1782536431282,0,0,0.006,6.524,6.533,0.188,0.188,0.355,24.957,435270
1782536431314,0,0,0.000,6.541,6.541,0.188,0.157,0.280,24.957,435303
1782536431354,0,0,0.000,6.533,6.533,0.157,0.157,0.430,24.957,435336
1782536431403,0,0,0.000,6.541,6.533,0.188,0.157,0.280,24.957,435369
1782536431416,0,0,0.000,6.541,6.541,0.220,0.157,0.366,24.957,435402
1782536431448,0,0,0.000,6.533,6.541,0.251,0.126,0.306,24.957,435435
1782536431482,0,0,0.000,6.541,6.533,0.157,0.157,0.247,24.957,435468
1782536431514,0,0,0.000,6.549,6.541,0.188,0.126,0.231,25.043,435501
1782536431547,0,0,0.000,6.549,6.533,0.157,0.157,0.263,24.957,435534
1782536431581,0,0,0.000,6.549,6.541,0.188,0.157,0.220,24.957,435567
1782536431613,0,0,0.000,6.549,6.541,0.188,0.157,0.215,24.957,435600
1782536431646,0,0,0.000,6.549,6.541,0.188,0.157,0.231,25.043,435633
1782536431680,0,0,0.000,6.549,6.533,0.188,0.188,0.215,25.043,435666
1782536431715,0,0,0.000,6.541,6.541,0.188,0.126,0.226,24.957,435699
1782536431749,0,0,0.000,6.533,6.524,0.220,0.157,0.414,25.043,435732
1782536431786,0,0,0.006,6.541,6.541,0.157,0.157,0.215,24.957,435765
1782536431813,0,0,0.000,6.541,6.541,0.157,0.157,0.242,24.957,435798
1782536431848,0,0,0.006,6.533,6.541,0.188,0.188,0.290,25.043,435831
1782536431881,0,0,0.000,6.549,6.541,0.188,0.157,0.215,24.957,435864
1782536431915,0,0,0.000,6.549,6.541,0.188,0.157,0.210,25.043,435897
1782536431950,0,0,0.000,6.549,6.541,0.188,0.157,0.242,24.957,435930
1782536431980,0,0,0.000,6.541,6.541,0.188,0.157,0.237,24.957,435963
1782536432014,0,0,0.000,6.533,6.524,0.188,0.188,0.323,24.957,435996
1782536432053,0,0,0.000,6.541,6.533,0.188,0.157,0.226,24.957,436029
1782536432081,0,0,0.000,6.541,6.533,0.126,0.157,0.231,24.957,436062
1782536432113,0,0,0.000,6.541,6.541,0.157,0.157,0.215,24.957,436095
1782536432150,0,0,0.000,6.549,6.541,0.188,0.188,0.220,25.043,436128
1782536432180,0,0,0.000,6.549,6.549,0.188,0.126,0.220,24.957,436161
1782536432214,0,0,0.000,6.541,6.549,0.188,0.157,0.237,24.957,436194
1782536432245,0,0,0.000,6.549,6.541,0.188,0.157,0.220,24.957,436227
1782536432279,0,0,0.000,6.541,6.549,0.188,0.157,0.204,24.957,436260
1782536432313,0,0,0.000,6.549,6.541,0.188,0.126,0.220,24.957,436293
1782536432346,0,0,0.000,6.541,6.541,0.157,0.188,0.215,24.957,436326
1782536432379,0,0,0.000,6.549,6.541,0.188,0.188,0.215,24.957,436359
1782536432413,0,0,0.006,6.541,6.541,0.188,0.157,0.210,24.957,436392
1782536432445,0,0,0.000,6.541,6.549,0.157,0.188,0.215,24.957,436425
1782536432481,0,0,0.000,6.541,6.541,0.188,0.157,0.323,24.957,436458
1782536432512,0,0,0.000,6.549,6.541,0.188,0.094,0.210,24.957,436491
1782536432546,0,0,0.000,6.549,6.541,0.220,0.188,0.215,24.957,436524
1782536432586,0,0,0.000,6.549,6.549,0.188,0.157,0.231,24.957,436557
1782536432614,0,0,0.000,6.549,6.541,0.188,0.126,0.220,24.957,436590
1782536432644,0,0,0.000,6.557,6.541,0.188,0.157,0.237,24.957,436623
1782536432677,0,0,0.000,6.549,6.557,0.188,0.188,0.204,24.957,436656
1782536432712,0,0,0.006,6.549,6.533,0.188,0.188,0.242,24.957,436689
1782536432746,0,0,0.000,6.549,6.541,0.188,0.157,0.231,25.043,436722
1782536432777,0,0,0.000,6.549,6.549,0.188,0.157,0.231,24.957,436755
1782536432811,0,0,0.000,6.541,6.541,0.188,0.126,0.215,24.957,436788
1782536432844,0,0,0.000,6.549,6.541,0.157,0.157,0.215,24.957,436821
1782536432877,0,0,0.000,6.541,6.541,0.157,0.157,0.247,24.957,436854
1782536432910,0,0,0.000,6.541,6.549,0.188,0.157,0.204,24.957,436887
1782536432944,0,0,0.000,6.557,6.541,0.188,0.188,0.199,24.957,436920
1782536432977,0,0,0.000,6.541,6.533,0.188,0.157,0.306,24.957,436953
1782536433011,0,0,0.000,6.549,6.541,0.188,0.157,0.204,24.957,436986
1782536433044,0,0,0.000,6.549,6.541,0.188,0.157,0.210,24.957,437019
1782536433077,0,0,0.000,6.549,6.541,0.188,0.157,0.204,24.957,437052
1782536433115,0,0,0.000,6.541,6.533,0.188,0.188,0.210,24.957,437085
1782536433143,0,0,0.000,6.557,6.549,0.188,0.188,0.215,24.957,437118
1782536433178,0,0,0.000,6.549,6.541,0.157,0.157,0.226,24.957,437151
1782536433217,0,0,0.006,6.549,6.541,0.188,0.157,0.237,24.957,437184
1782536433243,0,0,0.000,6.541,6.541,0.188,0.157,0.210,24.957,437217
1782536433277,0,0,0.000,6.541,6.541,0.188,0.157,0.231,24.957,437250
1782536433310,0,0,0.006,6.533,6.549,0.188,0.157,0.220,24.957,437283
1782536433343,0,0,0.000,6.549,6.541,0.157,0.157,0.210,24.957,437316
1782536433376,0,0,0.000,6.549,6.557,0.188,0.157,0.215,24.957,437349
1782536433421,0,0,0.000,6.549,6.549,0.157,0.188,0.204,24.957,437382
1782536433444,0,0,0.000,6.549,6.541,0.188,0.157,0.220,24.957,437415
1782536433476,0,0,0.000,6.557,6.549,0.157,0.188,0.215,24.957,437448
1782536433509,0,0,0.000,6.541,6.549,0.188,0.157,0.199,24.957,437481
1782536433545,0,0,0.000,6.541,6.549,0.188,0.188,0.215,24.957,437514
1782536433576,0,0,0.000,6.549,6.541,0.188,0.157,0.215,24.957,437547
1782536433609,0,0,0.000,6.557,6.549,0.188,0.188,0.226,24.957,437580
1782536433642,0,0,0.000,6.541,6.549,0.188,0.188,0.204,25.043,437613
1782536433676,0,0,0.000,6.549,6.541,0.188,0.157,0.242,24.957,437646
1782536433710,0,0,0.000,6.549,6.541,0.157,0.157,0.204,24.957,437679
1782536433742,0,0,0.000,6.541,6.533,0.188,0.157,0.231,24.957,437712
1782536433776,0,0,0.000,6.541,6.533,0.157,0.157,0.258,24.957,437745
1782536433815,0,0,0.006,6.557,6.541,0.188,0.157,0.204,25.043,437778
1782536433844,0,0,0.006,6.541,6.541,0.188,0.157,0.215,24.957,437811
1782536433875,0,0,0.006,6.533,6.524,0.188,0.188,0.339,24.957,437844
1782536433915,0,0,0.000,6.541,6.541,0.188,0.157,0.242,24.957,437877
1782536433944,0,0,0.000,6.541,6.533,0.157,0.188,0.355,24.957,437910
1782536433975,0,0,0.000,6.541,6.541,0.188,0.188,0.242,24.871,437943
1782536434020,0,0,0.000,6.541,6.533,0.188,0.188,0.226,24.957,437976
1782536434050,0,0,0.006,6.557,6.541,0.188,0.126,0.215,24.957,438009
1782536434084,0,0,0.000,6.533,6.533,0.188,0.188,0.312,25.043,438042
1782536434119,0,0,0.000,6.549,6.541,0.188,0.188,0.215,24.957,438075
1782536434149,0,0,0.000,6.549,6.541,0.188,0.157,0.215,24.957,438108
1782536434183,0,0,0.000,6.549,6.541,0.220,0.188,0.226,24.957,438141
1782536434222,0,0,0.000,6.541,6.533,0.188,0.157,0.199,24.957,438174
1782536434254,0,0,0.000,6.557,6.541,0.188,0.126,0.204,24.957,438207
1782536434282,0,0,0.000,6.549,6.541,0.220,0.126,0.204,24.957,438240
1782536434324,0,0,0.000,6.541,6.541,0.188,0.188,0.290,24.957,438273
1782536434347,0,0,0.000,6.549,6.541,0.188,0.126,0.199,24.957,438306
1782536434379,0,0,0.000,6.549,6.541,0.188,0.126,0.215,24.957,438339
1782536434414,0,0,0.000,6.549,6.533,0.157,0.157,0.194,24.957,438372
1782536434446,0,0,0.000,6.557,6.541,0.188,0.157,0.220,24.957,438405
1782536434489,0,0,0.000,6.549,6.541,0.157,0.188,0.215,24.957,438438
1782536434513,0,0,0.000,6.541,6.541,0.188,0.188,0.231,24.957,438471
1782536434546,0,0,0.000,6.549,6.541,0.188,0.157,0.199,24.957,438504
1782536434578,0,0,0.000,6.549,6.541,0.188,0.126,0.199,24.957,438537
1782536434611,0,0,0.000,6.533,6.524,0.157,0.157,0.446,25.043,438570
1782536434646,0,0,0.000,6.549,6.541,0.126,0.157,0.188,24.957,438603
1782536434682,0,0,0.000,6.549,6.541,0.188,0.157,0.210,24.957,438636
1782536434709,0,0,0.000,6.533,6.533,0.188,0.157,0.430,24.957,438669
1782536434744,0,0,0.000,6.549,6.541,0.157,0.126,0.194,24.957,438702
1782536434776,0,0,0.000,6.549,6.541,0.220,0.157,0.210,24.957,438735
1782536434808,0,0,0.000,6.549,6.549,0.188,0.188,0.263,24.957,438768
1782536434846,0,0,0.000,6.549,6.541,0.157,0.157,0.204,24.957,438801
1782536434874,0,0,0.006,6.541,6.541,0.188,0.157,0.237,24.957,438834
1782536434908,0,0,0.000,6.549,6.549,0.188,0.157,0.199,24.957,438867
1782536434941,0,0,0.000,6.533,6.533,0.188,0.157,0.344,24.957,438900
1782536434988,0,0,0.000,6.549,6.541,0.220,0.157,0.210,24.957,438933
1782536435015,0,0,0.000,6.549,6.541,0.188,0.157,0.199,24.957,438966
1782536435042,0,0,0.000,6.541,6.549,0.220,0.157,0.210,25.043,438999
1782536435075,0,0,0.000,6.541,6.524,0.188,0.188,0.333,24.957,439032
1782536435106,0,0,0.000,6.549,6.541,0.220,0.188,0.210,24.957,439065
1782536435143,0,0,0.000,6.541,6.533,0.188,0.157,0.360,24.957,439098
1782536435173,0,0,0.000,6.541,6.541,0.126,0.157,0.194,24.957,439131
1782536435205,0,0,0.000,6.549,6.549,0.157,0.126,0.204,24.957,439164
1782536435242,0,0,0.000,6.549,6.541,0.157,0.157,0.215,24.957,439197
1782536435272,0,0,0.000,6.541,6.533,0.188,0.157,0.344,25.043,439230
1782536435304,0,0,0.000,6.549,6.541,0.188,0.188,0.215,24.957,439263
1782536435350,0,0,0.006,6.541,6.541,0.157,0.126,0.194,24.957,439296
1782536435371,0,0,0.000,6.541,6.541,0.188,0.157,0.328,24.957,439329
1782536435404,0,0,0.000,6.549,6.541,0.188,0.157,0.210,24.957,439362
1782536435439,0,0,0.000,6.541,6.557,0.188,0.157,0.220,25.043,439395
1782536435470,0,0,0.000,6.549,6.541,0.157,0.157,0.199,24.957,439428
1782536435507,0,0,0.006,6.549,6.541,0.188,0.188,0.215,24.957,439461
1782536435539,0,0,0.000,6.549,6.524,0.188,0.157,0.204,24.957,439494
1782536435573,0,0,0.000,6.557,6.557,0.220,0.157,0.204,24.957,439527
1782536435605,0,0,0.006,6.549,6.541,0.157,0.188,0.199,24.957,439560
1782536435637,0,0,0.000,6.541,6.533,0.188,0.188,0.269,24.957,439593
1782536435672,0,0,0.000,6.533,6.541,0.188,0.126,0.290,24.957,439626
1782536435704,0,0,0.000,6.541,6.541,0.188,0.157,0.349,24.957,439659
1782536435737,0,0,0.000,6.549,6.549,0.188,0.157,0.210,24.957,439692
1782536435771,0,0,0.000,6.533,6.533,0.126,0.126,0.312,24.957,439725
1782536435804,0,0,0.006,6.541,6.549,0.188,0.157,0.274,24.957,439758
1782536435837,0,0,0.000,6.524,6.533,0.188,0.126,0.425,24.957,439791
1782536435870,0,0,0.000,6.533,6.541,0.188,0.157,0.306,24.957,439824
1782536435905,0,0,0.006,6.541,6.524,0.188,0.157,0.242,25.043,439857
1782536435937,0,0,0.000,6.549,6.549,0.188,0.157,0.226,24.957,439890
1782536435971,0,0,0.000,6.549,6.541,0.188,0.188,0.226,24.957,439923
1782536436003,0,0,0.000,6.549,6.541,0.188,0.157,0.226,24.957,439956
1782536436037,0,0,0.000,6.549,6.557,0.157,0.188,0.215,24.957,439989
1782536436070,0,0,0.000,6.549,6.541,0.188,0.157,0.210,24.957,440022
1782536436105,0,0,0.000,6.549,6.541,0.188,0.157,0.210,24.957,440055
1782536436136,0,0,0.000,6.549,6.541,0.188,0.157,0.204,24.871,440088
1782536436170,0,0,0.000,6.549,6.541,0.157,0.157,0.220,24.957,440121
1782536436204,0,0,0.000,6.549,6.541,0.157,0.157,0.204,24.957,440154
1782536436237,0,0,0.000,6.541,6.541,0.188,0.157,0.263,24.871,440187
1782536436272,0,0,0.000,6.549,6.541,0.188,0.157,0.210,25.043,440220
1782536436322,0,0,0.000,6.549,6.541,0.157,0.188,0.237,24.957,440253
1782536436336,0,0,0.000,6.549,6.533,0.157,0.126,0.237,25.043,440286
1782536436371,0,0,0.000,6.549,6.541,0.188,0.157,0.204,25.043,440319
1782536436403,0,0,0.000,6.541,6.533,0.188,0.188,0.312,24.957,440352
1782536436436,0,0,0.006,6.541,6.533,0.188,0.157,0.237,24.957,440385
1782536436474,0,0,0.000,6.549,6.549,0.157,0.157,0.210,24.871,440418
1782536436504,0,0,0.000,6.549,6.541,0.188,0.157,0.204,24.957,440451
1782536436537,0,0,0.000,6.541,6.541,0.188,0.157,0.247,24.957,440484
1782536436568,0,0,0.000,6.541,6.541,0.157,0.157,0.204,24.957,440517
1782536436633,0,0,0.000,6.541,6.533,0.188,0.157,0.306,25.043,440550
1782536436667,0,0,0.000,6.549,6.541,0.220,0.157,0.210,24.957,440583
1782536436673,0,0,0.000,6.541,6.541,0.188,0.157,0.199,24.957,440616
1782536436714,0,0,0.006,6.541,6.541,0.188,0.157,0.210,25.043,440649
1782536436735,0,0,0.006,6.541,6.549,0.188,0.157,0.199,24.957,440682
1782536436768,0,0,0.000,6.541,6.533,0.188,0.126,0.344,25.043,440715
1782536436801,0,0,0.006,6.549,6.541,0.188,0.157,0.199,25.043,440748
1782536436839,0,0,0.000,6.541,6.549,0.188,0.157,0.215,24.957,440781
1782536436870,0,0,0.000,6.541,6.533,0.188,0.126,0.301,24.957,440814
1782536436905,0,0,0.000,6.541,6.541,0.188,0.157,0.204,25.043,440847
1782536436934,0,0,0.000,6.549,6.541,0.188,0.157,0.215,24.957,440880
1782536436967,0,0,0.000,6.549,6.541,0.188,0.157,0.231,24.957,440913
1782536437000,0,0,0.006,6.549,6.549,0.188,0.188,0.210,24.957,440946
1782536437034,0,0,0.000,6.541,6.549,0.188,0.157,0.220,25.043,440979
1782536437067,0,0,0.000,6.549,6.541,0.188,0.157,0.210,24.957,441012
1782536437101,0,0,0.000,6.549,6.541,0.188,0.126,0.215,24.957,441045
1782536437133,0,0,0.000,6.541,6.533,0.157,0.157,0.242,24.957,441078
1782536437168,0,0,0.000,6.557,6.541,0.157,0.157,0.215,24.957,441111
1782536437203,0,0,0.000,6.549,6.549,0.188,0.157,0.220,24.957,441144
1782536437242,0,0,0.000,6.549,6.549,0.188,0.157,0.204,24.957,441177
1782536437267,0,0,0.000,6.549,6.533,0.188,0.157,0.220,25.043,441210
1782536437301,0,0,0.000,6.541,6.549,0.157,0.157,0.204,24.957,441243
1782536437334,0,0,0.000,6.549,6.541,0.188,0.126,0.215,24.957,441276
1782536437373,0,0,0.000,6.541,6.533,0.188,0.188,0.344,24.957,441309
1782536437400,0,0,0.000,6.549,6.541,0.188,0.157,0.226,25.043,441342
1782536437435,0,0,0.000,6.541,6.533,0.220,0.157,0.349,24.957,441375
1782536437467,0,0,0.006,6.541,6.541,0.157,0.157,0.226,24.957,441408
1782536437499,0,0,0.000,6.549,6.541,0.188,0.157,0.220,24.957,441441
1782536437533,0,0,0.000,6.549,6.541,0.188,0.157,0.226,24.957,441474
1782536437566,0,0,0.000,6.541,6.533,0.188,0.188,0.312,24.957,441507
1782536437601,0,0,0.006,6.541,6.541,0.188,0.126,0.226,24.957,441540
1782536437635,0,0,0.006,6.549,6.541,0.220,0.157,0.226,24.957,441573
1782536437670,0,0,0.006,6.541,6.533,0.188,0.157,0.231,24.957,441606
1782536437703,0,0,0.000,6.541,6.549,0.126,0.126,0.226,24.957,441639
1782536437734,0,0,0.000,6.549,6.549,0.188,0.126,0.226,24.957,441672
1782536437766,0,0,0.006,6.541,6.541,0.188,0.157,0.323,25.043,441705
1782536437802,0,0,0.000,6.549,6.541,0.157,0.188,0.231,24.957,441738
1782536437835,0,0,0.000,6.549,6.541,0.188,0.157,0.237,24.957,441771
1782536437873,0,0,0.000,6.549,6.541,0.188,0.188,0.237,24.957,441804
1782536437898,0,0,0.000,6.541,6.541,0.188,0.188,0.344,25.043,441837
1782536437940,0,0,0.000,6.541,6.541,0.157,0.157,0.210,24.957,441870
1782536437971,0,0,0.000,6.549,6.549,0.188,0.157,0.231,24.957,441903
1782536437999,0,0,0.000,6.549,6.541,0.188,0.188,0.242,25.043,441936
1782536438031,0,0,0.000,6.541,6.541,0.188,0.157,0.210,25.043,441969
1782536438066,0,0,0.000,6.541,6.541,0.251,0.157,0.210,24.957,442002
1782536438097,0,0,0.000,6.549,6.541,0.157,0.126,0.226,24.957,442035
1782536438130,0,0,0.000,6.549,6.541,0.188,0.157,0.215,24.957,442068
1782536438165,0,0,0.000,6.549,6.541,0.126,0.157,0.215,24.957,442101
1782536438197,0,0,0.000,6.549,6.549,0.188,0.157,0.237,24.957,442134
1782536438231,0,0,0.000,6.541,6.533,0.188,0.157,0.344,24.957,442167
1782536438264,0,0,0.000,6.541,6.557,0.157,0.157,0.215,24.957,442200
1782536438320,0,0,0.000,6.541,6.541,0.157,0.188,0.231,24.957,442233
1782536438339,0,0,0.000,6.541,6.541,0.188,0.157,0.306,24.957,442266
1782536438374,0,0,0.000,6.549,6.541,0.188,0.157,0.237,24.957,442299
1782536438406,0,0,0.000,6.549,6.541,0.188,0.220,0.226,24.957,442332
1782536438439,0,0,0.000,6.549,6.541,0.188,0.126,0.220,25.043,442365
1782536438473,0,0,0.000,6.541,6.541,0.126,0.157,0.210,24.957,442398
1782536438513,0,0,0.000,6.549,6.541,0.188,0.188,0.237,25.043,442431
1782536438537,0,0,0.006,6.541,6.541,0.157,0.188,0.258,24.957,442464
1782536438571,0,0,0.000,6.549,6.541,0.126,0.157,0.226,24.957,442497
1782536438604,0,0,0.000,6.541,6.541,0.188,0.157,0.220,24.957,442530
1782536438638,0,0,0.000,6.549,6.541,0.188,0.157,0.215,25.043,442563
1782536438671,0,0,0.000,6.549,6.541,0.188,0.157,0.215,25.043,442596
1782536438720,0,0,0.000,6.557,6.541,0.188,0.157,0.226,24.957,442629
1782536438737,0,0,0.000,6.541,6.541,0.188,0.157,0.215,24.957,442662
1782536438770,0,0,0.000,6.557,6.533,0.126,0.157,0.263,25.043,442695
1782536438802,0,0,0.006,6.549,6.541,0.188,0.220,0.274,24.957,442728
1782536438835,0,0,0.000,6.549,6.541,0.188,0.157,0.210,24.957,442761
1782536438868,0,0,0.000,6.549,6.541,0.220,0.126,0.220,24.957,442794
1782536438911,0,0,0.000,6.549,6.541,0.126,0.157,0.210,24.957,442827
1782536438935,0,0,0.000,6.549,6.541,0.157,0.157,0.237,24.957,442860
1782536438967,0,0,0.000,6.549,6.541,0.188,0.157,0.204,24.957,442893
1782536439002,0,0,0.000,6.549,6.541,0.188,0.157,0.220,24.957,442926
1782536439037,0,0,0.000,6.549,6.541,0.188,0.157,0.204,24.957,442959
1782536439069,0,0,0.000,6.549,6.541,0.188,0.188,0.210,24.957,442992
1782536439101,0,0,0.000,6.541,6.541,0.188,0.188,0.215,24.957,443025
1782536439133,0,0,0.000,6.557,6.541,0.220,0.157,0.199,24.957,443058
1782536439166,0,0,0.000,6.549,6.541,0.188,0.157,0.204,24.957,443091
1782536439197,0,0,0.000,6.549,6.549,0.188,0.157,0.199,24.957,443124
1782536439239,0,0,0.000,6.549,6.549,0.188,0.188,0.215,24.957,443157
1782536439264,0,0,0.000,6.549,6.541,0.126,0.126,0.220,24.957,443190
1782536439298,0,0,0.006,6.549,6.541,0.188,0.157,0.204,24.957,443223
1782536439330,0,0,0.000,6.549,6.541,0.188,0.157,0.215,25.043,443256
1782536439363,0,0,0.000,6.549,6.541,0.188,0.188,0.220,24.871,443289
1782536439398,0,0,0.000,6.541,6.541,0.188,0.126,0.220,24.957,443322
1782536439429,0,0,0.000,6.549,6.533,0.188,0.188,0.210,24.957,443355
1782536439462,0,0,0.000,6.541,6.549,0.188,0.157,0.220,25.043,443388
1782536439494,0,0,0.000,6.549,6.533,0.157,0.157,0.210,24.957,443421
1782536439528,0,0,0.000,6.541,6.533,0.188,0.157,0.360,25.043,443454
1782536439565,0,0,0.000,6.549,6.549,0.126,0.157,0.210,24.957,443487
1782536439594,0,0,0.006,6.541,6.541,0.188,0.126,0.220,24.957,443520
1782536439627,0,0,0.000,6.549,6.541,0.220,0.126,0.220,24.957,443553
1782536439660,0,0,0.000,6.541,6.533,0.188,0.126,0.344,24.871,443586
1782536439697,0,0,0.000,6.549,6.549,0.188,0.126,0.215,24.957,443619
1782536439727,0,0,0.006,6.541,6.541,0.157,0.157,0.290,25.043,443652
1782536439760,0,0,0.000,6.549,6.533,0.188,0.188,0.296,24.957,443685
1782536439797,0,0,0.006,6.549,6.533,0.188,0.126,0.220,24.957,443718
1782536439827,0,0,0.000,6.541,6.549,0.188,0.157,0.306,24.957,443751
1782536439864,0,0,0.000,6.549,6.541,0.220,0.157,0.204,24.957,443784
1782536439893,0,0,0.000,6.549,6.541,0.188,0.188,0.210,24.957,443817
1782536439927,0,0,0.006,6.541,6.533,0.188,0.157,0.301,24.957,443850
1782536439966,0,0,0.000,6.549,6.541,0.188,0.126,0.199,24.957,443883
1782536439993,0,0,0.000,6.557,6.541,0.188,0.188,0.210,25.043,443916
1782536440028,0,0,0.000,6.549,6.541,0.157,0.220,0.253,24.957,443949
1782536440060,0,0,0.000,6.541,6.524,0.188,0.157,0.360,24.957,443982
1782536440095,0,0,0.000,6.541,6.541,0.188,0.157,0.210,24.871,444015
1782536440179,0,0,0.000,6.533,6.533,0.188,0.157,0.323,24.957,444048
1782536440193,0,0,0.000,6.541,6.541,0.188,0.188,0.210,24.957,444081
1782536440196,0,0,0.000,6.541,6.549,0.188,0.188,0.215,24.957,444114
1782536440225,0,0,0.006,6.541,6.533,0.188,0.157,0.344,24.957,444147
1782536440265,0,0,0.006,6.549,6.541,0.188,0.157,0.269,24.957,444180
1782536440293,0,0,0.006,6.557,6.549,0.188,0.188,0.231,24.957,444213
1782536440326,0,0,0.000,6.557,6.541,0.188,0.126,0.215,24.957,444246
1782536440365,0,0,0.000,6.541,6.541,0.157,0.157,0.349,25.043,444279
1782536440395,0,0,0.000,6.549,6.533,0.188,0.157,0.247,24.957,444312
1782536440426,0,0,0.000,6.549,6.549,0.188,0.157,0.215,24.957,444345
1782536440459,0,0,0.000,6.541,6.533,0.188,0.188,0.323,24.957,444378
1782536440493,0,0,0.000,6.566,6.541,0.188,0.157,0.210,24.957,444411
1782536440525,0,0,0.000,6.541,6.541,0.188,0.188,0.355,24.957,444444
1782536440559,0,0,0.000,6.541,6.533,0.188,0.157,0.333,24.957,444477
1782536440594,0,0,0.000,6.549,6.557,0.157,0.157,0.215,24.957,444510
1782536440625,0,0,0.000,6.533,6.541,0.157,0.188,0.204,24.871,444543
1782536440657,0,0,0.000,6.549,6.541,0.188,0.157,0.226,24.957,444576
1782536440690,0,0,0.000,6.549,6.557,0.188,0.157,0.215,25.043,444609
1782536440725,0,0,0.000,6.541,6.541,0.188,0.126,0.215,24.957,444642
1782536440759,0,0,0.000,6.557,6.541,0.220,0.157,0.220,24.957,444675
1782536440791,0,0,0.000,6.549,6.541,0.188,0.157,0.215,24.957,444708
1782536440824,0,0,0.000,6.549,6.541,0.188,0.157,0.215,24.957,444741
1782536440857,0,0,0.000,6.549,6.541,0.188,0.157,0.231,24.871,444774
1782536440890,0,0,0.000,6.541,6.541,0.188,0.157,0.226,24.957,444807
1782536440924,0,0,0.000,6.541,6.541,0.188,0.188,0.220,24.957,444840
1782536440957,0,0,0.000,6.549,6.541,0.188,0.126,0.220,24.957,444873
1782536440990,0,0,0.000,6.541,6.541,0.188,0.126,0.215,24.957,444906
1782536441025,0,0,0.000,6.557,6.549,0.188,0.188,0.215,24.957,444939
1782536441057,0,0,0.000,6.541,6.533,0.188,0.157,0.237,24.957,444972
1782536441090,0,0,0.000,6.541,6.541,0.188,0.157,0.204,24.957,445005
1782536441124,0,0,0.000,6.549,6.549,0.157,0.188,0.215,24.957,445038
1782536441157,0,0,0.000,6.541,6.541,0.188,0.157,0.210,25.043,445071
1782536441193,0,0,0.000,6.549,6.541,0.157,0.157,0.237,24.957,445104
1782536441223,0,0,0.006,6.549,6.549,0.188,0.188,0.215,24.957,445137
1782536441256,0,0,0.000,6.549,6.549,0.188,0.188,0.204,25.043,445170
1782536441289,0,0,0.000,6.557,6.541,0.188,0.126,0.231,24.957,445203
1782536441323,0,0,0.000,6.524,6.533,0.157,0.157,0.414,24.957,445236
1782536441356,0,0,0.000,6.557,6.541,0.157,0.188,0.242,24.957,445269
1782536441392,0,0,0.000,6.549,6.541,0.188,0.157,0.237,24.871,445302
1782536441423,0,0,0.000,6.541,6.541,0.188,0.157,0.226,24.957,445335
1782536441456,0,0,0.006,6.549,6.533,0.188,0.157,0.226,24.957,445368
1782536441492,0,0,0.000,6.541,6.533,0.188,0.157,0.328,24.957,445401
1782536441543,0,0,0.000,6.549,6.541,0.157,0.188,0.242,24.957,445434
1782536441561,0,0,0.000,6.557,6.541,0.188,0.157,0.215,24.871,445467
1782536441612,0,0,0.000,6.549,6.541,0.188,0.188,0.220,24.957,445500
1782536441627,0,0,0.000,6.549,6.541,0.188,0.188,0.210,24.957,445533
1782536441655,0,0,0.000,6.541,6.549,0.188,0.188,0.204,24.957,445566
1782536441689,0,0,0.000,6.541,6.533,0.157,0.188,0.231,24.957,445599
1782536441729,0,0,0.000,6.541,6.541,0.157,0.157,0.274,24.957,445632
1782536441757,0,0,0.000,6.549,6.541,0.188,0.157,0.231,24.957,445665
1782536441791,0,0,0.000,6.549,6.549,0.188,0.157,0.204,24.957,445698
1782536441822,0,0,0.000,6.549,6.541,0.188,0.157,0.220,24.957,445731
1782536441855,0,0,0.006,6.549,6.541,0.188,0.157,0.231,24.957,445764
1782536441888,0,0,0.000,6.549,6.541,0.126,0.157,0.215,24.957,445797
1782536441922,0,0,0.000,6.549,6.549,0.188,0.157,0.210,24.957,445830
1782536441956,0,0,0.000,6.541,6.533,0.188,0.157,0.312,24.957,445863
1782536441989,0,0,0.000,6.549,6.541,0.188,0.188,0.226,24.957,445896
1782536442021,0,0,0.000,6.557,6.533,0.188,0.126,0.237,24.957,445929
1782536442055,0,0,0.000,6.549,6.549,0.188,0.157,0.215,24.957,445962
1782536442088,0,0,0.000,6.541,6.541,0.188,0.157,0.199,24.957,445995
1782536442120,0,0,0.000,6.557,6.541,0.188,0.188,0.242,24.957,446028
1782536442154,0,0,0.000,6.549,6.541,0.220,0.157,0.231,24.957,446061
1782536442188,0,0,0.000,6.533,6.541,0.157,0.188,0.215,24.957,446094
1782536442222,0,0,0.000,6.541,6.541,0.188,0.188,0.226,24.957,446127
1782536442256,0,0,0.000,6.549,6.541,0.188,0.126,0.215,24.957,446160
1782536442287,0,0,0.000,6.541,6.533,0.188,0.157,0.253,25.043,446193
1782536442320,0,0,0.000,6.549,6.541,0.188,0.157,0.220,25.043,446226
1782536442354,0,0,0.000,6.549,6.541,0.188,0.188,0.220,24.957,446259
1782536442389,0,0,0.000,6.541,6.541,0.188,0.157,0.247,24.957,446292
1782536442420,0,0,0.000,6.549,6.541,0.188,0.157,0.231,24.957,446325
1782536442453,0,0,0.000,6.533,6.533,0.157,0.157,0.247,24.957,446358
1782536442486,0,0,0.000,6.533,6.541,0.188,0.157,0.237,24.957,446391
1782536442520,0,0,0.000,6.557,6.533,0.188,0.126,0.242,24.957,446424
1782536442553,0,0,0.000,6.549,6.541,0.157,0.126,0.231,24.957,446457
1782536442589,0,0,0.000,6.541,6.533,0.188,0.157,0.247,24.871,446490
1782536442620,0,0,0.000,6.549,6.533,0.188,0.157,0.237,24.957,446523
1782536442652,0,0,0.000,6.549,6.541,0.188,0.157,0.215,24.957,446556
1782536442687,0,0,0.000,6.541,6.549,0.188,0.157,0.220,24.957,446589
1782536442722,0,0,0.000,6.541,6.533,0.188,0.157,0.441,24.957,446622
1782536442765,0,0,0.000,6.566,6.549,0.188,0.157,0.237,24.957,446655
1782536442794,0,0,0.000,6.541,6.541,0.188,0.157,0.231,24.957,446688
1782536442828,0,0,0.000,6.541,6.549,0.157,0.126,0.242,24.957,446721
1782536442862,0,0,0.000,6.549,6.541,0.188,0.188,0.242,24.957,446754
1782536442918,0,0,0.006,6.549,6.549,0.157,0.126,0.204,24.957,446787
1782536442930,0,0,0.000,6.541,6.549,0.188,0.157,0.215,24.957,446820
1782536442963,0,0,0.006,6.549,6.541,0.188,0.157,0.215,24.957,446853
1782536442994,0,0,0.000,6.557,6.533,0.188,0.188,0.263,24.957,446886
1782536443028,0,0,0.000,6.549,6.541,0.188,0.188,0.220,24.871,446919
1782536443060,0,0,0.000,6.549,6.541,0.188,0.157,0.215,24.957,446952
1782536443092,0,0,0.000,6.549,6.541,0.157,0.157,0.226,24.957,446985
1782536443127,0,0,0.000,6.549,6.549,0.188,0.157,0.204,25.043,447018
1782536443160,0,0,0.006,6.549,6.541,0.188,0.157,0.247,25.043,447051
1782536443199,0,0,0.000,6.549,6.541,0.188,0.157,0.231,24.957,447084
1782536443245,0,0,0.000,6.541,6.533,0.188,0.157,0.226,24.957,447117
1782536443256,0,0,0.000,6.541,6.541,0.157,0.126,0.215,24.957,447150
1782536443290,0,0,0.000,6.549,6.541,0.188,0.126,0.285,24.957,447183
1782536443338,0,0,0.000,6.549,6.541,0.188,0.188,0.210,24.957,447216
1782536443356,0,0,0.000,6.541,6.533,0.188,0.157,0.285,24.957,447249
1782536443396,0,0,0.000,6.549,6.549,0.188,0.157,0.199,25.043,447282
1782536443422,0,0,0.000,6.549,6.541,0.188,0.157,0.204,25.043,447315
1782536443455,0,0,0.000,6.557,6.549,0.188,0.157,0.210,24.957,447348
1782536443490,0,0,0.006,6.541,6.541,0.188,0.126,0.204,24.957,447381
1782536443526,0,0,0.000,6.549,6.541,0.188,0.188,0.210,24.957,447414
1782536443554,0,0,0.000,6.549,6.541,0.188,0.188,0.204,24.957,447447
1782536443586,0,0,0.000,6.549,6.541,0.188,0.126,0.204,24.871,447480
1782536443620,0,0,0.000,6.549,6.541,0.157,0.188,0.210,24.957,447513
1782536443657,0,0,0.000,6.541,6.541,0.188,0.157,0.210,24.957,447546
1782536443685,0,0,0.000,6.533,6.541,0.188,0.157,0.215,24.957,447579
1782536443718,0,0,0.000,6.549,6.541,0.157,0.157,0.215,24.957,447612
1782536443752,0,0,0.000,6.533,6.533,0.188,0.157,0.355,24.957,447645
1782536443786,0,0,0.000,6.541,6.541,0.220,0.188,0.258,24.957,447678
1782536443818,0,0,0.006,6.541,6.524,0.188,0.157,0.452,24.957,447711
1782536443856,0,0,0.000,6.549,6.541,0.126,0.126,0.263,24.957,447744
1782536443884,0,0,0.012,6.533,6.541,0.188,0.126,0.269,25.043,447777
1782536443916,0,0,0.000,6.549,6.541,0.157,0.126,0.312,24.957,447810
1782536443950,0,0,0.000,6.541,6.541,0.188,0.188,0.306,24.957,447843
1782536443983,0,0,0.000,6.549,6.549,0.188,0.157,0.253,24.957,447876
1782536444016,0,0,0.000,6.541,6.541,0.157,0.157,0.344,24.957,447909
1782536444060,0,0,0.000,6.549,6.541,0.188,0.188,0.274,24.957,447942
1782536444084,0,0,0.000,6.533,6.516,0.188,0.157,0.414,24.957,447975
1782536444115,0,0,0.000,6.549,6.541,0.188,0.126,0.215,24.957,448008
1782536444153,0,0,0.000,6.557,6.549,0.188,0.157,0.210,24.957,448041
1782536444184,0,0,0.012,6.541,6.524,0.188,0.157,0.280,24.957,448074
1782536444216,0,0,0.000,6.549,6.541,0.188,0.157,0.210,24.957,448107
1782536444256,0,0,0.000,6.541,6.541,0.188,0.157,0.199,25.043,448140
1782536444282,0,0,0.000,6.541,6.533,0.188,0.157,0.323,24.957,448173
1782536444316,0,0,0.000,6.557,6.541,0.188,0.157,0.204,24.871,448206
1782536444349,0,0,0.000,6.549,6.541,0.188,0.157,0.210,24.957,448239
1782536444381,0,0,0.000,6.541,6.541,0.220,0.157,0.263,24.957,448272
1782536444423,0,0,0.000,6.541,6.541,0.188,0.220,0.258,24.957,448305
1782536444448,0,0,0.000,6.549,6.533,0.188,0.157,0.312,24.957,448338
1782536444482,0,0,0.000,6.557,6.541,0.188,0.157,0.215,24.871,448371
1782536444526,0,0,0.000,6.549,6.541,0.220,0.157,0.237,24.957,448404
1782536444554,0,0,0.000,6.549,6.541,0.188,0.157,0.237,24.957,448437
1782536444581,0,0,0.000,6.541,6.541,0.188,0.188,0.312,24.957,448470
1782536444614,0,0,0.000,6.541,6.533,0.188,0.188,0.317,24.957,448503
1782536444648,0,0,0.000,6.549,6.541,0.188,0.157,0.339,25.043,448536
1782536444682,0,0,0.000,6.557,6.549,0.188,0.157,0.220,24.957,448569
1782536444715,0,0,0.000,6.533,6.541,0.188,0.157,0.419,25.043,448602
1782536444748,0,0,0.006,6.557,6.533,0.126,0.157,0.226,24.957,448635
1782536444782,0,0,0.006,6.533,6.533,0.188,0.157,0.349,24.957,448668
1782536444825,0,0,0.000,6.541,6.533,0.157,0.126,0.220,24.957,448701
1782536444847,0,0,0.000,6.549,6.541,0.188,0.157,0.215,24.957,448734
1782536444881,0,0,0.006,6.549,6.541,0.157,0.157,0.220,24.957,448767
1782536444914,0,0,0.000,6.549,6.549,0.188,0.157,0.220,24.957,448800
1782536444947,0,0,0.000,6.541,6.549,0.188,0.157,0.285,24.957,448833
1782536444980,0,0,0.006,6.549,6.541,0.188,0.157,0.215,24.957,448866
1782536445022,0,0,0.000,6.549,6.533,0.188,0.157,0.247,24.957,448899
1782536445046,0,0,0.006,6.541,6.541,0.157,0.157,0.258,24.957,448932
1782536445080,0,0,0.000,6.557,6.549,0.188,0.126,0.220,24.957,448965
1782536445121,0,0,0.000,6.557,6.524,0.188,0.157,0.247,24.957,448998
1782536445147,0,0,0.000,6.541,6.541,0.188,0.188,0.237,24.957,449031
1782536445180,0,0,0.000,6.541,6.541,0.126,0.157,0.231,24.957,449064
1782536445212,0,0,0.000,6.549,6.541,0.188,0.157,0.301,24.957,449097
1782536445246,0,0,0.000,6.541,6.549,0.188,0.188,0.247,24.957,449130
1782536445282,0,0,0.000,6.541,6.541,0.157,0.157,0.280,24.957,449163
1782536445313,0,0,0.000,6.549,6.541,0.188,0.157,0.220,24.957,449196
1782536445346,0,0,0.000,6.541,6.533,0.188,0.157,0.344,24.957,449229
1782536445383,0,0,0.000,6.549,6.549,0.157,0.126,0.226,24.957,449262
1782536445414,0,0,0.006,6.557,6.533,0.188,0.157,0.226,24.957,449295
1782536445447,0,0,0.000,6.549,6.533,0.188,0.157,0.237,24.957,449328
1782536445479,0,0,0.000,6.549,6.533,0.220,0.220,0.226,24.957,449361
1782536445515,0,0,0.000,6.541,6.541,0.188,0.157,0.253,24.957,449394
1782536445545,0,0,0.000,6.549,6.541,0.188,0.157,0.231,24.957,449427
1782536445578,0,0,0.006,6.541,6.549,0.188,0.157,0.215,24.957,449460
1782536445612,0,0,0.000,6.549,6.557,0.188,0.157,0.204,24.957,449493
1782536445645,0,0,0.000,6.549,6.549,0.188,0.157,0.242,24.957,449526
1782536445679,0,0,0.000,6.541,6.524,0.188,0.126,0.462,24.957,449559
1782536445712,0,0,0.000,6.549,6.541,0.157,0.188,0.242,24.957,449592
1782536445747,0,0,0.000,6.549,6.541,0.188,0.126,0.247,24.957,449625
1782536445778,0,0,0.000,6.549,6.549,0.188,0.157,0.285,24.957,449658
1782536445811,0,0,0.000,6.549,6.549,0.188,0.157,0.226,24.957,449691
1782536445847,0,0,0.000,6.541,6.533,0.251,0.157,0.274,24.957,449724
1782536445877,0,0,0.000,6.541,6.533,0.188,0.126,0.296,24.957,449757
1782536445912,0,0,0.000,6.541,6.541,0.188,0.157,0.231,24.957,449790
1782536445945,0,0,0.006,6.541,6.541,0.157,0.157,0.242,24.957,449823
1782536445978,0,0,0.000,6.557,6.557,0.188,0.126,0.220,24.957,449856
1782536446010,0,0,0.000,6.549,6.557,0.188,0.188,0.226,24.957,449889
1782536446044,0,0,0.000,6.557,6.541,0.188,0.188,0.247,24.957,449922
1782536446078,0,0,0.000,6.541,6.541,0.220,0.188,0.210,24.957,449955
1782536446111,0,0,0.000,6.557,6.541,0.188,0.188,0.210,24.957,449988
1782536446146,0,0,0.012,6.549,6.541,0.188,0.188,0.226,24.957,450021
1782536446177,0,0,0.000,6.549,6.549,0.188,0.188,0.226,24.957,450054
1782536446213,0,0,0.000,6.557,6.533,0.157,0.126,0.226,24.957,450087
1782536446243,0,0,0.000,6.549,6.541,0.188,0.157,0.231,24.957,450120
1782536446278,0,0,0.000,6.557,6.533,0.188,0.157,0.215,24.957,450153
1782536446311,0,0,0.000,6.549,6.541,0.188,0.157,0.215,24.957,450186
1782536446343,0,0,0.000,6.541,6.541,0.157,0.157,0.210,24.957,450219
1782536446377,0,0,0.000,6.541,6.541,0.188,0.157,0.274,24.957,450252
1782536446411,0,0,0.000,6.541,6.541,0.188,0.126,0.220,24.957,450285
1782536446466,0,0,0.000,6.549,6.549,0.126,0.157,0.226,24.957,450318
1782536446477,0,0,0.000,6.549,6.549,0.188,0.126,0.220,24.957,450351
1782536446512,0,0,0.000,6.549,6.549,0.188,0.157,0.237,24.957,450384
1782536446543,0,0,0.000,6.549,6.541,0.188,0.188,0.242,24.957,450417
1782536446577,0,0,0.000,6.533,6.541,0.188,0.126,0.215,24.957,450450
1782536446613,0,0,0.000,6.541,6.533,0.188,0.157,0.333,24.957,450483
1782536446643,0,0,0.000,6.549,6.549,0.188,0.157,0.237,24.957,450516
1782536446684,0,0,0.000,6.541,6.533,0.188,0.157,0.253,24.957,450549
1782536446718,0,0,0.000,6.549,6.541,0.126,0.126,0.210,24.957,450582
1782536446745,0,0,0.000,6.541,6.533,0.188,0.157,0.285,24.957,450615
1782536446776,0,0,0.000,6.549,6.541,0.157,0.126,0.247,24.957,450648
1782536446816,0,0,0.000,6.549,6.541,0.188,0.157,0.220,24.957,450681
1782536446846,0,0,0.000,6.549,6.541,0.188,0.157,0.253,24.957,450714
1782536446876,0,0,0.006,6.549,6.549,0.188,0.157,0.226,25.043,450747
1782536446909,0,0,0.000,6.549,6.541,0.188,0.157,0.215,24.957,450780
1782536446942,0,0,0.000,6.557,6.557,0.188,0.157,0.215,24.957,450813
1782536446975,0,0,0.000,6.541,6.541,0.188,0.157,0.247,24.957,450846
1782536447009,0,0,0.000,6.541,6.533,0.188,0.157,0.210,24.957,450879
1782536447042,0,0,0.000,6.549,6.541,0.188,0.157,0.210,24.957,450912
1782536447080,0,0,0.000,6.549,6.541,0.188,0.188,0.215,24.957,450945
1782536447123,0,0,0.000,6.549,6.541,0.126,0.126,0.220,24.957,450978
1782536447153,0,0,0.000,6.549,6.541,0.188,0.157,0.210,24.957,451011
1782536447184,0,0,0.000,6.549,6.541,0.188,0.188,0.242,24.957,451044
1782536447216,0,0,0.000,6.541,6.541,0.188,0.126,0.328,24.957,451077
1782536447250,0,0,0.000,6.549,6.533,0.188,0.188,0.237,24.957,451110
1782536447282,0,0,0.000,6.549,6.541,0.188,0.157,0.210,24.957,451143
1782536447317,-15,15,0.000,6.549,6.541,0.188,0.157,0.237,24.957,451176
1782536447349,-30,30,0.000,6.549,6.533,0.157,0.157,0.199,24.957,451209
1782536447383,-60,60,0.000,6.549,6.549,0.157,0.126,0.226,24.957,451242
1782536447415,-75,75,0.000,6.549,6.541,0.188,0.188,0.204,24.957,451275
1782536447448,-105,105,0.000,6.549,6.541,0.188,0.188,0.220,24.957,451308
1782536447491,-65,65,0.000,6.549,6.549,0.188,0.157,0.210,25.043,451341
1782536447516,-45,45,0.000,6.549,6.557,0.188,0.157,0.210,24.957,451374
1782536447566,0,0,0.000,6.541,6.541,0.188,0.188,0.274,24.957,451407
1782536447580,0,0,0.000,6.549,6.541,0.188,0.188,0.296,24.957,451440
1782536447614,0,0,0.000,6.549,6.541,0.157,0.157,0.199,24.957,451473
1782536447645,0,0,0.000,6.549,6.541,0.157,0.188,0.220,25.043,451506
1782536447681,0,0,0.000,6.557,6.541,0.157,0.188,0.199,25.043,451539
1782536447712,0,0,0.000,6.541,6.549,0.188,0.188,0.285,24.957,451572
1782536447746,0,0,0.000,6.557,6.541,0.157,0.126,0.204,24.957,451605
1782536447787,0,0,0.000,6.549,6.541,0.188,0.157,0.210,24.957,451638
1782536447837,-30,30,0.000,6.549,6.549,0.188,0.157,0.199,24.957,451671
1782536447850,-30,30,0.000,6.549,6.549,0.188,0.157,0.199,24.957,451704
1782536447878,-60,60,0.000,6.541,6.533,0.157,0.188,0.355,25.043,451737
1782536447911,-75,75,0.000,6.549,6.541,0.188,0.157,0.204,24.957,451770
1782536447950,-105,105,0.000,6.541,6.541,0.188,0.157,0.199,24.957,451803
1782536447976,-120,120,0.000,6.533,6.524,0.126,0.157,0.398,24.957,451836
1782536448009,-150,150,0.000,6.549,6.541,0.188,0.188,0.194,24.957,451869
1782536448054,-180,180,0.000,6.524,6.516,0.251,0.251,0.253,24.957,451902
1782536448076,-195,195,0.000,6.491,6.483,0.502,0.377,0.323,24.957,451935
1782536448107,-225,225,0.000,6.408,6.400,1.098,0.879,0.328,24.957,451968
1782536448144,-255,255,0.000,6.367,6.342,1.412,1.255,0.220,24.957,452001
1782536448177,-285,285,0.000,6.326,6.301,2.039,1.098,0.263,25.043,452034
1782536448206,-300,300,0.000,6.359,6.334,1.632,1.004,0.220,24.957,452067
1782536448239,-260,260,0.006,6.309,6.292,1.914,1.192,0.349,25.043,452100
1782536448272,-240,240,0.000,6.359,6.334,1.286,1.098,0.204,24.957,452133
1782536448314,-200,200,0.000,6.400,6.375,0.941,0.879,0.226,24.957,452166
1782536448356,-160,160,0.000,6.442,6.433,0.722,0.439,0.328,24.957,452199
1782536448395,-120,120,0.000,6.433,6.425,0.816,0.533,0.274,24.957,452232
1782536448408,-100,100,0.000,6.491,6.491,0.314,0.314,0.253,24.957,452265
1782536448438,-60,60,0.000,6.524,6.533,0.220,0.188,0.194,24.957,452298
1782536448473,-40,40,0.000,6.524,6.533,0.188,0.188,0.258,24.957,452331
1782536448504,0,0,0.000,6.524,6.524,0.188,0.126,0.280,24.957,452364
1782536448541,0,0,0.000,6.533,6.533,0.188,0.157,0.199,24.957,452397
1782536448572,0,0,0.000,6.541,6.533,0.188,0.157,0.231,24.957,452430
1782536448605,0,0,0.000,6.541,6.524,0.188,0.157,0.392,25.043,452463
1782536448638,15,-15,0.000,6.541,6.533,0.157,0.126,0.199,24.957,452496
1782536448671,30,-30,0.000,6.533,6.524,0.188,0.157,0.285,24.957,452529
1782536448705,60,-60,0.000,6.541,6.533,0.188,0.157,0.237,25.043,452562
1782536448737,75,-75,0.000,6.541,6.533,0.188,0.126,0.194,25.043,452595
1782536448772,105,-105,0.000,6.533,6.533,0.188,0.157,0.323,24.957,452628
1782536448804,135,-135,0.000,6.541,6.541,0.188,0.157,0.199,24.957,452661
1782536448840,165,-165,0.000,6.541,6.533,0.188,0.157,0.204,24.957,452694
1782536448871,180,-180,0.000,6.516,6.508,0.188,0.220,0.301,24.957,452727
1782536448903,210,-210,0.000,6.483,6.483,0.502,0.377,0.290,25.043,452760
1782536448937,225,-225,0.000,6.466,6.475,0.345,0.533,0.366,25.043,452793
1782536448970,255,-255,0.000,6.466,6.466,0.377,0.628,0.263,25.043,452826
1782536449003,285,-285,0.000,6.400,6.384,1.004,0.910,0.419,24.957,452859
1782536449042,315,-315,0.006,6.400,6.400,1.004,0.879,0.285,24.957,452892
1782536449105,360,-360,0.000,6.392,6.375,1.035,0.879,0.344,24.957,452925
1782536449106,360,-360,0.000,6.326,6.301,1.694,1.192,0.210,24.957,452958
1782536449138,340,-340,0.006,6.284,6.268,1.945,1.381,0.360,24.957,452991
1782536449181,280,-280,0.000,6.276,6.259,1.788,1.475,0.301,24.957,453024
1782536449203,260,-260,0.006,6.317,6.292,1.569,1.098,0.468,25.043,453057
1782536449236,240,-240,0.000,6.367,6.342,1.349,0.879,0.204,24.957,453090
1782536449275,200,-200,0.000,6.417,6.408,0.816,0.628,0.344,24.957,453123
1782536449305,160,-160,0.000,6.466,6.458,0.502,0.408,0.231,24.957,453156
1782536449336,140,-140,0.000,6.458,6.450,0.502,0.345,0.478,24.957,453189
1782536449376,135,-135,0.000,6.524,6.499,0.251,0.220,0.210,24.957,453222
1782536449426,180,-180,0.000,6.516,6.516,0.188,0.188,0.237,25.043,453255
1782536449444,160,-160,0.000,6.516,6.508,0.157,0.157,0.306,24.957,453288
1782536449469,140,-140,0.006,6.516,6.491,0.314,0.282,0.215,24.957,453321
1782536449502,100,-100,0.006,6.400,6.392,1.161,0.753,0.210,24.957,453354
1782536449535,80,-80,0.000,6.400,6.392,1.286,0.502,0.274,25.043,453387
1782536449570,40,-40,0.006,6.508,6.508,0.251,0.188,0.226,24.957,453420
1782536449602,0,0,0.006,6.524,6.541,0.188,0.157,0.204,25.043,453453
1782536449636,0,0,0.000,6.524,6.524,0.220,0.188,0.210,24.957,453486
1782536449668,0,0,0.000,6.524,6.524,0.188,0.157,0.226,25.043,453519
1782536449702,30,-30,0.000,6.533,6.524,0.188,0.157,0.210,24.957,453552
1782536449735,45,-45,0.000,6.524,6.524,0.220,0.188,0.226,24.957,453585
1782536449768,75,-75,0.006,6.533,6.533,0.188,0.188,0.237,25.043,453618
1782536449811,105,-105,0.000,6.533,6.524,0.188,0.126,0.231,24.957,453651
1782536449836,120,-120,0.000,6.533,6.524,0.188,0.157,0.204,25.043,453684
1782536449867,150,-150,0.000,6.533,6.524,0.188,0.157,0.226,24.957,453717
1782536449902,180,-180,0.000,6.508,6.491,0.282,0.251,0.323,24.957,453750
1782536449934,195,-195,0.000,6.483,6.475,0.345,0.439,0.204,24.957,453783
1782536449977,225,-225,0.000,6.433,6.425,0.879,0.596,0.323,24.957,453816
1782536450014,255,-255,0.012,6.350,6.326,1.569,0.973,0.204,24.957,453849
1782536450033,270,-270,0.000,6.384,6.367,1.224,0.973,0.237,24.957,453882
1782536450067,230,-230,0.000,6.367,6.342,1.255,0.847,0.231,25.043,453915
1782536450100,190,-190,0.000,6.342,6.326,1.381,1.255,0.237,24.957,453948
1782536450137,170,-170,0.006,6.408,6.400,0.910,0.753,0.204,24.957,453981
1782536450168,130,-130,0.000,6.466,6.458,0.439,0.471,0.215,25.043,454014
1782536450200,90,-90,0.000,6.483,6.475,0.314,0.377,0.339,24.957,454047
1782536450234,70,-70,0.000,6.524,6.508,0.188,0.188,0.220,24.957,454080
1782536450268,30,-30,0.000,6.524,6.516,0.126,0.094,0.215,24.957,454113
1782536450302,0,0,0.000,6.516,6.524,0.188,0.188,0.220,24.957,454146
1782536450333,0,0,0.000,6.524,6.524,0.188,0.157,0.237,24.957,454179
1782536450368,0,0,0.000,6.533,6.524,0.188,0.157,0.204,24.957,454212
1782536450402,0,0,0.000,6.524,6.516,0.188,0.157,0.333,24.957,454245
1782536450437,0,0,0.000,6.524,6.524,0.157,0.157,0.285,24.957,454278
1782536450466,30,-30,0.000,6.524,6.516,0.157,0.157,0.323,24.957,454311
1782536450503,60,-60,0.000,6.533,6.524,0.188,0.188,0.237,24.957,454344
1782536450533,75,-75,0.000,6.533,6.533,0.126,0.157,0.226,24.957,454377
1782536450566,70,-70,0.000,6.541,6.533,0.188,0.157,0.226,24.957,454410
1782536450605,30,-30,0.000,6.524,6.533,0.157,0.157,0.215,24.957,454443
1782536450632,10,-10,0.000,6.533,6.516,0.220,0.188,0.220,24.957,454476
1782536450674,0,0,0.000,6.524,6.524,0.157,0.157,0.237,24.957,454509
1782536450713,0,0,0.000,6.533,6.524,0.188,0.157,0.263,24.957,454542
1782536450733,0,0,0.000,6.533,6.524,0.126,0.157,0.194,25.043,454575
1782536450766,0,0,0.000,6.524,6.524,0.188,0.126,0.301,24.957,454608
1782536450799,0,0,0.000,6.549,6.524,0.188,0.157,0.215,25.043,454641
1782536450844,30,-30,0.000,6.533,6.533,0.188,0.188,0.210,24.957,454674
1782536450866,45,-45,0.000,6.524,6.524,0.188,0.157,0.290,24.957,454707
1782536450901,75,-75,0.000,6.533,6.533,0.157,0.188,0.237,24.957,454740
1782536450937,90,-90,0.000,6.533,6.533,0.188,0.157,0.199,24.957,454773
1782536450965,120,-120,0.000,6.533,6.524,0.188,0.157,0.204,24.957,454806
1782536450999,100,-100,0.000,6.533,6.524,0.188,0.188,0.210,24.957,454839
1782536451032,60,-60,0.000,6.524,6.524,0.188,0.188,0.312,25.043,454872
1782536451064,20,-20,0.006,6.524,6.516,0.188,0.282,0.194,24.957,454905
1782536451117,0,0,0.000,6.533,6.524,0.188,0.157,0.215,25.043,454938
1782536451138,0,0,0.000,6.533,6.533,0.188,0.157,0.204,24.957,454971
1782536451164,0,0,0.000,6.533,6.533,0.157,0.157,0.344,24.957,455004
1782536451199,0,0,0.000,6.541,6.524,0.157,0.188,0.199,24.957,455037
1782536451231,0,0,0.000,6.541,6.524,0.188,0.157,0.215,24.957,455070
1782536451265,15,-15,0.000,6.533,6.524,0.188,0.157,0.199,24.957,455103
1782536451298,30,-30,0.000,6.541,6.533,0.188,0.157,0.220,24.957,455136
1782536451331,60,-60,0.000,6.533,6.524,0.188,0.126,0.204,24.957,455169
1782536451366,90,-90,0.000,6.533,6.533,0.188,0.188,0.215,24.957,455202
1782536451398,105,-105,0.000,6.533,6.533,0.188,0.188,0.215,24.957,455235
1782536451431,135,-135,0.000,6.541,6.541,0.220,0.157,0.242,24.957,455268
1782536451464,165,-165,0.000,6.533,6.541,0.188,0.251,0.215,24.957,455301
1782536451497,180,-180,0.000,6.516,6.516,0.188,0.251,0.349,24.957,455334
1782536451544,190,-190,0.000,6.458,6.442,0.502,0.690,0.215,24.957,455367
1782536451572,170,-170,0.000,6.408,6.392,1.098,0.722,0.215,25.043,455400
1782536451607,130,-130,0.000,6.367,6.375,1.381,0.753,0.333,24.957,455433
1782536451660,90,-90,0.012,6.442,6.425,0.690,0.690,0.220,24.957,455466
1782536451674,70,-70,0.000,6.524,6.508,0.220,0.220,0.220,24.957,455499
1782536451705,30,-30,0.000,6.499,6.499,0.220,0.188,0.349,24.957,455532
1782536451738,10,-10,0.000,6.533,6.524,0.188,0.157,0.215,24.957,455565
1782536451771,0,0,0.000,6.533,6.533,0.188,0.157,0.226,24.957,455598
1782536451804,0,0,0.000,6.524,6.524,0.188,0.157,0.290,24.957,455631
1782536451844,0,0,0.006,6.524,6.524,0.188,0.157,0.231,24.957,455664
1782536451870,0,0,0.000,6.524,6.508,0.188,0.157,0.349,24.957,455697
1782536451903,0,0,0.000,6.524,6.516,0.220,0.157,0.231,24.957,455730
1782536451937,0,0,0.000,6.541,6.524,0.157,0.157,0.204,24.957,455763
1782536451974,0,0,0.000,6.541,6.524,0.188,0.157,0.263,24.957,455796
1782536452002,0,0,0.000,6.524,6.524,0.188,0.157,0.263,24.957,455829
1782536452045,0,0,0.000,6.541,6.524,0.188,0.157,0.215,24.957,455862
1782536452070,0,0,0.000,6.524,6.533,0.188,0.157,0.349,24.957,455895
1782536452101,0,0,0.000,6.541,6.533,0.188,0.188,0.210,24.957,455928
1782536452138,0,0,0.000,6.524,6.524,0.188,0.157,0.280,24.957,455961
1782536452171,0,0,0.006,6.533,6.524,0.188,0.188,0.215,25.043,455994
1782536452202,0,0,0.000,6.533,6.524,0.188,0.126,0.220,24.957,456027
1782536452235,0,0,0.006,6.533,6.533,0.188,0.157,0.226,24.957,456060
1782536452267,0,0,0.000,6.524,6.524,0.188,0.157,0.231,24.957,456093
1782536452299,0,0,0.000,6.533,6.524,0.188,0.126,0.210,24.957,456126
1782536452336,0,0,0.000,6.524,6.524,0.188,0.157,0.360,24.957,456159
1782536452365,0,0,0.000,6.541,6.533,0.188,0.188,0.210,24.957,456192
1782536452397,0,0,0.000,6.533,6.541,0.188,0.157,0.210,24.957,456225
1782536452432,30,30,0.000,6.541,6.524,0.188,0.157,0.204,24.957,456258
1782536452466,60,60,0.012,6.533,6.541,0.188,0.220,0.215,25.043,456291
1782536452497,75,75,0.006,6.533,6.524,0.157,0.157,0.269,24.957,456324
1782536452531,105,105,0.000,6.533,6.524,0.188,0.188,0.323,24.957,456357
1782536452562,120,120,0.000,6.541,6.533,0.188,0.157,0.210,25.043,456390
1782536452597,150,150,0.006,6.524,6.524,0.188,0.126,0.290,24.957,456423
1782536452628,180,180,0.006,6.508,6.499,0.314,0.314,0.215,24.957,456456
1782536452661,195,195,0.000,6.483,6.466,0.377,0.502,0.242,25.043,456489
1782536452702,225,225,0.000,6.499,6.475,0.345,0.533,0.226,25.043,456522
1782536452727,255,255,0.000,6.466,6.442,0.596,0.471,0.392,24.957,456555
1782536452774,285,285,0.000,6.392,6.375,1.067,1.004,0.274,25.043,456588
1782536452794,300,300,0.000,6.400,6.392,0.847,0.628,0.371,24.957,456621
1782536452826,330,330,0.000,6.408,6.400,0.879,0.722,0.280,24.957,456654
1782536452862,345,345,0.000,6.400,6.392,1.067,0.722,0.237,24.957,456687
1782536452893,375,375,0.000,6.342,6.326,1.506,0.879,0.269,24.957,456720
1782536452927,405,405,0.000,6.350,6.326,1.443,1.004,0.290,24.957,456753
1782536452968,435,435,0.000,6.259,6.243,2.196,1.381,0.269,24.957,456786
1782536452994,450,450,0.000,6.259,6.243,1.914,1.506,0.215,25.043,456819
1782536453026,480,480,0.006,6.218,6.193,2.416,1.694,0.215,25.043,456852
1782536453062,495,495,0.012,6.193,6.160,2.824,1.883,0.220,24.957,456885
1782536453099,500,500,0.006,6.177,6.152,2.855,1.851,0.220,24.957,456918
1782536453136,500,500,0.000,6.143,6.119,2.855,2.039,0.226,25.043,456951
1782536453208,500,500,0.012,6.160,6.127,2.981,1.914,0.220,24.957,456984
1782536453208,500,500,0.000,6.177,6.143,2.761,1.820,0.247,24.957,457017
1782536453227,500,500,0.000,6.193,6.160,2.730,1.537,0.371,24.957,457050
1782536453260,500,500,0.000,6.201,6.177,2.541,1.537,0.226,25.043,457083
1782536453299,500,500,0.000,6.193,6.168,2.447,1.726,0.349,25.043,457116
1782536453326,500,500,0.000,6.235,6.201,2.416,1.318,0.231,25.043,457149
1782536453360,500,500,0.000,6.210,6.201,2.541,1.318,0.339,25.043,457182
1782536453392,500,500,0.000,6.210,6.185,2.259,1.506,0.215,25.043,457215
1782536453425,500,500,0.000,6.226,6.193,2.290,1.537,0.231,25.043,457248
1782536453459,500,500,0.006,6.235,6.201,2.416,1.506,0.226,24.957,457281
1782536453493,500,500,0.000,6.226,6.185,2.228,1.443,0.425,24.957,457314
1782536453526,500,500,0.000,6.210,6.185,2.510,1.443,0.231,25.043,457347
1782536453559,500,500,0.000,6.226,6.201,2.290,1.192,0.344,24.957,457380
1782536453592,500,500,0.000,6.210,6.193,2.479,1.381,0.253,25.043,457413
1782536453625,500,500,0.000,6.218,6.193,2.196,1.443,0.237,25.043,457446
1782536453659,480,480,0.000,6.193,6.177,2.447,1.506,0.231,25.043,457479
1782536453692,440,440,0.000,6.210,6.185,2.353,1.255,0.355,25.043,457512
1782536453726,400,400,0.000,6.268,6.243,2.008,0.973,0.242,25.043,457545
1782536453758,380,380,0.000,6.292,6.268,1.694,0.879,0.349,25.043,457578
1782536453794,340,340,0.000,6.367,6.342,1.412,0.533,0.247,25.043,457611
1782536453825,300,300,0.000,6.400,6.392,0.879,0.565,0.242,25.043,457644
1782536453867,260,260,0.000,6.384,6.359,0.879,0.471,0.328,25.043,457677
1782536453892,240,240,0.000,6.425,6.417,0.596,0.533,0.226,25.043,457710
1782536453933,200,200,0.000,6.475,6.466,0.345,0.188,0.215,25.043,457743
1782536453957,180,180,0.000,6.475,6.450,0.314,0.314,0.328,24.957,457776
1782536454015,120,120,0.000,6.466,6.466,0.282,0.345,0.220,25.043,457809
1782536454024,120,120,0.000,6.491,6.491,0.188,0.157,0.317,25.043,457842
1782536454059,80,80,0.000,6.483,6.483,0.251,0.220,0.237,25.043,457875
1782536454091,40,40,0.000,6.499,6.491,0.157,0.157,0.226,25.043,457908
1782536454126,0,0,0.000,6.491,6.491,0.188,0.157,0.215,24.957,457941
1782536454158,0,0,0.000,6.499,6.499,0.188,0.157,0.237,25.043,457974
1782536454192,0,0,0.000,6.499,6.499,0.188,0.188,0.237,25.043,458007
1782536454223,0,0,0.000,6.499,6.491,0.188,0.157,0.242,25.043,458040
1782536454256,0,0,0.000,6.516,6.499,0.188,0.126,0.237,25.043,458073
1782536454293,0,0,0.000,6.508,6.508,0.157,0.188,0.210,25.043,458106
1782536454332,0,0,0.000,6.508,6.499,0.188,0.188,0.215,24.957,458139
1782536454361,0,0,0.000,6.508,6.491,0.188,0.188,0.301,25.043,458172
1782536454426,0,0,0.000,6.508,6.499,0.188,0.157,0.231,25.043,458205
1782536454434,0,0,0.000,6.499,6.499,0.220,0.157,0.323,25.043,458238
1782536454458,0,0,0.000,6.499,6.491,0.188,0.157,0.355,25.043,458271
1782536454496,-15,-15,0.006,6.508,6.499,0.188,0.157,0.242,25.043,458304
1782536454526,-45,-45,0.000,6.508,6.499,0.157,0.157,0.242,25.043,458337
1782536454564,-60,-60,0.000,6.499,6.508,0.188,0.157,0.247,25.043,458370
1782536454590,-90,-90,0.000,6.508,6.499,0.188,0.157,0.231,24.957,458403
1782536454623,-105,-105,0.000,6.516,6.524,0.188,0.157,0.215,25.129,458436
1782536454667,-150,-150,0.000,6.516,6.508,0.220,0.126,0.226,25.043,458469
1782536454689,-165,-165,0.000,6.508,6.499,0.188,0.157,0.220,25.043,458502
1782536454723,-180,-180,0.000,6.508,6.491,0.188,0.220,0.226,25.043,458535
1782536454771,-225,-225,0.000,6.475,6.466,0.439,0.377,0.220,25.043,458568
1782536454793,-240,-240,0.000,6.442,6.425,0.408,0.690,0.226,25.129,458601
1782536454825,-255,-255,0.000,6.442,6.442,0.345,0.659,0.215,25.043,458634
1782536454866,-300,-300,0.006,6.442,6.408,0.690,0.628,0.220,25.043,458667
1782536454933,-345,-345,0.000,6.375,6.350,1.067,0.879,0.226,25.043,458700
1782536454933,-345,-345,0.006,6.384,6.375,1.098,0.816,0.220,25.043,458733
1782536454963,-360,-360,0.000,6.359,6.342,1.255,0.816,0.328,25.043,458766
1782536454989,-390,-390,0.006,6.301,6.276,1.663,1.098,0.274,25.043,458799
1782536455025,-405,-405,0.000,6.243,6.210,1.914,1.506,0.339,25.043,458832
1782536455056,-435,-435,0.000,6.251,6.235,1.820,1.412,0.237,25.043,458865
1782536455088,-465,-465,0.000,6.235,6.210,2.008,1.506,0.231,25.043,458898
1782536455123,-480,-480,0.000,6.210,6.185,2.290,1.694,0.247,25.043,458931
1782536455154,-500,-500,0.012,6.168,6.127,2.541,1.788,0.226,25.043,458964
1782536455189,-500,-500,0.000,6.135,6.085,3.043,1.977,0.242,25.043,458997
1782536455221,-500,-500,0.006,6.119,6.077,2.981,2.259,0.226,24.957,459030
1782536455256,-500,-500,0.000,6.160,6.127,2.698,1.945,0.247,24.957,459063
1782536455288,-480,-480,0.000,6.185,6.160,2.636,1.537,0.231,25.043,459096
1782536455321,-460,-460,0.000,6.193,6.160,2.385,1.632,0.215,25.043,459129
1782536455355,-420,-420,0.006,6.193,6.185,2.196,1.726,0.231,25.043,459162
1782536455387,-380,-380,0.006,6.301,6.276,1.537,0.910,0.306,25.043,459195
1782536455423,-360,-360,0.006,6.326,6.301,1.381,1.035,0.220,25.043,459228
1782536455456,-320,-320,0.000,6.350,6.326,1.318,0.784,0.247,25.043,459261
1782536455489,-280,-280,0.006,6.433,6.425,0.628,0.314,0.237,25.043,459294
1782536455521,-260,-260,0.000,6.433,6.425,0.502,0.439,0.328,25.043,459327
1782536455555,-250,-190,0.000,6.458,6.442,0.377,0.345,0.226,25.043,459360
1782536455588,-240,-120,0.000,6.483,6.475,0.220,0.251,0.220,25.043,459393
1782536455622,-235,-85,0.012,6.450,6.458,0.314,0.377,0.220,25.129,459426
1782536455655,-225,-15,0.000,6.466,6.466,0.282,0.408,0.226,25.043,459459
1782536455687,-215,55,0.000,6.475,6.483,0.188,0.377,0.231,25.043,459492
1782536455720,-210,90,0.000,6.458,6.475,0.188,0.408,0.226,25.043,459525
1782536455755,-200,160,0.000,6.458,6.458,0.188,0.565,0.253,25.043,459558
1782536455787,-210,210,0.006,6.475,6.466,0.157,0.377,0.220,25.043,459591
1782536455820,-225,225,0.000,6.466,6.458,0.251,0.408,0.242,25.043,459624
1782536455863,-255,255,0.000,6.400,6.384,0.941,0.502,0.247,25.043,459657
1782536455896,-285,285,0.000,6.317,6.292,1.945,0.533,0.204,25.043,459690
1782536455936,-315,315,0.000,6.326,6.309,1.632,1.004,0.215,25.043,459723
1782536455964,-330,330,0.006,6.317,6.301,1.381,0.973,0.247,25.043,459756
1782536455994,-290,290,0.000,6.326,6.309,1.475,0.816,0.253,25.043,459789
1782536456028,-250,250,0.006,6.268,6.243,1.820,1.381,0.253,25.043,459822
1782536456065,-230,230,0.000,6.301,6.276,1.726,1.098,0.220,25.043,459855
1782536456096,-190,190,0.006,6.367,6.359,0.941,0.847,0.226,25.129,459888
1782536456126,-170,170,0.000,6.408,6.392,0.690,0.628,0.231,25.043,459921
1782536456159,-130,130,0.000,6.450,6.442,0.408,0.282,0.204,25.043,459954
1782536456193,-90,90,0.000,6.450,6.458,0.377,0.282,0.220,25.043,459987
1782536456225,-70,70,0.000,6.508,6.483,0.188,0.188,0.231,25.043,460020
1782536456258,-30,30,0.000,6.499,6.491,0.188,0.157,0.210,25.043,460053
1782536456291,0,0,0.000,6.499,6.491,0.188,0.157,0.215,25.043,460086
1782536456325,0,0,0.000,6.491,6.491,0.188,0.157,0.220,25.043,460119
1782536456359,0,0,0.000,6.499,6.491,0.188,0.188,0.210,25.043,460152
1782536456391,0,0,0.000,6.499,6.499,0.157,0.157,0.215,25.129,460185
1782536456427,0,0,0.000,6.499,6.499,0.188,0.157,0.215,25.129,460218
1782536456456,0,0,0.000,6.499,6.499,0.188,0.157,0.333,24.957,460251
1782536456493,0,0,0.000,6.499,6.499,0.188,0.126,0.226,25.043,460284
1782536456524,0,0,0.000,6.499,6.491,0.188,0.157,0.231,25.043,460317
1782536456556,30,-30,0.000,6.499,6.499,0.126,0.157,0.210,25.043,460350
1782536456589,45,-45,0.000,6.491,6.499,0.157,0.126,0.220,25.043,460383
1782536456622,75,-75,0.000,6.516,6.499,0.188,0.126,0.215,25.043,460416
1782536456654,105,-105,0.000,6.508,6.499,0.188,0.157,0.215,25.043,460449
1782536456687,120,-120,0.000,6.499,6.499,0.220,0.157,0.204,25.043,460482
1782536456721,150,-150,0.000,6.508,6.499,0.188,0.188,0.258,25.043,460515
1782536456756,180,-180,0.000,6.508,6.499,0.188,0.157,0.237,25.043,460548
1782536456786,195,-195,0.000,6.491,6.483,0.251,0.251,0.258,25.129,460581
1782536456820,225,-225,0.000,6.458,6.450,0.377,0.377,0.312,25.043,460614
1782536456856,255,-255,0.000,6.450,6.433,0.377,0.596,0.210,25.043,460647
1782536456886,270,-270,0.000,6.400,6.392,0.879,0.753,0.215,25.043,460680
1782536456918,300,-300,0.000,6.375,6.359,1.098,0.816,0.220,25.043,460713
1782536456952,330,-330,0.000,6.359,6.342,1.130,0.879,0.215,25.043,460746
1782536456985,345,-345,0.000,6.326,6.309,1.318,1.161,0.220,25.129,460779
1782536457017,375,-375,0.000,6.301,6.276,1.569,1.475,0.231,25.043,460812
1782536457050,390,-390,0.000,6.284,6.276,1.694,1.349,0.237,25.129,460845
1782536457083,420,-420,0.000,6.235,6.210,2.196,1.506,0.231,25.043,460878
1782536457117,450,-450,0.000,6.243,6.218,2.008,1.475,0.242,25.043,460911
1782536457156,445,-445,0.000,6.218,6.168,2.196,1.820,0.263,25.129,460944
1782536457184,425,-425,0.018,6.110,6.052,2.824,2.541,0.344,25.043,460977
1782536457224,385,-385,0.000,6.160,6.127,2.447,1.977,0.247,25.043,461010
1782536457253,345,-345,0.006,6.193,6.160,2.196,1.945,0.312,25.043,461043
1782536457285,325,-325,0.000,6.259,6.251,1.632,1.318,0.231,25.043,461076
1782536457316,285,-285,0.000,6.292,6.268,1.381,1.192,0.215,25.129,461109
1782536457351,245,-245,0.006,6.342,6.317,1.130,0.879,0.333,25.043,461142
1782536457388,225,-225,0.000,6.392,6.367,0.910,0.565,0.210,25.043,461175
1782536457415,185,-185,0.000,6.392,6.375,0.816,0.628,0.210,25.043,461208
1782536457449,165,-165,0.000,6.425,6.417,0.533,0.439,0.215,25.043,461241
1782536457486,125,-125,0.000,6.458,6.442,0.314,0.282,0.312,25.043,461274
1782536457515,85,-85,0.000,6.466,6.450,0.251,0.251,0.210,25.043,461307
1782536457552,45,-45,0.000,6.491,6.466,0.188,0.188,0.215,25.215,461340
1782536457613,0,0,0.006,6.499,6.491,0.220,0.188,0.210,25.129,461373
1782536457616,0,0,0.000,6.491,6.491,0.157,0.157,0.204,25.129,461406
1782536457663,0,0,0.000,6.491,6.499,0.188,0.157,0.231,25.043,461439
1782536457707,0,0,0.006,6.491,6.491,0.188,0.157,0.280,25.129,461472
1782536457717,0,0,0.000,6.499,6.491,0.188,0.157,0.306,25.129,461505
1782536457748,0,0,0.000,6.483,6.491,0.188,0.157,0.220,25.129,461538
1782536457781,0,0,0.006,6.508,6.483,0.126,0.157,0.339,25.043,461571
1782536457815,0,0,0.000,6.499,6.499,0.188,0.188,0.215,25.043,461604
1782536457850,0,0,0.000,6.499,6.491,0.220,0.188,0.360,25.129,461637
1782536457883,0,0,0.000,6.499,6.483,0.188,0.157,0.253,25.043,461670
1782536457917,0,0,0.000,6.499,6.491,0.188,0.188,0.349,25.129,461703
1782536457948,0,0,0.000,6.491,6.499,0.188,0.157,0.231,25.129,461736
1782536457994,0,0,0.000,6.499,6.491,0.188,0.157,0.323,25.129,461769
1782536458014,0,0,0.000,6.499,6.491,0.188,0.157,0.258,25.129,461802
1782536458048,0,0,0.000,6.508,6.499,0.188,0.188,0.226,25.129,461835
1782536458082,0,0,0.000,6.499,6.491,0.188,0.188,0.247,25.129,461868
1782536458116,30,30,0.000,6.499,6.499,0.188,0.188,0.242,25.129,461901
1782536458148,45,45,0.000,6.491,6.499,0.188,0.188,0.253,25.043,461934
1782536458188,75,75,0.000,6.508,6.508,0.188,0.157,0.215,25.129,461967
1782536458214,105,105,0.000,6.508,6.491,0.188,0.157,0.242,25.129,462000
1782536458246,120,120,0.000,6.508,6.491,0.188,0.157,0.237,25.043,462033
1782536458286,150,150,0.000,6.499,6.499,0.188,0.188,0.215,25.129,462066
1782536458316,180,180,0.000,6.499,6.491,0.188,0.188,0.317,25.129,462099
1782536458347,195,195,0.000,6.450,6.417,0.596,0.439,0.247,25.129,462132
1782536458384,225,225,0.000,6.442,6.433,0.377,0.753,0.215,25.129,462165
1782536458418,255,255,0.000,6.433,6.425,0.377,0.753,0.242,25.129,462198
1782536458446,270,270,0.000,6.375,6.375,0.973,0.879,0.242,25.129,462231
1782536458479,300,300,0.006,6.350,6.326,1.318,1.004,0.220,25.129,462264
1782536458515,330,330,0.012,6.367,6.350,1.255,0.816,0.226,25.043,462297
1782536458546,310,310,0.006,6.350,6.326,1.443,0.879,0.247,25.043,462330
1782536458581,270,270,0.000,6.276,6.276,1.600,1.035,0.220,25.215,462363
1782536458612,230,230,0.006,6.292,6.284,1.663,1.098,0.220,25.129,462396
1782536458646,210,210,0.000,6.384,6.367,0.910,0.690,0.215,25.129,462429
1782536458681,170,170,0.000,6.458,6.450,0.439,0.188,0.210,25.129,462462
1782536458713,130,130,0.006,6.458,6.450,0.439,0.314,0.204,25.043,462495
1782536458746,115,115,0.000,6.475,6.475,0.188,0.314,0.204,25.043,462528
1782536458789,85,85,0.000,6.491,6.499,0.188,0.188,0.269,25.129,462561
1782536458812,70,70,0.000,6.499,6.491,0.188,0.188,0.210,25.129,462594
1782536458852,40,40,0.000,6.491,6.475,0.188,0.126,0.317,25.129,462627
1782536458878,10,10,0.000,6.508,6.508,0.188,0.157,0.226,25.129,462660
1782536458912,-5,-5,0.000,6.508,6.499,0.188,0.126,0.215,25.129,462693
1782536458945,-35,-35,0.000,6.508,6.499,0.188,0.188,0.226,25.129,462726
1782536458982,-65,-65,0.000,6.516,6.499,0.188,0.157,0.204,25.129,462759
1782536459013,-95,-95,0.000,6.508,6.499,0.220,0.157,0.204,25.043,462792
1782536459044,-110,-110,0.000,6.508,6.499,0.188,0.126,0.237,25.129,462825
1782536459079,-140,-140,0.000,6.508,6.499,0.157,0.157,0.231,25.043,462858
1782536459112,-155,-155,0.000,6.508,6.483,0.220,0.157,0.333,25.129,462891
1782536459146,-185,-185,0.000,6.491,6.483,0.220,0.220,0.215,25.129,462924
1782536459178,-215,-215,0.000,6.442,6.433,0.659,0.471,0.231,25.043,462957
1782536459211,-230,-230,0.000,6.450,6.442,0.314,0.596,0.242,25.043,462990
1782536459246,-260,-260,0.006,6.417,6.400,0.565,1.004,0.242,25.129,463023
1782536459279,-290,-290,0.000,6.384,6.367,1.098,0.847,0.258,25.129,463056
1782536459314,-320,-320,0.000,6.392,6.375,1.004,0.784,0.215,25.043,463089
1782536459344,-335,-335,0.000,6.359,6.334,1.192,0.816,0.226,25.043,463122
1782536459377,-365,-365,0.000,6.359,6.334,1.318,0.973,0.220,25.129,463155
1782536459412,-380,-380,0.000,6.326,6.309,1.349,1.098,0.258,25.043,463188
1782536459444,-410,-410,0.000,6.259,6.251,1.883,1.443,0.226,25.129,463221
1782536459477,-440,-440,0.006,6.259,6.226,1.945,1.632,0.231,25.129,463254
1782536459515,-470,-470,0.000,6.243,6.243,1.757,1.381,0.237,25.129,463287
1782536459545,-485,-485,0.000,6.210,6.177,2.322,1.632,0.242,25.129,463320
1782536459577,-480,-480,0.000,6.168,6.143,2.573,2.071,0.253,25.129,463353
1782536459612,-460,-460,0.006,6.152,6.110,2.761,1.977,0.220,25.129,463386
1782536459643,-420,-420,0.006,6.110,6.069,3.075,2.165,0.253,25.129,463419
1782536459687,-380,-380,0.006,6.185,6.143,2.541,1.726,0.226,25.129,463452
1782536459710,-360,-360,0.000,6.301,6.259,1.694,1.035,0.220,25.129,463485
1782536459749,-320,-320,0.006,6.384,6.367,0.941,0.628,0.226,25.129,463518
1782536459776,-280,-280,0.000,6.375,6.367,0.879,0.565,0.333,25.129,463551
1782536459812,-260,-260,0.000,6.408,6.400,0.565,0.628,0.258,25.129,463584
1782536459843,-220,-220,0.000,6.442,6.442,0.377,0.471,0.210,25.129,463617
1782536459876,-180,-180,0.000,6.425,6.425,0.439,0.533,0.210,25.129,463650
1782536459910,-160,-160,0.000,6.466,6.442,0.377,0.345,0.231,25.129,463683
1782536459943,-120,-120,0.000,6.483,6.466,0.188,0.220,0.215,25.129,463716
1782536459976,-80,-80,0.000,6.475,6.466,0.251,0.220,0.242,25.129,463749
1782536460009,-60,-60,0.000,6.491,6.483,0.188,0.157,0.290,25.129,463782
1782536460043,-20,-20,0.000,6.499,6.483,0.188,0.126,0.226,25.129,463815
1782536460076,0,0,0.000,6.491,6.491,0.188,0.157,0.323,25.043,463848
1782536460109,0,0,0.006,6.499,6.499,0.188,0.126,0.215,25.129,463881
1782536460143,0,0,0.000,6.491,6.491,0.188,0.126,0.237,25.043,463914
1782536460177,0,0,0.000,6.499,6.491,0.188,0.157,0.210,25.043,463947
1782536460210,0,0,0.000,6.499,6.491,0.188,0.157,0.242,25.129,463980
1782536460243,0,0,0.000,6.499,6.491,0.188,0.157,0.215,25.129,464013
1782536460275,0,0,0.000,6.499,6.508,0.188,0.157,0.220,25.043,464046
1782536460319,0,0,0.000,6.499,6.491,0.220,0.157,0.237,25.129,464079
1782536460352,0,0,0.000,6.491,6.491,0.188,0.220,0.226,25.129,464112
1782536460383,0,0,0.000,6.499,6.483,0.157,0.157,0.215,25.129,464145
1782536460416,0,0,0.000,6.499,6.491,0.188,0.188,0.242,25.043,464178
1782536460449,0,0,0.000,6.508,6.499,0.126,0.157,0.247,25.043,464211
1782536460483,0,0,0.000,6.499,6.491,0.188,0.157,0.253,25.215,464244
1782536460518,0,0,0.000,6.499,6.499,0.126,0.126,0.237,25.129,464277
1782536460548,0,0,0.000,6.508,6.499,0.220,0.157,0.215,25.129,464310
1782536460581,0,0,0.000,6.508,6.499,0.220,0.157,0.226,25.129,464343
1782536460616,0,0,0.000,6.499,6.499,0.188,0.157,0.215,25.129,464376
1782536460650,0,0,0.000,6.508,6.491,0.188,0.157,0.285,25.129,464409
1782536460680,0,0,0.000,6.499,6.499,0.188,0.157,0.355,25.129,464442
1782536460713,0,0,0.000,6.508,6.499,0.188,0.157,0.215,25.129,464475
1782536460747,0,0,0.006,6.516,6.499,0.188,0.188,0.226,25.129,464508
1782536460779,0,0,0.000,6.508,6.508,0.188,0.157,0.210,25.129,464541
1782536460814,0,0,0.000,6.516,6.491,0.188,0.188,0.215,25.215,464574
1782536460846,0,0,0.000,6.508,6.499,0.188,0.188,0.226,25.129,464607
1782536460880,0,0,0.000,6.508,6.499,0.220,0.220,0.220,25.129,464640
1782536460918,0,0,0.006,6.499,6.508,0.188,0.157,0.215,25.129,464673
1782536460945,0,0,0.000,6.508,6.499,0.188,0.157,0.247,25.043,464706
1782536460979,0,0,0.000,6.508,6.508,0.188,0.157,0.215,25.129,464739
1782536461011,0,0,0.000,6.508,6.499,0.188,0.157,0.215,25.129,464772
1782536461046,0,0,0.000,6.508,6.508,0.188,0.157,0.210,25.129,464805
1782536461080,0,0,0.006,6.516,6.508,0.188,0.157,0.215,25.129,464838
1782536461109,0,0,0.000,6.508,6.499,0.188,0.126,0.204,25.129,464871
1782536461142,0,0,0.000,6.516,6.508,0.188,0.220,0.215,25.129,464904
1782536461177,0,0,0.000,6.508,6.508,0.188,0.188,0.204,25.129,464937
1782536461215,0,0,0.006,6.508,6.508,0.188,0.157,0.204,25.129,464970
1782536461243,0,0,0.000,6.499,6.499,0.188,0.157,0.312,25.129,465003
1782536461276,0,0,0.000,6.499,6.508,0.157,0.126,0.204,25.129,465036
1782536461307,0,0,0.000,6.508,6.508,0.188,0.157,0.220,25.129,465069
1782536461341,0,0,0.000,6.508,6.508,0.188,0.157,0.344,25.129,465102
1782536461373,0,0,0.000,6.508,6.508,0.188,0.157,0.215,25.129,465135
1782536461408,0,0,0.000,6.508,6.491,0.220,0.188,0.349,25.129,465168
1782536461450,0,0,0.000,6.516,6.516,0.157,0.157,0.204,25.129,465201
1782536461477,0,0,0.000,6.516,6.508,0.188,0.188,0.242,25.129,465234
1782536461506,0,0,0.006,6.508,6.508,0.188,0.157,0.306,25.129,465267
1782536461538,0,0,0.000,6.508,6.508,0.126,0.157,0.285,25.129,465300
1782536461572,0,0,0.000,6.508,6.499,0.188,0.188,0.328,25.129,465333
1782536461607,0,0,0.000,6.508,6.499,0.157,0.188,0.263,25.129,465366
1782536461640,0,0,0.000,6.491,6.508,0.188,0.157,0.333,25.129,465399
1782536461673,0,0,0.000,6.516,6.508,0.188,0.188,0.253,25.043,465432
1782536461705,0,0,0.000,6.508,6.508,0.188,0.157,0.194,25.129,465465
1782536461749,0,0,0.000,6.508,6.508,0.188,0.126,0.247,25.129,465498
1782536461772,0,0,0.000,6.499,6.499,0.220,0.188,0.392,25.129,465531
1782536461807,0,0,0.006,6.524,6.508,0.188,0.126,0.247,25.129,465564
1782536461839,0,0,0.000,6.508,6.499,0.188,0.157,0.339,25.129,465597
1782536461877,0,0,0.000,6.524,6.516,0.188,0.157,0.306,25.129,465630
1782536461905,0,0,0.000,6.508,6.499,0.188,0.188,0.280,25.129,465663
1782536461938,0,0,0.000,6.524,6.508,0.157,0.157,0.199,25.129,465696
1782536461981,0,0,0.000,6.516,6.508,0.188,0.157,0.231,25.129,465729
1782536462005,0,0,0.000,6.516,6.508,0.157,0.157,0.328,25.129,465762
1782536462038,0,0,0.000,6.516,6.508,0.188,0.188,0.199,25.129,465795
1782536462078,0,0,0.000,6.524,6.516,0.157,0.157,0.204,25.129,465828
1782536462105,0,0,0.006,6.516,6.516,0.251,0.126,0.210,25.129,465861
1782536462138,0,0,0.000,6.524,6.524,0.188,0.157,0.204,25.215,465894
1782536462174,0,0,0.000,6.516,6.508,0.188,0.157,0.215,25.129,465927
1782536462231,0,0,0.000,6.516,6.508,0.188,0.157,0.210,25.043,465960
1782536462243,0,0,0.000,6.508,6.508,0.188,0.157,0.258,25.129,465993
1782536462283,0,0,0.000,6.516,6.508,0.157,0.126,0.274,25.129,466026
1782536462305,0,0,0.000,6.508,6.499,0.157,0.157,0.333,25.129,466059
1782536462337,0,0,0.000,6.524,6.499,0.188,0.157,0.220,25.129,466092
1782536462370,0,0,0.000,6.508,6.508,0.251,0.188,0.317,25.129,466125
1782536462405,0,0,0.000,6.524,6.508,0.220,0.188,0.258,25.129,466158
1782536462437,0,0,0.000,6.524,6.499,0.157,0.126,0.220,25.129,466191
1782536462470,0,0,0.000,6.516,6.508,0.188,0.188,0.226,25.129,466224
1782536462505,0,0,0.000,6.508,6.508,0.220,0.188,0.231,25.129,466257
1782536462538,0,0,0.000,6.516,6.508,0.157,0.157,0.215,25.129,466290
1782536462570,0,0,0.000,6.516,6.508,0.157,0.157,0.204,25.043,466323
1782536462603,0,0,0.000,6.508,6.524,0.188,0.220,0.237,25.129,466356
1782536462637,0,0,0.000,6.499,6.508,0.188,0.157,0.333,25.129,466389
1782536462670,0,0,0.006,6.516,6.516,0.157,0.126,0.215,25.129,466422
1782536462703,0,0,0.000,6.516,6.516,0.157,0.188,0.220,25.129,466455
1782536462736,0,0,0.006,6.524,6.516,0.188,0.157,0.237,25.129,466488
1782536462771,0,0,0.000,6.524,6.499,0.188,0.157,0.226,25.129,466521
1782536462803,0,0,0.000,6.524,6.516,0.126,0.157,0.237,25.129,466554
1782536462835,0,0,0.000,6.508,6.508,0.188,0.157,0.306,25.043,466587
1782536462869,0,0,0.006,6.533,6.516,0.188,0.157,0.215,25.043,466620
1782536462904,0,0,0.000,6.524,6.516,0.188,0.157,0.204,25.129,466653
1782536462936,0,0,0.000,6.516,6.524,0.188,0.157,0.199,25.129,466686
1782536462972,0,0,0.000,6.508,6.524,0.126,0.157,0.210,25.129,466719
1782536463002,0,0,0.000,6.524,6.524,0.220,0.157,0.226,25.129,466752
1782536463036,0,0,0.000,6.516,6.516,0.188,0.157,0.204,25.129,466785
1782536463068,0,0,0.000,6.524,6.524,0.188,0.157,0.237,25.043,466818
1782536463102,0,0,0.000,6.524,6.524,0.188,0.126,0.215,25.129,466851
1782536463136,0,0,0.000,6.524,6.508,0.188,0.188,0.210,25.129,466884
1782536463169,0,0,0.000,6.524,6.508,0.188,0.157,0.231,25.129,466917
1782536463202,0,0,0.006,6.524,6.516,0.157,0.157,0.231,25.129,466950
1782536463235,0,0,0.000,6.516,6.516,0.188,0.126,0.231,25.129,466983
1782536463268,0,0,0.006,6.524,6.516,0.188,0.157,0.226,25.129,467016
1782536463301,0,0,0.000,6.524,6.533,0.188,0.157,0.199,25.129,467049
1782536463335,0,0,0.000,6.516,6.516,0.157,0.157,0.237,25.129,467082
1782536463378,0,0,0.000,6.524,6.508,0.188,0.157,0.220,25.129,467115
1782536463403,0,0,0.000,6.533,6.524,0.188,0.157,0.215,25.129,467148
1782536463436,0,0,0.000,6.516,6.516,0.188,0.188,0.194,25.129,467181
1782536463468,0,0,0.000,6.533,6.508,0.126,0.251,0.215,25.129,467214
1782536463501,0,0,0.000,6.516,6.508,0.157,0.157,0.312,25.129,467247
1782536463534,0,0,0.000,6.516,6.516,0.188,0.188,0.242,25.129,467280
1782536463567,0,0,0.000,6.524,6.524,0.126,0.126,0.237,25.043,467313
1782536463600,0,0,0.000,6.524,6.508,0.188,0.157,0.231,25.129,467346
1782536463655,0,0,0.000,6.524,6.516,0.157,0.157,0.220,25.129,467379
1782536463666,0,0,0.000,6.524,6.516,0.188,0.157,0.215,25.129,467412
1782536463700,0,0,0.000,6.516,6.516,0.126,0.157,0.226,25.129,467445
1782536463733,0,0,0.000,6.524,6.508,0.126,0.188,0.220,25.129,467478
1782536463767,0,0,0.000,6.533,6.524,0.188,0.157,0.204,25.043,467511
1782536463801,0,0,0.000,6.516,6.524,0.157,0.126,0.210,25.129,467544
1782536463836,0,0,0.000,6.524,6.516,0.220,0.157,0.210,25.129,467577
1782536463889,0,0,0.000,6.516,6.516,0.188,0.157,0.210,25.129,467610
1782536463899,0,0,0.000,6.516,6.524,0.188,0.157,0.204,25.043,467643
1782536463933,0,0,0.000,6.524,6.516,0.188,0.157,0.247,25.129,467676
1782536463966,0,0,0.000,6.524,6.516,0.188,0.157,0.210,25.129,467709
1782536464000,0,0,0.000,6.508,6.508,0.126,0.126,0.285,25.129,467742
1782536464033,0,0,0.000,6.516,6.524,0.188,0.126,0.199,25.129,467775
1782536464068,0,0,0.000,6.516,6.508,0.188,0.157,0.312,25.129,467808
1782536464099,0,0,0.000,6.524,6.516,0.157,0.126,0.242,25.129,467841
1782536464132,0,0,0.006,6.516,6.524,0.157,0.188,0.258,25.129,467874
1782536464167,0,0,0.000,6.524,6.516,0.188,0.188,0.210,25.129,467907
1782536464198,0,0,0.000,6.524,6.516,0.188,0.157,0.231,25.129,467940
1782536464232,0,0,0.000,6.524,6.516,0.188,0.188,0.204,25.129,467973
1782536464266,0,0,0.000,6.524,6.516,0.157,0.126,0.194,25.129,468006
1782536464299,0,0,0.006,6.524,6.524,0.188,0.157,0.220,25.043,468039
1782536464331,0,0,0.000,6.524,6.533,0.188,0.157,0.215,25.129,468072
1782536464366,0,0,0.000,6.516,6.516,0.188,0.157,0.258,25.129,468105
1782536464399,0,0,0.006,6.524,6.516,0.188,0.157,0.333,25.129,468138
1782536464431,0,0,0.000,6.524,6.524,0.157,0.188,0.242,25.129,468171
1782536464465,0,0,0.000,6.516,6.508,0.157,0.188,0.333,25.129,468204
1782536464498,0,0,0.000,6.524,6.524,0.188,0.157,0.231,25.129,468237
1782536464533,0,0,0.000,6.516,6.516,0.188,0.157,0.220,25.129,468270
1782536464564,0,0,0.000,6.524,6.516,0.188,0.188,0.188,25.043,468303
1782536464608,0,0,0.000,6.516,6.524,0.157,0.157,0.344,25.129,468336
1782536464634,0,0,0.006,6.524,6.516,0.188,0.126,0.231,25.129,468369
1782536464673,0,0,0.000,6.524,6.516,0.188,0.157,0.215,25.129,468402
1782536464712,0,0,0.000,6.524,6.516,0.251,0.157,0.231,25.129,468435
1782536464740,0,0,0.006,6.524,6.516,0.188,0.157,0.242,25.129,468468
1782536464773,0,0,0.000,6.524,6.516,0.188,0.126,0.204,25.043,468501
1782536464807,0,0,0.000,6.524,6.533,0.157,0.126,0.215,25.129,468534
1782536464847,0,0,0.018,6.533,6.516,0.188,0.157,0.220,25.129,468567
1782536464872,0,0,0.000,6.516,6.516,0.188,0.157,0.215,25.129,468600
1782536464904,0,0,0.000,6.524,6.508,0.188,0.157,0.220,25.129,468633
1782536464943,0,0,0.006,6.516,6.516,0.188,0.157,0.215,25.129,468666
1782536464972,0,0,0.000,6.533,6.508,0.188,0.126,0.280,25.129,468699
1782536465022,0,0,0.000,6.524,6.533,0.188,0.126,0.220,25.129,468732
1782536465045,0,0,0.012,6.524,6.524,0.188,0.157,0.199,25.129,468765
1782536465092,0,0,0.000,6.524,6.524,0.188,0.157,0.199,25.129,468798
1782536465103,0,0,0.000,6.524,6.516,0.188,0.126,0.204,25.043,468831
1782536465136,0,0,0.000,6.524,6.524,0.157,0.126,0.199,25.043,468864
1782536465170,0,0,0.000,6.524,6.524,0.188,0.157,0.204,25.129,468897
1782536465201,0,0,0.000,6.541,6.516,0.188,0.188,0.210,25.129,468930
1782536465235,0,0,0.000,6.524,6.516,0.188,0.157,0.204,25.129,468963
1782536465270,0,0,0.000,6.524,6.524,0.188,0.188,0.215,25.129,468996
1782536465301,0,0,0.000,6.524,6.524,0.188,0.157,0.204,25.129,469029
1782536465334,0,0,0.006,6.541,6.516,0.188,0.188,0.204,25.129,469062
1782536465366,0,0,0.000,6.524,6.524,0.157,0.157,0.204,25.043,469095
1782536465399,0,0,0.000,6.516,6.524,0.157,0.126,0.210,25.129,469128
1782536465440,0,0,0.006,6.524,6.524,0.188,0.157,0.204,25.129,469161
1782536465467,0,0,0.000,6.524,6.508,0.188,0.188,0.344,25.129,469194
1782536465499,0,0,0.000,6.524,6.524,0.188,0.157,0.204,25.129,469227
1782536465532,0,0,0.000,6.524,6.516,0.157,0.188,0.296,25.043,469260
1782536465574,0,0,0.000,6.524,6.524,0.188,0.188,0.204,25.129,469293
1782536465598,0,0,0.000,6.524,6.524,0.188,0.188,0.210,25.043,469326
1782536465631,0,0,0.000,6.524,6.516,0.188,0.157,0.194,25.129,469359
1782536465667,0,0,0.000,6.516,6.533,0.188,0.126,0.280,25.129,469392
1782536465697,0,0,0.000,6.524,6.524,0.188,0.126,0.220,25.129,469425
1782536465729,0,0,0.012,6.524,6.516,0.188,0.157,0.210,25.043,469458
1782536465763,0,0,0.006,6.524,6.524,0.157,0.157,0.215,25.129,469491
1782536465796,0,0,0.006,6.524,6.516,0.188,0.188,0.253,25.043,469524
1782536465829,0,0,0.000,6.524,6.524,0.220,0.094,0.199,25.043,469557
1782536465863,0,0,0.006,6.541,6.524,0.188,0.157,0.210,25.043,469590
1782536465895,0,0,0.006,6.541,6.541,0.220,0.188,0.210,25.043,469623
1782536465928,0,0,0.000,6.524,6.524,0.157,0.188,0.242,25.129,469656
1782536465965,0,0,0.000,6.516,6.516,0.188,0.188,0.263,25.043,469689
1782536465996,0,0,0.000,6.524,6.516,0.126,0.157,0.344,25.043,469722
1782536466029,0,0,0.000,6.533,6.516,0.157,0.157,0.258,25.043,469755
1782536466064,0,0,0.000,6.516,6.508,0.188,0.157,0.452,25.043,469788
1782536466094,0,0,0.000,6.524,6.516,0.188,0.157,0.247,25.043,469821
1782536466128,0,0,0.000,6.524,6.508,0.188,0.126,0.387,25.043,469854
1782536466160,0,0,0.000,6.516,6.516,0.157,0.188,0.290,25.043,469887
1782536466195,0,0,0.000,6.524,6.516,0.157,0.157,0.301,25.043,469920
1782536466229,0,0,0.000,6.524,6.516,0.157,0.157,0.269,25.043,469953
1782536466261,0,0,0.000,6.516,6.516,0.188,0.157,0.280,25.129,469986
1782536466298,0,0,0.000,6.524,6.524,0.188,0.157,0.285,25.043,470019
1782536466327,0,0,0.000,6.524,6.516,0.188,0.157,0.301,25.043,470052
1782536466365,0,0,0.000,6.524,6.524,0.188,0.157,0.204,25.043,470085
1782536466396,0,0,0.000,6.524,6.524,0.188,0.188,0.290,25.043,470118
1782536466427,0,0,0.000,6.524,6.524,0.157,0.188,0.269,25.129,470151
1782536466459,0,0,0.000,6.524,6.516,0.126,0.157,0.215,25.043,470184
1782536466493,0,0,0.000,6.524,6.516,0.188,0.157,0.253,25.129,470217
1782536466526,0,0,0.000,6.533,6.516,0.251,0.157,0.296,25.043,470250
1782536466561,0,0,0.000,6.524,6.516,0.188,0.157,0.296,25.043,470283
1782536466593,0,0,0.000,6.533,6.533,0.188,0.157,0.215,25.129,470316
1782536466627,0,0,0.000,6.524,6.524,0.188,0.157,0.231,25.129,470349
1782536466662,0,0,0.000,6.524,6.533,0.188,0.157,0.231,25.215,470382
1782536466692,0,0,0.006,6.516,6.516,0.188,0.188,0.344,25.043,470415
1782536466726,0,0,0.000,6.516,6.516,0.157,0.126,0.301,25.043,470448
1782536466760,0,0,0.000,6.524,6.524,0.188,0.157,0.355,25.129,470481
1782536466792,0,0,0.000,6.524,6.524,0.220,0.188,0.237,25.043,470514
1782536466826,0,0,0.000,6.516,6.524,0.126,0.157,0.414,25.129,470547
1782536466860,0,0,0.006,6.524,6.516,0.188,0.157,0.226,25.129,470580
1782536466892,0,0,0.000,6.533,6.516,0.188,0.157,0.344,25.043,470613
1782536466946,0,0,0.000,6.533,6.533,0.188,0.157,0.231,25.043,470646
1782536466959,0,0,0.000,6.533,6.524,0.188,0.157,0.215,25.043,470679
1782536466993,0,0,0.000,6.541,6.533,0.188,0.188,0.231,25.043,470712
1782536467026,0,0,0.000,6.533,6.524,0.157,0.157,0.215,25.043,470745
1782536467060,0,0,0.000,6.524,6.516,0.188,0.157,0.237,25.043,470778
1782536467092,0,0,0.000,6.524,6.524,0.188,0.157,0.253,25.043,470811
1782536467141,0,0,0.000,6.533,6.533,0.188,0.157,0.215,25.129,470844
1782536467158,0,0,0.000,6.541,6.524,0.126,0.188,0.226,25.043,470877
1782536467200,0,0,0.000,6.524,6.524,0.188,0.157,0.210,25.043,470910
1782536467226,0,0,0.000,6.524,6.516,0.157,0.126,0.349,25.043,470943
1782536467258,0,0,0.006,6.533,6.524,0.188,0.157,0.231,25.043,470976
1782536467292,0,0,0.006,6.524,6.516,0.157,0.157,0.317,25.043,471009
1782536467327,0,0,0.000,6.533,6.533,0.188,0.157,0.247,25.043,471042
1782536467358,0,0,0.000,6.524,6.516,0.157,0.157,0.312,25.043,471075
1782536467391,0,0,0.000,6.533,6.524,0.188,0.126,0.210,25.043,471108
1782536467426,0,0,0.000,6.533,6.524,0.188,0.157,0.226,25.043,471141
1782536467458,0,0,0.000,6.541,6.524,0.188,0.157,0.220,25.043,471174
1782536467491,0,0,0.000,6.533,6.533,0.188,0.157,0.220,25.043,471207
1782536467525,0,0,0.000,6.533,6.541,0.157,0.157,0.215,25.043,471240
1782536467557,0,0,0.000,6.533,6.524,0.188,0.157,0.237,25.043,471273
1782536467593,0,0,0.000,6.541,6.541,0.188,0.157,0.215,25.043,471306
1782536467623,0,0,0.000,6.533,6.524,0.188,0.157,0.215,25.043,471339
1782536467656,0,0,0.000,6.533,6.524,0.126,0.188,0.210,25.043,471372
1782536467691,0,0,0.000,6.533,6.524,0.157,0.157,0.215,25.043,471405
1782536467723,0,0,0.000,6.541,6.524,0.188,0.157,0.231,25.043,471438
1782536467757,0,0,0.006,6.533,6.524,0.157,0.126,0.226,25.043,471471
1782536467791,0,0,0.000,6.533,6.524,0.188,0.157,0.237,25.043,471504
1782536467823,0,0,0.000,6.524,6.516,0.157,0.157,0.355,25.043,471537
1782536467857,0,0,0.006,6.541,6.524,0.220,0.188,0.199,25.043,471570
1782536467890,0,0,0.000,6.533,6.516,0.188,0.126,0.231,25.043,471603
1782536467926,0,0,0.000,6.524,6.524,0.157,0.157,0.237,25.043,471636
1782536467957,0,0,0.000,6.524,6.524,0.251,0.188,0.237,25.043,471669
1782536467990,0,0,0.000,6.533,6.533,0.188,0.157,0.242,25.043,471702
1782536468024,0,0,0.006,6.524,6.524,0.251,0.157,0.333,25.043,471735
1782536468056,0,0,0.006,6.524,6.516,0.188,0.126,0.323,25.043,471768
1782536468090,0,0,0.000,6.524,6.524,0.188,0.188,0.323,25.043,471801
1782536468121,0,0,0.000,6.541,6.524,0.188,0.126,0.210,25.043,471834
1782536468156,0,0,0.000,6.533,6.524,0.188,0.157,0.215,25.129,471867
1782536468192,0,0,0.000,6.533,6.524,0.188,0.157,0.226,25.043,471900
1782536468222,0,0,0.000,6.541,6.524,0.188,0.188,0.215,25.043,471933
1782536468257,0,0,0.000,6.533,6.524,0.157,0.188,0.237,25.129,471966
1782536468291,0,0,0.000,6.516,6.533,0.188,0.157,0.253,25.129,471999
1782536468326,0,0,0.000,6.533,6.524,0.188,0.188,0.215,25.043,472032
1782536468355,0,0,0.000,6.533,6.524,0.188,0.188,0.231,25.043,472065
1782536468388,0,0,0.000,6.533,6.533,0.188,0.157,0.247,25.043,472098
1782536468423,0,0,0.000,6.524,6.524,0.188,0.188,0.210,25.043,472131
1782536468456,0,0,0.006,6.533,6.524,0.188,0.188,0.215,25.043,472164
1782536468487,0,0,0.000,6.533,6.524,0.188,0.157,0.237,25.043,472197
1782536468525,0,0,0.000,6.549,6.524,0.188,0.157,0.220,25.129,472230
1782536468556,0,0,0.000,6.533,6.533,0.188,0.188,0.215,25.043,472263
1782536468597,0,0,0.000,6.533,6.541,0.188,0.126,0.210,25.129,472296
1782536468627,0,0,0.012,6.533,6.524,0.188,0.188,0.220,25.129,472329
1782536468655,0,0,0.000,6.533,6.524,0.220,0.157,0.253,25.043,472362
1782536468687,0,0,0.000,6.541,6.524,0.188,0.157,0.280,25.043,472395
1782536468720,0,0,0.000,6.533,6.524,0.188,0.126,0.220,25.043,472428
1782536468755,0,0,0.000,6.533,6.524,0.188,0.188,0.210,25.043,472461
1782536468787,0,0,0.000,6.533,6.524,0.188,0.157,0.215,25.043,472494
1782536468821,0,0,0.000,6.541,6.533,0.188,0.157,0.349,25.043,472527
1782536468853,0,0,0.000,6.549,6.533,0.188,0.126,0.215,25.043,472560
1782536468887,0,0,0.000,6.524,6.524,0.188,0.126,0.306,25.043,472593
1782536468922,0,0,0.000,6.541,6.533,0.157,0.157,0.210,25.043,472626
1782536468956,0,0,0.000,6.516,6.508,0.126,0.157,0.312,25.043,472659
1782536468987,0,0,0.000,6.533,6.541,0.188,0.157,0.220,25.129,472692
1782536469022,0,0,0.000,6.533,6.524,0.157,0.157,0.210,25.043,472725
1782536469062,0,0,0.000,6.533,6.524,0.188,0.157,0.231,25.043,472758
1782536469086,0,0,0.000,6.533,6.524,0.188,0.157,0.210,25.043,472791
1782536469130,0,0,0.000,6.533,6.524,0.220,0.157,0.226,25.043,472824
1782536469161,0,0,0.000,6.541,6.533,0.220,0.157,0.204,25.043,472857
1782536469194,0,0,0.000,6.533,6.533,0.188,0.157,0.226,25.043,472890
1782536469228,0,0,0.006,6.533,6.524,0.188,0.157,0.237,25.043,472923
1782536469261,0,0,0.000,6.541,6.524,0.188,0.126,0.242,25.043,472956
1782536469296,0,0,0.000,6.533,6.524,0.188,0.157,0.231,25.043,472989
1782536469335,0,0,0.000,6.524,6.524,0.188,0.126,0.215,25.043,473022
1782536469359,0,0,0.006,6.541,6.533,0.157,0.157,0.301,25.043,473055
1782536469392,0,0,0.000,6.533,6.524,0.188,0.157,0.210,25.043,473088
1782536469427,0,0,0.000,6.541,6.524,0.188,0.157,0.215,25.043,473121
1782536469459,0,0,0.006,6.524,6.524,0.188,0.157,0.349,25.043,473154
1782536469494,0,0,0.000,6.533,6.533,0.188,0.126,0.210,25.043,473187
1782536469525,0,0,0.000,6.533,6.524,0.188,0.157,0.215,25.043,473220
1782536469559,0,0,0.012,6.533,6.524,0.188,0.220,0.220,25.043,473253
1782536469594,0,0,0.000,6.533,6.524,0.188,0.157,0.215,25.129,473286
1782536469624,0,0,0.000,6.533,6.516,0.188,0.188,0.285,25.043,473319
1782536469658,0,0,0.000,6.533,6.524,0.188,0.157,0.210,25.043,473352
1782536469690,0,0,0.006,6.533,6.524,0.126,0.188,0.215,25.043,473385
1782536469722,0,0,0.000,6.533,6.524,0.220,0.157,0.215,25.129,473418
1782536469756,0,0,0.000,6.541,6.533,0.188,0.157,0.215,25.129,473451
1782536469789,0,0,0.000,6.533,6.524,0.188,0.157,0.215,25.043,473484
1782536469821,0,0,0.000,6.533,6.516,0.188,0.157,0.285,25.129,473517
1782536469863,0,0,0.000,6.557,6.533,0.188,0.157,0.220,25.043,473550
1782536469889,0,0,0.000,6.524,6.524,0.188,0.157,0.371,25.129,473583
1782536469922,0,0,0.000,6.541,6.541,0.188,0.157,0.210,25.043,473616
1782536469958,0,0,0.000,6.541,6.541,0.188,0.157,0.210,25.043,473649
1782536469990,0,0,0.000,6.533,6.524,0.188,0.157,0.226,25.129,473682
1782536470019,0,0,0.000,6.524,6.524,0.188,0.157,0.301,25.043,473715
1782536470053,0,0,0.000,6.524,6.524,0.188,0.126,0.210,25.043,473748
1782536470086,0,0,0.000,6.533,6.533,0.188,0.157,0.210,25.043,473781
1782536470118,0,0,0.000,6.533,6.541,0.220,0.126,0.220,25.043,473814
1782536470156,0,0,0.000,6.524,6.533,0.188,0.188,0.269,25.043,473847
1782536470200,0,0,0.000,6.524,6.541,0.188,0.126,0.258,25.043,473880
1782536470221,0,0,0.006,6.533,6.541,0.126,0.157,0.210,25.043,473913
1782536470253,0,0,0.000,6.549,6.524,0.188,0.188,0.220,25.043,473946
1782536470285,0,0,0.000,6.533,6.541,0.188,0.188,0.204,25.129,473979
1782536470316,0,0,0.000,6.533,6.533,0.126,0.157,0.215,25.043,474012
1782536470350,0,0,0.000,6.524,6.516,0.188,0.126,0.306,25.043,474045
1782536470391,0,0,0.000,6.533,6.524,0.188,0.157,0.274,25.129,474078
1782536470417,0,0,0.000,6.516,6.524,0.188,0.188,0.306,25.129,474111
1782536470477,0,0,0.000,6.524,6.541,0.188,0.157,0.285,25.043,474144
1782536470483,0,0,0.000,6.524,6.524,0.188,0.220,0.290,25.043,474177
1782536470516,0,0,0.000,6.541,6.524,0.157,0.188,0.237,25.043,474210
1782536470551,0,0,0.000,6.533,6.524,0.220,0.188,0.237,25.129,474243
1782536470582,0,0,0.000,6.533,6.516,0.188,0.157,0.247,25.129,474276
1782536470617,0,0,0.000,6.533,6.524,0.220,0.188,0.258,25.129,474309
1782536470649,0,0,0.006,6.524,6.524,0.157,0.157,0.360,25.043,474342
1782536470682,0,0,0.000,6.524,6.524,0.188,0.126,0.220,25.043,474375
1782536470715,0,0,0.000,6.533,6.524,0.220,0.157,0.269,25.043,474408
1782536470750,0,0,0.006,6.533,6.533,0.188,0.126,0.199,25.129,474441
1782536470782,0,0,0.000,6.541,6.516,0.220,0.157,0.210,25.043,474474
1782536470815,0,0,0.000,6.533,6.524,0.157,0.126,0.382,25.043,474507
1782536470849,0,0,0.000,6.541,6.541,0.188,0.157,0.231,25.043,474540
1782536470882,0,0,0.000,6.533,6.524,0.188,0.188,0.269,25.043,474573
1782536470914,0,0,0.000,6.524,6.524,0.188,0.157,0.328,25.043,474606
1782536470948,0,0,0.000,6.541,6.533,0.188,0.157,0.237,25.043,474639
1782536470982,0,0,0.000,6.524,6.524,0.157,0.157,0.237,25.043,474672
1782536471015,0,0,0.000,6.524,6.516,0.188,0.126,0.339,25.043,474705
1782536471056,0,0,0.000,6.541,6.541,0.188,0.157,0.231,25.043,474738
1782536471082,0,0,0.000,6.524,6.524,0.188,0.157,0.441,25.043,474771
1782536471116,0,0,0.000,6.524,6.516,0.188,0.188,0.296,25.043,474804
1782536471152,0,0,0.000,6.541,6.524,0.188,0.157,0.280,25.043,474837
1782536471182,0,0,0.006,6.533,6.533,0.188,0.157,0.237,25.043,474870
1782536471218,0,0,0.000,6.533,6.524,0.188,0.157,0.355,25.129,474903
1782536471249,0,0,0.000,6.533,6.533,0.188,0.157,0.237,24.957,474936
1782536471281,0,0,0.000,6.541,6.524,0.188,0.157,0.242,25.043,474969
1782536471316,0,0,0.000,6.533,6.533,0.220,0.157,0.215,25.043,475002
1782536471347,0,0,0.000,6.533,6.524,0.188,0.157,0.339,25.129,475035
1782536471383,0,0,0.000,6.533,6.524,0.188,0.157,0.220,25.043,475068
1782536471414,0,0,0.000,6.541,6.524,0.220,0.188,0.349,25.043,475101
1782536471447,0,0,0.006,6.541,6.541,0.188,0.188,0.215,25.043,475134
1782536471481,0,0,0.000,6.541,6.533,0.157,0.157,0.226,25.043,475167
1782536471519,0,0,0.006,6.533,6.524,0.188,0.157,0.215,25.129,475200
1782536471547,0,0,0.000,6.533,6.533,0.188,0.157,0.237,25.043,475233
1782536471583,0,0,0.000,6.533,6.533,0.188,0.157,0.226,25.043,475266
1782536471613,0,0,0.000,6.533,6.533,0.157,0.157,0.247,25.043,475299
1782536471647,0,0,0.000,6.541,6.524,0.157,0.157,0.328,24.957,475332
1782536471680,0,0,0.000,6.533,6.533,0.157,0.157,0.204,25.043,475365
1782536471714,0,0,0.006,6.533,6.533,0.188,0.157,0.226,25.043,475398
1782536471747,0,0,0.000,6.533,6.533,0.220,0.157,0.215,25.043,475431
1782536471782,0,0,0.000,6.524,6.533,0.188,0.157,0.220,25.043,475464
1782536471814,0,0,0.006,6.541,6.541,0.126,0.188,0.226,25.043,475497
1782536471846,0,0,0.000,6.533,6.533,0.157,0.157,0.237,25.043,475530
1782536471879,0,0,0.000,6.533,6.533,0.126,0.157,0.247,25.043,475563
1782536471912,0,0,0.000,6.533,6.524,0.188,0.157,0.220,25.043,475596
1782536471947,0,0,0.000,6.533,6.524,0.157,0.126,0.237,25.043,475629
1782536471979,0,0,0.000,6.541,6.541,0.157,0.157,0.220,25.129,475662
1782536472013,0,0,0.000,6.533,6.533,0.188,0.157,0.231,25.043,475695
1782536472057,0,0,0.000,6.533,6.533,0.188,0.157,0.220,25.043,475728
1782536472079,0,0,0.000,6.533,6.541,0.126,0.157,0.215,25.043,475761
1782536472112,0,0,0.000,6.541,6.541,0.188,0.157,0.210,25.043,475794
1782536472154,0,0,0.000,6.541,6.524,0.188,0.157,0.237,25.043,475827
1782536472178,0,0,0.000,6.549,6.524,0.157,0.126,0.280,25.043,475860
1782536472213,0,0,0.000,6.524,6.533,0.188,0.157,0.210,25.043,475893
1782536472247,0,0,0.000,6.541,6.533,0.188,0.157,0.210,25.043,475926
1782536472278,0,0,0.000,6.541,6.533,0.188,0.126,0.215,25.043,475959
1782536472316,0,0,0.000,6.533,6.524,0.188,0.157,0.333,25.043,475992
1782536472345,0,0,0.000,6.533,6.524,0.188,0.188,0.237,25.043,476025
1782536472379,0,0,0.000,6.541,6.533,0.188,0.188,0.215,25.043,476058
1782536472418,0,0,0.000,6.533,6.533,0.188,0.157,0.237,25.043,476091
1782536472448,0,0,0.000,6.541,6.524,0.157,0.157,0.258,25.043,476124
1782536472477,0,0,0.000,6.541,6.533,0.188,0.157,0.242,25.043,476157
1782536472515,0,0,0.006,6.541,6.541,0.188,0.157,0.237,25.043,476190
1782536472546,0,0,0.000,6.541,6.533,0.188,0.157,0.247,25.129,476223
1782536472578,0,0,0.000,6.549,6.524,0.188,0.157,0.210,25.043,476256
1782536472617,0,0,0.000,6.541,6.524,0.188,0.126,0.215,25.043,476289
1782536472645,0,0,0.000,6.541,6.533,0.188,0.157,0.210,25.043,476322
1782536472677,0,0,0.000,6.549,6.541,0.188,0.157,0.226,25.043,476355
1782536472710,0,0,0.000,6.541,6.533,0.188,0.157,0.226,25.043,476388
1782536472743,0,0,0.000,6.533,6.533,0.188,0.157,0.215,25.043,476421
1782536472777,0,0,0.006,6.549,6.533,0.220,0.157,0.210,25.043,476454
1782536472813,0,0,0.000,6.533,6.533,0.188,0.126,0.231,25.043,476487
1782536472844,0,0,0.000,6.541,6.533,0.220,0.157,0.226,25.043,476520
1782536472878,0,0,0.000,6.541,6.524,0.188,0.126,0.231,25.043,476553
1782536472912,0,0,0.000,6.524,6.533,0.188,0.188,0.237,25.043,476586
1782536472945,0,0,0.000,6.541,6.533,0.126,0.188,0.231,25.043,476619
1782536472977,0,0,0.000,6.533,6.524,0.157,0.157,0.237,25.043,476652
1782536473017,0,0,0.000,6.533,6.533,0.157,0.188,0.242,25.129,476685
1782536473043,0,0,0.000,6.541,6.533,0.188,0.157,0.237,25.043,476718
1782536473077,0,0,0.000,6.533,6.533,0.188,0.157,0.247,25.043,476751
1782536473109,0,0,0.000,6.533,6.524,0.188,0.188,0.274,25.043,476784
1782536473143,0,0,0.000,6.541,6.541,0.188,0.157,0.215,25.129,476817
1782536473175,0,0,0.000,6.541,6.533,0.157,0.157,0.210,25.043,476850
1782536473210,0,0,0.000,6.541,6.533,0.188,0.188,0.226,25.043,476883
1782536473243,0,0,0.006,6.533,6.541,0.188,0.188,0.226,25.043,476916
1782536473276,0,0,0.000,6.541,6.533,0.188,0.188,0.237,25.043,476949
1782536473308,0,0,0.000,6.533,6.524,0.188,0.188,0.317,25.043,476982
1782536473343,0,0,0.000,6.541,6.541,0.188,0.157,0.237,25.043,477015
1782536473375,0,0,0.006,6.533,6.533,0.220,0.157,0.226,25.043,477048
1782536473410,0,0,0.000,6.549,6.533,0.188,0.157,0.253,25.043,477081
1782536473442,0,0,0.000,6.541,6.524,0.188,0.157,0.242,25.043,477114
1782536473477,0,0,0.000,6.541,6.533,0.157,0.126,0.215,25.043,477147
1782536473518,0,0,0.006,6.541,6.533,0.188,0.188,0.237,25.043,477180
1782536473551,0,0,0.000,6.533,6.533,0.188,0.188,0.253,25.043,477213
1782536473585,0,0,0.000,6.541,6.524,0.220,0.188,0.215,25.129,477246
1782536473616,0,0,0.000,6.541,6.541,0.188,0.157,0.215,25.043,477279
1782536473650,0,0,0.000,6.541,6.533,0.188,0.188,0.237,25.043,477312
1782536473686,0,0,0.000,6.541,6.533,0.188,0.188,0.231,25.043,477345
1782536473727,0,0,0.006,6.541,6.524,0.220,0.157,0.210,25.043,477378
1782536473755,0,0,0.000,6.524,6.533,0.188,0.157,0.220,25.043,477411
1782536473782,0,0,0.000,6.533,6.524,0.126,0.188,0.280,25.043,477444
1782536473816,0,0,0.000,6.549,6.533,0.188,0.157,0.204,25.043,477477
1782536473851,0,0,0.000,6.533,6.524,0.157,0.094,0.210,25.043,477510
1782536473881,0,0,0.000,6.541,6.533,0.188,0.157,0.215,25.043,477543
1782536473922,0,0,0.000,6.541,6.524,0.188,0.157,0.285,25.043,477576
1782536473949,0,0,0.000,6.541,6.524,0.188,0.126,0.360,25.043,477609
1782536473983,0,0,0.006,6.541,6.533,0.188,0.157,0.199,25.129,477642
1782536474013,0,0,0.000,6.557,6.533,0.188,0.157,0.204,25.129,477675
1782536474046,0,0,0.000,6.533,6.524,0.188,0.157,0.312,25.043,477708
1782536474079,0,0,0.000,6.533,6.524,0.188,0.157,0.301,25.043,477741
1782536474111,0,0,0.006,6.524,6.524,0.188,0.094,0.317,25.043,477774
1782536474145,0,0,0.000,6.541,6.533,0.188,0.157,0.204,25.043,477807
1782536474177,0,0,0.000,6.541,6.533,0.157,0.126,0.323,25.043,477840
1782536474210,0,0,0.000,6.533,6.533,0.188,0.188,0.210,25.043,477873
1782536474245,0,0,0.000,6.541,6.524,0.157,0.126,0.253,25.043,477906
1782536474285,0,0,0.000,6.541,6.541,0.188,0.157,0.215,25.043,477939
1782536474309,0,0,0.000,6.541,6.524,0.157,0.188,0.360,25.043,477972
1782536474347,0,0,0.000,6.533,6.541,0.188,0.157,0.215,25.129,478005
1782536474376,0,0,0.000,6.541,6.533,0.188,0.157,0.210,25.129,478038
1782536474409,0,0,0.000,6.533,6.533,0.188,0.157,0.204,25.043,478071
1782536474445,0,0,0.000,6.541,6.533,0.188,0.188,0.215,25.043,478104
1782536474475,0,0,0.000,6.541,6.533,0.157,0.220,0.204,24.957,478137
1782536474507,0,0,0.006,6.549,6.524,0.188,0.157,0.204,25.129,478170
1782536474549,0,0,0.000,6.533,6.533,0.157,0.126,0.226,25.043,478203
1782536474574,0,0,0.006,6.533,6.533,0.188,0.157,0.231,25.043,478236
1782536474606,0,0,0.000,6.541,6.541,0.188,0.157,0.210,25.043,478269
1782536474646,0,0,0.000,6.524,6.524,0.188,0.157,0.462,25.043,478302
1782536474674,0,0,0.000,6.541,6.549,0.220,0.157,0.237,25.043,478335
1782536474715,0,0,0.000,6.533,6.533,0.188,0.126,0.290,25.129,478368
1782536474739,0,0,0.000,6.533,6.524,0.188,0.157,0.323,25.043,478401
1782536474782,0,0,0.000,6.549,6.533,0.188,0.157,0.215,25.043,478434
1782536474806,0,0,0.000,6.533,6.524,0.188,0.157,0.274,25.043,478467
1782536474840,0,0,0.000,6.541,6.533,0.157,0.126,0.237,25.129,478500
1782536474874,0,0,0.000,6.541,6.541,0.157,0.188,0.269,25.043,478533
1782536474905,0,0,0.006,6.524,6.533,0.188,0.188,0.215,25.043,478566
1782536474940,0,0,0.006,6.524,6.524,0.188,0.126,0.355,25.043,478599
1782536474971,0,0,0.006,6.533,6.533,0.188,0.157,0.210,25.043,478632
1782536475007,0,0,0.000,6.541,6.541,0.188,0.157,0.215,25.129,478665
1782536475037,0,0,0.000,6.541,6.541,0.188,0.126,0.215,25.043,478698
1782536475075,0,0,0.000,6.541,6.524,0.188,0.157,0.242,25.043,478731
1782536475104,0,0,0.000,6.541,6.524,0.188,0.188,0.220,25.043,478764
1782536475138,0,0,0.000,6.524,6.516,0.188,0.157,0.382,25.043,478797
1782536475186,0,0,0.000,6.524,6.549,0.188,0.188,0.253,24.957,478830
1782536475204,0,0,0.000,6.533,6.533,0.188,0.188,0.210,24.957,478863
1782536475237,0,0,0.006,6.541,6.533,0.188,0.126,0.204,25.043,478896
1782536475270,0,0,0.000,6.541,6.524,0.220,0.157,0.280,25.043,478929
1782536475306,0,0,0.000,6.516,6.524,0.188,0.188,0.312,25.043,478962
1782536475351,0,0,0.000,6.541,6.533,0.188,0.126,0.210,25.043,478995
1782536475376,0,0,0.000,6.541,6.533,0.188,0.188,0.210,25.043,479028
1782536475422,0,0,0.000,6.533,6.524,0.188,0.157,0.355,25.043,479061
1782536475437,0,0,0.000,6.533,6.524,0.188,0.157,0.204,25.129,479094
1782536475472,0,0,0.000,6.533,6.541,0.188,0.157,0.349,25.129,479127
1782536475503,0,0,0.000,6.541,6.533,0.157,0.188,0.237,25.129,479160
1782536475537,0,0,0.000,6.541,6.533,0.188,0.188,0.215,25.043,479193
1782536475572,0,0,0.000,6.541,6.533,0.157,0.157,0.220,25.043,479226
1782536475604,0,0,0.000,6.533,6.524,0.157,0.157,0.333,25.043,479259
1782536475638,0,0,0.000,6.541,6.533,0.126,0.157,0.237,25.043,479292
1782536475671,0,0,0.006,6.549,6.533,0.188,0.157,0.242,25.129,479325
1782536475703,0,0,0.000,6.541,6.541,0.126,0.157,0.237,25.043,479358
1782536475736,0,0,0.000,6.541,6.533,0.188,0.157,0.204,25.043,479391
1782536475770,0,0,0.000,6.541,6.533,0.188,0.188,0.204,25.043,479424
1782536475803,0,0,0.000,6.541,6.541,0.188,0.188,0.204,24.957,479457
1782536475836,0,0,0.000,6.549,6.533,0.188,0.157,0.210,25.043,479490
1782536475871,0,0,0.000,6.541,6.541,0.157,0.126,0.220,25.129,479523
1782536475902,0,0,0.012,6.541,6.524,0.188,0.188,0.226,25.043,479556
1782536475938,0,0,0.000,6.541,6.533,0.220,0.188,0.226,25.043,479589
1782536475970,0,0,0.006,6.541,6.533,0.188,0.188,0.215,25.129,479622
1782536476002,0,0,0.000,6.549,6.533,0.220,0.126,0.226,25.043,479655
1782536476038,0,0,0.000,6.533,6.541,0.188,0.126,0.220,25.129,479688
1782536476070,0,0,0.000,6.541,6.541,0.188,0.157,0.231,25.043,479721
1782536476103,0,0,0.000,6.541,6.533,0.188,0.157,0.210,25.043,479754
1782536476138,0,0,0.000,6.541,6.524,0.188,0.220,0.344,25.043,479787
1782536476170,0,0,0.000,6.533,6.533,0.126,0.157,0.210,25.043,479820
1782536476207,0,0,0.000,6.541,6.533,0.188,0.157,0.237,25.043,479853
1782536476236,0,0,0.000,6.541,6.533,0.188,0.188,0.210,25.043,479886
1782536476269,0,0,0.000,6.541,6.541,0.157,0.157,0.194,25.129,479919
1782536476304,0,0,0.000,6.541,6.533,0.188,0.157,0.237,25.043,479952
1782536476338,0,0,0.000,6.533,6.533,0.157,0.157,0.231,25.043,479985
1782536476369,0,0,0.000,6.541,6.533,0.188,0.157,0.231,25.043,480018
1782536476402,0,0,0.000,6.541,6.533,0.188,0.188,0.237,25.043,480051
1782536476436,0,0,0.000,6.524,6.533,0.157,0.126,0.215,25.043,480084
1782536476469,0,0,0.006,6.549,6.533,0.188,0.126,0.242,25.043,480117
1782536476506,0,0,0.000,6.533,6.541,0.188,0.157,0.220,25.043,480150
1782536476544,0,0,0.000,6.541,6.533,0.188,0.188,0.210,25.043,480183
1782536476567,0,0,0.000,6.541,6.541,0.188,0.157,0.210,25.129,480216
1782536476602,0,0,0.000,6.557,6.533,0.188,0.188,0.237,25.043,480249
1782536476633,0,0,0.000,6.541,6.541,0.188,0.157,0.280,25.129,480282
1782536476667,0,0,0.000,6.533,6.533,0.188,0.157,0.215,25.129,480315
1782536476714,0,0,0.000,6.533,6.533,0.157,0.157,0.237,24.957,480348
1782536476734,0,0,0.000,6.524,6.533,0.188,0.157,0.204,24.957,480381
1782536476788,0,0,0.000,6.541,6.533,0.188,0.157,0.231,25.043,480414
1782536476807,0,0,0.000,6.541,6.541,0.188,0.157,0.204,25.043,480447
1782536476833,0,0,0.000,6.541,6.533,0.188,0.188,0.215,25.043,480480
1782536476867,0,0,0.000,6.541,6.524,0.188,0.157,0.210,25.043,480513
1782536476900,0,0,0.000,6.541,6.541,0.188,0.157,0.194,25.043,480546
1782536476933,0,0,0.006,6.541,6.524,0.188,0.188,0.215,25.043,480579
1782536476981,0,0,0.000,6.549,6.533,0.188,0.126,0.204,25.043,480612
1782536477000,0,0,0.000,6.533,6.516,0.220,0.188,0.339,25.043,480645
1782536477047,0,0,0.000,6.541,6.533,0.188,0.126,0.204,25.043,480678
1782536477066,0,0,0.000,6.524,6.533,0.126,0.188,0.328,25.043,480711
1782536477100,0,0,0.000,6.549,6.533,0.188,0.157,0.199,24.957,480744
1782536477134,0,0,0.000,6.524,6.533,0.188,0.157,0.344,24.957,480777
1782536477168,0,0,0.000,6.541,6.533,0.157,0.157,0.226,25.043,480810
1782536477202,0,0,0.000,6.524,6.524,0.188,0.157,0.323,25.043,480843
1782536477232,0,0,0.000,6.533,6.533,0.126,0.188,0.204,25.043,480876
1782536477266,0,0,0.000,6.541,6.524,0.188,0.157,0.210,25.043,480909
1782536477301,0,0,0.000,6.533,6.533,0.188,0.157,0.215,25.043,480942
1782536477333,0,0,0.000,6.541,6.541,0.157,0.157,0.199,25.043,480975
1782536477369,0,0,0.000,6.541,6.533,0.188,0.157,0.226,25.043,481008
1782536477400,0,0,0.000,6.533,6.549,0.188,0.157,0.199,25.043,481041
1782536477438,0,0,0.000,6.541,6.533,0.126,0.188,0.199,25.043,481074
1782536477466,0,0,0.000,6.549,6.533,0.188,0.188,0.231,25.043,481107
1782536477498,0,0,0.000,6.549,6.533,0.188,0.188,0.242,25.129,481140
1782536477537,0,0,0.000,6.533,6.516,0.188,0.157,0.339,25.043,481173
1782536477568,0,0,0.000,6.549,6.524,0.188,0.157,0.215,25.043,481206
1782536477598,0,0,0.000,6.541,6.533,0.157,0.157,0.237,25.043,481239
1782536477639,0,0,0.000,6.541,6.549,0.188,0.157,0.215,25.043,481272
1782536477669,0,0,0.000,6.549,6.533,0.157,0.157,0.210,25.043,481305
1782536477698,0,0,0.000,6.549,6.524,0.220,0.126,0.210,24.957,481338
1782536477746,0,0,0.000,6.541,6.533,0.157,0.157,0.226,25.043,481371
1782536477778,0,0,0.000,6.541,6.533,0.157,0.188,0.204,25.043,481404
1782536477799,0,0,0.012,6.541,6.533,0.188,0.157,0.344,24.957,481437
1782536477833,0,0,0.000,6.549,6.533,0.188,0.157,0.210,24.957,481470
1782536477875,0,0,0.000,6.541,6.541,0.188,0.157,0.323,25.129,481503
1782536477913,0,0,0.000,6.541,6.533,0.220,0.157,0.199,25.043,481536
1782536477946,0,0,0.000,6.541,6.533,0.188,0.157,0.231,24.957,481569
1782536477972,0,0,0.000,6.541,6.533,0.188,0.157,0.204,25.043,481602
1782536478007,0,0,0.000,6.533,6.541,0.188,0.188,0.215,25.043,481635
1782536478038,0,0,0.000,6.541,6.541,0.157,0.157,0.226,25.043,481668
1782536478072,0,0,0.000,6.533,6.549,0.157,0.188,0.210,25.043,481701
1782536478105,0,0,0.000,6.541,6.541,0.157,0.188,0.204,25.043,481734
1782536478139,0,0,0.006,6.541,6.533,0.188,0.188,0.226,25.043,481767
1782536478188,0,0,0.000,6.541,6.533,0.188,0.157,0.231,25.043,481800
1782536478204,0,0,0.000,6.541,6.524,0.157,0.157,0.237,25.043,481833
1782536478237,0,0,0.000,6.541,6.533,0.157,0.126,0.210,25.043,481866
1782536478270,0,0,0.000,6.549,6.541,0.126,0.157,0.199,25.043,481899
1782536478303,0,0,0.000,6.533,6.524,0.157,0.157,0.317,25.043,481932
1782536478337,0,0,0.000,6.541,6.533,0.188,0.126,0.194,25.129,481965
1782536478377,0,0,0.000,6.541,6.533,0.188,0.157,0.215,25.043,481998
1782536478410,0,0,0.000,6.541,6.541,0.126,0.157,0.194,25.043,482031
1782536478440,0,0,0.000,6.541,6.533,0.188,0.157,0.204,25.043,482064
1782536478469,0,0,0.000,6.541,6.541,0.157,0.188,0.194,25.043,482097
1782536478501,0,0,0.000,6.549,6.524,0.157,0.157,0.199,25.129,482130
1782536478533,0,0,0.006,6.541,6.541,0.188,0.157,0.333,25.043,482163
1782536478573,0,0,0.000,6.541,6.533,0.126,0.157,0.204,25.043,482196
1782536478599,0,0,0.000,6.524,6.524,0.157,0.157,0.355,25.043,482229
1782536478635,0,0,0.006,6.541,6.533,0.188,0.188,0.215,24.957,482262
1782536478668,0,0,0.000,6.533,6.524,0.126,0.188,0.435,25.043,482295
1782536478699,0,0,0.000,6.549,6.524,0.188,0.126,0.274,25.043,482328
1782536478738,0,0,0.000,6.549,6.533,0.188,0.157,0.204,25.043,482361
1782536478767,0,0,0.000,6.533,6.524,0.157,0.157,0.247,25.043,482394
1782536478797,0,0,0.000,6.541,6.541,0.188,0.157,0.204,25.043,482427
1782536478832,0,0,0.000,6.541,6.541,0.126,0.188,0.204,25.043,482460
1782536478869,0,0,0.000,6.549,6.533,0.188,0.157,0.204,25.043,482493
1782536478899,0,0,0.000,6.541,6.533,0.188,0.126,0.296,25.043,482526
1782536478931,0,0,0.000,6.541,6.533,0.188,0.157,0.199,25.043,482559
1782536478962,0,0,0.006,6.549,6.533,0.157,0.188,0.210,25.043,482592
1782536478995,0,0,0.000,6.541,6.524,0.157,0.157,0.269,25.129,482625
1782536479037,0,0,0.000,6.541,6.541,0.188,0.126,0.242,25.129,482658
1782536479062,0,0,0.000,6.549,6.533,0.251,0.188,0.210,25.043,482691
1782536479098,0,0,0.000,6.524,6.524,0.188,0.157,0.441,25.043,482724
1782536479128,0,0,0.000,6.541,6.533,0.188,0.157,0.215,25.043,482757
1782536479162,0,0,0.000,6.541,6.541,0.188,0.188,0.328,25.043,482790
1782536479196,0,0,0.000,6.533,6.533,0.220,0.126,0.296,25.043,482823
1782536479228,0,0,0.000,6.533,6.541,0.188,0.157,0.237,25.043,482856
1782536479260,0,0,0.000,6.533,6.524,0.188,0.157,0.414,25.043,482889
1782536479294,0,0,0.000,6.541,6.541,0.188,0.157,0.247,25.043,482922
1782536479327,0,0,0.000,6.533,6.524,0.188,0.157,0.349,25.043,482955
1782536479361,0,0,0.000,6.533,6.541,0.188,0.188,0.247,25.043,482988
1782536479396,0,0,0.000,6.533,6.524,0.188,0.157,0.339,25.043,483021
1782536479430,0,0,0.000,6.541,6.533,0.188,0.126,0.215,25.043,483054
1782536479461,0,0,0.006,6.524,6.533,0.157,0.157,0.419,24.957,483087
1782536479496,0,0,0.000,6.549,6.524,0.188,0.157,0.210,25.043,483120
1782536479527,0,0,0.000,6.541,6.524,0.188,0.157,0.306,25.043,483153
1782536479568,0,0,0.000,6.549,6.541,0.157,0.188,0.306,25.043,483186
1782536479594,0,0,0.000,6.533,6.533,0.188,0.157,0.339,25.043,483219
1782536479627,0,0,0.000,6.533,6.533,0.126,0.157,0.285,25.043,483252
1782536479660,0,0,0.000,6.533,6.524,0.157,0.157,0.344,25.043,483285
1782536479694,0,0,0.000,6.533,6.541,0.188,0.188,0.237,24.957,483318
1782536479752,0,0,0.000,6.541,6.541,0.126,0.126,0.199,25.043,483351
1782536479771,0,0,0.006,6.541,6.524,0.188,0.157,0.215,25.043,483384
1782536479794,0,0,0.000,6.541,6.533,0.188,0.157,0.204,24.957,483417
1782536479835,0,0,0.006,6.533,6.541,0.188,0.157,0.215,25.043,483450
1782536479861,0,0,0.006,6.524,6.524,0.188,0.157,0.441,25.043,483483
1782536479894,0,0,0.006,6.533,6.549,0.188,0.157,0.226,25.043,483516
1782536479928,0,0,0.006,6.533,6.541,0.188,0.157,0.220,25.043,483549
1782536479958,0,0,0.006,6.524,6.524,0.188,0.188,0.317,25.129,483582
1782536479994,0,0,0.000,6.541,6.533,0.188,0.188,0.215,25.043,483615
1782536480026,0,0,0.000,6.541,6.541,0.188,0.188,0.280,25.043,483648
1782536480059,0,0,0.000,6.549,6.533,0.188,0.157,0.220,25.043,483681
1782536480094,0,0,0.006,6.524,6.516,0.157,0.157,0.409,25.043,483714
1782536480131,0,0,0.000,6.524,6.533,0.220,0.157,0.220,25.043,483747
1782536480158,0,0,0.000,6.533,6.533,0.157,0.188,0.339,25.043,483780
1782536480199,0,0,0.000,6.533,6.541,0.126,0.188,0.210,25.129,483813
1782536480237,0,0,0.006,6.541,6.533,0.188,0.157,0.360,25.043,483846
1782536480273,0,0,0.000,6.541,6.533,0.188,0.157,0.215,25.043,483879
1782536480302,0,0,0.000,6.524,6.524,0.220,0.157,0.398,25.043,483912
1782536480325,0,0,0.000,6.533,6.524,0.188,0.157,0.323,25.043,483945
1782536480359,0,0,0.006,6.541,6.533,0.188,0.188,0.242,25.043,483978
1782536480391,0,0,0.006,6.549,6.524,0.188,0.157,0.237,25.043,484011
1782536480425,0,0,0.000,6.549,6.541,0.220,0.157,0.210,25.043,484044
1782536480457,0,0,0.000,6.541,6.533,0.188,0.157,0.226,25.043,484077
1782536480491,0,0,0.000,6.541,6.541,0.188,0.157,0.210,25.129,484110
1782536480524,0,0,0.000,6.541,6.533,0.188,0.188,0.215,25.043,484143
1782536480557,0,0,0.000,6.541,6.533,0.188,0.188,0.226,25.043,484176
1782536480591,0,0,0.000,6.541,6.533,0.220,0.157,0.242,25.043,484209
1782536480624,0,0,0.000,6.541,6.533,0.220,0.126,0.242,25.043,484242
1782536480658,0,0,0.000,6.541,6.541,0.188,0.157,0.301,25.043,484275
1782536480691,0,0,0.000,6.541,6.533,0.157,0.188,0.220,24.957,484308
1782536480724,0,0,0.000,6.541,6.533,0.188,0.188,0.220,25.043,484341
1782536480757,0,0,0.000,6.524,6.541,0.188,0.157,0.220,25.043,484374
1782536480791,0,0,0.000,6.533,6.533,0.126,0.126,0.231,25.043,484407
1782536480825,0,0,0.006,6.541,6.533,0.188,0.157,0.226,25.043,484440
1782536480858,0,0,0.000,6.549,6.524,0.188,0.126,0.242,25.043,484473
1782536480891,0,0,0.000,6.549,6.533,0.220,0.157,0.242,25.043,484506
1782536480923,0,0,0.000,6.533,6.524,0.126,0.188,0.349,24.957,484539
1782536480958,0,0,0.000,6.541,6.533,0.126,0.188,0.210,25.043,484572
1782536480991,0,0,0.000,6.533,6.541,0.157,0.188,0.242,25.043,484605
1782536481023,0,0,0.000,6.541,6.541,0.188,0.157,0.215,25.043,484638
1782536481059,0,0,0.006,6.541,6.533,0.188,0.157,0.237,25.043,484671
1782536481093,0,0,0.000,6.541,6.541,0.188,0.188,0.242,25.043,484704
1782536481123,0,0,0.000,6.541,6.524,0.188,0.157,0.242,25.043,484737
1782536481156,0,0,0.000,6.533,6.541,0.157,0.157,0.210,25.043,484770
1782536481189,0,0,0.000,6.549,6.533,0.157,0.157,0.220,25.043,484803
1782536481225,0,0,0.000,6.533,6.541,0.157,0.188,0.226,25.043,484836
1782536481258,0,0,0.000,6.541,6.541,0.188,0.157,0.210,25.043,484869
1782536481289,0,0,0.000,6.533,6.533,0.188,0.157,0.210,25.043,484902
1782536481325,0,0,0.000,6.541,6.541,0.220,0.126,0.242,25.043,484935
1782536481356,0,0,0.006,6.541,6.541,0.157,0.157,0.253,25.043,484968
1782536481389,0,0,0.006,6.541,6.533,0.220,0.157,0.237,25.043,485001
1782536481428,0,0,0.000,6.533,6.524,0.126,0.157,0.349,25.043,485034
1782536481459,0,0,0.000,6.533,6.541,0.188,0.157,0.231,25.043,485067
1782536481491,0,0,0.000,6.541,6.549,0.188,0.157,0.210,25.043,485100
1782536481522,0,0,0.006,6.541,6.533,0.188,0.157,0.210,25.043,485133
1782536481556,0,0,0.000,6.541,6.541,0.157,0.157,0.215,25.043,485166
1782536481590,0,0,0.000,6.541,6.533,0.157,0.157,0.220,25.043,485199
1782536481625,0,0,0.000,6.541,6.533,0.188,0.157,0.199,25.043,485232
1782536481690,0,0,0.000,6.549,6.533,0.188,0.157,0.210,25.043,485265
1782536481691,0,0,0.000,6.549,6.541,0.188,0.188,0.215,25.043,485298
1782536481722,0,0,0.000,6.541,6.541,0.188,0.126,0.242,25.043,485331
1782536481755,0,0,0.000,6.533,6.541,0.188,0.157,0.220,25.043,485364
1782536481788,0,0,0.000,6.533,6.549,0.188,0.157,0.215,25.043,485397
1782536481821,0,0,0.006,6.549,6.524,0.188,0.157,0.210,24.957,485430
1782536481855,0,0,0.000,6.549,6.524,0.188,0.157,0.210,25.129,485463
1782536481888,0,0,0.000,6.541,6.533,0.188,0.157,0.215,25.043,485496
1782536481930,0,0,0.000,6.541,6.533,0.188,0.188,0.231,25.043,485529
1782536481954,0,0,0.000,6.533,6.549,0.157,0.157,0.333,25.129,485562
1782536481989,0,0,0.000,6.541,6.541,0.188,0.157,0.215,25.043,485595
1782536482021,0,0,0.006,6.549,6.533,0.188,0.157,0.231,25.043,485628
1782536482054,0,0,0.006,6.541,6.533,0.157,0.126,0.226,25.043,485661
1782536482087,0,0,0.000,6.541,6.533,0.220,0.157,0.263,25.043,485694
1782536482120,0,0,0.000,6.541,6.524,0.157,0.188,0.242,25.043,485727
1782536482164,0,0,0.000,6.549,6.549,0.188,0.188,0.204,25.043,485760
1782536482187,0,0,0.000,6.541,6.533,0.126,0.188,0.220,25.043,485793
1782536482220,0,0,0.000,6.549,6.533,0.188,0.126,0.220,25.043,485826
1782536482263,0,0,0.006,6.549,6.541,0.188,0.157,0.237,25.043,485859
1782536482296,0,0,0.000,6.533,6.533,0.188,0.157,0.210,25.043,485892
1782536482328,0,0,0.000,6.541,6.533,0.188,0.157,0.215,24.957,485925
1782536482362,0,0,0.000,6.533,6.541,0.157,0.157,0.247,25.129,485958
1782536482394,0,0,0.000,6.541,6.533,0.188,0.126,0.231,25.043,485991
1782536482430,0,0,0.000,6.533,6.533,0.188,0.157,0.220,25.129,486024
1782536482460,0,0,0.000,6.557,6.533,0.188,0.188,0.226,25.043,486057
1782536482493,0,0,0.000,6.549,6.533,0.157,0.188,0.215,25.043,486090
1782536482526,0,0,0.000,6.541,6.541,0.157,0.157,0.226,25.043,486123
1782536482559,0,0,0.000,6.541,6.533,0.188,0.126,0.210,25.129,486156
1782536482592,0,0,0.000,6.549,6.541,0.220,0.188,0.220,25.043,486189
1782536482625,0,0,0.000,6.549,6.533,0.188,0.126,0.215,25.043,486222
1782536482666,0,0,0.000,6.541,6.541,0.251,0.157,0.237,25.043,486255
1782536482691,0,0,0.000,6.549,6.541,0.188,0.157,0.263,25.043,486288
1782536482724,0,0,0.000,6.549,6.533,0.188,0.188,0.210,25.129,486321
1782536482760,0,0,0.000,6.557,6.541,0.157,0.126,0.210,25.043,486354
1782536482790,0,0,0.000,6.524,6.533,0.188,0.126,0.366,25.043,486387
1782536482824,0,0,0.000,6.541,6.541,0.188,0.188,0.210,25.043,486420
1782536482861,0,0,0.000,6.541,6.541,0.188,0.126,0.199,25.043,486453
1782536482892,0,0,0.000,6.549,6.541,0.188,0.188,0.210,25.043,486486
1782536482924,0,0,0.006,6.541,6.541,0.188,0.157,0.215,25.043,486519
1782536482963,0,0,0.006,6.533,6.533,0.220,0.157,0.215,25.043,486552
1782536483030,0,0,0.006,6.541,6.533,0.188,0.188,0.215,25.043,486585
1782536483079,0,0,0.000,6.557,6.541,0.157,0.157,0.215,25.043,486618
1782536483090,0,0,0.000,6.541,6.541,0.188,0.157,0.231,25.043,486651
1782536483092,0,0,0.000,6.541,6.541,0.188,0.188,0.215,25.043,486684
1782536483121,0,0,0.006,6.541,6.541,0.188,0.157,0.220,25.043,486717
1782536483155,0,0,0.000,6.549,6.533,0.157,0.157,0.215,25.043,486750
1782536483187,0,0,0.000,6.541,6.533,0.126,0.157,0.210,25.129,486783
1782536483219,0,0,0.000,6.533,6.524,0.188,0.157,0.253,25.129,486816
1782536483255,0,0,0.006,6.533,6.549,0.188,0.188,0.215,25.043,486849
1782536483285,0,0,0.000,6.541,6.533,0.188,0.157,0.194,25.043,486882
1782536483318,0,0,0.000,6.541,6.533,0.126,0.157,0.204,25.043,486915
1782536483360,0,0,0.000,6.541,6.533,0.188,0.126,0.263,25.043,486948
1782536483386,0,0,0.006,6.541,6.533,0.188,0.188,0.215,25.129,486981
1782536483419,0,0,0.006,6.541,6.533,0.188,0.157,0.258,25.043,487014
1782536483451,0,0,0.000,6.541,6.541,0.188,0.157,0.231,25.043,487047
1782536483485,0,0,0.000,6.541,6.541,0.188,0.188,0.204,25.043,487080
1782536483518,0,0,0.000,6.541,6.533,0.188,0.157,0.242,25.043,487113
1782536483551,0,0,0.000,6.549,6.541,0.157,0.126,0.204,25.129,487146
1782536483585,0,0,0.000,6.533,6.533,0.220,0.157,0.204,25.043,487179
1782536483617,0,0,0.006,6.541,6.541,0.188,0.188,0.215,25.043,487212
1782536483650,0,0,0.000,6.549,6.524,0.157,0.188,0.263,25.129,487245
1782536483684,0,0,0.000,6.541,6.533,0.188,0.157,0.306,25.043,487278
1782536483716,0,0,0.000,6.541,6.524,0.157,0.157,0.446,25.043,487311
1782536483755,0,0,0.000,6.549,6.533,0.188,0.157,0.301,25.043,487344
1782536483784,0,0,0.000,6.541,6.541,0.188,0.157,0.263,25.043,487377
1782536483820,0,0,0.000,6.541,6.524,0.188,0.126,0.263,25.043,487410
1782536483849,0,0,0.000,6.541,6.533,0.188,0.157,0.274,25.043,487443
1782536483888,0,0,0.000,6.541,6.533,0.188,0.157,0.290,25.043,487476
1782536483917,0,0,0.000,6.533,6.533,0.188,0.157,0.317,25.043,487509
1782536483949,0,0,0.000,6.533,6.533,0.188,0.157,0.301,25.043,487542
1782536483988,0,0,0.006,6.533,6.541,0.188,0.157,0.344,25.043,487575
1782536484018,0,0,0.000,6.557,6.549,0.188,0.157,0.215,25.043,487608
1782536484051,0,0,0.000,6.557,6.524,0.188,0.157,0.237,25.043,487641
1782536484090,0,0,0.000,6.549,6.541,0.188,0.157,0.210,25.043,487674
1782536484117,0,0,0.000,6.541,6.541,0.188,0.157,0.237,25.043,487707
1782536484150,0,0,0.000,6.533,6.533,0.188,0.157,0.237,25.043,487740
1782536484189,0,0,0.006,6.541,6.533,0.188,0.126,0.220,25.043,487773
1782536484216,0,0,0.000,6.541,6.533,0.188,0.157,0.204,24.957,487806
1782536484255,0,0,0.000,6.541,6.541,0.188,0.188,0.226,25.043,487839
1782536484282,0,0,0.000,6.541,6.524,0.188,0.157,0.237,24.957,487872
1782536484315,0,0,0.000,6.549,6.541,0.157,0.126,0.231,25.043,487905
1782536484350,0,0,0.000,6.541,6.533,0.188,0.126,0.210,25.043,487938
1782536484382,0,0,0.006,6.541,6.541,0.188,0.157,0.215,25.043,487971
1782536484416,0,0,0.000,6.541,6.541,0.188,0.188,0.226,25.043,488004
1782536484449,0,0,0.012,6.533,6.541,0.188,0.188,0.285,25.043,488037
1782536484482,0,0,0.006,6.541,6.524,0.188,0.157,0.231,25.129,488070
1782536484516,0,0,0.000,6.541,6.533,0.188,0.188,0.344,24.957,488103
1782536484549,0,0,0.000,6.541,6.533,0.188,0.126,0.247,25.043,488136
1782536484581,0,0,0.000,6.549,6.524,0.188,0.157,0.242,25.043,488169
1782536484616,0,0,0.000,6.533,6.533,0.188,0.157,0.215,25.043,488202
1782536484648,0,0,0.000,6.549,6.541,0.188,0.126,0.237,25.043,488235
1782536484681,0,0,0.000,6.549,6.541,0.251,0.157,0.242,24.957,488268
1782536484716,15,15,0.006,6.541,6.533,0.188,0.188,0.220,25.043,488301
1782536484748,30,30,0.006,6.557,6.541,0.126,0.126,0.231,25.129,488334
1782536484783,60,60,0.000,6.549,6.533,0.188,0.188,0.220,25.043,488367
1782536484814,20,20,0.000,6.541,6.533,0.188,0.157,0.226,25.129,488400
1782536484847,0,0,0.000,6.541,6.541,0.188,0.157,0.220,24.957,488433
1782536484881,0,0,0.006,6.541,6.541,0.188,0.126,0.220,25.043,488466
1782536484919,0,0,0.000,6.533,6.541,0.188,0.157,0.242,25.043,488499
1782536484948,0,0,0.000,6.549,6.541,0.188,0.188,0.215,25.129,488532
1782536484984,15,15,0.000,6.549,6.541,0.188,0.157,0.237,25.129,488565
1782536485014,45,45,0.000,6.549,6.533,0.220,0.188,0.220,25.043,488598
1782536485047,60,60,0.000,6.549,6.533,0.188,0.188,0.204,25.129,488631
1782536485081,90,90,0.000,6.541,6.533,0.220,0.157,0.237,25.043,488664
1782536485116,85,85,0.000,6.533,6.524,0.188,0.126,0.306,25.129,488697
1782536485148,65,65,0.000,6.541,6.549,0.126,0.157,0.226,25.043,488730
1782536485182,25,25,0.006,6.541,6.533,0.188,0.188,0.220,25.043,488763
1782536485218,0,0,0.000,6.541,6.541,0.188,0.157,0.220,25.043,488796
1782536485248,0,0,0.000,6.557,6.533,0.157,0.157,0.226,25.043,488829
1782536485280,0,0,0.000,6.541,6.541,0.157,0.157,0.231,25.043,488862
1782536485319,0,0,0.000,6.541,6.541,0.188,0.157,0.226,25.043,488895
1782536485349,0,0,0.000,6.549,6.541,0.220,0.188,0.242,25.043,488928
1782536485380,0,0,0.000,6.541,6.533,0.188,0.220,0.242,25.043,488961
1782536485417,0,0,0.000,6.541,6.541,0.188,0.157,0.215,25.043,488994
1782536485452,0,0,0.000,6.557,6.524,0.126,0.126,0.210,25.043,489027
1782536485479,0,0,0.000,6.533,6.541,0.188,0.126,0.231,25.043,489060
1782536485513,0,0,0.000,6.541,6.541,0.188,0.188,0.247,25.043,489093
1782536485546,0,0,0.000,6.533,6.524,0.157,0.126,0.226,25.043,489126
1782536485579,15,15,0.000,6.541,6.533,0.188,0.126,0.210,25.043,489159
1782536485611,45,45,0.000,6.541,6.541,0.188,0.157,0.210,25.043,489192
1782536485646,60,60,0.000,6.549,6.541,0.126,0.188,0.215,25.043,489225
1782536485679,90,90,0.006,6.541,6.533,0.188,0.157,0.231,25.043,489258
1782536485715,120,120,0.000,6.541,6.541,0.157,0.157,0.237,25.043,489291
1782536485745,135,135,0.000,6.541,6.533,0.157,0.126,0.237,25.043,489324
1782536485779,165,165,0.000,6.508,6.524,0.282,0.220,0.215,24.957,489357
1782536485812,195,195,0.000,6.483,6.475,0.565,0.314,0.237,25.043,489390
1782536485846,210,210,0.000,6.491,6.483,0.377,0.502,0.237,25.043,489423
1782536485878,240,240,0.000,6.458,6.450,0.596,0.690,0.215,25.043,489456
1782536485912,200,200,0.006,6.433,6.417,0.816,0.784,0.226,25.043,489489
1782536485945,180,180,0.000,6.425,6.392,0.973,0.753,0.242,25.043,489522
1782536485978,140,140,0.000,6.483,6.475,0.345,0.408,0.226,25.043,489555
1782536486012,100,100,0.000,6.508,6.499,0.251,0.251,0.231,25.043,489588
1782536486046,80,80,0.000,6.533,6.524,0.220,0.220,0.220,25.043,489621
1782536486078,40,40,0.000,6.533,6.533,0.188,0.188,0.237,25.043,489654
1782536486111,20,20,0.006,6.533,6.533,0.126,0.157,0.253,25.043,489687
1782536486145,0,0,0.000,6.533,6.533,0.188,0.188,0.237,25.043,489720
1782536486177,0,0,0.000,6.541,6.524,0.188,0.188,0.226,25.043,489753
1782536486210,0,0,0.006,6.541,6.533,0.188,0.157,0.210,25.043,489786
1782536486244,0,0,0.000,6.541,6.533,0.188,0.188,0.231,25.043,489819
1782536486282,0,0,0.000,6.541,6.533,0.188,0.188,0.237,25.043,489852
1782536486317,0,0,0.000,6.541,6.533,0.188,0.157,0.220,25.043,489885
1782536486345,0,0,0.000,6.541,6.533,0.126,0.188,0.215,25.043,489918
1782536486380,0,0,0.000,6.533,6.524,0.188,0.188,0.409,25.043,489951
1782536486411,0,0,0.000,6.541,6.533,0.157,0.157,0.242,25.043,489984
1782536486449,0,0,0.006,6.541,6.524,0.188,0.157,0.226,25.043,490017
1782536486477,0,0,0.000,6.541,6.533,0.188,0.157,0.210,25.043,490050
1782536486510,0,0,0.000,6.541,6.533,0.126,0.188,0.226,25.043,490083
1782536486556,0,0,0.000,6.541,6.524,0.188,0.157,0.226,24.957,490116
1782536486585,0,0,0.000,6.533,6.524,0.188,0.126,0.296,25.043,490149
1782536486619,0,0,0.000,6.541,6.533,0.157,0.157,0.215,25.043,490182
1782536486653,0,0,0.000,6.541,6.533,0.220,0.157,0.215,25.043,490215
1782536486691,0,0,0.000,6.541,6.533,0.188,0.188,0.210,25.043,490248
1782536486717,0,0,0.000,6.533,6.524,0.188,0.157,0.301,25.043,490281
1782536486754,0,0,0.000,6.549,6.533,0.188,0.126,0.215,25.043,490314
1782536486784,0,0,0.000,6.549,6.533,0.188,0.157,0.215,25.043,490347
1782536486816,0,0,0.000,6.541,6.533,0.188,0.188,0.247,25.043,490380
1782536486861,0,0,0.000,6.541,6.533,0.188,0.126,0.210,25.043,490413
1782536486894,0,0,0.000,6.533,6.549,0.188,0.157,0.204,25.043,490446
1782536486916,0,0,0.000,6.549,6.541,0.126,0.126,0.237,25.043,490479
1782536486958,0,0,0.006,6.541,6.533,0.188,0.188,0.226,25.043,490512
1782536486981,0,0,0.000,6.533,6.524,0.188,0.126,0.349,25.043,490545
1782536487014,0,0,0.000,6.541,6.533,0.188,0.157,0.204,24.957,490578
1782536487049,0,0,0.006,6.541,6.533,0.188,0.157,0.215,25.043,490611
1782536487081,0,0,0.000,6.549,6.533,0.188,0.188,0.210,25.043,490644
1782536487116,0,0,0.000,6.533,6.533,0.157,0.157,0.210,25.043,490677
1782536487148,0,0,0.000,6.549,6.541,0.188,0.157,0.215,25.043,490710
1782536487188,0,0,0.000,6.549,6.541,0.188,0.188,0.204,25.043,490743
1782536487216,0,0,0.006,6.533,6.533,0.188,0.157,0.242,25.043,490776
1782536487245,0,0,0.000,6.541,6.533,0.188,0.126,0.215,25.043,490809
1782536487278,0,0,0.000,6.541,6.533,0.188,0.157,0.204,25.043,490842
1782536487315,0,0,0.000,6.541,6.541,0.188,0.157,0.210,25.043,490875
1782536487344,0,0,0.000,6.541,6.533,0.188,0.157,0.215,25.043,490908
1782536487377,0,0,0.000,6.541,6.541,0.188,0.188,0.220,25.043,490941
1782536487410,0,0,0.000,6.541,6.533,0.157,0.188,0.210,25.043,490974
1782536487443,0,0,0.000,6.541,6.524,0.157,0.157,0.376,25.043,491007
1782536487477,0,0,0.000,6.549,6.524,0.188,0.188,0.258,24.957,491040
1782536487510,0,0,0.000,6.549,6.524,0.157,0.157,0.392,25.043,491073
1782536487542,0,0,0.000,6.541,6.533,0.188,0.157,0.210,25.043,491106
1782536487575,0,0,0.006,6.524,6.524,0.188,0.157,0.349,25.043,491139
1782536487617,0,0,0.006,6.549,6.541,0.220,0.157,0.210,25.043,491172
1782536487641,0,0,0.000,6.533,6.516,0.157,0.157,0.360,24.957,491205
1782536487681,0,0,0.000,6.541,6.533,0.157,0.188,0.215,25.043,491238
1782536487707,0,0,0.000,6.533,6.533,0.188,0.188,0.231,24.957,491271
1782536487741,0,0,0.000,6.541,6.549,0.188,0.157,0.263,25.043,491304
1782536487777,0,0,0.000,6.533,6.533,0.188,0.157,0.333,25.043,491337
1782536487808,0,0,0.000,6.541,6.541,0.188,0.188,0.210,25.043,491370
1782536487844,0,0,0.000,6.533,6.533,0.188,0.157,0.280,25.043,491403
1782536487878,0,0,0.000,6.549,6.541,0.157,0.157,0.269,25.043,491436
1782536487909,0,0,0.000,6.549,6.549,0.188,0.157,0.204,25.043,491469
1782536487941,0,0,0.000,6.541,6.533,0.188,0.157,0.226,25.043,491502
1782536487973,0,0,0.006,6.549,6.541,0.126,0.126,0.204,25.129,491535
1782536488007,0,0,0.006,6.549,6.541,0.188,0.157,0.210,24.957,491568
1782536488044,0,0,0.000,6.541,6.541,0.220,0.157,0.220,25.043,491601
1782536488072,0,0,0.000,6.541,6.549,0.157,0.126,0.210,25.043,491634
1782536488108,0,0,0.000,6.541,6.533,0.188,0.157,0.220,25.043,491667
1782536488141,0,0,0.000,6.533,6.533,0.188,0.157,0.280,24.957,491700
1782536488173,0,0,0.000,6.549,6.541,0.188,0.188,0.226,25.129,491733
1782536488212,0,0,0.000,6.549,6.533,0.188,0.157,0.285,25.043,491766
1782536488240,0,0,0.000,6.541,6.533,0.188,0.157,0.269,25.043,491799
1782536488274,0,0,0.000,6.541,6.524,0.220,0.157,0.344,25.043,491832
1782536488327,0,0,0.006,6.541,6.541,0.188,0.126,0.215,25.043,491865
1782536488339,0,0,0.000,6.541,6.533,0.188,0.157,0.317,25.043,491898
1782536488372,0,0,0.000,6.541,6.533,0.188,0.157,0.269,25.043,491931
1782536488407,0,0,0.000,6.524,6.524,0.188,0.157,0.398,25.043,491964
1782536488441,0,0,0.000,6.549,6.524,0.188,0.157,0.226,25.043,491997
1782536488473,0,0,0.006,6.541,6.516,0.188,0.220,0.344,25.043,492030
1782536488505,30,30,0.000,6.541,6.524,0.126,0.157,0.258,25.043,492063
1782536488538,25,25,0.006,6.524,6.524,0.188,0.157,0.446,25.043,492096
1782536488572,5,5,0.000,6.549,6.541,0.157,0.188,0.237,25.043,492129
1782536488605,0,0,0.000,6.533,6.533,0.188,0.157,0.296,25.043,492162
1782536488638,0,0,0.006,6.541,6.524,0.188,0.157,0.328,25.043,492195
1782536488673,0,0,0.000,6.524,6.541,0.157,0.157,0.215,25.043,492228
1782536488706,0,0,0.000,6.549,6.533,0.188,0.157,0.220,25.043,492261
1782536488739,0,0,0.000,6.533,6.533,0.188,0.126,0.360,25.043,492294
1782536488771,0,0,0.006,6.533,6.533,0.188,0.157,0.242,25.043,492327
1782536488806,0,0,0.000,6.533,6.541,0.188,0.157,0.247,25.043,492360
1782536488837,0,0,0.000,6.549,6.541,0.157,0.157,0.237,25.043,492393
1782536488880,30,30,0.006,6.549,6.533,0.188,0.157,0.242,25.043,492426
1782536488908,45,45,0.006,6.541,6.533,0.188,0.157,0.371,25.043,492459
1782536488947,75,75,0.012,6.541,6.533,0.188,0.157,0.237,25.043,492492
1782536488974,90,90,0.000,6.533,6.524,0.188,0.157,0.237,25.043,492525
1782536489006,120,120,0.000,6.541,6.533,0.188,0.220,0.220,25.043,492558
1782536489037,135,135,0.000,6.533,6.524,0.188,0.157,0.344,25.043,492591
1782536489071,165,165,0.000,6.533,6.524,0.188,0.157,0.215,25.043,492624
1782536489107,195,195,0.000,6.491,6.483,0.471,0.345,0.247,24.957,492657
1782536489139,225,225,0.006,6.458,6.442,0.910,0.377,0.215,25.043,492690
1782536489170,240,240,0.000,6.408,6.408,1.255,0.502,0.215,25.043,492723
1782536489206,270,270,0.000,6.408,6.400,1.067,0.910,0.220,25.043,492756
1782536489237,285,285,0.000,6.400,6.392,1.318,0.722,0.237,25.043,492789
1782536489274,315,315,0.000,6.400,6.384,1.192,0.753,0.247,25.043,492822
1782536489323,255,255,0.006,6.375,6.359,1.255,0.690,0.220,25.043,492855
1782536489336,255,255,0.000,6.359,6.342,1.569,0.879,0.215,25.043,492888
1782536489371,215,215,0.000,6.392,6.375,1.130,0.690,0.339,25.043,492921
1782536489404,175,175,0.000,6.458,6.458,0.628,0.377,0.210,24.957,492954
1782536489436,155,155,0.000,6.491,6.466,0.502,0.314,0.237,25.043,492987
1782536489470,115,115,0.000,6.491,6.483,0.377,0.377,0.210,25.043,493020
1782536489504,75,75,0.000,6.524,6.541,0.220,0.188,0.210,24.957,493053
1782536489554,35,35,0.000,6.533,6.524,0.251,0.157,0.210,24.957,493086
1782536489604,0,0,0.000,6.533,6.524,0.188,0.188,0.210,25.129,493119
1782536489643,0,0,0.000,6.533,6.533,0.126,0.157,0.220,25.043,493152
1782536489643,0,0,0.006,6.533,6.524,0.188,0.157,0.220,25.043,493185
1782536489669,0,0,0.000,6.533,6.524,0.188,0.157,0.258,24.957,493218
1782536489704,0,0,0.000,6.533,6.524,0.188,0.157,0.215,25.043,493251
1782536489736,0,0,0.006,6.533,6.541,0.220,0.157,0.237,25.043,493284
1782536489769,0,0,0.000,6.533,6.533,0.188,0.157,0.231,25.043,493317
1782536489804,0,0,0.000,6.533,6.524,0.188,0.188,0.215,25.043,493350
1782536489836,0,0,0.000,6.549,6.524,0.188,0.157,0.210,25.043,493383
1782536489873,0,0,0.000,6.533,6.533,0.188,0.126,0.215,25.043,493416
1782536489908,0,0,0.006,6.541,6.524,0.157,0.188,0.210,25.043,493449
1782536489944,0,0,0.006,6.541,6.541,0.188,0.157,0.210,25.129,493482
1782536489968,0,0,0.000,6.533,6.533,0.126,0.157,0.220,25.043,493515
1782536490002,0,0,0.000,6.541,6.541,0.188,0.157,0.237,24.957,493548
1782536490035,0,0,0.000,6.533,6.524,0.188,0.188,0.231,25.043,493581
1782536490093,0,0,0.000,6.533,6.533,0.188,0.188,0.220,25.043,493614
1782536490104,0,0,0.000,6.541,6.533,0.188,0.188,0.215,25.043,493647
1782536490138,0,0,0.000,6.533,6.533,0.188,0.157,0.220,25.043,493680
1782536490170,0,0,0.000,6.533,6.549,0.188,0.157,0.204,25.043,493713
1782536490203,0,0,0.000,6.533,6.533,0.220,0.157,0.220,25.043,493746
1782536490236,0,0,0.012,6.533,6.533,0.188,0.188,0.237,25.043,493779
1782536490267,0,0,0.000,6.549,6.541,0.188,0.157,0.220,25.043,493812
1782536490301,0,0,0.000,6.533,6.541,0.188,0.188,0.237,25.043,493845
1782536490339,0,0,0.000,6.524,6.524,0.188,0.157,0.344,24.957,493878
1782536490368,0,0,0.000,6.549,6.533,0.157,0.157,0.226,25.129,493911
1782536490400,0,0,0.000,6.533,6.524,0.126,0.188,0.210,24.957,493944
1782536490440,0,0,0.000,6.541,6.533,0.188,0.188,0.215,25.043,493977
1782536490470,0,0,0.006,6.541,6.516,0.188,0.157,0.242,24.957,494010
1782536490501,0,0,0.000,6.541,6.533,0.188,0.126,0.220,25.043,494043
1782536490541,0,0,0.006,6.533,6.533,0.188,0.157,0.220,25.043,494076
1782536490567,0,0,0.000,6.541,6.541,0.188,0.157,0.237,25.043,494109
1782536490601,0,0,0.006,6.549,6.533,0.188,0.157,0.204,25.129,494142
1782536490636,0,0,0.000,6.541,6.533,0.157,0.157,0.220,25.043,494175
1782536490668,0,0,0.000,6.541,6.533,0.126,0.157,0.215,25.043,494208
1782536490701,0,0,0.000,6.541,6.533,0.126,0.157,0.215,25.043,494241
1782536490733,0,0,0.000,6.541,6.533,0.188,0.126,0.226,24.957,494274
1782536490770,0,0,0.000,6.541,6.541,0.188,0.126,0.204,25.043,494307
1782536490810,0,0,0.000,6.533,6.541,0.188,0.188,0.204,25.043,494340
1782536490850,0,0,0.006,6.533,6.524,0.188,0.157,0.312,25.043,494373
1782536490868,0,0,0.000,6.541,6.533,0.188,0.188,0.204,25.043,494406
1782536490928,0,0,0.012,6.549,6.533,0.126,0.188,0.215,25.043,494439
1782536490953,0,0,0.000,6.549,6.541,0.188,0.126,0.215,25.043,494472
1782536490982,0,0,0.000,6.541,6.541,0.157,0.157,0.199,25.043,494505
1782536491008,0,0,0.000,6.533,6.524,0.188,0.157,0.290,25.043,494538
1782536491041,0,0,0.000,6.533,6.533,0.188,0.157,0.215,25.043,494571
1782536491073,0,0,0.000,6.533,6.524,0.126,0.126,0.333,25.043,494604
1782536491111,0,0,0.000,6.541,6.524,0.157,0.157,0.237,25.043,494637
1782536491141,0,0,0.000,6.533,6.524,0.220,0.188,0.339,25.043,494670
1782536491173,0,0,0.000,6.541,6.533,0.188,0.126,0.226,25.043,494703
1782536491224,0,0,0.000,6.533,6.541,0.188,0.126,0.210,25.043,494736
1782536491251,0,0,0.000,6.541,6.533,0.157,0.126,0.199,25.043,494769
1782536491273,0,0,0.000,6.541,6.533,0.188,0.157,0.199,25.129,494802
1782536491304,0,0,0.000,6.541,6.533,0.220,0.157,0.231,25.043,494835
1782536491338,0,0,0.006,6.533,6.541,0.188,0.188,0.204,25.043,494868
1782536491371,0,0,0.000,6.533,6.524,0.188,0.157,0.306,25.043,494901
1782536491428,0,0,0.000,6.549,6.533,0.188,0.157,0.204,25.043,494934
1782536491438,0,0,0.000,6.549,6.533,0.188,0.188,0.199,25.043,494967
1782536491469,0,0,0.000,6.541,6.541,0.157,0.188,0.194,25.043,495000
1782536491502,0,0,0.000,6.533,6.524,0.157,0.188,0.269,25.043,495033
1782536491558,0,0,0.000,6.533,6.541,0.188,0.126,0.210,25.129,495066
1782536491582,0,0,0.000,6.541,6.533,0.188,0.188,0.199,25.043,495099
1782536491601,0,0,0.000,6.541,6.533,0.220,0.188,0.215,25.043,495132
1782536491638,0,0,0.000,6.541,6.533,0.188,0.157,0.204,25.043,495165
1782536491669,0,0,0.000,6.541,6.533,0.220,0.188,0.204,25.043,495198
1782536491702,0,0,0.000,6.549,6.541,0.220,0.157,0.199,25.043,495231
1782536491736,0,0,0.000,6.549,6.533,0.188,0.157,0.215,25.043,495264
1782536491786,30,30,0.000,6.541,6.541,0.188,0.157,0.204,25.043,495297
1782536491801,45,45,0.000,6.541,6.524,0.188,0.126,0.226,25.129,495330
1782536491833,75,75,0.000,6.541,6.541,0.188,0.157,0.194,25.043,495363
1782536491869,105,105,0.000,6.533,6.533,0.157,0.157,0.306,25.043,495396
1782536491898,120,120,0.000,6.541,6.533,0.157,0.126,0.247,25.043,495429
1782536491933,150,150,0.000,6.533,6.524,0.188,0.188,0.323,25.043,495462
1782536491976,180,180,0.000,6.524,6.516,0.282,0.188,0.242,25.043,495495
1782536491998,195,195,0.000,6.499,6.491,0.408,0.282,0.301,25.129,495528
1782536492032,225,225,0.000,6.458,6.450,0.816,0.251,0.220,25.043,495561
1782536492064,240,240,0.000,6.408,6.392,1.192,0.596,0.215,25.043,495594
1782536492098,270,270,0.000,6.425,6.408,0.879,0.690,0.210,25.043,495627
1782536492142,300,300,0.000,6.417,6.400,1.004,0.596,0.360,25.043,495660
1782536492169,330,330,0.000,6.425,6.400,1.067,0.722,0.204,25.043,495693
1782536492197,345,345,0.000,6.400,6.384,1.192,0.722,0.215,25.043,495726
1782536492229,305,305,0.000,6.367,6.350,1.381,0.941,0.199,25.043,495759
1782536492263,285,285,0.006,6.326,6.309,1.569,1.067,0.194,25.043,495792
1782536492296,245,245,0.000,6.317,6.301,1.569,1.035,0.215,25.043,495825
1782536492330,205,205,0.000,6.384,6.375,1.035,0.753,0.194,25.043,495858
1782536492362,185,185,0.006,6.483,6.475,0.471,0.251,0.258,25.043,495891
1782536492395,145,145,0.000,6.458,6.450,0.596,0.377,0.274,25.043,495924
1782536492429,105,105,0.000,6.491,6.483,0.345,0.282,0.204,25.043,495957
1782536492462,85,85,0.000,6.508,6.499,0.220,0.251,0.355,25.043,495990
1782536492496,45,45,0.012,6.524,6.516,0.157,0.157,0.210,24.957,496023
1782536492529,5,5,0.000,6.524,6.524,0.188,0.188,0.210,25.043,496056
1782536492565,0,0,0.000,6.524,6.524,0.188,0.157,0.204,25.043,496089
1782536492599,0,0,0.000,6.516,6.508,0.188,0.157,0.430,25.043,496122
1782536492630,0,0,0.000,6.524,6.516,0.157,0.126,0.290,25.129,496155
1782536492661,0,0,0.000,6.524,6.541,0.157,0.188,0.301,25.043,496188
1782536492700,0,0,0.000,6.533,6.533,0.188,0.157,0.220,25.043,496221
1782536492728,0,0,0.000,6.524,6.524,0.188,0.157,0.328,25.043,496254
1782536492778,0,0,0.000,6.533,6.533,0.188,0.157,0.306,25.043,496287
1782536492795,0,0,0.000,6.524,6.516,0.188,0.126,0.306,24.957,496320
1782536492865,0,0,0.000,6.533,6.524,0.188,0.188,0.226,25.043,496353
1782536492868,0,0,0.006,6.541,6.516,0.188,0.157,0.215,25.043,496386
1782536492895,0,0,0.006,6.541,6.533,0.188,0.188,0.220,25.043,496419
1782536492929,0,0,0.000,6.541,6.524,0.188,0.157,0.226,25.043,496452
1782536492962,0,0,0.000,6.541,6.516,0.157,0.126,0.204,25.043,496485
1782536492995,0,0,0.006,6.541,6.524,0.188,0.126,0.194,24.957,496518
1782536493031,0,0,0.000,6.516,6.524,0.188,0.126,0.317,24.957,496551
1782536493064,0,0,0.006,6.549,6.533,0.188,0.188,0.220,24.957,496584
1782536493097,0,0,0.000,6.533,6.541,0.188,0.157,0.237,24.957,496617
1782536493127,0,0,0.000,6.533,6.533,0.188,0.157,0.220,25.043,496650
1782536493161,0,0,0.000,6.533,6.524,0.157,0.157,0.210,25.043,496683
1782536493197,0,0,0.000,6.524,6.533,0.188,0.157,0.226,25.043,496716
1782536493228,0,0,0.006,6.533,6.524,0.126,0.126,0.210,25.129,496749
1782536493260,0,0,0.000,6.524,6.524,0.157,0.126,0.247,25.043,496782
1782536493295,0,0,0.000,6.533,6.533,0.188,0.157,0.210,25.043,496815
1782536493328,0,0,0.006,6.533,6.533,0.188,0.126,0.199,25.043,496848
1782536493362,0,0,0.000,6.533,6.524,0.188,0.157,0.204,25.043,496881
1782536493393,0,0,0.006,6.533,6.533,0.188,0.157,0.204,25.043,496914
1782536493429,0,0,0.000,6.533,6.533,0.157,0.157,0.204,25.043,496947
1782536493460,0,0,0.000,6.541,6.541,0.157,0.126,0.215,25.043,496980
1782536493494,0,0,0.000,6.533,6.524,0.188,0.157,0.215,25.043,497013
1782536493526,0,0,0.000,6.533,6.533,0.157,0.126,0.231,25.043,497046
1782536493560,0,0,0.000,6.524,6.533,0.188,0.126,0.204,25.043,497079
1782536493593,0,0,0.006,6.541,6.533,0.157,0.188,0.215,25.043,497112
1782536493626,0,0,0.000,6.533,6.541,0.188,0.157,0.231,25.043,497145
1782536493660,0,0,0.000,6.541,6.533,0.188,0.126,0.237,25.043,497178
1782536493694,0,0,0.000,6.533,6.524,0.188,0.157,0.231,25.129,497211
1782536493726,0,0,0.006,6.533,6.533,0.188,0.157,0.237,25.043,497244
1782536493759,0,0,0.000,6.549,6.524,0.188,0.157,0.237,25.129,497277
1782536493793,0,0,0.000,6.533,6.524,0.251,0.157,0.317,25.043,497310
1782536493825,0,0,0.000,6.524,6.533,0.188,0.157,0.215,25.043,497343
1782536493859,0,0,0.000,6.533,6.533,0.126,0.157,0.215,25.043,497376
1782536493893,0,0,0.000,6.533,6.533,0.188,0.126,0.339,25.043,497409
1782536493926,0,0,0.000,6.541,6.533,0.157,0.188,0.226,25.043,497442
1782536493962,0,0,0.000,6.524,6.541,0.157,0.188,0.355,25.043,497475
1782536493996,0,0,0.006,6.541,6.533,0.188,0.157,0.226,25.043,497508
1782536494025,0,0,0.000,6.533,6.533,0.188,0.157,0.231,24.957,497541
1782536494059,0,0,0.006,6.524,6.533,0.157,0.188,0.231,25.043,497574
1782536494093,0,0,0.000,6.541,6.533,0.188,0.157,0.215,25.043,497607
1782536494126,0,0,0.000,6.541,6.541,0.188,0.126,0.215,24.957,497640
1782536494162,0,0,0.006,6.541,6.541,0.157,0.157,0.204,25.043,497673
1782536494196,0,0,0.000,6.524,6.524,0.220,0.188,0.263,25.043,497706
1782536494235,0,0,0.000,6.533,6.541,0.188,0.157,0.204,25.043,497739
1782536494259,0,0,0.000,6.541,6.533,0.188,0.126,0.226,25.043,497772
1782536494291,0,0,0.006,6.541,6.533,0.188,0.126,0.215,25.043,497805
1782536494327,0,0,0.000,6.541,6.533,0.188,0.157,0.258,25.043,497838
1782536494361,0,0,0.000,6.541,6.533,0.157,0.157,0.231,25.043,497871
1782536494396,0,0,0.006,6.541,6.541,0.188,0.157,0.215,25.043,497904
1782536494424,0,0,0.006,6.541,6.533,0.157,0.157,0.210,25.043,497937
1782536494492,0,0,0.000,6.524,6.541,0.188,0.188,0.199,24.957,497970
1782536494502,0,0,0.006,6.541,6.533,0.188,0.126,0.210,25.043,498003
1782536494526,0,0,0.000,6.541,6.524,0.188,0.126,0.333,24.957,498036
1782536494557,0,0,0.000,6.549,6.533,0.157,0.157,0.231,24.957,498069
1782536494592,0,0,0.000,6.549,6.524,0.188,0.157,0.231,24.957,498102
1782536494624,0,0,0.000,6.541,6.541,0.188,0.126,0.226,25.043,498135
1782536494658,0,0,0.000,6.549,6.533,0.157,0.094,0.204,25.043,498168
1782536494690,0,0,0.000,6.549,6.524,0.220,0.188,0.215,25.043,498201
1782536494725,0,0,0.012,6.541,6.533,0.188,0.157,0.237,25.043,498234
1782536494757,0,0,0.000,6.549,6.541,0.188,0.157,0.226,24.957,498267
1782536494820,0,0,0.006,6.533,6.541,0.188,0.157,0.220,25.043,498300
1782536494843,0,0,0.000,6.541,6.524,0.188,0.157,0.323,25.043,498333
1782536494889,0,0,0.000,6.533,6.533,0.126,0.126,0.210,25.043,498366
1782536494898,0,0,0.006,6.533,6.533,0.188,0.157,0.204,25.043,498399
1782536494923,0,0,0.006,6.533,6.533,0.157,0.157,0.323,25.043,498432
1782536494956,0,0,0.012,6.541,6.533,0.188,0.157,0.237,25.043,498465
1782536494990,0,0,0.000,6.533,6.533,0.188,0.157,0.215,24.957,498498
1782536495026,0,0,0.000,6.541,6.541,0.157,0.157,0.220,24.957,498531
1782536495056,0,0,0.000,6.541,6.541,0.188,0.126,0.204,25.043,498564
1782536495089,0,0,0.000,6.557,6.533,0.188,0.251,0.210,24.957,498597
1782536495124,0,0,0.000,6.533,6.533,0.157,0.157,0.274,25.043,498630
1782536495155,0,0,0.000,6.533,6.524,0.126,0.188,0.349,25.043,498663
1782536495199,0,0,0.000,6.541,6.533,0.188,0.157,0.215,25.043,498696
1782536495231,0,0,0.000,6.549,6.541,0.188,0.157,0.226,25.043,498729
1782536495255,0,0,0.000,6.541,6.533,0.157,0.157,0.204,25.043,498762
1782536495298,0,0,0.000,6.549,6.524,0.188,0.157,0.226,25.043,498795
1782536495330,0,0,0.000,6.541,6.533,0.188,0.188,0.226,25.043,498828
1782536495363,0,0,0.000,6.541,6.524,0.188,0.157,0.333,25.043,498861
1782536495406,0,0,0.000,6.541,6.533,0.188,0.157,0.231,25.043,498894
1782536495430,0,0,0.000,6.541,6.541,0.188,0.188,0.215,25.129,498927
1782536495462,0,0,0.000,6.533,6.524,0.188,0.157,0.226,25.043,498960
1782536495495,0,0,0.000,6.541,6.533,0.188,0.157,0.215,25.043,498993
1782536495539,0,0,0.000,6.541,6.524,0.188,0.157,0.204,25.043,499026
1782536495561,0,0,0.006,6.541,6.541,0.188,0.157,0.220,25.043,499059
1782536495594,0,0,0.000,6.541,6.533,0.188,0.157,0.210,25.043,499092
1782536495631,0,0,0.000,6.541,6.533,0.157,0.157,0.215,25.043,499125
1782536495670,0,0,0.000,6.541,6.541,0.188,0.157,0.226,25.043,499158
1782536495695,0,0,0.000,6.524,6.533,0.157,0.126,0.344,25.043,499191
1782536495727,0,0,0.006,6.541,6.524,0.188,0.126,0.204,25.043,499224
1782536495765,0,0,0.000,6.533,6.541,0.188,0.157,0.204,25.043,499257
1782536495795,0,0,0.000,6.541,6.533,0.157,0.188,0.210,25.043,499290
1782536495833,0,0,0.000,6.541,6.533,0.157,0.157,0.226,25.043,499323
1782536495858,0,0,0.000,6.557,6.533,0.188,0.157,0.204,25.043,499356
1782536495899,0,0,0.000,6.533,6.533,0.188,0.157,0.210,25.043,499389
1782536495933,0,0,0.000,6.541,6.533,0.188,0.157,0.269,25.043,499422
1782536495959,0,0,0.000,6.533,6.533,0.157,0.157,0.204,25.043,499455
1782536495990,0,0,0.000,6.533,6.541,0.188,0.157,0.220,25.129,499488
1782536496025,0,0,0.000,6.533,6.524,0.188,0.126,0.317,25.043,499521
1782536496057,0,0,0.000,6.549,6.533,0.188,0.157,0.204,25.129,499554
1782536496094,0,0,0.000,6.549,6.557,0.220,0.126,0.220,25.043,499587
1782536496122,0,0,0.000,6.541,6.524,0.188,0.157,0.301,25.043,499620
1782536496164,0,0,0.000,6.541,6.533,0.188,0.126,0.215,25.043,499653
1782536496188,0,0,0.000,6.524,6.533,0.188,0.220,0.220,24.957,499686
1782536496221,0,0,0.000,6.541,6.533,0.188,0.126,0.215,25.043,499719
1782536496255,0,0,0.000,6.533,6.524,0.188,0.188,0.317,25.043,499752
1782536496288,0,0,0.000,6.541,6.533,0.188,0.126,0.210,25.043,499785
1782536496320,0,0,0.000,6.549,6.533,0.188,0.157,0.323,24.957,499818
1782536496367,0,0,0.000,6.541,6.533,0.188,0.188,0.210,25.043,499851
1782536496386,0,0,0.000,6.533,6.533,0.188,0.157,0.349,25.043,499884
1782536496443,0,0,0.000,6.541,6.524,0.188,0.157,0.263,25.043,499917
1782536496469,0,0,0.000,6.524,6.549,0.188,0.157,0.290,25.043,499950
1782536496494,0,0,0.000,6.541,6.533,0.188,0.157,0.210,25.129,499983
1782536496518,0,0,0.000,6.549,6.533,0.157,0.157,0.204,25.043,500016
1782536496559,0,0,0.000,6.541,6.533,0.188,0.126,0.296,25.043,500049
1782536496585,0,0,0.000,6.549,6.524,0.157,0.157,0.290,25.043,500082
1782536496619,0,0,0.000,6.541,6.541,0.220,0.157,0.204,25.043,500115
1782536496657,0,0,0.000,6.533,6.533,0.188,0.157,0.280,25.043,500148
1782536496686,0,0,0.000,6.541,6.524,0.157,0.157,0.210,25.043,500181
1782536496722,0,0,0.006,6.533,6.533,0.157,0.157,0.204,25.043,500214
1782536496758,0,0,0.000,6.541,6.533,0.188,0.157,0.242,25.043,500247
1782536496788,0,0,0.006,6.541,6.524,0.188,0.157,0.339,25.043,500280
1782536496819,0,0,0.000,6.524,6.549,0.188,0.126,0.199,25.043,500313
1782536496852,0,0,0.000,6.524,6.533,0.157,0.126,0.237,24.957,500346
1782536496890,0,0,0.000,6.516,6.533,0.157,0.094,0.306,25.043,500379
1782536496921,0,0,0.000,6.541,6.557,0.188,0.157,0.215,25.043,500412
1782536496951,0,0,0.000,6.533,6.533,0.126,0.157,0.339,24.957,500445
1782536496985,0,0,0.006,6.541,6.533,0.188,0.157,0.220,25.043,500478
1782536497018,0,0,0.000,6.533,6.533,0.157,0.157,0.339,25.043,500511
1782536497059,0,0,0.000,6.524,6.533,0.157,0.157,0.285,25.043,500544
1782536497084,0,0,0.000,6.541,6.533,0.188,0.126,0.371,25.043,500577
1782536497117,0,0,0.000,6.541,6.533,0.126,0.157,0.247,25.043,500610
1782536497151,0,0,0.000,6.524,6.533,0.188,0.126,0.323,25.043,500643
1782536497184,0,0,0.000,6.549,6.533,0.157,0.188,0.215,25.043,500676
1782536497217,0,0,0.000,6.524,6.516,0.188,0.157,0.452,25.043,500709
1782536497253,0,0,0.000,6.541,6.533,0.126,0.157,0.226,25.129,500742
1782536497284,0,0,0.000,6.549,6.516,0.157,0.157,0.312,25.043,500775
1782536497317,0,0,0.006,6.541,6.533,0.157,0.157,0.247,25.043,500808
1782536497357,0,0,0.000,6.541,6.541,0.188,0.188,0.210,25.043,500841
1782536497384,0,0,0.000,6.541,6.541,0.188,0.126,0.215,25.043,500874
1782536497416,0,0,0.000,6.549,6.541,0.188,0.188,0.220,25.043,500907
1782536497451,0,0,0.000,6.541,6.533,0.188,0.126,0.237,25.043,500940
1782536497487,0,0,0.006,6.541,6.541,0.157,0.157,0.226,25.043,500973
1782536497516,0,0,0.006,6.541,6.533,0.188,0.157,0.204,25.043,501006
1782536497551,0,0,0.000,6.533,6.533,0.157,0.188,0.220,25.043,501039
1782536497583,0,0,0.000,6.541,6.524,0.188,0.126,0.210,25.043,501072
1782536497616,0,0,0.012,6.533,6.524,0.188,0.157,0.242,25.043,501105
1782536497650,0,0,0.000,6.541,6.549,0.188,0.157,0.237,25.043,501138
1782536497683,0,0,0.000,6.549,6.524,0.188,0.157,0.237,24.957,501171
1782536497716,0,0,0.000,6.549,6.533,0.188,0.157,0.215,25.043,501204
1782536497751,0,0,0.000,6.524,6.541,0.188,0.157,0.215,25.043,501237
1782536497782,0,0,0.000,6.541,6.533,0.188,0.188,0.220,25.043,501270
1782536497818,0,0,0.000,6.541,6.541,0.188,0.126,0.220,25.043,501303
1782536497852,0,0,0.000,6.549,6.524,0.157,0.188,0.220,25.043,501336
1782536497883,0,0,0.000,6.541,6.533,0.188,0.188,0.237,25.043,501369
1782536497916,0,0,0.006,6.541,6.541,0.126,0.157,0.199,25.043,501402
1782536497948,0,0,0.000,6.541,6.533,0.126,0.157,0.231,25.043,501435
1782536497982,0,0,0.000,6.533,6.541,0.188,0.157,0.231,25.043,501468
1782536498017,0,0,0.000,6.541,6.541,0.188,0.157,0.220,25.043,501501
1782536498056,0,0,0.000,6.541,6.533,0.188,0.126,0.226,25.043,501534
1782536498082,0,0,0.000,6.541,6.533,0.126,0.157,0.403,25.043,501567
1782536498117,0,0,0.000,6.541,6.533,0.188,0.188,0.210,25.043,501600
1782536498150,0,0,0.000,6.549,6.533,0.188,0.157,0.220,25.043,501633
1782536498181,0,0,0.000,6.524,6.533,0.188,0.126,0.349,25.129,501666
1782536498221,0,0,0.000,6.541,6.524,0.188,0.157,0.220,25.043,501699
1782536498256,0,0,0.006,6.533,6.541,0.188,0.157,0.247,24.957,501732
1782536498282,0,0,0.000,6.533,6.533,0.220,0.188,0.237,24.957,501765
1782536498323,0,0,0.000,6.533,6.541,0.188,0.126,0.204,25.043,501798
1782536498347,0,0,0.000,6.533,6.533,0.188,0.157,0.215,25.043,501831
1782536498382,0,0,0.000,6.541,6.541,0.188,0.157,0.242,25.043,501864
1782536498414,0,0,0.006,6.549,6.533,0.220,0.157,0.215,25.043,501897
1782536498449,0,0,0.006,6.557,6.524,0.188,0.157,0.237,24.957,501930
1782536498481,0,0,0.000,6.541,6.533,0.220,0.157,0.226,25.043,501963
1782536498515,0,0,0.006,6.549,6.533,0.157,0.157,0.210,25.043,501996
1782536498548,0,0,0.000,6.541,6.533,0.188,0.157,0.220,25.043,502029
1782536498581,0,0,0.000,6.533,6.524,0.188,0.157,0.323,25.043,502062
1782536498614,0,0,0.000,6.533,6.524,0.188,0.157,0.231,25.043,502095
1782536498647,0,0,0.000,6.533,6.533,0.188,0.157,0.306,25.043,502128
1782536498680,0,0,0.000,6.541,6.533,0.188,0.157,0.247,25.129,502161
1782536498716,0,0,0.000,6.541,6.524,0.157,0.157,0.237,25.043,502194
1782536498747,0,0,0.000,6.541,6.541,0.188,0.157,0.215,25.043,502227
1782536498782,0,0,0.006,6.533,6.541,0.188,0.157,0.215,25.043,502260
1782536498814,0,0,0.006,6.549,6.541,0.220,0.126,0.210,25.043,502293
1782536498847,0,0,0.006,6.549,6.541,0.188,0.188,0.220,25.043,502326
1782536498881,0,0,0.000,6.549,6.533,0.188,0.157,0.210,25.043,502359
1782536498914,0,0,0.000,6.549,6.533,0.188,0.126,0.242,25.043,502392
1782536498947,0,0,0.000,6.549,6.541,0.188,0.157,0.215,25.043,502425
1782536498980,0,0,0.000,6.557,6.524,0.220,0.126,0.220,24.957,502458
1782536499012,0,0,0.000,6.533,6.533,0.188,0.126,0.231,25.043,502491
1782536499053,0,0,0.000,6.541,6.533,0.188,0.157,0.226,25.043,502524
1782536499079,0,0,0.006,6.533,6.541,0.220,0.188,0.220,25.043,502557
1782536499113,0,0,0.000,6.541,6.533,0.188,0.157,0.220,25.043,502590
1782536499146,0,0,0.000,6.541,6.541,0.188,0.157,0.226,25.043,502623
1782536499179,0,0,0.000,6.557,6.541,0.188,0.157,0.242,25.043,502656
1782536499217,0,0,0.006,6.549,6.541,0.188,0.188,0.220,25.129,502689
1782536499246,0,0,0.000,6.541,6.533,0.126,0.157,0.231,25.043,502722
1782536499280,0,0,0.000,6.541,6.541,0.220,0.157,0.231,25.043,502755
1782536499314,0,0,0.006,6.541,6.533,0.188,0.188,0.210,25.043,502788
1782536499348,0,0,0.000,6.541,6.541,0.220,0.157,0.226,25.043,502821
1782536499381,0,0,0.000,6.541,6.533,0.188,0.188,0.226,25.043,502854
1782536499414,0,0,0.000,6.541,6.541,0.188,0.157,0.237,25.043,502887
1782536499446,0,0,0.000,6.524,6.533,0.188,0.220,0.226,25.043,502920
1782536499481,0,0,0.000,6.541,6.541,0.188,0.157,0.231,25.043,502953
1782536499512,0,0,0.000,6.533,6.524,0.188,0.157,0.215,25.129,502986
1782536499547,0,0,0.006,6.533,6.541,0.188,0.157,0.220,25.043,503019
1782536499587,0,0,0.000,6.541,6.541,0.188,0.157,0.242,25.043,503052
1782536499625,0,0,0.000,6.549,6.541,0.220,0.157,0.210,25.043,503085
1782536499669,0,0,0.000,6.533,6.533,0.188,0.157,0.237,25.043,503118
1782536499742,0,0,0.000,6.541,6.541,0.188,0.157,0.210,25.043,503151
1782536499743,0,0,0.000,6.533,6.541,0.188,0.188,0.215,25.043,503184
1782536499785,0,0,0.000,6.541,6.541,0.220,0.126,0.215,25.043,503217
1782536499796,0,0,0.000,6.549,6.533,0.188,0.157,0.220,25.043,503250
1782536499818,0,0,0.000,6.533,6.524,0.188,0.157,0.366,25.043,503283
1782536499852,0,0,0.000,6.541,6.549,0.157,0.157,0.231,25.043,503316
1782536499884,0,0,0.000,6.541,6.533,0.157,0.188,0.242,25.043,503349
1782536499917,0,0,0.000,6.549,6.533,0.220,0.157,0.210,25.129,503382
1782536499951,0,0,0.000,6.549,6.533,0.188,0.126,0.204,24.957,503415
1782536499985,0,0,0.000,6.549,6.541,0.188,0.188,0.215,25.043,503448
1782536500019,0,0,0.000,6.541,6.524,0.157,0.188,0.215,25.043,503481
1782536500050,0,0,0.000,6.549,6.524,0.157,0.157,0.215,24.957,503514
1782536500089,0,0,0.000,6.541,6.533,0.188,0.157,0.215,25.043,503547
1782536500117,0,0,0.000,6.533,6.533,0.188,0.157,0.344,25.129,503580
1782536500148,0,0,0.000,6.541,6.533,0.157,0.157,0.210,25.043,503613
1782536500184,0,0,0.000,6.549,6.533,0.157,0.126,0.220,24.957,503646
1782536500218,0,0,0.000,6.541,6.541,0.188,0.188,0.204,25.043,503679
1782536500247,0,0,0.000,6.533,6.533,0.126,0.188,0.242,25.043,503712
1782536500281,0,0,0.000,6.549,6.541,0.220,0.188,0.210,25.043,503745
1782536500321,0,0,0.006,6.524,6.533,0.188,0.188,0.263,25.043,503778
1782536500346,0,0,0.000,6.541,6.533,0.188,0.157,0.269,25.129,503811
1782536500379,0,0,0.000,6.541,6.557,0.157,0.126,0.199,25.043,503844
1782536500412,0,0,0.000,6.557,6.541,0.126,0.157,0.220,25.043,503877
1782536500446,0,0,0.006,6.541,6.549,0.220,0.157,0.204,25.129,503910
1782536500481,0,0,0.000,6.541,6.541,0.188,0.126,0.210,25.043,503943
1782536500511,0,0,0.000,6.541,6.541,0.220,0.094,0.220,25.043,503976
1782536500545,0,0,0.000,6.533,6.524,0.157,0.157,0.210,25.043,504009
1782536500578,0,0,0.000,6.541,6.533,0.188,0.126,0.323,25.043,504042
1782536500638,0,0,0.000,6.541,6.549,0.157,0.157,0.215,25.043,504075
1782536500647,0,0,0.000,6.524,6.533,0.188,0.157,0.274,25.043,504108
1782536500701,0,0,0.000,6.549,6.524,0.188,0.157,0.215,25.043,504141
1782536500721,0,0,0.000,6.533,6.524,0.157,0.157,0.441,25.043,504174
1782536500755,0,0,0.012,6.533,6.549,0.188,0.157,0.220,25.043,504207
1782536500778,0,0,0.000,6.524,6.533,0.188,0.157,0.242,25.043,504240
1782536500808,0,0,0.000,6.541,6.549,0.126,0.126,0.258,25.043,504273
1782536500842,0,0,0.000,6.541,6.541,0.157,0.188,0.220,25.043,504306
1782536500878,0,0,0.000,6.533,6.541,0.188,0.157,0.274,25.043,504339
1782536500908,0,0,0.000,6.557,6.533,0.157,0.126,0.220,24.957,504372
1782536500942,0,0,0.000,6.541,6.533,0.188,0.126,0.366,25.043,504405
1782536500975,0,0,0.000,6.541,6.541,0.188,0.157,0.204,25.043,504438
1782536501017,0,0,0.000,6.541,6.533,0.188,0.188,0.220,25.043,504471
1782536501041,0,0,0.000,6.541,6.533,0.157,0.126,0.204,24.957,504504
1782536501075,0,0,0.000,6.533,6.524,0.188,0.157,0.306,25.043,504537
1782536501109,0,0,0.006,6.557,6.541,0.188,0.126,0.204,25.043,504570
1782536501142,0,0,0.000,6.541,6.541,0.188,0.157,0.210,25.043,504603
1782536501175,0,0,0.000,6.533,6.541,0.188,0.157,0.306,25.043,504636
1782536501207,0,0,0.000,6.549,6.541,0.126,0.094,0.204,25.043,504669
1782536501241,0,0,0.006,6.541,6.541,0.220,0.188,0.215,25.043,504702
1782536501274,0,0,0.000,6.557,6.533,0.188,0.188,0.204,24.957,504735
1782536501308,0,0,0.000,6.533,6.533,0.157,0.157,0.355,25.043,504768
1782536501369,0,0,0.000,6.541,6.541,0.188,0.157,0.215,24.957,504801
1782536501388,0,0,0.006,6.541,6.533,0.188,0.157,0.317,24.957,504834
1782536501409,0,0,0.006,6.541,6.533,0.188,0.157,0.215,24.957,504867
1782536501440,0,0,0.000,6.549,6.533,0.188,0.157,0.269,25.043,504900
1782536501473,0,0,0.000,6.541,6.541,0.188,0.188,0.210,25.043,504933
1782536501506,0,0,0.000,6.533,6.557,0.188,0.157,0.242,25.129,504966
1782536501540,0,0,0.000,6.533,6.533,0.157,0.157,0.333,25.043,504999
1782536501574,0,0,0.006,6.541,6.541,0.188,0.157,0.317,25.043,505032
1782536501607,0,0,0.000,6.541,6.533,0.188,0.157,0.231,25.043,505065
1782536501641,0,0,0.000,6.541,6.541,0.251,0.188,0.226,24.957,505098
1782536501674,0,0,0.000,6.541,6.533,0.157,0.188,0.339,25.043,505131
1782536501711,0,0,0.000,6.541,6.541,0.188,0.188,0.210,25.043,505164
1782536501744,0,0,0.000,6.541,6.533,0.188,0.157,0.215,24.957,505197
1782536501775,0,0,0.012,6.541,6.541,0.188,0.157,0.220,25.043,505230
1782536501807,0,0,0.000,6.533,6.524,0.220,0.157,0.306,25.043,505263
1782536501841,0,0,0.012,6.533,6.541,0.188,0.126,0.220,25.043,505296
1782536501877,0,0,0.006,6.541,6.524,0.188,0.157,0.237,25.129,505329
1782536501909,0,0,0.000,6.541,6.533,0.157,0.157,0.263,25.043,505362
1782536501940,0,0,0.000,6.541,6.541,0.220,0.188,0.215,24.957,505395
1782536501972,0,0,0.006,6.541,6.549,0.188,0.188,0.215,25.043,505428
1782536502011,0,0,0.000,6.541,6.549,0.157,0.157,0.226,25.129,505461
1782536502041,0,0,0.000,6.549,6.549,0.188,0.157,0.215,25.043,505494
1782536502073,0,0,0.006,6.533,6.533,0.157,0.188,0.392,25.043,505527
1782536502109,0,0,0.000,6.541,6.541,0.220,0.126,0.220,25.043,505560
1782536502140,0,0,0.006,6.541,6.541,0.157,0.157,0.226,25.043,505593
1782536502172,0,0,0.006,6.533,6.549,0.188,0.126,0.226,25.043,505626
1782536502206,0,0,0.000,6.541,6.541,0.188,0.188,0.242,25.043,505659
1782536502239,0,0,0.000,6.549,6.549,0.188,0.157,0.204,25.043,505692
1782536502272,0,0,0.000,6.541,6.533,0.188,0.157,0.237,25.043,505725
1782536502305,0,0,0.006,6.549,6.533,0.188,0.188,0.215,25.129,505758
1782536502342,0,0,0.000,6.541,6.541,0.188,0.126,0.210,25.129,505791
1782536502371,0,0,0.000,6.541,6.533,0.188,0.157,0.215,25.043,505824
1782536502405,0,0,0.000,6.557,6.524,0.188,0.157,0.237,25.129,505857
1782536502439,30,30,0.000,6.541,6.541,0.188,0.157,0.226,25.043,505890
1782536502471,60,60,0.006,6.541,6.541,0.157,0.188,0.231,25.129,505923
1782536502504,75,75,0.000,6.549,6.541,0.126,0.188,0.215,25.043,505956
1782536502543,105,105,0.006,6.541,6.533,0.220,0.157,0.215,25.043,505989
1782536502571,135,135,0.000,6.541,6.533,0.157,0.188,0.231,24.957,506022
1782536502606,150,150,0.000,6.541,6.524,0.188,0.188,0.258,25.043,506055
1782536502637,180,180,0.012,6.516,6.533,0.282,0.220,0.226,25.043,506088
1782536502690,225,225,0.000,6.499,6.499,0.565,0.314,0.215,25.043,506121
1782536502714,240,240,0.006,6.408,6.375,1.349,0.659,0.226,25.043,506154
1782536502740,255,255,0.000,6.442,6.425,0.816,0.628,0.349,25.043,506187
1782536502772,285,285,0.000,6.408,6.408,0.847,0.784,0.355,25.043,506220
1782536502804,300,300,0.000,6.375,6.367,1.381,0.847,0.231,25.043,506253
1782536502837,295,295,0.000,6.408,6.392,1.130,0.659,0.220,25.129,506286
1782536502881,255,255,0.000,6.392,6.392,1.130,0.659,0.247,25.043,506319
1782536502906,235,235,0.000,6.334,6.309,1.569,1.004,0.258,24.957,506352
1782536502937,195,195,0.000,6.425,6.425,0.941,0.533,0.220,24.957,506385
1782536502970,155,155,0.000,6.475,6.483,0.408,0.251,0.452,25.043,506418
1782536503004,120,150,0.000,6.508,6.491,0.314,0.220,0.215,25.043,506451
1782536503048,50,140,0.000,6.499,6.499,0.314,0.188,0.215,25.043,506484
1782536503070,-20,130,0.000,6.524,6.524,0.220,0.188,0.210,25.043,506517
1782536503106,-20,160,0.000,6.524,6.524,0.220,0.157,0.215,25.043,506550
1782536503138,-20,220,0.000,6.524,6.516,0.220,0.188,0.215,25.043,506583
1782536503201,-20,310,0.000,6.491,6.483,0.690,0.126,0.237,25.043,506616
1782536503248,-20,370,0.000,6.442,6.433,1.318,0.188,0.253,25.043,506649
1782536503250,-20,370,0.000,6.359,6.334,2.259,0.220,0.231,25.043,506682
1782536503271,-20,430,0.006,6.359,6.342,2.385,0.220,0.210,25.043,506715
1782536503303,-20,460,0.006,6.350,6.342,2.385,0.220,0.237,25.129,506748
1782536503342,-20,450,0.000,6.367,6.342,2.416,0.220,0.226,25.043,506781
1782536503375,-20,370,0.012,6.292,6.268,3.138,0.220,0.247,25.043,506814
1782536503404,-20,330,0.000,6.243,6.226,3.514,0.282,0.323,25.043,506847
1782536503435,-20,250,0.006,6.359,6.342,2.134,0.220,0.215,25.043,506880
1782536503468,-20,210,0.000,6.433,6.408,1.349,0.220,0.220,25.043,506913
1782536503502,-20,130,0.006,6.483,6.475,0.439,0.126,0.210,25.043,506946
1782536503536,-20,50,0.000,6.475,6.475,0.533,0.188,0.215,25.043,506979
1782536503568,-15,15,0.000,6.524,6.524,0.126,0.188,0.263,25.043,507012
1782536503602,0,0,0.006,6.516,6.516,0.188,0.157,0.215,25.043,507045
1782536503636,0,0,0.000,6.524,6.516,0.188,0.188,0.226,25.043,507078
1782536503668,0,0,0.000,6.524,6.508,0.157,0.188,0.210,25.043,507111
1782536503702,0,0,0.000,6.524,6.524,0.188,0.188,0.253,25.043,507144
1782536503737,0,0,0.006,6.541,6.516,0.188,0.157,0.237,24.957,507177
1782536503770,0,0,0.000,6.524,6.524,0.188,0.126,0.215,25.043,507210
1782536503801,0,0,0.000,6.533,6.516,0.188,0.157,0.242,25.043,507243
1782536503834,15,-15,0.000,6.524,6.524,0.188,0.126,0.237,25.043,507276
1782536503870,30,-30,0.000,6.524,6.524,0.188,0.157,0.215,25.129,507309
1782536503902,60,-60,0.000,6.516,6.533,0.157,0.157,0.215,25.043,507342
1782536503976,120,-120,0.000,6.524,6.524,0.126,0.157,0.220,25.043,507375
1782536503978,120,-120,0.000,6.524,6.524,0.188,0.126,0.204,24.957,507408
1782536504016,150,-150,0.006,6.533,6.524,0.157,0.188,0.258,25.043,507441
1782536504045,165,-165,0.000,6.533,6.516,0.188,0.157,0.220,25.043,507474
1782536504075,195,-195,0.000,6.524,6.508,0.157,0.188,0.210,25.043,507507
1782536504115,225,-225,0.000,6.466,6.466,0.628,0.377,0.237,25.043,507540
1782536504141,240,-240,0.000,6.483,6.475,0.314,0.408,0.312,25.043,507573
1782536504175,270,-270,0.000,6.392,6.375,1.130,0.816,0.231,25.043,507606
1782536504207,285,-285,0.000,6.367,6.334,1.381,1.035,0.247,25.043,507639
1782536504241,315,-315,0.000,6.400,6.384,1.035,0.753,0.231,25.043,507672
1782536504275,345,-345,0.000,6.350,6.334,1.349,1.035,0.226,25.043,507705
1782536504306,360,-360,0.012,6.292,6.259,2.071,1.349,0.204,25.043,507738
1782536504354,300,-300,0.000,6.326,6.309,1.506,1.130,0.220,25.043,507771
1782536504383,280,-280,0.006,6.268,6.235,2.134,1.506,0.215,25.043,507804
1782536504414,240,-240,0.000,6.309,6.276,1.443,1.537,0.220,25.043,507837
1782536504438,220,-220,0.000,6.359,6.342,1.130,1.004,0.360,25.043,507870
1782536504482,180,-180,0.006,6.433,6.417,0.659,0.596,0.215,25.043,507903
1782536504504,160,-160,0.000,6.450,6.433,0.502,0.408,0.371,25.043,507936
1782536504539,120,-120,0.000,6.466,6.466,0.377,0.377,0.220,25.043,507969
1782536504574,80,-80,0.000,6.508,6.483,0.251,0.251,0.263,25.043,508002
1782536504615,40,-40,0.000,6.508,6.508,0.188,0.220,0.237,25.043,508035
1782536504637,20,-20,0.000,6.516,6.516,0.220,0.188,0.220,25.043,508068
1782536504681,0,0,0.000,6.516,6.508,0.188,0.126,0.323,24.957,508101
1782536504704,0,0,0.000,6.524,6.524,0.157,0.157,0.215,25.043,508134
1782536504735,15,15,0.000,6.524,6.516,0.188,0.126,0.210,25.043,508167
1782536504775,45,45,0.000,6.508,6.508,0.157,0.157,0.435,25.043,508200
1782536504829,75,75,0.006,6.524,6.524,0.188,0.157,0.199,25.043,508233
1782536504852,90,90,0.000,6.524,6.524,0.188,0.188,0.210,25.043,508266
1782536504869,105,105,0.000,6.524,6.524,0.220,0.188,0.210,25.043,508299
1782536504912,135,135,0.006,6.524,6.516,0.126,0.157,0.226,25.043,508332
1782536504941,165,165,0.000,6.524,6.516,0.188,0.157,0.215,25.043,508365
1782536504969,180,180,0.000,6.508,6.508,0.188,0.188,0.215,25.043,508398
1782536505001,210,210,0.000,6.442,6.425,0.628,0.659,0.226,25.043,508431
1782536505032,225,225,0.000,6.466,6.442,0.314,0.628,0.398,25.043,508464
1782536505074,270,270,0.000,6.425,6.417,0.690,0.753,0.290,25.043,508497
1782536505098,285,285,0.006,6.392,6.375,0.910,0.973,0.360,25.043,508530
1782536505132,300,300,0.000,6.384,6.367,1.161,0.941,0.269,25.043,508563
1782536505165,330,330,0.006,6.359,6.359,1.130,0.879,0.323,25.043,508596
1782536505202,375,345,0.000,6.384,6.359,1.224,0.941,0.226,25.043,508629
1782536505232,405,345,0.000,6.350,6.326,1.443,0.941,0.226,25.043,508662
1782536505264,465,345,0.000,6.301,6.284,1.726,1.098,0.226,25.043,508695
1782536505297,490,310,0.000,6.243,6.218,1.412,2.447,0.349,25.043,508728
1782536505332,485,275,0.006,6.251,6.226,1.537,1.977,0.204,25.043,508761
1782536505365,440,240,0.000,6.210,6.177,1.381,2.636,0.226,25.043,508794
1782536505398,360,240,0.000,6.292,6.268,0.596,2.134,0.473,25.129,508827
1782536505430,320,240,0.000,6.359,6.334,0.314,2.071,0.210,25.043,508860
1782536505465,240,240,0.006,6.425,6.417,0.377,0.816,0.215,25.043,508893
1782536505499,200,200,0.006,6.450,6.442,0.408,0.533,0.306,25.043,508926
1782536505531,180,180,0.000,6.466,6.458,0.439,0.345,0.215,25.043,508959
1782536505572,140,140,0.000,6.491,6.475,0.314,0.314,0.204,25.043,508992
1782536505598,100,100,0.000,6.483,6.483,0.220,0.188,0.301,25.043,509025
1782536505637,60,60,0.000,6.499,6.508,0.251,0.188,0.269,25.043,509058
1782536505665,40,40,0.006,6.516,6.491,0.188,0.157,0.328,25.129,509091
1782536505698,0,0,0.000,6.508,6.499,0.188,0.157,0.306,25.129,509124
1782536505729,15,-15,0.000,6.499,6.499,0.188,0.157,0.360,25.129,509157
1782536505763,60,-30,0.000,6.524,6.508,0.188,0.157,0.231,25.043,509190
1782536505801,120,-30,0.000,6.508,6.499,0.188,0.157,0.409,25.043,509223
1782536505831,150,-30,0.006,6.516,6.508,0.157,0.157,0.296,25.043,509256
1782536505862,210,-30,0.000,6.508,6.508,0.126,0.157,0.414,25.043,509289
1782536505901,270,-30,0.000,6.499,6.516,0.188,0.188,0.285,25.129,509322
1782536505933,300,-30,0.000,6.466,6.475,0.188,0.659,0.296,25.043,509355
1782536505967,360,-30,0.000,6.442,6.417,0.126,1.161,0.247,24.957,509388
1782536505996,420,-30,0.000,6.442,6.425,0.157,1.098,0.312,25.043,509421
1782536506031,450,-30,0.000,6.384,6.375,0.220,1.851,0.204,25.043,509454
1782536506062,500,-30,0.006,6.326,6.301,0.188,2.510,0.344,25.129,509487
1782536506095,500,-30,0.000,6.342,6.342,0.251,2.228,0.226,25.043,509520
1782536506130,500,-30,0.000,6.284,6.259,0.282,3.169,0.210,25.043,509553
1782536506161,500,-65,0.000,6.309,6.301,0.251,2.510,0.333,25.043,509586
1782536506197,475,-65,0.000,6.317,6.292,0.282,2.824,0.231,25.043,509619
1782536506229,435,-65,0.000,6.326,6.317,0.157,2.416,0.242,25.129,509652
1782536506262,355,-65,0.006,6.317,6.301,0.188,2.510,0.220,25.129,509685
1782536506296,275,-65,0.000,6.367,6.359,0.188,1.851,0.242,25.043,509718
1782536506329,235,-65,0.000,6.433,6.433,0.126,1.098,0.231,25.043,509751
1782536506363,155,-65,0.000,6.491,6.483,0.157,0.251,0.349,25.043,509784
1782536506395,115,-65,0.000,6.491,6.483,0.220,0.282,0.215,25.043,509817
1782536506428,50,-50,0.000,6.508,6.499,0.157,0.188,0.220,25.043,509850
1782536506464,10,-10,0.006,6.516,6.508,0.251,0.126,0.210,25.043,509883
1782536506495,0,0,0.000,6.516,6.508,0.157,0.157,0.226,25.129,509916
1782536506528,0,0,0.000,6.508,6.508,0.188,0.188,0.210,25.043,509949
1782536506561,0,0,0.000,6.516,6.508,0.188,0.157,0.204,25.129,509982
1782536506594,0,0,0.000,6.516,6.508,0.188,0.188,0.204,24.957,510015
1782536506628,0,0,0.000,6.508,6.499,0.220,0.188,0.339,25.043,510048
1782536506661,15,15,0.006,6.516,6.516,0.126,0.157,0.204,25.129,510081
1782536506695,30,30,0.006,6.524,6.508,0.188,0.157,0.231,24.957,510114
1782536506727,60,60,0.000,6.516,6.508,0.188,0.157,0.210,25.043,510147
1782536506760,90,90,0.000,6.508,6.508,0.188,0.157,0.312,25.043,510180
1782536506795,105,105,0.000,6.516,6.516,0.157,0.188,0.231,25.043,510213
1782536506827,135,135,0.006,6.524,6.499,0.188,0.157,0.220,25.043,510246
1782536506861,165,165,0.000,6.516,6.508,0.220,0.188,0.231,25.043,510279
1782536506895,180,180,0.006,6.475,6.483,0.314,0.345,0.204,25.043,510312
1782536506927,210,210,0.000,6.442,6.425,0.659,0.439,0.312,25.043,510345
1782536506960,240,240,0.000,6.425,6.408,0.910,0.502,0.199,25.043,510378
1782536506994,255,255,0.000,6.425,6.417,0.722,0.502,0.210,25.043,510411
1782536507029,285,285,0.000,6.384,6.359,1.192,0.784,0.210,25.043,510444
1782536507061,315,315,0.000,6.375,6.359,1.192,0.847,0.199,25.043,510477
1782536507094,330,330,0.000,6.400,6.375,1.004,0.816,0.237,25.043,510510
1782536507130,360,360,0.000,6.342,6.326,1.443,0.847,0.344,25.129,510543
1782536507162,420,360,0.000,6.276,6.243,2.510,1.192,0.220,25.129,510576
1782536507199,480,360,0.000,6.301,6.284,1.694,1.161,0.349,25.043,510609
1782536507232,500,360,0.000,6.268,6.235,1.757,1.569,0.220,25.043,510642
1782536507259,500,325,0.012,6.218,6.185,1.757,2.416,0.237,25.043,510675
1782536507293,495,325,0.000,6.226,6.201,1.537,2.447,0.220,25.043,510708
1782536507336,415,325,0.012,6.226,6.193,1.349,2.447,0.204,25.043,510741
1782536507360,335,325,0.000,6.259,6.259,0.941,2.134,0.215,25.043,510774
1782536507392,310,310,0.000,6.317,6.301,0.910,1.569,0.355,25.043,510807
1782536507428,270,270,0.000,6.408,6.408,1.004,0.439,0.204,25.043,510840
1782536507459,230,230,0.000,6.450,6.442,0.565,0.251,0.199,24.957,510873
1782536507493,210,210,0.006,6.442,6.433,0.439,0.439,0.199,25.043,510906
1782536507527,170,170,0.000,6.475,6.458,0.314,0.314,0.199,25.043,510939
1782536507588,110,110,0.000,6.483,6.491,0.251,0.220,0.204,25.043,510972
1782536507622,85,55,0.000,6.483,6.466,0.220,0.220,0.344,25.043,511005
1782536507657,75,-15,0.000,6.499,6.491,0.188,0.188,0.204,25.043,511038
1782536507663,75,-15,0.000,6.508,6.499,0.188,0.157,0.210,25.043,511071
1782536507692,70,-50,0.000,6.508,6.499,0.188,0.188,0.199,25.043,511104
1782536507728,90,-90,0.000,6.508,6.491,0.188,0.157,0.237,25.043,511137
1782536507758,120,-120,0.000,6.508,6.508,0.188,0.188,0.204,25.043,511170
1782536507792,135,-135,0.000,6.508,6.499,0.188,0.157,0.220,25.043,511203
1782536507829,165,-165,0.000,6.516,6.499,0.188,0.157,0.215,25.043,511236
1782536507858,195,-195,0.000,6.491,6.483,0.220,0.282,0.204,25.043,511269
1782536507913,225,-225,0.000,6.442,6.442,0.690,0.314,0.237,25.129,511302
1782536507956,185,-185,0.000,6.458,6.442,0.377,0.533,0.204,25.043,511335
1782536507963,165,-165,0.006,6.392,6.384,1.130,0.753,0.215,25.129,511368
1782536507991,145,-145,0.006,6.392,6.384,0.879,0.784,0.220,25.043,511401
1782536508026,135,-75,0.000,6.458,6.458,0.345,0.377,0.237,25.043,511434
1782536508059,125,-5,0.006,6.491,6.491,0.220,0.220,0.220,25.129,511467
1782536508091,120,30,0.000,6.508,6.499,0.126,0.220,0.220,25.043,511500
1782536508160,135,135,0.006,6.491,6.499,0.188,0.188,0.226,25.043,511533
1782536508161,135,135,0.000,6.483,6.491,0.188,0.188,0.306,25.129,511566
1782536508199,95,95,0.000,6.499,6.491,0.188,0.220,0.226,25.043,511599
1782536508224,75,75,0.006,6.483,6.475,0.282,0.314,0.215,25.043,511632
1782536508267,35,35,0.000,6.466,6.458,0.377,0.314,0.237,25.129,511665
1782536508300,0,0,0.000,6.516,6.499,0.188,0.126,0.231,25.043,511698
1782536508339,0,0,0.000,6.516,6.508,0.188,0.188,0.210,25.129,511731
1782536508365,15,-15,0.000,6.516,6.516,0.188,0.094,0.333,25.043,511764
1782536508404,45,-45,0.000,6.516,6.508,0.157,0.157,0.231,25.043,511797
1782536508434,60,-60,0.000,6.516,6.508,0.220,0.188,0.215,25.043,511830
1782536508464,90,-90,0.000,6.541,6.508,0.188,0.157,0.204,25.043,511863
1782536508497,105,-105,0.000,6.516,6.508,0.188,0.188,0.220,25.043,511896
1782536508531,135,-135,0.000,6.508,6.499,0.188,0.188,0.237,25.043,511929
1782536508565,165,-165,0.000,6.524,6.499,0.188,0.157,0.199,25.043,511962
1782536508598,180,-180,0.006,6.491,6.483,0.282,0.251,0.204,25.043,511995
1782536508629,210,-210,0.000,6.442,6.433,0.690,0.502,0.226,25.043,512028
1782536508666,205,-205,0.000,6.458,6.442,0.439,0.533,0.210,25.043,512061
1782536508698,185,-185,0.000,6.375,6.359,1.067,0.910,0.210,25.043,512094
1782536508730,145,-145,0.000,6.359,6.342,1.130,1.004,0.237,25.043,512127
1782536508765,105,-105,0.000,6.433,6.433,0.628,0.471,0.215,25.043,512160
1782536508794,85,-85,0.000,6.483,6.475,0.408,0.220,0.204,25.129,512193
1782536508849,25,-25,0.000,6.508,6.508,0.157,0.188,0.215,25.043,512226
1782536508861,5,-5,0.000,6.524,6.491,0.220,0.157,0.204,25.043,512259
1782536508893,0,0,0.000,6.524,6.508,0.188,0.157,0.220,25.043,512292
1782536508927,0,0,0.000,6.524,6.508,0.157,0.157,0.210,25.043,512325
1782536508961,0,0,0.000,6.516,6.508,0.188,0.157,0.204,25.043,512358
1782536508993,0,0,0.000,6.516,6.508,0.188,0.157,0.194,25.043,512391
1782536509026,30,30,0.000,6.508,6.508,0.188,0.157,0.296,25.129,512424
1782536509061,60,60,0.000,6.516,6.508,0.188,0.126,0.194,25.043,512457
1782536509097,75,75,0.000,6.516,6.533,0.188,0.157,0.204,25.129,512490
1782536509125,105,105,0.006,6.516,6.516,0.188,0.188,0.215,25.129,512523
1782536509157,120,120,0.006,6.516,6.508,0.188,0.157,0.204,25.043,512556
1782536509191,150,150,0.000,6.524,6.508,0.188,0.126,0.204,25.129,512589
1782536509224,180,180,0.000,6.491,6.491,0.345,0.220,0.301,25.043,512622
1782536509257,195,195,0.000,6.466,6.475,0.408,0.439,0.194,25.043,512655
1782536509293,225,225,0.000,6.475,6.458,0.345,0.439,0.210,25.129,512688
1782536509328,255,255,0.000,6.425,6.417,0.659,0.784,0.210,25.129,512721
1782536509356,285,255,0.000,6.400,6.384,0.879,0.753,0.215,25.129,512754
1782536509398,345,255,0.000,6.384,6.359,1.130,0.879,0.204,25.043,512787
1782536509421,405,255,0.000,6.367,6.350,0.816,1.098,0.317,25.129,512820
1782536509456,435,255,0.006,6.384,6.367,0.784,1.130,0.258,25.129,512853
1782536509489,460,290,0.000,6.301,6.276,0.690,2.196,0.446,25.043,512886
1782536509552,375,325,0.000,6.251,6.235,0.753,2.855,0.301,25.129,512919
1782536509556,375,325,0.006,6.276,6.251,0.628,2.416,0.376,25.215,512952
1782536509613,290,290,0.000,6.243,6.235,1.412,2.039,0.296,25.043,512985
1782536509624,270,270,0.000,6.350,6.342,1.130,0.784,0.312,25.043,513018
1782536509654,250,250,0.000,6.392,6.375,1.035,0.596,0.263,25.129,513051
1782536509692,210,210,0.000,6.384,6.375,1.130,0.596,0.258,25.043,513084
1782536509723,170,170,0.000,6.508,6.499,0.251,0.126,0.210,25.043,513117
1782536509763,160,100,0.006,6.466,6.458,0.314,0.314,0.280,25.129,513150
1782536509810,90,90,0.000,6.483,6.483,0.251,0.220,0.199,25.129,513183
1782536509825,70,70,0.000,6.508,6.508,0.157,0.188,0.204,25.129,513216
1782536509854,50,50,0.000,6.499,6.499,0.251,0.188,0.199,25.043,513249
1782536509888,10,10,0.000,6.508,6.508,0.220,0.188,0.220,25.043,513282
1782536509920,0,0,0.000,6.499,6.508,0.157,0.157,0.306,25.043,513315
1782536509956,0,0,0.000,6.499,6.508,0.157,0.157,0.215,25.043,513348
1782536509987,0,0,0.006,6.499,6.508,0.188,0.157,0.274,25.129,513381
1782536510021,15,-15,0.000,6.499,6.491,0.188,0.188,0.462,25.129,513414
1782536510054,30,-30,0.000,6.508,6.516,0.188,0.157,0.242,25.129,513447
1782536510086,60,-60,0.006,6.508,6.491,0.188,0.157,0.242,25.129,513480
1782536510120,75,-75,0.006,6.524,6.508,0.188,0.157,0.204,25.129,513513
1782536510155,105,-105,0.000,6.508,6.508,0.188,0.157,0.328,25.129,513546
1782536510186,135,-135,0.000,6.516,6.508,0.157,0.157,0.210,25.129,513579
1782536510219,150,-150,0.000,6.499,6.491,0.188,0.157,0.317,25.129,513612
1782536510252,180,-180,0.000,6.499,6.491,0.188,0.220,0.231,25.043,513645
1782536510286,210,-210,0.006,6.442,6.433,0.439,0.628,0.215,25.129,513678
1782536510326,240,-240,0.000,6.458,6.450,0.408,0.502,0.220,25.129,513711
1782536510353,255,-255,0.000,6.433,6.433,0.659,0.565,0.226,25.043,513744
1782536510386,285,-285,0.000,6.392,6.384,0.941,0.816,0.215,25.043,513777
1782536510420,300,-300,0.006,6.342,6.317,1.192,1.130,0.398,25.129,513810
1782536510463,240,-240,0.000,6.367,6.359,1.161,0.879,0.269,25.043,513843
1782536510486,220,-220,0.000,6.309,6.292,1.192,1.192,0.376,25.129,513876
1782536510519,200,-200,0.000,6.408,6.392,0.816,0.628,0.215,25.129,513909
1782536510552,160,-160,0.000,6.442,6.425,0.628,0.471,0.226,25.129,513942
1782536510585,120,-120,0.000,6.466,6.458,0.314,0.282,0.355,25.215,513975
1782536510621,100,-100,0.000,6.483,6.475,0.251,0.220,0.344,25.129,514008
1782536510653,60,-60,0.000,6.499,6.491,0.251,0.157,0.237,25.129,514041
1782536510686,20,-20,0.000,6.508,6.499,0.157,0.157,0.371,25.129,514074
1782536510718,0,0,0.000,6.508,6.499,0.157,0.188,0.237,25.129,514107
1782536510760,0,0,0.006,6.508,6.508,0.220,0.157,0.237,25.129,514140
1782536510784,0,0,0.012,6.508,6.499,0.220,0.126,0.247,25.129,514173
1782536510818,0,0,0.000,6.516,6.508,0.188,0.126,0.215,25.129,514206
1782536510852,0,0,0.000,6.508,6.508,0.188,0.157,0.226,25.129,514239
1782536510893,0,0,0.000,6.516,6.508,0.220,0.188,0.220,25.129,514272
1782536510944,0,0,0.000,6.516,6.508,0.157,0.157,0.301,25.129,514305
1782536510952,0,0,0.000,6.524,6.508,0.188,0.157,0.215,25.043,514338
1782536510984,0,0,0.000,6.508,6.508,0.188,0.157,0.355,25.129,514371
1782536511021,0,0,0.000,6.516,6.508,0.157,0.157,0.215,25.043,514404
1782536511053,0,0,0.000,6.508,6.508,0.188,0.157,0.344,25.129,514437
1782536511085,0,0,0.000,6.516,6.508,0.157,0.157,0.226,25.129,514470
1782536511124,30,30,0.006,6.516,6.508,0.188,0.157,0.226,25.129,514503
1782536511150,45,45,0.000,6.516,6.499,0.188,0.157,0.231,25.129,514536
1782536511191,75,75,0.006,6.524,6.508,0.157,0.157,0.237,25.129,514569
1782536511238,105,105,0.000,6.516,6.508,0.126,0.157,0.253,25.129,514602
1782536511260,120,120,0.000,6.508,6.524,0.188,0.157,0.226,25.129,514635
1782536511285,150,150,0.000,6.499,6.499,0.157,0.188,0.349,25.043,514668
1782536511318,165,165,0.000,6.508,6.499,0.251,0.220,0.215,25.129,514701
1782536511350,195,195,0.000,6.483,6.475,0.345,0.314,0.242,25.129,514734
1782536511405,240,240,0.006,6.458,6.442,0.377,0.628,0.220,25.129,514767
1782536511420,240,240,0.000,6.433,6.425,0.439,0.784,0.312,25.129,514800
1782536511451,270,270,0.000,6.408,6.392,0.628,0.941,0.210,25.129,514833
1782536511484,230,230,0.000,6.375,6.359,1.067,0.973,0.237,25.129,514866
1782536511516,210,210,0.000,6.367,6.342,1.098,1.004,0.333,25.043,514899
1782536511550,170,170,0.000,6.425,6.408,0.722,0.628,0.247,25.129,514932
1782536511583,130,130,0.000,6.491,6.458,0.439,0.282,0.231,25.129,514965
1782536511617,110,110,0.000,6.491,6.491,0.282,0.220,0.210,25.129,514998
1782536511651,70,70,0.000,6.508,6.499,0.188,0.188,0.210,25.043,515031
1782536511682,50,50,0.000,6.491,6.508,0.157,0.157,0.237,25.129,515064
1782536511717,10,10,0.000,6.516,6.508,0.251,0.157,0.220,25.129,515097
1782536511752,0,0,0.000,6.499,6.516,0.188,0.157,0.226,25.043,515130
1782536511783,0,0,0.000,6.516,6.508,0.188,0.157,0.215,25.129,515163
1782536511818,0,0,0.000,6.516,6.508,0.188,0.157,0.237,25.129,515196
1782536511850,0,0,0.000,6.516,6.508,0.188,0.157,0.258,25.129,515229
1782536511885,0,0,0.000,6.516,6.508,0.220,0.188,0.231,25.129,515262
1782536511917,0,0,0.000,6.524,6.508,0.188,0.157,0.226,25.129,515295
1782536511952,0,0,0.000,6.516,6.508,0.157,0.126,0.220,25.129,515328
1782536511983,0,0,0.000,6.533,6.508,0.188,0.126,0.242,25.043,515361
1782536512019,0,0,0.000,6.508,6.524,0.188,0.157,0.215,25.043,515394
1782536512050,0,0,0.000,6.524,6.516,0.188,0.188,0.215,25.043,515427
1782536512084,0,0,0.000,6.516,6.516,0.188,0.157,0.204,25.043,515460
1782536512122,0,0,0.000,6.524,6.524,0.188,0.157,0.231,25.129,515493
1782536512151,0,0,0.000,6.508,6.508,0.157,0.157,0.237,25.129,515526
1782536512186,0,0,0.006,6.516,6.516,0.188,0.157,0.226,25.043,515559
1782536512223,0,0,0.012,6.516,6.508,0.188,0.126,0.231,25.129,515592
1782536512268,0,0,0.006,6.524,6.508,0.188,0.157,0.210,25.129,515625
1782536512282,0,0,0.006,6.524,6.516,0.188,0.094,0.226,25.129,515658
1782536512327,0,0,0.000,6.516,6.508,0.188,0.157,0.226,25.129,515691
1782536512352,0,0,0.006,6.516,6.516,0.188,0.157,0.237,25.129,515724
1782536512384,0,0,0.000,6.533,6.516,0.188,0.157,0.204,25.129,515757
1782536512416,0,0,0.000,6.524,6.516,0.188,0.157,0.210,25.129,515790
1782536512459,0,0,0.000,6.524,6.508,0.188,0.157,0.237,25.043,515823
1782536512504,0,0,0.006,6.516,6.508,0.188,0.157,0.366,25.129,515856
1782536512526,0,0,0.000,6.516,6.508,0.188,0.157,0.237,25.129,515889
1782536512560,0,0,0.006,6.524,6.516,0.157,0.188,0.247,25.043,515922
1782536512590,0,0,0.000,6.524,6.516,0.188,0.188,0.220,25.129,515955
1782536512622,0,0,0.000,6.524,6.524,0.188,0.157,0.258,25.129,515988
1782536512662,0,0,0.000,6.516,6.516,0.188,0.126,0.204,25.129,516021
1782536512691,0,0,0.000,6.524,6.508,0.126,0.126,0.215,25.129,516054
1782536512723,0,0,0.006,6.524,6.516,0.188,0.157,0.220,25.129,516087
1782536512754,0,0,0.000,6.524,6.516,0.220,0.220,0.215,25.129,516120
1782536512799,0,0,0.000,6.524,6.516,0.188,0.126,0.253,25.043,516153
1782536512830,-15,-15,0.006,6.516,6.508,0.188,0.188,0.328,25.129,516186
1782536512865,-45,-45,0.000,6.533,6.524,0.157,0.126,0.226,25.043,516219
1782536512887,-60,-60,0.000,6.524,6.508,0.188,0.126,0.215,25.129,516252
1782536512921,-75,-75,0.000,6.516,6.516,0.188,0.157,0.204,25.129,516285
1782536512953,-105,-105,0.006,6.524,6.516,0.188,0.157,0.215,25.129,516318
1782536512986,-135,-135,0.000,6.524,6.516,0.126,0.126,0.215,25.129,516351
1782536513025,-165,-165,0.000,6.516,6.516,0.188,0.157,0.215,25.043,516384
1782536513072,-195,-195,0.000,6.516,6.524,0.220,0.188,0.220,25.129,516417
1782536513102,-210,-210,0.006,6.483,6.483,0.314,0.408,0.215,25.129,516450
1782536513120,-225,-225,0.000,6.466,6.466,0.282,0.565,0.226,25.129,516483
1782536513151,-255,-255,0.006,6.458,6.442,0.314,0.722,0.215,25.043,516516
1782536513183,-270,-270,0.000,6.384,6.375,1.004,1.067,0.220,25.129,516549
1782536513217,-300,-300,0.006,6.400,6.392,0.659,0.941,0.199,25.129,516582
1782536513250,-330,-330,0.000,6.367,6.367,1.161,0.879,0.220,25.129,516615
1782536513282,-345,-345,0.000,6.334,6.326,1.537,1.004,0.220,25.129,516648
1782536513315,-305,-305,0.000,6.342,6.309,1.381,1.004,0.468,25.129,516681
1782536513350,-265,-265,0.006,6.326,6.292,1.443,1.192,0.242,25.129,516714
1782536513381,-245,-245,0.000,6.400,6.392,0.816,0.596,0.194,25.129,516747
1782536513422,-205,-205,0.000,6.450,6.433,0.565,0.533,0.215,25.129,516780
1782536513460,-165,-165,0.000,6.491,6.475,0.282,0.282,0.301,25.043,516813
1782536513486,-125,-125,0.006,6.499,6.508,0.188,0.220,0.210,25.129,516846
1782536513513,-105,-105,0.000,6.499,6.499,0.251,0.220,0.237,25.129,516879
1782536513547,-65,-65,0.000,6.491,6.491,0.188,0.188,0.457,25.129,516912
1782536513583,-45,-45,0.000,6.524,6.516,0.157,0.188,0.210,25.043,516945
1782536513613,-5,-5,0.000,6.516,6.508,0.157,0.126,0.231,25.129,516978
1782536513647,0,0,0.000,6.508,6.516,0.188,0.157,0.312,25.129,517011
1782536513684,0,0,0.000,6.516,6.508,0.188,0.157,0.220,25.129,517044
1782536513718,0,0,0.000,6.516,6.508,0.188,0.126,0.226,25.129,517077
1782536513746,0,0,0.000,6.524,6.516,0.157,0.126,0.215,25.043,517110
1782536513779,0,0,0.000,6.508,6.508,0.188,0.126,0.371,25.043,517143
1782536513813,0,0,0.006,6.524,6.508,0.188,0.157,0.220,25.129,517176
1782536513846,0,0,0.000,6.524,6.508,0.188,0.126,0.215,25.129,517209
1782536513895,0,0,0.000,6.516,6.508,0.188,0.157,0.226,25.129,517242
1782536513912,0,0,0.000,6.524,6.516,0.188,0.157,0.210,25.129,517275
1782536513946,0,0,0.000,6.524,6.524,0.188,0.157,0.226,25.129,517308
1782536513978,0,0,0.000,6.499,6.491,0.188,0.188,0.328,25.129,517341
1782536514016,0,0,0.000,6.524,6.516,0.220,0.220,0.253,25.043,517374
1782536514044,0,0,0.000,6.533,6.516,0.188,0.188,0.220,25.043,517407
1782536514078,0,0,0.000,6.524,6.516,0.188,0.220,0.215,25.129,517440
1782536514111,0,0,0.000,6.508,6.508,0.188,0.126,0.446,25.129,517473
1782536514173,0,0,0.000,6.524,6.516,0.188,0.157,0.220,25.129,517506
1782536514223,0,0,0.000,6.533,6.516,0.188,0.157,0.215,25.129,517539
1782536514232,0,0,0.006,6.524,6.516,0.188,0.157,0.210,25.043,517572
1782536514245,0,0,0.006,6.524,6.508,0.188,0.188,0.317,25.129,517605
1782536514278,0,0,0.000,6.524,6.524,0.188,0.157,0.226,25.129,517638
1782536514311,0,0,0.006,6.516,6.516,0.188,0.157,0.204,25.043,517671
1782536514344,0,0,0.000,6.516,6.516,0.188,0.157,0.242,25.043,517704
1782536514378,0,0,0.000,6.524,6.516,0.220,0.126,0.237,25.129,517737
1782536514412,0,0,0.000,6.524,6.516,0.188,0.157,0.210,25.129,517770
1782536514448,0,0,0.000,6.524,6.516,0.220,0.126,0.220,25.129,517803
1782536514519,0,0,0.000,6.524,6.516,0.157,0.157,0.237,25.129,517836
1782536514524,0,0,0.000,6.524,6.508,0.188,0.188,0.312,25.043,517869
1782536514544,0,0,0.000,6.524,6.516,0.157,0.157,0.220,25.043,517902
1782536514577,-15,-15,0.000,6.524,6.524,0.188,0.157,0.215,25.215,517935
1782536514612,-30,-30,0.000,6.533,6.524,0.220,0.157,0.226,25.129,517968
1782536514643,-60,-60,0.000,6.524,6.508,0.188,0.157,0.253,25.043,518001
1782536514680,-90,-90,0.000,6.533,6.516,0.126,0.157,0.220,25.129,518034
1782536514717,-120,-120,0.000,6.524,6.516,0.188,0.157,0.215,25.129,518067
1782536514744,-135,-135,0.000,6.524,6.516,0.188,0.188,0.220,25.129,518100
1782536514776,-165,-165,0.000,6.516,6.508,0.188,0.188,0.237,25.043,518133
1782536514811,-180,-180,0.000,6.499,6.499,0.251,0.282,0.210,25.043,518166
1782536514843,-210,-210,0.000,6.458,6.433,0.722,0.439,0.226,25.043,518199
1782536514876,-240,-240,0.006,6.425,6.425,0.722,0.408,0.290,25.129,518232
1782536514910,-255,-255,0.000,6.425,6.408,0.722,0.722,0.237,25.129,518265
1782536514944,-285,-285,0.000,6.408,6.392,0.816,0.659,0.226,25.129,518298
1782536514983,-315,-315,0.000,6.384,6.367,1.098,0.690,0.226,25.043,518331
1782536515015,-345,-345,0.000,6.392,6.367,0.910,0.753,0.355,25.043,518364
1782536515042,-325,-325,0.018,6.334,6.301,1.412,1.161,0.226,25.043,518397
1782536515075,-285,-285,0.012,6.317,6.301,1.506,1.098,0.258,25.043,518430
1782536515109,-265,-265,0.000,6.350,6.334,1.255,0.973,0.215,25.129,518463
1782536515142,-225,-225,0.006,6.400,6.392,0.973,0.659,0.280,25.043,518496
1782536515175,-185,-185,0.006,6.450,6.442,0.502,0.377,0.204,25.129,518529
1782536515211,-165,-165,0.000,6.491,6.483,0.251,0.251,0.285,25.043,518562
1782536515242,-125,-125,0.000,6.508,6.499,0.188,0.220,0.215,25.043,518595
1782536515276,-85,-85,0.000,6.491,6.491,0.220,0.251,0.210,25.129,518628
1782536515308,-65,-65,0.006,6.508,6.508,0.188,0.188,0.215,25.129,518661
1782536515342,-55,5,0.000,6.516,6.508,0.220,0.126,0.226,25.129,518694
1782536515375,-60,60,0.000,6.516,6.508,0.188,0.157,0.237,25.129,518727
1782536515408,-75,75,0.000,6.516,6.508,0.188,0.157,0.210,25.043,518760
1782536515441,-105,105,0.000,6.516,6.516,0.188,0.126,0.215,25.043,518793
1782536515477,-135,135,0.000,6.516,6.508,0.188,0.157,0.231,25.129,518826
1782536515507,-150,150,0.000,6.516,6.524,0.188,0.157,0.242,25.043,518859
1782536515541,-180,180,0.000,6.491,6.483,0.408,0.282,0.226,25.129,518892
1782536515574,-195,195,0.000,6.483,6.483,0.408,0.251,0.226,25.129,518925
1782536515607,-225,225,0.006,6.466,6.450,0.345,0.502,0.226,25.129,518958
1782536515640,-255,255,0.000,6.400,6.392,0.941,0.816,0.231,25.043,518991
1782536515679,-285,285,0.000,6.375,6.359,1.067,0.816,0.226,25.043,519024
1782536515708,-300,300,0.000,6.309,6.301,1.537,1.035,0.242,25.129,519057
1782536515741,-330,330,0.006,6.334,6.334,1.632,0.816,0.247,25.129,519090
1782536515775,-345,345,0.000,6.309,6.301,1.632,1.161,0.237,25.129,519123
1782536515812,-305,305,0.006,6.251,6.226,2.071,1.412,0.263,25.043,519156
1782536515841,-265,265,0.000,6.276,6.259,1.694,1.286,0.242,25.129,519189
1782536515874,-245,245,0.000,6.317,6.292,1.318,1.224,0.220,25.129,519222
1782536515909,-205,205,0.000,6.400,6.375,0.879,0.659,0.280,25.043,519255
1782536515947,-165,165,0.000,6.466,6.458,0.345,0.314,0.263,25.043,519288
1782536515974,-145,145,0.000,6.466,6.458,0.439,0.314,0.242,25.129,519321
1782536516006,-105,105,0.000,6.475,6.475,0.314,0.251,0.231,25.043,519354
1782536516041,-65,65,0.000,6.499,6.491,0.220,0.188,0.215,25.043,519387
1782536516074,-45,45,0.000,6.508,6.491,0.220,0.188,0.215,25.129,519420
1782536516117,0,0,0.000,6.499,6.499,0.188,0.126,0.247,25.129,519453
1782536516141,0,0,0.000,6.508,6.499,0.157,0.157,0.215,25.129,519486
1782536516173,0,0,0.006,6.516,6.491,0.188,0.188,0.215,25.129,519519
1782536516206,0,0,0.006,6.508,6.508,0.188,0.157,0.247,25.129,519552
1782536516244,0,0,0.000,6.524,6.499,0.188,0.157,0.242,25.129,519585
1782536516275,0,0,0.000,6.516,6.508,0.188,0.157,0.210,25.129,519618
1782536516308,0,0,0.000,6.508,6.508,0.157,0.157,0.237,25.215,519651
1782536516346,0,0,0.006,6.516,6.508,0.188,0.126,0.242,25.129,519684
1782536516379,0,0,0.000,6.516,6.508,0.188,0.188,0.247,25.129,519717
1782536516406,0,0,0.000,6.508,6.508,0.188,0.157,0.301,25.129,519750
1782536516439,0,0,0.000,6.508,6.508,0.157,0.188,0.285,25.129,519783
1782536516472,0,0,0.000,6.524,6.516,0.188,0.157,0.215,25.129,519816
1782536516505,0,0,0.000,6.524,6.508,0.188,0.188,0.242,25.129,519849
1782536516540,0,0,0.006,6.516,6.508,0.251,0.126,0.220,25.129,519882
1782536516571,0,0,0.006,6.516,6.516,0.188,0.157,0.220,25.129,519915
1782536516606,0,0,0.000,6.508,6.508,0.220,0.188,0.210,25.129,519948
1782536516638,0,0,0.000,6.499,6.508,0.188,0.157,0.344,25.129,519981
1782536516671,0,0,0.006,6.524,6.516,0.157,0.157,0.226,25.129,520014
1782536516706,0,0,0.000,6.516,6.508,0.157,0.157,0.231,25.129,520047
1782536516738,0,0,0.000,6.516,6.508,0.157,0.157,0.215,25.129,520080
1782536516780,0,0,0.000,6.516,6.508,0.157,0.157,0.242,25.129,520113
1782536516813,0,0,0.000,6.524,6.508,0.188,0.157,0.237,25.043,520146
1782536516849,0,0,0.000,6.516,6.516,0.188,0.126,0.231,25.129,520179
1782536516880,0,0,0.000,6.516,6.508,0.188,0.157,0.226,25.043,520212
1782536516912,0,0,0.000,6.516,6.508,0.188,0.188,0.215,25.129,520245
1782536516946,0,0,0.000,6.524,6.516,0.188,0.188,0.220,25.129,520278
1782536516986,0,0,0.000,6.524,6.516,0.188,0.157,0.210,25.129,520311
1782536517012,0,0,0.000,6.524,6.516,0.188,0.188,0.215,25.129,520344
1782536517045,-30,-30,0.000,6.524,6.516,0.188,0.157,0.226,25.129,520377
1782536517077,-45,-45,0.000,6.524,6.524,0.188,0.157,0.204,25.129,520410
1782536517114,-75,-75,0.000,6.524,6.516,0.188,0.157,0.210,25.043,520443
1782536517162,-150,-90,0.000,6.524,6.516,0.188,0.157,0.204,25.129,520476
1782536517190,-180,-90,0.000,6.508,6.516,0.188,0.126,0.210,25.129,520509
1782536517210,-210,-90,0.000,6.508,6.508,0.188,0.220,0.328,25.129,520542
1782536517242,-270,-90,0.000,6.499,6.508,0.188,0.251,0.204,25.129,520575
1782536517275,-300,-90,0.000,6.466,6.458,0.188,0.596,0.290,25.129,520608
1782536517309,-360,-90,0.000,6.433,6.400,0.188,1.318,0.371,25.043,520641
1782536517345,-420,-90,0.000,6.425,6.408,0.188,1.255,0.231,25.129,520674
1782536517376,-450,-90,0.012,6.392,6.367,0.188,1.726,0.226,25.129,520707
1782536517409,-500,-90,0.000,6.359,6.342,0.220,2.228,0.226,25.129,520740
1782536517448,-500,-90,0.006,6.334,6.309,0.251,2.698,0.220,25.129,520773
1782536517473,-500,-125,0.000,6.301,6.284,0.314,2.730,0.382,25.043,520806
1782536517507,-485,-125,0.000,6.334,6.301,0.188,2.573,0.226,25.129,520839
1782536517539,-445,-125,0.012,6.317,6.292,0.220,2.636,0.366,25.129,520872
1782536517577,-365,-125,0.000,6.317,6.292,0.314,2.479,0.215,25.043,520905
1782536517607,-285,-125,0.000,6.392,6.384,0.314,1.381,0.339,25.129,520938
1782536517638,-245,-125,0.000,6.425,6.408,0.251,1.161,0.215,25.043,520971
1782536517677,-165,-125,0.000,6.466,6.466,0.220,0.502,0.263,25.129,521004
1782536517714,-105,-105,0.006,6.508,6.508,0.188,0.188,0.226,25.129,521037
1782536517748,-65,-65,0.000,6.499,6.483,0.220,0.220,0.220,25.129,521070
1782536517812,-5,-5,0.006,6.508,6.499,0.220,0.126,0.247,25.129,521103
1782536517813,-5,-5,0.000,6.516,6.499,0.188,0.188,0.269,25.129,521136
1782536517836,0,0,0.000,6.499,6.499,0.188,0.157,0.280,25.043,521169
1782536517870,0,0,0.000,6.508,6.491,0.157,0.157,0.360,25.129,521202
1782536517902,0,0,0.000,6.508,6.508,0.188,0.188,0.204,25.129,521235
1782536517936,0,0,0.000,6.516,6.508,0.188,0.157,0.210,25.129,521268
1782536517972,0,0,0.000,6.508,6.508,0.188,0.157,0.306,25.129,521301
1782536518003,0,0,0.000,6.516,6.508,0.188,0.157,0.215,25.129,521334
1782536518035,0,0,0.000,6.508,6.499,0.188,0.126,0.317,25.129,521367
1782536518068,0,0,0.000,6.516,6.508,0.188,0.157,0.210,25.129,521400
1782536518103,0,0,0.000,6.524,6.508,0.188,0.157,0.226,25.129,521433
1782536518135,0,0,0.000,6.516,6.508,0.188,0.157,0.328,25.129,521466
1782536518168,0,0,0.000,6.524,6.508,0.220,0.157,0.215,25.129,521499
1782536518202,0,0,0.000,6.508,6.508,0.220,0.188,0.328,25.129,521532
1782536518234,0,0,0.006,6.516,6.499,0.157,0.157,0.220,25.129,521565
1782536518270,0,0,0.000,6.508,6.491,0.188,0.157,0.349,25.043,521598
1782536518301,0,0,0.000,6.516,6.524,0.188,0.157,0.247,25.129,521631
1782536518338,0,0,0.000,6.508,6.508,0.157,0.157,0.312,25.129,521664
1782536518368,0,0,0.000,6.524,6.516,0.188,0.188,0.210,25.129,521697
1782536518403,0,0,0.000,6.516,6.516,0.188,0.157,0.237,25.129,521730
1782536518435,-15,-15,0.000,6.516,6.516,0.251,0.126,0.242,25.043,521763
1782536518469,-45,-45,0.000,6.508,6.499,0.157,0.188,0.376,25.129,521796
1782536518501,-60,-60,0.000,6.524,6.508,0.188,0.157,0.242,25.043,521829
1782536518533,-90,-90,0.000,6.516,6.499,0.188,0.157,0.312,25.129,521862
1782536518568,-120,-120,0.000,6.516,6.516,0.157,0.157,0.231,25.129,521895
1782536518603,-135,-135,0.000,6.516,6.516,0.157,0.157,0.253,25.129,521928
1782536518637,-165,-165,0.006,6.524,6.516,0.220,0.157,0.242,25.129,521961
1782536518668,-195,-195,0.000,6.475,6.475,0.314,0.377,0.215,25.043,521994
1782536518702,-210,-210,0.000,6.442,6.442,0.408,0.722,0.215,25.129,522027
1782536518734,-240,-240,0.000,6.458,6.450,0.377,0.628,0.226,25.129,522060
1782536518772,-270,-270,0.000,6.408,6.392,0.722,0.847,0.247,25.129,522093
1782536518809,-300,-300,0.000,6.375,6.359,0.816,1.035,0.371,25.043,522126
1782536518835,-315,-315,0.000,6.400,6.384,0.941,0.722,0.247,25.129,522159
1782536518867,-345,-345,0.000,6.350,6.326,1.161,1.004,0.231,25.129,522192
1782536518906,-375,-375,0.000,6.317,6.309,1.506,1.067,0.349,25.129,522225
1782536518933,-390,-390,0.000,6.317,6.301,1.475,1.161,0.242,25.129,522258
1782536518966,-420,-420,0.000,6.259,6.243,1.851,1.318,0.231,25.129,522291
1782536519001,-435,-435,0.000,6.218,6.193,2.541,1.537,0.312,25.129,522324
1782536519060,-445,-445,0.000,6.243,6.226,2.134,1.443,0.237,25.129,522357
1782536519094,-405,-405,0.000,6.226,6.201,2.165,1.569,0.237,25.043,522390
1782536519104,-385,-385,0.000,6.168,6.135,2.761,1.726,0.237,25.129,522423
1782536519133,-365,-365,0.006,6.235,6.210,2.102,1.537,0.226,25.043,522456
1782536519166,-325,-325,0.000,6.342,6.326,1.412,0.784,0.210,25.129,522489
1782536519201,-305,-305,0.012,6.433,6.400,0.596,0.282,0.226,25.129,522522
1782536519232,-265,-265,0.000,6.417,6.408,0.722,0.565,0.220,25.129,522555
1782536519267,-225,-225,0.000,6.450,6.442,0.377,0.439,0.210,25.129,522588
1782536519299,-205,-205,0.000,6.466,6.466,0.314,0.220,0.220,25.129,522621
1782536519332,-165,-165,0.000,6.466,6.458,0.345,0.377,0.237,25.129,522654
1782536519366,-125,-125,0.000,6.483,6.475,0.282,0.251,0.215,25.129,522687
1782536519400,-105,-105,0.000,6.499,6.491,0.220,0.157,0.231,25.129,522720
1782536519433,-65,-65,0.000,6.491,6.491,0.188,0.157,0.263,25.129,522753
1782536519467,-95,-95,0.000,6.499,6.491,0.220,0.157,0.355,25.043,522786
1782536519499,-110,-110,0.000,6.508,6.516,0.188,0.157,0.215,25.129,522819
1782536519533,-140,-140,0.000,6.508,6.491,0.188,0.157,0.237,25.043,522852
1782536519566,-155,-155,0.000,6.499,6.499,0.220,0.188,0.215,25.129,522885
1782536519602,-185,-185,0.006,6.491,6.483,0.251,0.220,0.237,25.129,522918
1782536519640,-215,-215,0.000,6.442,6.425,0.628,0.439,0.215,25.043,522951
1782536519664,-230,-230,0.000,6.392,6.375,1.192,0.502,0.290,25.129,522984
1782536519698,-260,-260,0.000,6.367,6.350,1.067,1.004,0.220,25.129,523017
1782536519732,-290,-290,0.000,6.375,6.350,1.286,0.690,0.226,25.043,523050
1782536519765,-305,-305,0.000,6.359,6.334,1.067,0.879,0.355,25.129,523083
1782536519800,-335,-335,0.012,6.342,6.326,1.412,0.879,0.237,25.129,523116
1782536519831,-365,-365,0.000,6.334,6.317,1.255,0.910,0.317,25.129,523149
1782536519865,-380,-380,0.000,6.301,6.259,1.694,1.255,0.220,25.043,523182
1782536519897,-340,-340,0.000,6.276,6.243,1.788,1.475,0.231,25.129,523215
1782536519933,-300,-300,0.000,6.276,6.251,1.632,1.318,0.247,25.129,523248
1782536519966,-280,-280,0.000,6.375,6.384,0.910,0.596,0.220,25.129,523281
1782536520000,-240,-240,0.000,6.400,6.392,0.784,0.690,0.237,25.129,523314
1782536520034,-200,-200,0.000,6.450,6.450,0.502,0.345,0.312,25.129,523347
1782536520066,-180,-180,0.000,6.483,6.475,0.314,0.251,0.242,25.129,523380
1782536520097,-170,-110,0.000,6.483,6.475,0.188,0.251,0.253,25.129,523413
1782536520135,-160,-40,0.000,6.499,6.483,0.220,0.220,0.247,25.129,523446
1782536520166,-155,-5,0.000,6.499,6.491,0.188,0.220,0.220,25.129,523479
1782536520196,-145,65,0.000,6.499,6.491,0.188,0.188,0.285,25.129,523512
1782536520237,-135,135,0.000,6.499,6.491,0.188,0.220,0.210,25.129,523545
1782536520275,-165,165,0.000,6.491,6.483,0.126,0.220,0.242,25.129,523578
1782536520296,-180,180,0.000,6.491,6.483,0.251,0.282,0.269,25.129,523611
1782536520330,-210,210,0.000,6.475,6.466,0.282,0.251,0.237,25.129,523644
1782536520374,-205,205,0.000,6.408,6.392,0.408,1.067,0.210,25.129,523677
1782536520400,-185,185,0.000,6.400,6.384,0.753,0.722,0.376,25.129,523710
1782536520430,-180,180,0.000,6.375,6.342,0.973,1.004,0.242,25.129,523743
1782536520468,-210,210,0.000,6.458,6.442,0.502,0.282,0.237,25.129,523776
1782536520496,-225,225,0.000,6.466,6.458,0.314,0.314,0.215,25.129,523809
1782536520531,-185,185,0.006,6.425,6.408,0.659,0.628,0.242,25.043,523842
1782536520563,-165,165,0.000,6.384,6.359,0.879,0.847,0.220,25.129,523875
1782536520599,-125,125,0.000,6.433,6.417,0.628,0.471,0.242,25.129,523908
1782536520629,-85,85,0.000,6.475,6.458,0.345,0.251,0.280,25.129,523941
1782536520662,-65,65,0.006,6.491,6.499,0.188,0.157,0.210,25.129,523974
1782536520697,-25,25,0.000,6.516,6.491,0.188,0.157,0.226,25.129,524007
1782536520729,0,0,0.000,6.508,6.491,0.188,0.157,0.237,25.129,524040
1782536520767,0,0,0.000,6.508,6.499,0.157,0.188,0.226,25.129,524073
1782536520795,0,0,0.000,6.499,6.499,0.188,0.157,0.210,25.129,524106
1782536520829,0,0,0.006,6.508,6.491,0.157,0.188,0.226,25.129,524139
1782536520862,0,0,0.000,6.516,6.499,0.188,0.188,0.242,25.129,524172
1782536520895,-15,-15,0.000,6.499,6.516,0.188,0.157,0.215,25.129,524205
1782536520937,-45,-45,0.000,6.508,6.508,0.188,0.157,0.226,25.129,524238
1782536520961,-60,-60,0.000,6.508,6.499,0.157,0.157,0.215,25.043,524271
1782536521006,-90,-90,0.006,6.508,6.499,0.188,0.157,0.220,25.129,524304
1782536521031,-120,-120,0.000,6.508,6.499,0.188,0.157,0.231,25.129,524337
1782536521072,-150,-150,0.000,6.508,6.508,0.157,0.157,0.220,25.043,524370
1782536521103,-165,-165,0.000,6.524,6.499,0.188,0.188,0.263,25.129,524403
1782536521136,-195,-195,0.000,6.483,6.475,0.314,0.251,0.220,25.043,524436
1782536521170,-225,-225,0.006,6.417,6.400,0.941,0.565,0.220,25.129,524469
1782536521202,-240,-240,0.000,6.450,6.433,0.314,0.690,0.247,25.129,524502
1782536521235,-270,-270,0.006,6.400,6.392,0.628,0.910,0.231,25.129,524535
1782536521268,-300,-300,0.000,6.375,6.359,1.067,1.004,0.253,25.129,524568
1782536521302,-315,-315,0.000,6.400,6.408,0.753,0.659,0.226,25.043,524601
1782536521336,-345,-345,0.000,6.375,6.367,1.035,0.879,0.237,25.129,524634
1782536521369,-375,-375,0.006,6.309,6.284,1.412,1.255,0.215,25.129,524667
1782536521401,-390,-390,0.000,6.309,6.309,1.506,1.098,0.215,25.129,524700
1782536521435,-385,-385,0.000,6.276,6.243,1.788,1.443,0.231,25.129,524733
1782536521468,-365,-365,0.000,6.226,6.193,2.290,1.475,0.247,25.129,524766
1782536521509,-305,-305,0.006,6.235,6.210,2.071,1.569,0.237,25.129,524799
1782536521532,-285,-285,0.000,6.342,6.309,1.286,0.910,0.285,25.129,524832
1782536521574,-245,-245,0.000,6.417,6.408,0.847,0.345,0.210,25.129,524865
1782536521600,-225,-225,0.000,6.425,6.417,0.471,0.439,0.344,25.129,524898
1782536521632,-185,-185,0.000,6.458,6.450,0.471,0.314,0.226,25.129,524931
1782536521671,-145,-145,0.006,6.483,6.483,0.220,0.220,0.204,25.129,524964
1782536521697,-125,-125,0.000,6.475,6.475,0.251,0.282,0.312,25.129,524997
1782536521730,-85,-85,0.006,6.491,6.491,0.188,0.282,0.194,25.129,525030
1782536521764,-80,-50,0.000,6.508,6.508,0.188,0.157,0.194,25.129,525063
1782536521796,-70,20,0.006,6.491,6.508,0.188,0.220,0.199,25.129,525096
1782536521834,-75,75,0.000,6.499,6.499,0.188,0.157,0.215,25.043,525129
1782536521862,-90,90,0.000,6.508,6.508,0.188,0.188,0.231,25.129,525162
1782536521895,-120,120,0.000,6.516,6.499,0.157,0.126,0.204,25.129,525195
1782536521946,-150,150,0.000,6.508,6.499,0.220,0.157,0.242,25.129,525228
1782536521968,-165,165,0.000,6.491,6.491,0.220,0.188,0.285,25.129,525261
1782536521995,-195,195,0.000,6.466,6.466,0.314,0.220,0.392,25.129,525294
1782536522027,-210,210,0.000,6.458,6.458,0.377,0.408,0.204,25.129,525327
1782536522061,-240,240,0.000,6.408,6.408,0.659,0.816,0.312,25.129,525360
1782536522094,-200,200,0.000,6.408,6.392,0.753,0.722,0.210,25.129,525393
1782536522126,-180,180,0.000,6.342,6.334,1.224,0.879,0.473,25.129,525426
1782536522160,-140,140,0.000,6.450,6.442,0.439,0.345,0.258,25.129,525459
1782536522192,-100,100,0.006,6.458,6.442,0.408,0.314,0.382,25.129,525492
1782536522235,-60,60,0.000,6.483,6.491,0.188,0.188,0.285,25.129,525525
1782536522259,-40,40,0.000,6.491,6.491,0.188,0.157,0.301,25.129,525558
1782536522292,-20,20,0.000,6.499,6.508,0.188,0.126,0.296,25.129,525591
1782536522326,0,0,0.000,6.508,6.491,0.157,0.157,0.290,25.129,525624
1782536522369,0,0,0.000,6.516,6.508,0.188,0.157,0.199,25.129,525657
1782536522391,0,0,0.006,6.508,6.508,0.188,0.157,0.204,25.129,525690
1782536522426,0,0,0.000,6.508,6.499,0.220,0.126,0.204,25.129,525723
1782536522460,0,0,0.000,6.516,6.516,0.188,0.188,0.269,25.129,525756
1782536522492,0,0,0.000,6.491,6.499,0.188,0.188,0.312,25.129,525789
1782536522524,0,0,0.000,6.508,6.508,0.188,0.157,0.199,25.129,525822
1782536522558,0,0,0.006,6.508,6.508,0.188,0.157,0.215,25.043,525855
1782536522593,0,0,0.000,6.491,6.499,0.188,0.188,0.269,25.129,525888
1782536522625,0,0,0.000,6.516,6.499,0.188,0.157,0.285,25.129,525921
1782536522666,0,0,0.000,6.508,6.508,0.188,0.157,0.263,25.129,525954
1782536522715,0,0,0.000,6.516,6.491,0.188,0.126,0.290,25.129,525987
1782536522726,0,0,0.000,6.516,6.508,0.157,0.157,0.210,25.129,526020
1782536522759,0,0,0.000,6.516,6.508,0.157,0.157,0.215,25.129,526053
1782536522796,0,0,0.000,6.524,6.499,0.188,0.157,0.204,25.129,526086
1782536522828,0,0,0.012,6.499,6.499,0.188,0.157,0.425,25.129,526119
1782536522861,0,0,0.006,6.524,6.508,0.188,0.157,0.280,25.129,526152
1782536522911,0,0,0.006,6.499,6.491,0.157,0.157,0.452,25.129,526185
1782536522924,0,0,0.000,6.508,6.508,0.188,0.157,0.199,25.129,526218
1782536522958,0,0,0.000,6.508,6.508,0.220,0.126,0.333,25.129,526251
1782536522991,0,0,0.000,6.516,6.516,0.188,0.157,0.204,25.129,526284
1782536523023,0,0,0.000,6.508,6.508,0.188,0.157,0.312,25.129,526317
1782536523056,0,0,0.000,6.516,6.508,0.188,0.157,0.199,25.129,526350
1782536523090,0,0,0.000,6.516,6.508,0.220,0.157,0.204,25.129,526383
1782536523122,0,0,0.000,6.516,6.516,0.188,0.157,0.204,25.129,526416
1782536523156,0,0,0.006,6.516,6.499,0.220,0.188,0.220,25.129,526449
1782536523190,0,0,0.000,6.524,6.508,0.126,0.126,0.226,25.129,526482
1782536523226,0,0,0.000,6.508,6.508,0.157,0.188,0.226,25.129,526515
1782536523256,0,0,0.000,6.516,6.508,0.157,0.157,0.204,25.043,526548
1782536523290,0,0,0.000,6.524,6.508,0.157,0.157,0.220,25.129,526581
1782536523323,0,0,0.000,6.516,6.508,0.188,0.157,0.231,25.129,526614
1782536523356,0,0,0.012,6.516,6.508,0.188,0.188,0.237,25.129,526647
1782536523389,0,0,0.000,6.524,6.524,0.188,0.157,0.215,25.129,526680
1782536523424,0,0,0.000,6.524,6.508,0.157,0.157,0.215,25.129,526713
1782536523458,0,0,0.000,6.524,6.508,0.188,0.126,0.210,25.129,526746
1782536523489,0,0,0.000,6.524,6.508,0.188,0.157,0.237,25.129,526779
1782536523522,0,0,0.006,6.516,6.508,0.188,0.157,0.226,25.129,526812
1782536523559,0,0,0.000,6.516,6.516,0.126,0.188,0.210,25.129,526845
1782536523590,0,0,0.000,6.516,6.508,0.188,0.157,0.231,25.129,526878
1782536523624,0,0,0.006,6.524,6.516,0.188,0.157,0.237,25.129,526911
1782536523656,0,0,0.000,6.516,6.516,0.251,0.126,0.215,25.129,526944
1782536523690,0,0,0.006,6.524,6.508,0.188,0.126,0.226,25.129,526977
1782536523721,0,0,0.000,6.516,6.516,0.251,0.157,0.210,25.043,527010
1782536523758,0,0,0.000,6.516,6.516,0.220,0.188,0.231,25.129,527043
1782536523790,0,0,0.006,6.524,6.516,0.188,0.157,0.204,25.129,527076
1782536523827,0,0,0.006,6.508,6.516,0.157,0.220,0.204,25.129,527109
1782536523858,0,0,0.000,6.524,6.508,0.188,0.157,0.210,25.129,527142
1782536523888,0,0,0.000,6.524,6.516,0.188,0.157,0.226,25.129,527175
1782536523922,0,0,0.000,6.524,6.508,0.188,0.188,0.258,25.129,527208
1782536523973,0,0,0.000,6.524,6.508,0.126,0.157,0.210,25.129,527241
1782536524002,0,0,0.000,6.533,6.516,0.188,0.157,0.204,25.129,527274
1782536524021,0,0,0.000,6.508,6.524,0.188,0.157,0.215,25.129,527307
1782536524054,0,0,0.006,6.524,6.508,0.188,0.157,0.204,25.043,527340
1782536524095,0,0,0.000,6.516,6.499,0.188,0.157,0.258,25.129,527373
1782536524122,0,0,0.006,6.524,6.508,0.220,0.157,0.204,25.129,527406
1782536524154,0,0,0.000,6.516,6.516,0.188,0.188,0.231,25.129,527439
1782536524187,0,0,0.000,6.516,6.508,0.188,0.157,0.317,25.129,527472
1782536524221,0,0,0.000,6.524,6.516,0.188,0.188,0.210,25.129,527505
1782536524253,0,0,0.000,6.516,6.524,0.188,0.157,0.210,25.129,527538
1782536524287,0,0,0.000,6.516,6.516,0.188,0.157,0.220,25.043,527571
1782536524331,0,0,0.000,6.524,6.516,0.188,0.157,0.204,25.129,527604
1782536524355,0,0,0.000,6.524,6.516,0.188,0.157,0.204,25.129,527637
1782536524387,0,0,0.000,6.516,6.508,0.188,0.157,0.280,25.043,527670
1782536524419,0,0,0.000,6.533,6.508,0.188,0.157,0.210,25.129,527703
1782536524453,0,0,0.000,6.533,6.524,0.188,0.126,0.237,25.129,527736
1782536524487,0,0,0.000,6.524,6.516,0.157,0.157,0.210,25.129,527769
1782536524520,0,0,0.000,6.508,6.499,0.188,0.157,0.409,25.129,527802
1782536524552,0,0,0.000,6.533,6.533,0.188,0.126,0.204,25.129,527835
1782536524587,0,0,0.000,6.524,6.524,0.188,0.157,0.210,25.129,527868
1782536524619,0,0,0.000,6.524,6.516,0.188,0.126,0.215,25.129,527901
1782536524652,0,0,0.000,6.524,6.516,0.188,0.188,0.204,25.129,527934
1782536524686,0,0,0.006,6.508,6.533,0.188,0.188,0.215,25.129,527967
1782536524726,0,0,0.000,6.524,6.516,0.157,0.157,0.204,25.129,528000
1782536524754,0,0,0.000,6.524,6.516,0.157,0.157,0.226,25.129,528033
1782536524786,0,0,0.000,6.524,6.508,0.157,0.188,0.344,25.129,528066
1782536524822,0,0,0.006,6.524,6.516,0.157,0.188,0.210,25.129,528099
1782536524852,0,0,0.000,6.516,6.508,0.188,0.157,0.339,25.129,528132
1782536524886,0,0,0.000,6.524,6.533,0.157,0.188,0.210,25.043,528165
1782536524919,0,0,0.000,6.524,6.516,0.157,0.188,0.210,25.129,528198
1782536524953,0,0,0.000,6.524,6.524,0.188,0.157,0.204,25.129,528231
1782536524986,0,0,0.000,6.508,6.516,0.157,0.126,0.204,25.129,528264
1782536525020,0,0,0.000,6.524,6.516,0.188,0.157,0.226,25.129,528297
1782536525052,0,0,0.006,6.524,6.516,0.157,0.157,0.204,25.129,528330
1782536525085,0,0,0.000,6.508,6.516,0.157,0.126,0.306,25.129,528363
1782536525118,0,0,0.006,6.516,6.516,0.157,0.157,0.226,25.129,528396
1782536525156,0,0,0.000,6.524,6.533,0.188,0.220,0.220,25.129,528429
1782536525193,0,0,0.000,6.524,6.516,0.188,0.157,0.204,25.043,528462
1782536525241,0,0,0.000,6.524,6.516,0.188,0.157,0.215,25.043,528495
1782536525266,0,0,0.006,6.524,6.516,0.157,0.157,0.204,25.129,528528
1782536525287,0,0,0.000,6.524,6.524,0.188,0.157,0.204,25.129,528561
1782536525317,0,0,0.000,6.524,6.516,0.188,0.157,0.215,25.129,528594
1782536525363,0,0,0.006,6.524,6.516,0.188,0.188,0.226,25.129,528627
1782536525384,0,0,0.000,6.524,6.516,0.188,0.157,0.215,25.129,528660
1782536525436,0,0,0.000,6.516,6.508,0.188,0.188,0.269,25.129,528693
1782536525461,0,0,0.000,6.516,6.524,0.188,0.157,0.226,25.129,528726
1782536525495,0,0,0.000,6.524,6.524,0.188,0.188,0.220,25.129,528759
1782536525525,0,0,0.000,6.524,6.524,0.188,0.157,0.210,25.043,528792
1782536525562,0,0,0.000,6.524,6.516,0.157,0.126,0.237,25.129,528825
1782536525596,0,0,0.000,6.524,6.516,0.188,0.157,0.237,25.129,528858
1782536525641,0,0,0.000,6.516,6.524,0.188,0.157,0.215,25.129,528891
1782536525686,0,0,0.000,6.524,6.516,0.188,0.220,0.204,25.129,528924
1782536525691,0,0,0.000,6.524,6.516,0.188,0.188,0.220,25.043,528957
1782536525723,0,0,0.000,6.533,6.508,0.188,0.157,0.253,25.129,528990
1782536525757,0,0,0.000,6.524,6.516,0.188,0.188,0.231,25.129,529023
1782536525790,0,0,0.000,6.524,6.516,0.188,0.157,0.237,25.129,529056
1782536525822,0,0,0.000,6.516,6.533,0.188,0.157,0.215,25.129,529089
1782536525857,0,0,0.006,6.524,6.524,0.188,0.126,0.215,25.129,529122
1782536525888,0,0,0.000,6.533,6.516,0.157,0.126,0.210,25.129,529155
1782536525927,0,0,0.000,6.524,6.516,0.188,0.126,0.220,25.129,529188
1782536525955,0,0,0.000,6.533,6.524,0.188,0.126,0.204,25.129,529221
1782536525996,0,0,0.000,6.524,6.516,0.126,0.157,0.247,25.129,529254
1782536526027,0,0,0.000,6.516,6.516,0.188,0.157,0.366,25.129,529287
1782536526054,0,0,0.000,6.533,6.524,0.188,0.157,0.204,25.043,529320
1782536526086,0,0,0.000,6.524,6.524,0.188,0.157,0.215,25.043,529353
1782536526120,0,0,0.000,6.524,6.516,0.188,0.126,0.312,25.129,529386
1782536526153,0,0,0.000,6.524,6.524,0.188,0.126,0.215,25.129,529419
1782536526186,0,0,0.000,6.524,6.516,0.188,0.188,0.220,25.129,529452
1782536526218,0,0,0.000,6.533,6.499,0.188,0.157,0.263,25.129,529485
1782536526251,0,0,0.000,6.516,6.524,0.157,0.188,0.215,25.129,529518
1782536526286,0,0,0.000,6.533,6.524,0.188,0.157,0.215,25.129,529551
1782536526317,0,0,0.000,6.524,6.524,0.188,0.157,0.269,25.129,529584
1782536526351,0,0,0.000,6.533,6.516,0.220,0.188,0.210,25.129,529617
1782536526383,0,0,0.000,6.524,6.508,0.157,0.157,0.280,25.129,529650
1782536526417,0,0,0.000,6.524,6.533,0.188,0.157,0.204,25.129,529683
1782536526449,0,0,0.000,6.524,6.516,0.188,0.126,0.280,25.043,529716
1782536526486,0,0,0.000,6.524,6.524,0.188,0.188,0.231,25.129,529749
1782536526516,0,0,0.000,6.524,6.524,0.188,0.157,0.263,25.129,529782
1782536526549,0,0,0.000,6.516,6.524,0.188,0.157,0.220,25.129,529815
1782536526587,0,0,0.000,6.524,6.516,0.157,0.126,0.344,25.129,529848
1782536526624,0,0,0.000,6.541,6.516,0.157,0.126,0.215,25.043,529881
1782536526650,0,0,0.000,6.524,6.516,0.188,0.126,0.355,25.129,529914
1782536526681,0,0,0.000,6.524,6.524,0.188,0.157,0.226,25.129,529947
1782536526714,0,0,0.000,6.533,6.516,0.188,0.157,0.210,25.043,529980
1782536526747,0,0,0.000,6.508,6.499,0.126,0.188,0.387,25.129,530013
1782536526792,0,0,0.000,6.533,6.524,0.188,0.220,0.210,25.129,530046
1782536526814,0,0,0.000,6.524,6.516,0.157,0.188,0.210,25.129,530079
1782536526847,0,0,0.000,6.533,6.524,0.126,0.188,0.210,25.129,530112
1782536526881,0,0,0.000,6.524,6.524,0.220,0.157,0.204,25.215,530145
1782536526914,0,0,0.000,6.533,6.533,0.157,0.157,0.210,25.129,530178
1782536526947,0,0,0.000,6.524,6.524,0.220,0.157,0.210,25.129,530211
1782536527005,0,0,0.000,6.524,6.524,0.188,0.188,0.210,25.129,530244
1782536527013,0,0,0.000,6.524,6.524,0.188,0.157,0.226,25.043,530277
1782536527047,0,0,0.006,6.524,6.516,0.188,0.157,0.280,25.129,530310
1782536527086,0,0,0.000,6.524,6.524,0.188,0.157,0.280,25.043,530343
1782536527113,0,0,0.000,6.508,6.508,0.188,0.157,0.323,25.043,530376
1782536527154,0,0,0.000,6.524,6.524,0.188,0.157,0.306,25.129,530409
1782536527181,0,0,0.000,6.524,6.516,0.251,0.126,0.301,25.129,530442
1782536527212,0,0,0.006,6.524,6.524,0.188,0.157,0.258,25.129,530475
1782536527249,0,0,0.006,6.524,6.524,0.188,0.126,0.258,25.129,530508
1782536527281,0,0,0.000,6.533,6.524,0.188,0.157,0.215,25.129,530541
1782536527315,0,0,0.006,6.508,6.524,0.157,0.188,0.215,25.129,530574
1782536527352,0,0,0.000,6.524,6.533,0.157,0.157,0.226,25.129,530607
1782536527381,0,0,0.006,6.524,6.533,0.188,0.157,0.242,25.129,530640
1782536527413,0,0,0.000,6.524,6.524,0.188,0.126,0.253,25.129,530673
1782536527453,0,0,0.006,6.524,6.524,0.188,0.157,0.285,25.129,530706
1782536527479,0,0,0.000,6.524,6.524,0.188,0.157,0.242,25.129,530739
1782536527513,0,0,0.000,6.524,6.516,0.157,0.157,0.215,25.129,530772
1782536527546,0,0,0.000,6.524,6.524,0.188,0.188,0.226,25.129,530805
1782536527580,0,0,0.000,6.524,6.516,0.220,0.126,0.306,25.129,530838
1782536527613,0,0,0.000,6.533,6.524,0.188,0.188,0.247,25.129,530871
1782536527647,0,0,0.000,6.533,6.524,0.188,0.188,0.226,25.043,530904
1782536527679,0,0,0.000,6.533,6.516,0.188,0.188,0.215,25.129,530937
1782536527714,0,0,0.000,6.533,6.524,0.188,0.157,0.237,25.129,530970
1782536527747,0,0,0.000,6.524,6.524,0.157,0.188,0.242,25.129,531003
1782536527779,0,0,0.000,6.524,6.524,0.188,0.157,0.237,25.129,531036
1782536527815,0,0,0.000,6.524,6.533,0.157,0.126,0.210,25.129,531069
1782536527847,0,0,0.000,6.533,6.533,0.188,0.157,0.210,25.129,531102
1782536527879,0,0,0.000,6.524,6.524,0.188,0.126,0.215,25.129,531135
1782536527917,0,0,0.000,6.524,6.524,0.188,0.188,0.220,25.129,531168
1782536527944,0,0,0.000,6.533,6.524,0.126,0.188,0.220,25.129,531201
1782536527978,0,0,0.006,6.516,6.524,0.220,0.157,0.237,25.043,531234
1782536528011,0,0,0.000,6.541,6.533,0.188,0.157,0.220,25.129,531267
1782536528046,0,0,0.012,6.541,6.524,0.188,0.188,0.204,25.129,531300
1782536528077,0,0,0.000,6.524,6.524,0.157,0.157,0.242,25.129,531333
1782536528112,0,0,0.000,6.524,6.524,0.157,0.126,0.215,25.215,531366
1782536528144,0,0,0.000,6.524,6.516,0.188,0.157,0.328,25.129,531399
1782536528178,0,0,0.000,6.533,6.533,0.126,0.126,0.204,25.129,531432
1782536528211,0,0,0.000,6.541,6.524,0.188,0.188,0.215,25.129,531465
1782536528244,0,0,0.000,6.524,6.524,0.188,0.157,0.210,25.043,531498
1782536528278,0,0,0.000,6.533,6.524,0.188,0.157,0.220,25.129,531531
1782536528310,0,0,0.000,6.541,6.524,0.157,0.126,0.215,25.129,531564
1782536528343,0,0,0.000,6.524,6.524,0.188,0.157,0.253,25.129,531597
1782536528379,0,0,0.006,6.533,6.533,0.188,0.157,0.237,25.129,531630
1782536528410,0,0,0.000,6.533,6.533,0.157,0.188,0.215,25.129,531663
1782536528444,0,0,0.000,6.524,6.516,0.188,0.188,0.312,25.129,531696
1782536528476,0,0,0.000,6.524,6.533,0.188,0.157,0.237,25.129,531729
1782536528510,0,0,0.000,6.541,6.516,0.157,0.157,0.210,25.129,531762
1782536528543,0,0,0.012,6.524,6.524,0.188,0.157,0.204,25.215,531795
1782536528576,0,0,0.000,6.533,6.541,0.157,0.126,0.210,25.129,531828
1782536528623,0,0,0.000,6.533,6.524,0.157,0.188,0.220,25.129,531861
1782536528652,0,0,0.000,6.524,6.516,0.188,0.157,0.210,25.129,531894
1782536528676,0,0,0.000,6.524,6.524,0.188,0.126,0.204,25.129,531927
1782536528709,0,0,0.000,6.533,6.524,0.188,0.188,0.312,25.043,531960
1782536528744,0,0,0.000,6.533,6.533,0.220,0.188,0.220,25.129,531993
1782536528775,0,0,0.000,6.533,6.524,0.157,0.157,0.215,25.043,532026
1782536528809,0,0,0.000,6.533,6.524,0.188,0.126,0.215,25.129,532059
1782536528843,0,0,0.000,6.549,6.524,0.188,0.157,0.231,25.043,532092
1782536528876,0,0,0.000,6.533,6.524,0.157,0.188,0.242,25.129,532125
1782536528924,0,0,0.000,6.524,6.524,0.188,0.126,0.210,25.043,532158
1782536528945,0,0,0.000,6.524,6.533,0.188,0.157,0.210,25.129,532191
1782536528980,0,0,0.000,6.533,6.524,0.188,0.157,0.237,25.129,532224
1782536529009,0,0,0.006,6.533,6.524,0.188,0.157,0.237,25.129,532257
1782536529046,0,0,0.000,6.533,6.533,0.188,0.157,0.237,25.129,532290
1782536529076,0,0,0.000,6.533,6.524,0.220,0.188,0.231,25.129,532323
1782536529109,0,0,0.006,6.516,6.516,0.188,0.157,0.323,25.129,532356
1782536529147,0,0,0.000,6.524,6.524,0.188,0.188,0.237,25.129,532389
1782536529177,0,0,0.000,6.533,6.524,0.157,0.126,0.220,25.129,532422
1782536529209,0,0,0.000,6.533,6.524,0.188,0.157,0.220,25.129,532455
1782536529247,0,0,0.000,6.533,6.524,0.188,0.157,0.215,25.129,532488
1782536529275,0,0,0.000,6.524,6.516,0.220,0.157,0.349,25.129,532521
1782536529308,0,0,0.000,6.516,6.516,0.188,0.157,0.215,25.129,532554
1782536529342,0,0,0.000,6.533,6.533,0.157,0.157,0.231,25.129,532587
1782536529374,0,0,0.000,6.533,6.524,0.220,0.157,0.215,25.129,532620
1782536529408,0,0,0.006,6.533,6.516,0.220,0.126,0.220,25.043,532653
1782536529448,0,0,0.006,6.533,6.524,0.188,0.157,0.231,25.129,532686
1782536529474,0,0,0.000,6.524,6.524,0.188,0.188,0.215,25.043,532719
1782536529508,0,0,0.000,6.533,6.524,0.188,0.188,0.215,25.043,532752
1782536529543,0,0,0.000,6.533,6.524,0.157,0.220,0.215,25.043,532785
1782536529574,0,0,0.000,6.524,6.541,0.188,0.157,0.204,25.129,532818
1782536529607,0,0,0.000,6.533,6.533,0.188,0.188,0.231,25.129,532851
1782536529640,0,0,0.006,6.541,6.524,0.188,0.157,0.237,25.129,532884
1782536529674,0,0,0.000,6.524,6.524,0.188,0.157,0.226,25.043,532917
1782536529708,0,0,0.000,6.533,6.533,0.188,0.157,0.215,25.129,532950
1782536529750,0,0,0.000,6.533,6.524,0.188,0.188,0.226,25.129,532983
1782536529782,0,0,0.000,6.524,6.533,0.188,0.126,0.339,25.129,533016
1782536529815,0,0,0.000,6.533,6.533,0.188,0.157,0.231,25.129,533049
1782536529852,0,0,0.006,6.533,6.524,0.188,0.157,0.215,25.129,533082
1782536529882,0,0,0.000,6.533,6.524,0.188,0.157,0.210,25.129,533115
1782536529916,0,0,0.000,6.533,6.533,0.188,0.126,0.226,25.043,533148
1782536529947,0,0,0.000,6.533,6.533,0.188,0.157,0.237,25.129,533181
1782536529982,0,0,0.000,6.541,6.533,0.157,0.157,0.220,25.129,533214
1782536530014,0,0,0.000,6.541,6.524,0.188,0.157,0.226,25.043,533247
1782536530046,0,0,0.000,6.524,6.524,0.220,0.157,0.231,25.129,533280
1782536530082,0,0,0.000,6.533,6.524,0.188,0.157,0.226,25.129,533313
1782536530114,0,0,0.000,6.533,6.533,0.188,0.157,0.210,25.043,533346
1782536530148,0,0,0.000,6.533,6.524,0.188,0.157,0.215,25.129,533379
1782536530180,0,0,0.000,6.524,6.516,0.220,0.157,0.258,25.129,533412
1782536530226,0,0,0.006,6.524,6.524,0.188,0.188,0.237,25.043,533445
1782536530245,0,0,0.000,6.524,6.524,0.157,0.157,0.280,25.129,533478
1782536530277,0,0,0.000,6.533,6.533,0.188,0.126,0.215,25.129,533511
1782536530311,0,0,0.000,6.533,6.533,0.188,0.157,0.210,25.129,533544
1782536530349,0,0,0.000,6.524,6.541,0.188,0.188,0.210,25.129,533577
1782536530378,0,0,0.006,6.524,6.516,0.188,0.157,0.301,25.129,533610
1782536530410,0,0,0.000,6.533,6.533,0.157,0.157,0.220,25.129,533643
1782536530446,0,0,0.000,6.533,6.524,0.157,0.157,0.237,25.043,533676
1782536530478,0,0,0.000,6.533,6.524,0.188,0.188,0.226,25.129,533709
1782536530520,0,0,0.006,6.516,6.524,0.188,0.157,0.220,25.129,533742
1782536530541,0,0,0.000,6.524,6.524,0.188,0.094,0.215,25.129,533775
1782536530580,0,0,0.000,6.541,6.533,0.157,0.157,0.220,25.129,533808
1782536530612,0,0,0.006,6.533,6.516,0.188,0.188,0.220,25.129,533841
1782536530643,0,0,0.000,6.533,6.516,0.188,0.157,0.323,25.129,533874
1782536530678,0,0,0.000,6.533,6.533,0.188,0.188,0.199,25.043,533907
1782536530713,0,0,0.000,6.533,6.524,0.220,0.126,0.220,25.129,533940
1782536530739,0,0,0.000,6.524,6.524,0.220,0.188,0.215,25.129,533973
1782536530774,0,0,0.000,6.541,6.541,0.188,0.157,0.215,25.043,534006
1782536530805,0,0,0.000,6.516,6.524,0.188,0.157,0.226,25.129,534039
1782536530838,0,0,0.000,6.533,6.533,0.188,0.157,0.220,25.043,534072
1782536530890,0,0,0.000,6.524,6.516,0.188,0.157,0.382,25.129,534105
1782536530914,0,0,0.000,6.533,6.541,0.188,0.126,0.237,25.129,534138
1782536530937,0,0,0.000,6.524,6.524,0.188,0.157,0.263,25.129,534171
1782536530971,0,0,0.000,6.524,6.524,0.188,0.157,0.204,25.129,534204
1782536531003,0,0,0.006,6.524,6.508,0.220,0.157,0.355,25.129,534237
1782536531039,0,0,0.000,6.533,6.533,0.251,0.157,0.215,25.129,534270
1782536531070,0,0,0.000,6.533,6.524,0.188,0.188,0.269,25.043,534303
1782536531112,0,0,0.000,6.533,6.524,0.157,0.157,0.253,25.129,534336
1782536531137,0,0,0.000,6.524,6.524,0.188,0.188,0.398,25.129,534369
1782536531171,0,0,0.006,6.533,6.541,0.157,0.126,0.210,25.129,534402
1782536531202,0,0,0.000,6.533,6.533,0.188,0.157,0.215,25.129,534435
1782536531238,0,0,0.000,6.533,6.524,0.220,0.188,0.215,25.129,534468
1782536531276,0,0,0.000,6.541,6.524,0.220,0.126,0.220,25.129,534501
1782536531303,0,0,0.000,6.524,6.524,0.188,0.157,0.323,25.043,534534
1782536531336,0,0,0.000,6.533,6.524,0.188,0.157,0.199,25.129,534567
1782536531377,0,0,0.006,6.541,6.524,0.188,0.126,0.210,25.043,534600
1782536531403,0,0,0.000,6.533,6.516,0.188,0.126,0.215,25.043,534633
1782536531435,0,0,0.012,6.533,6.549,0.188,0.126,0.210,25.043,534666
1782536531470,0,0,0.000,6.533,6.533,0.220,0.157,0.204,25.129,534699
1782536531503,0,0,0.000,6.533,6.524,0.188,0.157,0.204,25.129,534732
1782536531536,0,0,0.000,6.533,6.533,0.188,0.126,0.253,25.129,534765
1782536531569,0,0,0.000,6.524,6.516,0.188,0.157,0.452,25.043,534798
1782536531606,0,0,0.000,6.524,6.524,0.157,0.126,0.296,25.129,534831
1782536531636,0,0,0.000,6.524,6.533,0.220,0.157,0.226,25.129,534864
1782536531669,0,0,0.000,6.533,6.533,0.188,0.188,0.210,25.043,534897
1782536531707,0,0,0.000,6.533,6.508,0.188,0.157,0.317,25.129,534930
1782536531737,0,0,0.006,6.541,6.524,0.188,0.126,0.280,25.129,534963
1782536531772,0,0,0.000,6.524,6.524,0.251,0.157,0.312,25.129,534996
1782536531804,0,0,0.000,6.533,6.524,0.188,0.220,0.269,25.129,535029
1782536531836,0,0,0.000,6.524,6.524,0.188,0.157,0.237,25.043,535062
1782536531873,0,0,0.006,6.541,6.533,0.157,0.188,0.231,25.043,535095
1782536531901,0,0,0.000,6.541,6.533,0.188,0.157,0.220,25.129,535128
1782536531939,0,0,0.000,6.533,6.516,0.188,0.157,0.328,25.043,535161
1782536531967,0,0,0.006,6.541,6.541,0.188,0.188,0.210,25.129,535194
1782536532003,0,0,0.000,6.524,6.508,0.188,0.126,0.237,25.129,535227
1782536532035,0,0,0.000,6.533,6.533,0.188,0.157,0.215,25.129,535260
1782536532067,0,0,0.000,6.524,6.524,0.188,0.157,0.317,25.129,535293
1782536532100,0,0,0.000,6.541,6.524,0.188,0.126,0.210,25.043,535326
1782536532147,0,0,0.006,6.541,6.524,0.157,0.188,0.290,25.129,535359
1782536532172,0,0,0.000,6.541,6.533,0.157,0.157,0.210,25.043,535392
1782536532200,0,0,0.000,6.533,6.524,0.188,0.157,0.215,25.043,535425
1782536532234,0,0,0.000,6.541,6.524,0.188,0.157,0.226,25.043,535458
1782536532268,0,0,0.006,6.533,6.524,0.126,0.188,0.312,25.043,535491
1782536532300,0,0,0.000,6.533,6.533,0.126,0.157,0.215,25.129,535524
1782536532335,0,0,0.000,6.524,6.516,0.157,0.157,0.414,25.129,535557
1782536532367,0,0,0.000,6.533,6.533,0.188,0.157,0.226,25.129,535590
1782536532400,0,0,0.000,6.533,6.516,0.188,0.126,0.258,25.129,535623
1782536532434,0,0,0.000,6.533,6.533,0.220,0.157,0.215,25.043,535656
1782536532472,0,0,0.000,6.533,6.549,0.188,0.188,0.204,25.129,535689
1782536532501,0,0,0.000,6.533,6.524,0.188,0.157,0.226,25.129,535722
1782536532534,0,0,0.000,6.533,6.533,0.126,0.157,0.253,25.129,535755
1782536532568,0,0,0.000,6.533,6.533,0.188,0.157,0.226,25.043,535788
1782536532602,0,0,0.000,6.533,6.533,0.220,0.157,0.220,25.043,535821
1782536532638,0,0,0.000,6.541,6.533,0.188,0.220,0.215,25.129,535854
1782536532667,0,0,0.000,6.541,6.533,0.126,0.188,0.220,25.129,535887
1782536532708,0,0,0.000,6.533,6.533,0.157,0.188,0.242,25.043,535920
1782536532733,0,0,0.000,6.524,6.524,0.157,0.126,0.323,25.129,535953
1782536532766,0,0,0.000,6.541,6.524,0.188,0.157,0.215,25.129,535986
1782536532802,0,0,0.000,6.524,6.508,0.188,0.188,0.306,25.129,536019
1782536532834,0,0,0.000,6.533,6.524,0.188,0.157,0.231,25.129,536052
1782536532866,0,0,0.006,6.541,6.524,0.188,0.157,0.210,25.043,536085
1782536532900,0,0,0.000,6.533,6.524,0.188,0.126,0.258,25.129,536118
1782536532936,0,0,0.006,6.533,6.533,0.157,0.157,0.237,25.043,536151
1782536532967,0,0,0.000,6.533,6.533,0.188,0.126,0.215,25.043,536184
1782536532999,0,0,0.000,6.533,6.524,0.220,0.188,0.312,25.043,536217
1782536533037,0,0,0.000,6.533,6.524,0.188,0.188,0.237,25.043,536250
1782536533065,0,0,0.000,6.533,6.524,0.157,0.157,0.242,25.043,536283
1782536533099,0,0,0.000,6.541,6.516,0.188,0.094,0.231,25.043,536316
1782536533131,0,0,0.000,6.533,6.533,0.220,0.188,0.220,25.129,536349
1782536533167,0,0,0.006,6.533,6.524,0.188,0.157,0.210,25.129,536382
1782536533199,0,0,0.000,6.533,6.533,0.188,0.157,0.220,25.129,536415
1782536533232,0,0,0.000,6.533,6.524,0.188,0.126,0.220,25.129,536448
1782536533264,0,0,0.000,6.541,6.533,0.126,0.188,0.215,25.043,536481
1782536533299,0,0,0.000,6.533,6.533,0.188,0.126,0.317,25.043,536514
1782536533331,0,0,0.000,6.533,6.524,0.157,0.157,0.274,25.129,536547
1782536533365,0,0,0.000,6.524,6.541,0.188,0.188,0.210,25.043,536580
1782536533401,0,0,0.000,6.533,6.533,0.188,0.157,0.226,25.129,536613
1782536533431,0,0,0.000,6.533,6.524,0.188,0.157,0.301,25.043,536646
1782536533465,0,0,0.000,6.524,6.541,0.188,0.157,0.215,25.043,536679
1782536533509,0,0,0.000,6.533,6.516,0.157,0.157,0.226,25.043,536712
1782536533532,0,0,0.000,6.524,6.524,0.188,0.126,0.317,25.043,536745
1782536533564,0,0,0.000,6.533,6.533,0.220,0.157,0.220,25.043,536778
1782536533601,0,0,0.000,6.541,6.533,0.157,0.157,0.237,25.043,536811
1782536533632,0,0,0.000,6.549,6.516,0.188,0.188,0.231,25.043,536844
1782536533666,0,0,0.000,6.541,6.524,0.188,0.157,0.215,25.129,536877
1782536533696,0,0,0.006,6.549,6.524,0.188,0.157,0.215,25.043,536910
1782536533732,0,0,0.000,6.549,6.524,0.188,0.157,0.220,25.043,536943
1782536533764,0,0,0.006,6.541,6.533,0.188,0.157,0.210,25.043,536976
1782536533805,0,0,0.000,6.533,6.533,0.157,0.126,0.215,25.043,537009
1782536533830,0,0,0.006,6.524,6.533,0.126,0.188,0.280,25.043,537042
1782536533866,0,0,0.006,6.533,6.524,0.188,0.188,0.242,25.129,537075
1782536533896,0,0,0.000,6.533,6.524,0.188,0.157,0.317,25.043,537108
1782536533930,0,0,0.000,6.533,6.533,0.126,0.157,0.231,25.043,537141
1782536533963,0,0,0.000,6.524,6.541,0.188,0.157,0.226,24.957,537174
1782536533996,0,0,0.000,6.533,6.541,0.188,0.157,0.204,25.043,537207
1782536534031,0,0,0.000,6.533,6.524,0.220,0.188,0.215,25.129,537240
1782536534065,0,0,0.000,6.541,6.524,0.188,0.126,0.231,25.043,537273
1782536534096,0,0,0.000,6.533,6.533,0.188,0.157,0.220,25.129,537306
1782536534129,0,0,0.000,6.533,6.533,0.157,0.126,0.237,25.129,537339
1782536534178,0,0,0.000,6.533,6.533,0.188,0.188,0.215,25.043,537372
1782536534204,0,0,0.000,6.541,6.524,0.220,0.157,0.220,25.043,537405
1782536534245,0,0,0.000,6.533,6.533,0.188,0.157,0.215,25.129,537438
1782536534270,0,0,0.000,6.533,6.533,0.220,0.157,0.210,25.043,537471
1782536534306,0,0,0.000,6.533,6.533,0.188,0.157,0.215,25.043,537504
1782536534336,0,0,0.000,6.533,6.533,0.188,0.157,0.220,25.129,537537
1782536534372,0,0,0.000,6.524,6.524,0.220,0.188,0.280,24.957,537570
1782536534405,0,0,0.000,6.533,6.533,0.188,0.157,0.237,25.043,537603
1782536534436,0,0,0.000,6.541,6.533,0.188,0.157,0.210,25.043,537636
1782536534476,0,0,0.000,6.533,6.541,0.126,0.188,0.215,25.043,537669
1782536534503,0,0,0.000,6.533,6.524,0.220,0.126,0.258,25.043,537702
1782536534535,0,0,0.000,6.541,6.524,0.220,0.188,0.237,25.043,537735
1782536534567,0,0,0.000,6.533,6.524,0.188,0.126,0.226,25.043,537768
1782536534604,0,0,0.000,6.549,6.524,0.188,0.188,0.220,25.129,537801
1782536534634,0,0,0.000,6.533,6.533,0.188,0.157,0.204,25.129,537834
1782536534667,0,0,0.000,6.541,6.533,0.188,0.126,0.210,25.043,537867
1782536534700,0,0,0.006,6.549,6.533,0.188,0.157,0.215,25.129,537900
1782536534732,0,0,0.000,6.541,6.533,0.188,0.157,0.204,25.043,537933
1782536534767,0,0,0.000,6.533,6.533,0.188,0.157,0.210,25.043,537966
1782536534798,0,0,0.006,6.533,6.524,0.188,0.188,0.210,25.043,537999
1782536534831,0,0,0.000,6.541,6.516,0.157,0.157,0.280,25.043,538032
1782536534868,0,0,0.000,6.533,6.524,0.157,0.157,0.215,25.043,538065
1782536534899,0,0,0.000,6.541,6.524,0.220,0.157,0.220,25.043,538098
1782536534930,0,0,0.000,6.533,6.524,0.188,0.157,0.204,25.043,538131
1782536534965,0,0,0.000,6.533,6.533,0.220,0.157,0.210,25.129,538164
1782536534998,0,0,0.006,6.533,6.533,0.188,0.126,0.204,25.043,538197
1782536535039,0,0,0.000,6.541,6.533,0.188,0.157,0.215,25.043,538230
1782536535062,0,0,0.000,6.549,6.533,0.188,0.188,0.204,25.043,538263
1782536535095,0,0,0.000,6.533,6.524,0.126,0.157,0.210,25.043,538296
1782536535128,0,0,0.000,6.524,6.533,0.188,0.126,0.220,25.129,538329
1782536535162,0,0,0.006,6.533,6.524,0.157,0.188,0.312,25.043,538362
1782536535195,0,0,0.006,6.549,6.541,0.188,0.126,0.220,25.043,538395
1782536535228,0,0,0.000,6.541,6.533,0.188,0.188,0.215,25.043,538428
1782536535260,0,0,0.000,6.541,6.533,0.188,0.157,0.210,25.043,538461
1782536535295,0,0,0.000,6.533,6.533,0.188,0.157,0.220,25.043,538494
1782536535327,0,0,0.000,6.533,6.533,0.220,0.157,0.215,25.043,538527
1782536535362,0,0,0.000,6.541,6.541,0.220,0.126,0.231,25.043,538560
1782536535393,0,0,0.000,6.533,6.524,0.251,0.157,0.215,25.043,538593
1782536535427,0,0,0.000,6.533,6.524,0.126,0.188,0.344,25.043,538626
1782536535467,0,0,0.006,6.533,6.524,0.188,0.126,0.258,25.043,538659
1782536535494,0,0,0.000,6.541,6.524,0.126,0.157,0.290,25.043,538692
1782536535527,0,0,0.000,6.549,6.524,0.188,0.157,0.242,25.129,538725
1782536535559,0,0,0.000,6.524,6.524,0.220,0.157,0.258,25.043,538758
1782536535592,0,0,0.000,6.533,6.533,0.188,0.188,0.258,25.043,538791
1782536535629,0,0,0.000,6.541,6.524,0.188,0.188,0.226,25.043,538824
1782536535659,0,0,0.000,6.541,6.533,0.188,0.126,0.204,25.043,538857
1782536535700,0,0,0.000,6.533,6.533,0.188,0.157,0.237,25.043,538890
1782536535726,0,0,0.000,6.541,6.524,0.157,0.157,0.204,25.129,538923
1782536535777,0,0,0.000,6.549,6.533,0.188,0.188,0.199,25.043,538956
1782536535823,0,0,0.006,6.541,6.533,0.157,0.157,0.215,25.043,538989
1782536535827,0,0,0.000,6.541,6.524,0.188,0.188,0.349,25.043,539022
1782536535860,0,0,0.000,6.549,6.533,0.188,0.157,0.215,25.043,539055
1782536535893,0,0,0.000,6.541,6.524,0.157,0.157,0.210,25.043,539088
1782536535925,0,0,0.000,6.533,6.533,0.157,0.188,0.204,25.043,539121
1782536535958,0,0,0.000,6.533,6.533,0.188,0.157,0.274,25.043,539154
1782536535993,0,0,0.000,6.533,6.524,0.188,0.188,0.215,25.043,539187
1782536536027,0,0,0.000,6.541,6.541,0.126,0.126,0.204,25.043,539220
1782536536059,0,0,0.000,6.533,6.533,0.188,0.157,0.312,25.043,539253
1782536536091,0,0,0.000,6.541,6.533,0.188,0.157,0.204,25.129,539286
1782536536125,0,0,0.006,6.533,6.524,0.188,0.126,0.312,25.043,539319
1782536536159,0,0,0.000,6.524,6.533,0.188,0.220,0.220,25.043,539352
1782536536192,0,0,0.000,6.524,6.524,0.220,0.157,0.296,25.043,539385
1782536536224,0,0,0.006,6.541,6.533,0.188,0.157,0.204,25.043,539418
1782536536257,0,0,0.000,6.533,6.533,0.188,0.157,0.231,25.043,539451
1782536536291,0,0,0.000,6.533,6.533,0.188,0.157,0.204,25.129,539484
1782536536324,0,0,0.000,6.541,6.533,0.220,0.157,0.226,25.043,539517
1782536536360,0,0,0.012,6.557,6.533,0.188,0.157,0.226,25.215,539550
1782536536397,0,0,0.000,6.533,6.541,0.220,0.126,0.215,25.043,539583
1782536536424,0,0,0.006,6.524,6.541,0.188,0.157,0.215,25.043,539616
1782536536457,0,0,0.006,6.533,6.541,0.126,0.157,0.312,25.129,539649
1782536536489,0,0,0.000,6.541,6.533,0.157,0.188,0.204,25.043,539682
1782536536525,0,0,0.000,6.541,6.524,0.188,0.157,0.210,25.043,539715
1782536536557,0,0,0.000,6.516,6.508,0.126,0.188,0.339,25.043,539748
1782536536590,0,0,0.000,6.524,6.524,0.188,0.157,0.242,25.129,539781
1782536536624,0,0,0.000,6.524,6.524,0.188,0.126,0.258,25.043,539814
1782536536657,0,0,0.000,6.533,6.533,0.188,0.157,0.237,25.129,539847
1782536536689,0,0,0.000,6.541,6.541,0.188,0.188,0.247,25.043,539880
1782536536727,0,0,0.012,6.541,6.549,0.188,0.126,0.204,25.043,539913
1782536536756,0,0,0.000,6.533,6.524,0.188,0.157,0.215,25.043,539946
1782536536789,0,0,0.000,6.533,6.533,0.188,0.220,0.215,25.043,539979
1782536536826,0,0,0.006,6.549,6.524,0.188,0.157,0.231,25.129,540012
1782536536858,0,0,0.000,6.533,6.533,0.188,0.157,0.210,24.957,540045
1782536536889,0,0,0.000,6.541,6.541,0.157,0.188,0.204,25.043,540078
1782536536928,0,0,0.006,6.549,6.541,0.188,0.157,0.204,25.043,540111
1782536536956,0,0,0.000,6.524,6.533,0.188,0.157,0.215,25.043,540144
1782536536988,0,0,0.000,6.541,6.524,0.157,0.157,0.215,25.043,540177
1782536537022,0,0,0.000,6.541,6.541,0.188,0.157,0.215,25.043,540210
1782536537056,0,0,0.000,6.541,6.533,0.188,0.157,0.210,25.043,540243
1782536537089,0,0,0.000,6.541,6.533,0.188,0.188,0.231,25.043,540276
1782536537123,0,0,0.000,6.541,6.533,0.188,0.157,0.210,25.043,540309
1782536537156,0,0,0.000,6.541,6.516,0.188,0.157,0.204,25.043,540342
1782536537189,0,0,0.000,6.557,6.533,0.188,0.157,0.204,25.043,540375
1782536537222,0,0,0.000,6.533,6.533,0.188,0.188,0.220,25.043,540408
1782536537264,0,0,0.000,6.533,6.524,0.220,0.188,0.199,25.043,540441
1782536537288,0,0,0.000,6.533,6.533,0.188,0.126,0.220,25.043,540474
1782536537323,0,0,0.006,6.541,6.533,0.188,0.188,0.220,25.043,540507
1782536537367,0,0,0.000,6.541,6.541,0.220,0.157,0.199,25.043,540540
1782536537388,0,0,0.000,6.533,6.533,0.188,0.157,0.204,25.043,540573
1782536537423,0,0,0.000,6.541,6.541,0.157,0.126,0.199,25.043,540606
1782536537461,0,0,0.000,6.533,6.524,0.157,0.157,0.333,25.129,540639
1782536537488,0,0,0.000,6.533,6.524,0.220,0.157,0.285,25.043,540672
1782536537521,0,0,0.000,6.541,6.533,0.188,0.188,0.220,25.129,540705
1782536537555,0,0,0.000,6.541,6.524,0.188,0.188,0.199,25.129,540738
1782536537589,0,0,0.000,6.549,6.524,0.188,0.126,0.199,25.129,540771
1782536537620,0,0,0.006,6.533,6.541,0.157,0.157,0.215,25.129,540804
1782536537654,0,0,0.006,6.541,6.533,0.126,0.188,0.199,25.043,540837
1782536537687,0,0,0.000,6.541,6.533,0.188,0.157,0.215,25.043,540870
1782536537720,0,0,0.000,6.541,6.541,0.157,0.157,0.215,25.129,540903
1782536537753,0,0,0.006,6.549,6.524,0.188,0.157,0.231,25.043,540936
1782536537788,0,0,0.000,6.541,6.533,0.188,0.157,0.210,25.043,540969
1782536537820,0,0,0.000,6.541,6.524,0.188,0.188,0.220,25.043,541002
1782536537855,0,0,0.000,6.541,6.533,0.188,0.157,0.231,25.129,541035
1782536537886,0,0,0.000,6.541,6.533,0.188,0.157,0.231,25.043,541068
1782536537919,0,0,0.000,6.533,6.533,0.188,0.157,0.226,25.129,541101
1782536537954,0,0,0.000,6.524,6.541,0.188,0.157,0.220,25.043,541134
1782536537989,0,0,0.000,6.541,6.533,0.157,0.157,0.226,25.129,541167
1782536538019,0,0,0.000,6.541,6.524,0.188,0.126,0.231,25.129,541200
1782536538056,0,0,0.000,6.533,6.541,0.220,0.157,0.194,25.043,541233
1782536538087,0,0,0.000,6.557,6.541,0.188,0.157,0.220,25.043,541266
1782536538120,0,0,0.000,6.541,6.541,0.220,0.188,0.215,25.043,541299
1782536538155,0,0,0.000,6.541,6.524,0.188,0.157,0.210,25.043,541332
1782536538188,0,0,0.000,6.541,6.541,0.188,0.157,0.242,25.129,541365
1782536538221,0,0,0.000,6.533,6.533,0.126,0.188,0.231,25.043,541398
1782536538253,0,0,0.000,6.541,6.524,0.157,0.126,0.204,25.043,541431
1782536538285,0,0,0.000,6.549,6.533,0.188,0.126,0.199,25.043,541464
1782536538335,0,0,0.000,6.541,6.524,0.188,0.157,0.210,25.043,541497
1782536538352,0,0,0.000,6.541,6.524,0.188,0.188,0.204,25.043,541530
1782536538385,0,0,0.000,6.541,6.524,0.188,0.157,0.312,25.043,541563
1782536538418,0,0,0.000,6.549,6.524,0.157,0.126,0.215,25.043,541596
1782536538461,0,0,0.000,6.533,6.533,0.188,0.157,0.220,25.043,541629
1782536538496,0,0,0.000,6.541,6.533,0.188,0.157,0.194,25.043,541662
1782536538520,0,0,0.012,6.541,6.533,0.220,0.126,0.210,25.043,541695
1782536538565,0,0,0.000,6.541,6.533,0.157,0.188,0.231,25.129,541728
1782536538595,0,0,0.000,6.524,6.516,0.157,0.157,0.435,25.043,541761
1782536538626,0,0,0.000,6.557,6.549,0.188,0.126,0.210,25.129,541794
1782536538669,0,0,0.000,6.533,6.541,0.157,0.126,0.231,25.043,541827
1782536538694,0,0,0.000,6.524,6.516,0.188,0.157,0.296,25.043,541860
1782536538736,0,0,0.000,6.541,6.524,0.220,0.126,0.258,25.043,541893
1782536538758,0,0,0.006,6.533,6.533,0.188,0.157,0.328,25.043,541926
1782536538792,0,0,0.000,6.533,6.524,0.188,0.157,0.215,25.043,541959
1782536538825,0,0,0.000,6.541,6.533,0.220,0.157,0.220,25.043,541992
1782536538857,0,0,0.006,6.533,6.541,0.188,0.157,0.204,25.043,542025
1782536538890,0,0,0.000,6.549,6.533,0.188,0.157,0.210,25.043,542058
1782536538924,0,0,0.000,6.541,6.541,0.157,0.188,0.199,25.129,542091
1782536538956,0,0,0.006,6.541,6.549,0.188,0.157,0.194,25.043,542124
1782536538989,30,30,0.000,6.541,6.533,0.188,0.188,0.210,25.043,542157
1782536539094,105,105,0.000,6.549,6.541,0.188,0.157,0.204,25.043,542190
1782536539094,105,105,0.006,6.541,6.533,0.157,0.188,0.220,25.043,542223
1782536539104,120,120,0.000,6.541,6.524,0.220,0.157,0.215,25.043,542256
1782536539121,135,135,0.000,6.524,6.524,0.157,0.126,0.215,25.043,542289
1782536539154,150,150,0.000,6.541,6.541,0.157,0.157,0.215,25.129,542322
1782536539187,180,180,0.000,6.524,6.516,0.188,0.220,0.204,25.043,542355
1782536539220,210,210,0.000,6.475,6.466,0.628,0.345,0.349,25.043,542388
1782536539259,225,225,0.006,6.442,6.442,0.816,0.408,0.204,25.043,542421
1782536539295,255,255,0.000,6.417,6.408,0.879,0.690,0.349,25.043,542454
1782536539320,285,285,0.000,6.408,6.408,1.318,0.690,0.199,25.043,542487
1782536539353,300,300,0.000,6.400,6.392,1.004,0.816,0.263,25.043,542520
1782536539388,260,260,0.006,6.392,6.350,1.443,0.753,0.204,25.043,542553
1782536539419,240,240,0.006,6.384,6.375,1.255,0.722,0.199,25.043,542586
1782536539452,200,200,0.000,6.417,6.400,1.067,0.628,0.194,25.043,542619
1782536539485,160,160,0.000,6.466,6.466,0.628,0.314,0.194,25.129,542652
1782536539529,120,120,0.000,6.483,6.483,0.439,0.251,0.204,25.043,542685
1782536539550,100,100,0.000,6.499,6.491,0.251,0.251,0.349,25.043,542718
1782536539583,60,60,0.000,6.524,6.524,0.188,0.188,0.204,25.043,542751
1782536539616,40,40,0.000,6.524,6.516,0.188,0.157,0.210,25.043,542784
1782536539649,0,0,0.000,6.533,6.533,0.126,0.157,0.199,25.043,542817
1782536539684,0,0,0.000,6.516,6.516,0.188,0.157,0.355,25.043,542850
1782536539715,0,0,0.000,6.524,6.524,0.157,0.126,0.242,25.043,542883
1782536539749,0,0,0.006,6.524,6.516,0.188,0.157,0.349,25.215,542916
1782536539784,0,0,0.000,6.541,6.516,0.126,0.157,0.199,25.043,542949
1782536539815,0,0,0.000,6.524,6.516,0.220,0.220,0.269,25.043,542982
1782536539849,0,0,0.000,6.524,6.524,0.157,0.157,0.204,25.043,543015
1782536539882,0,0,0.000,6.533,6.524,0.220,0.157,0.231,25.043,543048
1782536539915,0,0,0.006,6.516,6.524,0.188,0.157,0.210,25.043,543081
1782536539948,0,0,0.000,6.524,6.516,0.188,0.188,0.387,25.043,543114
1782536539997,0,0,0.000,6.533,6.533,0.188,0.157,0.290,25.043,543147
1782536540021,0,0,0.000,6.524,6.516,0.157,0.157,0.306,25.043,543180
1782536540048,0,0,0.000,6.533,6.533,0.188,0.188,0.194,25.043,543213
1782536540084,0,0,0.000,6.524,6.516,0.157,0.220,0.210,25.129,543246
1782536540124,0,0,0.000,6.524,6.516,0.126,0.188,0.296,25.043,543279
1782536540148,0,0,0.000,6.533,6.533,0.188,0.188,0.204,25.129,543312
1782536540182,0,0,0.000,6.541,6.533,0.188,0.157,0.204,25.043,543345
1782536540216,0,0,0.000,6.533,6.524,0.188,0.157,0.215,25.043,543378
1782536540247,0,0,0.000,6.533,6.533,0.220,0.157,0.210,25.043,543411
1782536540282,0,0,0.000,6.541,6.524,0.220,0.094,0.237,25.043,543444
1782536540314,0,0,0.006,6.533,6.524,0.188,0.157,0.339,25.129,543477
1782536540357,0,0,0.000,6.541,6.541,0.157,0.157,0.204,25.043,543510
1782536540404,0,0,0.000,6.533,6.533,0.157,0.188,0.226,25.043,543543
1782536540414,0,0,0.000,6.524,6.533,0.157,0.126,0.280,25.043,543576
1782536540447,0,0,0.000,6.533,6.516,0.188,0.157,0.344,25.043,543609
1782536540487,0,0,0.000,6.524,6.508,0.188,0.188,0.247,25.043,543642
1782536540514,0,0,0.000,6.524,6.533,0.188,0.157,0.253,25.043,543675
1782536540548,0,0,0.000,6.533,6.524,0.188,0.157,0.242,25.043,543708
1782536540580,0,0,0.000,6.533,6.533,0.188,0.157,0.215,25.043,543741
1782536540614,0,0,0.000,6.524,6.533,0.188,0.157,0.242,25.043,543774
1782536540660,0,0,0.000,6.524,6.524,0.126,0.126,0.323,25.129,543807
1782536540682,0,0,0.000,6.533,6.524,0.188,0.157,0.258,25.043,543840
1782536540756,0,0,0.000,6.524,6.516,0.188,0.126,0.333,25.129,543873
1782536540767,0,0,0.000,6.533,6.524,0.188,0.157,0.215,25.043,543906
1782536540780,0,0,0.006,6.533,6.524,0.188,0.157,0.215,25.043,543939
1782536540819,0,0,0.000,6.533,6.524,0.188,0.157,0.220,25.043,543972
1782536540846,0,0,0.000,6.533,6.524,0.188,0.188,0.366,25.043,544005
1782536540891,0,0,0.000,6.533,6.533,0.188,0.126,0.220,25.043,544038
1782536540947,0,0,0.006,6.533,6.533,0.188,0.126,0.210,25.043,544071
1782536540954,0,0,0.000,6.533,6.516,0.188,0.157,0.306,25.043,544104
1782536540982,0,0,0.000,6.541,6.541,0.157,0.157,0.220,25.043,544137
1782536541014,0,0,0.000,6.524,6.524,0.188,0.188,0.333,25.043,544170
1782536541049,0,0,0.006,6.541,6.533,0.188,0.157,0.215,25.043,544203
1782536541080,0,0,0.006,6.541,6.524,0.188,0.188,0.210,25.043,544236
1782536541112,0,0,0.000,6.516,6.524,0.188,0.188,0.323,25.129,544269
1782536541146,0,0,0.006,6.541,6.533,0.188,0.157,0.220,25.043,544302
1782536541182,0,0,0.006,6.549,6.533,0.157,0.126,0.199,25.043,544335
1782536541212,0,0,0.000,6.533,6.533,0.188,0.157,0.226,25.043,544368
1782536541245,0,0,0.006,6.533,6.533,0.188,0.126,0.220,25.043,544401
1782536541279,0,0,0.000,6.541,6.524,0.188,0.157,0.220,25.129,544434
1782536541312,0,0,0.006,6.549,6.524,0.188,0.188,0.220,25.043,544467
1782536541346,0,0,0.000,6.524,6.541,0.157,0.126,0.210,25.043,544500
1782536541378,15,15,0.000,6.541,6.541,0.188,0.157,0.237,25.129,544533
1782536541414,45,45,0.000,6.541,6.533,0.157,0.157,0.215,25.043,544566
1782536541444,75,75,0.000,6.541,6.524,0.188,0.157,0.220,25.043,544599
1782536541479,90,90,0.000,6.541,6.533,0.220,0.157,0.215,25.043,544632
1782536541511,120,120,0.000,6.533,6.533,0.188,0.157,0.215,25.043,544665
1782536541547,150,150,0.000,6.524,6.524,0.188,0.157,0.231,25.043,544698
1782536541582,165,165,0.006,6.508,6.499,0.251,0.251,0.317,25.043,544731
1782536541615,195,195,0.000,6.491,6.475,0.471,0.314,0.280,25.129,544764
1782536541644,210,210,0.000,6.425,6.408,1.381,0.408,0.226,25.129,544797
1782536541678,205,205,0.000,6.442,6.433,0.784,0.628,0.220,25.043,544830
1782536541711,165,165,0.000,6.417,6.400,0.973,0.628,0.263,25.043,544863
1782536541745,125,125,0.000,6.450,6.442,0.722,0.439,0.355,25.043,544896
1782536541778,105,105,0.000,6.499,6.499,0.282,0.220,0.220,25.129,544929
1782536541810,65,65,0.000,6.516,6.516,0.188,0.157,0.247,25.043,544962
1782536541847,25,25,0.006,6.524,6.508,0.157,0.157,0.226,25.043,544995
1782536541877,5,5,0.006,6.541,6.533,0.188,0.157,0.242,25.129,545028
1782536541911,0,0,0.000,6.533,6.533,0.188,0.157,0.220,25.129,545061
1782536541947,0,0,0.000,6.533,6.533,0.251,0.157,0.204,25.043,545094
1782536541978,0,0,0.000,6.533,6.524,0.188,0.157,0.226,25.043,545127
1782536542011,30,30,0.000,6.541,6.533,0.188,0.157,0.220,25.043,545160
1782536542045,60,60,0.000,6.533,6.533,0.188,0.157,0.226,25.129,545193
1782536542080,75,75,0.000,6.524,6.516,0.188,0.157,0.226,25.043,545226
1782536542112,135,75,0.000,6.516,6.533,0.188,0.188,0.215,25.043,545259
1782536542147,195,75,0.000,6.533,6.533,0.188,0.157,0.215,25.043,545292
1782536542178,225,75,0.006,6.524,6.516,0.251,0.188,0.215,25.043,545325
1782536542209,285,75,0.000,6.491,6.483,0.157,0.628,0.237,25.129,545358
1782536542250,345,75,0.000,6.442,6.433,0.157,1.255,0.210,25.129,545391
1782536542277,375,75,0.006,6.458,6.433,0.220,1.192,0.231,25.043,545424
1782536542312,435,75,0.012,6.408,6.375,0.188,1.851,0.210,25.043,545457
1782536542344,465,75,0.000,6.359,6.359,0.220,2.165,0.226,25.043,545490
1782536542376,500,75,0.000,6.384,6.367,0.314,2.008,0.242,25.043,545523
1782536542409,500,75,0.006,6.301,6.268,0.157,3.169,0.226,25.043,545556
1782536542445,500,75,0.000,6.317,6.301,0.220,2.698,0.253,25.043,545589
1782536542475,465,75,0.000,6.326,6.292,0.345,2.981,0.263,25.129,545622
1782536542509,385,75,0.000,6.342,6.326,0.188,2.259,0.317,25.129,545655
1782536542544,345,75,0.000,6.400,6.392,0.220,1.569,0.226,25.043,545688
1782536542576,265,75,0.006,6.408,6.400,0.188,1.412,0.328,25.043,545721
1782536542610,185,75,0.006,6.475,6.458,0.188,0.596,0.231,25.043,545754
1782536542641,145,75,0.000,6.483,6.475,0.220,0.502,0.237,25.043,545787
1782536542676,70,70,0.000,6.524,6.508,0.188,0.220,0.215,25.043,545820
1782536542709,30,30,0.000,6.516,6.533,0.157,0.126,0.226,25.043,545853
1782536542742,10,10,0.000,6.524,6.516,0.188,0.157,0.242,25.043,545886
1782536542777,0,0,0.000,6.516,6.524,0.188,0.157,0.215,25.129,545919
1782536542808,0,0,0.000,6.524,6.524,0.188,0.157,0.215,25.129,545952
1782536542850,0,0,0.000,6.524,6.516,0.188,0.157,0.226,24.957,545985
1782536542883,0,0,0.000,6.516,6.524,0.188,0.157,0.242,25.043,546018
1782536542918,0,0,0.000,6.524,6.516,0.220,0.157,0.231,25.043,546051
1782536542949,0,0,0.000,6.524,6.524,0.188,0.157,0.210,25.043,546084
1782536542985,0,0,0.000,6.524,6.516,0.126,0.157,0.220,25.043,546117
1782536543015,0,0,0.000,6.533,6.516,0.188,0.157,0.226,25.043,546150
1782536543053,0,0,0.000,6.524,6.524,0.188,0.157,0.204,25.043,546183
1782536543085,0,0,0.000,6.524,6.516,0.188,0.188,0.360,25.043,546216
1782536543115,0,0,0.000,6.533,6.516,0.157,0.188,0.344,25.043,546249
1782536543148,0,0,0.000,6.516,6.516,0.188,0.157,0.312,25.043,546282
1782536543180,0,0,0.000,6.524,6.524,0.188,0.157,0.215,25.043,546315
1782536543215,0,0,0.000,6.524,6.524,0.188,0.157,0.215,25.043,546348
1782536543266,0,0,0.000,6.541,6.524,0.188,0.188,0.210,25.129,546381
1782536543281,0,0,0.000,6.533,6.533,0.188,0.157,0.220,25.043,546414
1782536543314,0,0,0.000,6.533,6.524,0.188,0.157,0.226,25.043,546447
1782536543360,0,0,0.000,6.533,6.524,0.188,0.157,0.237,25.043,546480
1782536543389,0,0,0.000,6.524,6.533,0.220,0.157,0.204,25.043,546513
1782536543412,0,0,0.000,6.524,6.524,0.188,0.157,0.204,25.129,546546
1782536543444,0,0,0.000,6.533,6.533,0.188,0.157,0.210,25.043,546579
1782536543491,0,0,0.000,6.533,6.524,0.188,0.157,0.204,25.043,546612
1782536543510,0,0,0.000,6.533,6.524,0.188,0.157,0.210,25.043,546645
1782536543546,-30,-30,0.006,6.533,6.524,0.157,0.157,0.215,25.043,546678
1782536543576,-60,-60,0.006,6.533,6.524,0.188,0.157,0.269,25.043,546711
1782536543634,-105,-105,0.000,6.533,6.524,0.188,0.157,0.204,25.043,546744
1782536543679,-135,-135,0.000,6.516,6.516,0.188,0.157,0.312,25.043,546777
1782536543691,-135,-135,0.000,6.533,6.524,0.188,0.157,0.215,25.043,546810
1782536543708,-150,-150,0.000,6.524,6.516,0.157,0.157,0.339,25.043,546843
1782536543754,-90,-90,0.006,6.533,6.524,0.157,0.220,0.215,25.043,546876
1782536543775,-70,-70,0.000,6.508,6.491,0.282,0.220,0.269,25.043,546909
1782536543807,-50,-50,0.000,6.499,6.508,0.251,0.251,0.199,25.129,546942
1782536543840,-10,-10,0.000,6.524,6.533,0.188,0.157,0.220,25.043,546975
1782536543873,0,0,0.000,6.524,6.524,0.188,0.157,0.317,25.129,547008
1782536543908,0,0,0.000,6.533,6.524,0.188,0.157,0.215,25.129,547041
1782536543941,0,0,0.000,6.533,6.533,0.220,0.188,0.210,25.043,547074
1782536543987,0,0,0.000,6.533,6.524,0.188,0.157,0.210,25.129,547107
1782536544018,0,0,0.000,6.524,6.524,0.188,0.157,0.280,25.129,547140
1782536544038,0,0,0.000,6.516,6.508,0.188,0.157,0.446,25.043,547173
1782536544079,0,0,0.006,6.524,6.524,0.157,0.157,0.280,25.043,547206
1782536544105,0,0,0.006,6.516,6.508,0.188,0.188,0.306,25.043,547239
1782536544139,0,0,0.000,6.533,6.524,0.220,0.188,0.258,25.043,547272
1782536544177,-30,-30,0.000,6.524,6.516,0.220,0.157,0.323,25.043,547305
1782536544216,-60,-60,0.000,6.533,6.524,0.188,0.157,0.215,25.043,547338
1782536544237,-75,-75,0.000,6.533,6.524,0.188,0.188,0.215,25.043,547371
1782536544271,-90,-90,0.000,6.533,6.516,0.188,0.157,0.237,25.129,547404
1782536544304,-120,-120,0.000,6.524,6.516,0.188,0.157,0.317,25.129,547437
1782536544338,-150,-150,0.000,6.524,6.524,0.188,0.188,0.263,25.043,547470
1782536544371,-165,-165,0.000,6.524,6.508,0.188,0.220,0.349,25.043,547503
1782536544414,-210,-210,0.006,6.491,6.475,0.439,0.408,0.226,25.043,547536
1782536544437,-225,-225,0.000,6.458,6.433,0.502,0.659,0.435,25.043,547569
1782536544470,-240,-240,0.000,6.450,6.433,0.502,0.596,0.215,25.043,547602
1782536544513,-270,-270,0.000,6.408,6.392,0.784,1.004,0.220,25.129,547635
1782536544538,-300,-300,0.000,6.425,6.392,0.816,0.753,0.253,25.129,547668
1782536544570,-315,-315,0.000,6.417,6.400,0.879,0.753,0.215,25.129,547701
1782536544603,-275,-275,0.000,6.384,6.375,1.224,0.847,0.215,25.043,547734
1782536544640,-235,-235,0.006,6.375,6.334,1.318,1.130,0.220,25.043,547767
1782536544670,-215,-215,0.000,6.408,6.384,0.973,0.753,0.231,25.129,547800
1782536544702,-175,-175,0.000,6.450,6.458,0.502,0.439,0.226,25.129,547833
1782536544736,-135,-135,0.000,6.483,6.466,0.314,0.282,0.226,25.129,547866
1782536544769,-115,-115,0.006,6.508,6.499,0.188,0.251,0.290,25.043,547899
1782536544804,-75,-75,0.000,6.508,6.499,0.188,0.188,0.462,25.129,547932
1782536544858,-15,-15,0.000,6.516,6.516,0.188,0.188,0.280,25.043,547965
1782536544869,-15,-15,0.000,6.516,6.508,0.157,0.157,0.274,25.129,547998
1782536544905,0,0,0.000,6.533,6.516,0.188,0.157,0.280,25.043,548031
1782536544936,0,0,0.000,6.524,6.524,0.126,0.188,0.237,25.043,548064
1782536544969,0,0,0.000,6.524,6.533,0.188,0.157,0.215,25.043,548097
1782536545003,0,0,0.000,6.524,6.524,0.188,0.157,0.285,25.043,548130
1782536545037,0,0,0.000,6.524,6.516,0.251,0.126,0.210,25.043,548163
1782536545069,0,0,0.000,6.524,6.533,0.188,0.157,0.226,25.043,548196
1782536545102,0,0,0.000,6.524,6.516,0.188,0.188,0.231,25.043,548229
1782536545135,0,0,0.000,6.524,6.524,0.188,0.126,0.237,25.043,548262
1782536545169,0,0,0.000,6.533,6.516,0.188,0.126,0.220,25.043,548295
1782536545202,0,0,0.000,6.524,6.524,0.188,0.157,0.215,25.043,548328
1782536545236,0,0,0.012,6.516,6.524,0.157,0.157,0.226,25.043,548361
1782536545268,0,0,0.000,6.524,6.516,0.188,0.157,0.226,25.043,548394
1782536545301,0,0,0.000,6.524,6.516,0.188,0.157,0.220,25.043,548427
1782536545335,0,0,0.000,6.524,6.516,0.188,0.157,0.328,25.043,548460
1782536545368,0,0,0.006,6.524,6.516,0.220,0.157,0.210,25.129,548493
1782536545402,0,0,0.000,6.524,6.524,0.220,0.220,0.226,25.043,548526
1782536545434,15,15,0.000,6.541,6.516,0.188,0.157,0.247,25.043,548559
1782536545469,45,45,0.000,6.524,6.533,0.188,0.157,0.215,25.129,548592
1782536545501,75,75,0.000,6.516,6.524,0.188,0.157,0.226,25.043,548625
1782536545534,90,90,0.000,6.533,6.524,0.188,0.188,0.237,25.043,548658
1782536545569,120,120,0.000,6.524,6.524,0.188,0.126,0.226,25.129,548691
1782536545601,150,150,0.000,6.533,6.533,0.220,0.157,0.210,25.043,548724
1782536545636,130,130,0.000,6.516,6.516,0.188,0.188,0.285,25.043,548757
1782536545668,90,90,0.000,6.483,6.475,0.377,0.408,0.237,25.129,548790
1782536545701,50,50,0.000,6.516,6.508,0.220,0.251,0.226,25.043,548823
1782536545737,30,30,0.000,6.508,6.524,0.188,0.251,0.242,25.043,548856
1782536545767,0,0,0.012,6.533,6.524,0.188,0.126,0.231,25.043,548889
1782536545808,0,0,0.006,6.524,6.524,0.188,0.157,0.204,25.043,548922
1782536545838,0,0,0.000,6.533,6.533,0.157,0.157,0.237,25.043,548955
1782536545870,0,0,0.006,6.524,6.533,0.188,0.126,0.376,25.043,548988
1782536545903,0,0,0.000,6.533,6.508,0.188,0.157,0.237,25.043,549021
1782536545933,0,0,0.000,6.541,6.524,0.188,0.188,0.215,25.043,549054
1782536545967,0,0,0.000,6.533,6.533,0.157,0.188,0.220,25.129,549087
1782536546000,0,0,0.000,6.533,6.524,0.188,0.126,0.210,25.043,549120
1782536546035,0,0,0.000,6.533,6.541,0.220,0.157,0.231,25.129,549153
1782536546067,0,0,0.000,6.524,6.533,0.157,0.157,0.204,25.129,549186
1782536546100,0,0,0.000,6.533,6.524,0.188,0.157,0.253,25.043,549219
1782536546133,0,0,0.000,6.524,6.524,0.188,0.126,0.215,25.129,549252
1782536546167,0,0,0.000,6.533,6.524,0.157,0.126,0.215,25.129,549285
1782536546200,0,0,0.000,6.533,6.524,0.188,0.157,0.215,25.043,549318
1782536546233,0,0,0.000,6.524,6.541,0.188,0.157,0.242,25.043,549351
1782536546271,0,0,0.000,6.533,6.533,0.188,0.157,0.215,25.129,549384
1782536546301,15,-15,0.006,6.524,6.524,0.188,0.126,0.317,25.043,549417
1782536546333,30,-30,0.000,6.549,6.524,0.188,0.157,0.237,25.129,549450
1782536546366,0,0,0.000,6.524,6.524,0.188,0.188,0.344,25.043,549483
1782536546400,0,0,0.000,6.533,6.524,0.188,0.157,0.215,25.129,549516
1782536546432,0,0,0.000,6.533,6.533,0.188,0.157,0.231,25.043,549549
1782536546467,0,0,0.000,6.516,6.524,0.188,0.157,0.242,25.129,549582
1782536546499,0,0,0.000,6.524,6.524,0.188,0.157,0.237,25.043,549615
1782536546533,0,0,0.000,6.524,6.516,0.157,0.220,0.226,25.043,549648
1782536546566,0,0,0.000,6.533,6.524,0.188,0.126,0.237,25.043,549681
1782536546599,0,0,0.000,6.533,6.524,0.188,0.126,0.210,25.043,549714
1782536546631,0,0,0.006,6.533,6.533,0.126,0.157,0.210,25.043,549747
1782536546665,0,0,0.000,6.541,6.533,0.188,0.126,0.220,25.043,549780
1782536546698,0,0,0.000,6.533,6.524,0.188,0.157,0.210,25.043,549813
1782536546731,0,0,0.000,6.533,6.524,0.188,0.188,0.269,25.129,549846
1782536546765,0,0,0.000,6.533,6.533,0.188,0.188,0.231,25.043,549879
1782536546809,0,0,0.000,6.524,6.533,0.157,0.188,0.215,25.043,549912
1782536546831,0,0,0.000,6.524,6.524,0.188,0.188,0.349,25.043,549945
1782536546866,0,0,0.000,6.549,6.524,0.157,0.126,0.215,25.129,549978
1782536546904,0,0,0.000,6.533,6.533,0.157,0.126,0.215,25.043,550011
1782536546931,0,0,0.000,6.533,6.516,0.157,0.157,0.333,25.043,550044
1782536546965,0,0,0.000,6.541,6.541,0.157,0.157,0.220,25.129,550077
1782536547006,0,0,0.000,6.524,6.533,0.188,0.157,0.215,25.043,550110
1782536547030,0,0,0.000,6.524,6.516,0.188,0.157,0.323,25.043,550143
1782536547068,0,0,0.000,6.533,6.524,0.188,0.188,0.242,25.129,550176
1782536547097,0,0,0.000,6.533,6.541,0.188,0.157,0.226,25.043,550209
1782536547131,0,0,0.000,6.541,6.524,0.188,0.157,0.231,25.043,550242
1782536547169,0,0,0.012,6.533,6.533,0.188,0.157,0.237,25.043,550275
1782536547220,0,0,0.006,6.541,6.524,0.188,0.157,0.215,25.043,550308
1782536547243,0,0,0.000,6.541,6.524,0.188,0.157,0.215,25.043,550341
1782536547279,0,0,0.000,6.533,6.533,0.188,0.157,0.215,25.129,550374
1782536547306,0,0,0.000,6.541,6.524,0.188,0.126,0.210,25.043,550407
1782536547339,0,0,0.000,6.524,6.524,0.188,0.188,0.237,25.043,550440
1782536547374,0,0,0.000,6.533,6.541,0.157,0.126,0.220,25.043,550473
1782536547405,0,0,0.000,6.524,6.524,0.188,0.157,0.210,25.043,550506
1782536547439,0,0,0.000,6.524,6.533,0.157,0.188,0.237,25.129,550539
1782536547476,0,0,0.000,6.524,6.524,0.188,0.157,0.333,25.043,550572
1782536547503,0,0,0.000,6.533,6.533,0.188,0.188,0.204,25.043,550605
1782536547541,0,0,0.000,6.533,6.533,0.251,0.188,0.204,25.129,550638
1782536547570,0,0,0.000,6.508,6.516,0.220,0.157,0.280,25.043,550671
1782536547617,0,0,0.000,6.549,6.524,0.188,0.157,0.215,25.129,550704
1782536547635,0,0,0.000,6.533,6.524,0.188,0.157,0.269,25.043,550737
1782536547669,0,0,0.000,6.533,6.524,0.188,0.157,0.215,25.129,550770
1782536547703,0,0,0.000,6.533,6.533,0.188,0.157,0.204,25.043,550803
1782536547735,0,0,0.000,6.533,6.524,0.188,0.157,0.226,25.129,550836
1782536547768,0,0,0.006,6.533,6.533,0.157,0.157,0.210,25.129,550869
1782536547800,0,0,0.000,6.533,6.533,0.157,0.157,0.215,25.043,550902
1782536547834,0,0,0.000,6.533,6.533,0.188,0.188,0.220,25.043,550935
1782536547869,0,0,0.000,6.541,6.524,0.188,0.157,0.210,25.043,550968
1782536547899,0,0,0.000,6.524,6.533,0.188,0.188,0.210,25.129,551001
1782536547932,0,0,0.000,6.541,6.533,0.188,0.157,0.220,25.129,551034
1782536547965,0,0,0.000,6.533,6.533,0.157,0.157,0.210,25.043,551067
1782536547998,0,0,0.000,6.533,6.533,0.157,0.188,0.220,25.129,551100
1782536548033,0,0,0.006,6.541,6.533,0.220,0.157,0.199,25.129,551133
1782536548066,0,0,0.000,6.541,6.524,0.188,0.157,0.215,25.043,551166
1782536548097,0,0,0.000,6.541,6.541,0.188,0.188,0.215,25.129,551199
1782536548130,15,15,0.000,6.524,6.524,0.157,0.157,0.312,25.043,551232
1782536548163,30,30,0.006,6.533,6.524,0.157,0.157,0.204,25.043,551265
1782536548197,60,60,0.000,6.541,6.533,0.188,0.126,0.220,25.129,551298
1782536548231,90,90,0.000,6.524,6.541,0.188,0.188,0.199,25.043,551331
1782536548262,105,105,0.000,6.524,6.516,0.188,0.157,0.280,25.043,551364
1782536548296,135,135,0.000,6.524,6.524,0.188,0.157,0.242,25.129,551397
1782536548329,165,165,0.000,6.524,6.541,0.188,0.157,0.199,25.043,551430
1782536548361,180,180,0.000,6.475,6.491,0.565,0.439,0.231,25.043,551463
1782536548398,210,210,0.000,6.483,6.466,0.345,0.628,0.204,25.043,551496
1782536548429,240,240,0.000,6.458,6.442,0.596,0.565,0.215,25.043,551529
1782536548460,255,255,0.000,6.408,6.392,0.910,0.784,0.323,25.043,551562
1782536548501,285,285,0.000,6.408,6.400,0.941,0.784,0.301,25.043,551595
1782536548534,245,245,0.000,6.400,6.392,1.098,0.628,0.425,25.129,551628
1782536548562,225,225,0.000,6.367,6.359,1.349,0.910,0.231,25.129,551661
1782536548593,185,185,0.000,6.417,6.408,1.035,0.502,0.237,25.043,551694
1782536548627,165,165,0.000,6.491,6.483,0.377,0.282,0.215,25.043,551727
1782536548659,125,125,0.000,6.508,6.508,0.251,0.126,0.360,25.129,551760
1782536548694,85,85,0.000,6.508,6.499,0.188,0.220,0.274,25.043,551793
1782536548726,65,65,0.000,6.524,6.508,0.157,0.157,0.419,25.043,551826
1782536548759,25,25,0.000,6.524,6.524,0.251,0.157,0.280,25.043,551859
1782536548795,0,0,0.000,6.524,6.508,0.188,0.157,0.317,25.129,551892
1782536548852,0,0,0.000,6.524,6.516,0.188,0.126,0.215,25.043,551925
1782536548861,0,0,0.000,6.533,6.524,0.188,0.157,0.226,25.043,551958
1782536548901,0,0,0.000,6.524,6.524,0.188,0.157,0.280,25.129,551991
1782536548930,0,0,0.000,6.524,6.516,0.188,0.157,0.344,25.129,552024
1782536548959,0,0,0.012,6.541,6.533,0.188,0.157,0.204,25.215,552057
1782536548994,0,0,0.006,6.541,6.533,0.188,0.157,0.215,25.043,552090
1782536549026,0,0,0.000,6.524,6.524,0.157,0.157,0.306,25.043,552123
1782536549072,0,0,0.006,6.533,6.533,0.188,0.188,0.237,25.129,552156
1782536549101,0,0,0.000,6.524,6.533,0.188,0.126,0.215,25.043,552189
1782536549125,0,0,0.000,6.533,6.524,0.188,0.188,0.220,25.043,552222
1782536549159,0,0,0.006,6.533,6.533,0.188,0.126,0.220,25.043,552255
1782536549192,0,0,0.000,6.524,6.533,0.188,0.157,0.210,25.129,552288
1782536549224,0,0,0.000,6.516,6.516,0.188,0.188,0.344,25.129,552321
1782536549260,0,0,0.000,6.533,6.524,0.188,0.188,0.231,25.043,552354
1782536549291,0,0,0.000,6.516,6.508,0.188,0.188,0.430,25.043,552387
1782536549325,0,0,0.006,6.524,6.524,0.157,0.157,0.285,25.043,552420
1782536549358,0,0,0.000,6.516,6.524,0.188,0.157,0.344,25.043,552453
1782536549391,0,0,0.000,6.524,6.524,0.188,0.157,0.237,25.043,552486
1782536549424,0,0,0.000,6.541,6.524,0.188,0.157,0.215,25.043,552519
1782536549458,0,0,0.006,6.533,6.524,0.188,0.157,0.237,25.043,552552
1782536549496,0,0,0.000,6.541,6.516,0.188,0.188,0.242,25.043,552585
1782536549524,0,0,0.000,6.533,6.524,0.188,0.188,0.220,25.043,552618
1782536549561,0,0,0.000,6.541,6.533,0.188,0.157,0.215,25.043,552651
1782536549594,0,0,0.000,6.533,6.533,0.188,0.157,0.237,25.043,552684
1782536549624,0,0,0.000,6.524,6.524,0.157,0.157,0.242,25.043,552717
1782536549658,0,0,0.000,6.524,6.533,0.188,0.188,0.226,25.043,552750
1782536549722,0,0,0.000,6.524,6.524,0.188,0.220,0.242,25.043,552783
1782536549725,0,0,0.000,6.524,6.541,0.188,0.157,0.204,25.129,552816
1782536549760,0,0,0.000,6.533,6.516,0.251,0.157,0.231,25.129,552849
1782536549790,0,0,0.000,6.541,6.541,0.188,0.157,0.220,24.957,552882
1782536549823,0,0,0.000,6.533,6.533,0.188,0.188,0.226,25.043,552915
1782536549858,0,0,0.000,6.524,6.516,0.188,0.188,0.231,25.043,552948
1782536549890,0,0,0.006,6.533,6.533,0.220,0.157,0.237,25.043,552981
1782536549924,0,0,0.000,6.533,6.524,0.220,0.126,0.215,25.043,553014
1782536549958,0,0,0.000,6.533,6.524,0.126,0.157,0.360,25.043,553047
1782536549991,0,0,0.000,6.533,6.524,0.157,0.157,0.210,25.043,553080
1782536550023,0,0,0.000,6.524,6.533,0.188,0.157,0.231,25.043,553113
1782536550057,0,0,0.006,6.533,6.533,0.157,0.188,0.204,25.129,553146
1782536550090,0,0,0.000,6.533,6.533,0.188,0.126,0.204,25.043,553179
1782536550122,0,0,0.000,6.533,6.524,0.188,0.157,0.237,25.043,553212
1782536550156,0,0,0.000,6.533,6.524,0.188,0.157,0.210,25.043,553245
1782536550189,0,0,0.000,6.533,6.524,0.188,0.157,0.226,25.043,553278
1782536550223,0,0,0.000,6.541,6.533,0.188,0.157,0.210,25.043,553311
1782536550255,0,0,0.006,6.549,6.533,0.157,0.157,0.231,25.129,553344
1782536550290,0,0,0.000,6.541,6.524,0.188,0.157,0.237,25.043,553377
1782536550322,0,0,0.000,6.533,6.533,0.188,0.157,0.204,25.129,553410
1782536550356,0,0,0.000,6.524,6.533,0.188,0.157,0.204,25.043,553443
1782536550388,0,0,0.000,6.533,6.533,0.188,0.188,0.231,25.043,553476
1782536550421,0,0,0.000,6.533,6.533,0.188,0.157,0.220,25.129,553509
1782536550456,0,0,0.000,6.549,6.524,0.188,0.157,0.204,25.129,553542
1782536550489,0,0,0.000,6.533,6.533,0.157,0.188,0.231,25.129,553575
1782536550521,0,0,0.000,6.533,6.533,0.188,0.157,0.237,25.043,553608
1782536550554,0,0,0.006,6.524,6.524,0.188,0.157,0.231,25.043,553641
1782536550589,0,0,0.000,6.533,6.541,0.157,0.157,0.226,25.043,553674
1782536550621,0,0,0.000,6.524,6.524,0.157,0.157,0.274,25.043,553707
1782536550655,0,0,0.000,6.533,6.524,0.188,0.157,0.231,25.043,553740
1782536550688,0,0,0.000,6.533,6.533,0.157,0.126,0.237,25.043,553773
1782536550721,0,0,0.000,6.533,6.533,0.188,0.157,0.204,25.043,553806
1782536550755,0,0,0.000,6.524,6.524,0.188,0.157,0.199,25.043,553839
1782536550793,0,0,0.000,6.541,6.533,0.220,0.157,0.204,25.043,553872
1782536550821,0,0,0.000,6.524,6.524,0.157,0.157,0.199,25.043,553905
1782536550856,0,0,0.000,6.533,6.524,0.157,0.157,0.333,25.043,553938
1782536550887,0,0,0.000,6.541,6.533,0.188,0.157,0.215,25.043,553971
1782536550922,0,0,0.000,6.541,6.524,0.188,0.188,0.231,25.129,554004
1782536550957,0,0,0.000,6.541,6.524,0.188,0.157,0.237,25.043,554037
1782536550990,0,0,0.000,6.524,6.533,0.188,0.188,0.199,25.129,554070
1782536551020,0,0,0.000,6.533,6.524,0.157,0.188,0.199,25.043,554103
1782536551053,0,0,0.000,6.533,6.524,0.188,0.157,0.215,25.129,554136
1782536551093,0,0,0.000,6.541,6.533,0.188,0.157,0.210,25.043,554169
1782536551121,0,0,0.000,6.533,6.524,0.188,0.188,0.226,25.043,554202
1782536551153,0,0,0.000,6.524,6.541,0.188,0.188,0.210,25.129,554235
1782536551186,0,0,0.000,6.533,6.533,0.157,0.157,0.215,25.129,554268
1782536551220,0,0,0.000,6.524,6.533,0.188,0.126,0.253,25.129,554301
1782536551254,0,0,0.006,6.541,6.541,0.157,0.188,0.226,25.043,554334
1782536551286,0,0,0.000,6.541,6.524,0.188,0.126,0.210,25.129,554367
1782536551319,0,0,0.000,6.533,6.524,0.188,0.157,0.204,25.043,554400
1782536551353,0,0,0.000,6.533,6.524,0.188,0.188,0.247,25.043,554433
1782536551387,0,0,0.006,6.524,6.533,0.188,0.157,0.204,25.043,554466
1782536551419,0,0,0.000,6.533,6.533,0.188,0.157,0.215,25.129,554499
1782536551452,0,0,0.000,6.541,6.541,0.188,0.157,0.231,25.043,554532
1782536551486,0,0,0.000,6.533,6.524,0.188,0.157,0.210,25.043,554565
1782536551520,0,0,0.000,6.541,6.533,0.126,0.157,0.226,25.043,554598
1782536551552,0,0,0.000,6.533,6.541,0.188,0.157,0.210,25.043,554631
1782536551588,0,0,0.000,6.533,6.524,0.188,0.157,0.215,25.043,554664
1782536551618,0,0,0.000,6.533,6.533,0.188,0.157,0.226,25.043,554697
1782536551652,0,0,0.000,6.541,6.533,0.157,0.188,0.220,25.043,554730
1782536551687,0,0,0.000,6.533,6.533,0.188,0.157,0.199,25.129,554763
1782536551727,0,0,0.000,6.549,6.524,0.188,0.157,0.210,25.129,554796
1782536551760,0,0,0.000,6.533,6.533,0.188,0.157,0.210,25.043,554829
1782536551795,0,0,0.006,6.524,6.541,0.188,0.188,0.231,25.043,554862
1782536551826,0,0,0.000,6.533,6.524,0.188,0.157,0.312,25.043,554895
1782536551867,0,0,0.000,6.541,6.533,0.188,0.157,0.226,25.043,554928
1782536551892,0,0,0.000,6.533,6.541,0.188,0.157,0.231,25.043,554961
1782536551925,0,0,0.000,6.533,6.541,0.188,0.157,0.226,25.129,554994
1782536551964,0,0,0.000,6.533,6.549,0.188,0.126,0.226,25.043,555027
1782536551991,0,0,0.000,6.533,6.524,0.157,0.188,0.199,25.043,555060
1782536552031,0,0,0.000,6.524,6.524,0.188,0.157,0.247,25.043,555093
1782536552057,0,0,0.000,6.524,6.524,0.188,0.126,0.366,25.043,555126
1782536552091,0,0,0.000,6.533,6.533,0.188,0.157,0.215,25.043,555159
1782536552124,0,0,0.000,6.549,6.533,0.220,0.188,0.204,25.043,555192
1782536552160,0,0,0.000,6.541,6.524,0.188,0.157,0.204,25.043,555225
1782536552189,0,0,0.006,6.541,6.533,0.188,0.157,0.199,25.129,555258
1782536552222,0,0,0.000,6.541,6.533,0.220,0.188,0.199,25.043,555291
1782536552255,0,0,0.000,6.533,6.524,0.188,0.157,0.306,25.043,555324
1782536552290,0,0,0.000,6.541,6.541,0.188,0.126,0.204,25.129,555357
1782536552322,0,0,0.000,6.533,6.524,0.188,0.157,0.242,25.129,555390
1782536552358,0,0,0.000,6.541,6.533,0.188,0.157,0.210,25.043,555423
1782536552393,0,0,0.006,6.533,6.533,0.188,0.188,0.226,25.043,555456
1782536552423,0,0,0.000,6.541,6.533,0.188,0.157,0.204,25.043,555489
1782536552453,0,0,0.000,6.541,6.533,0.188,0.157,0.226,25.043,555522
1782536552494,0,0,0.000,6.549,6.533,0.157,0.157,0.199,25.043,555555
1782536552525,0,0,0.000,6.541,6.533,0.188,0.157,0.231,25.043,555588
1782536552552,0,0,0.000,6.541,6.533,0.188,0.188,0.204,25.043,555621
1782536552585,0,0,0.006,6.524,6.524,0.188,0.157,0.360,25.129,555654
1782536552620,0,0,0.000,6.541,6.533,0.220,0.126,0.204,25.043,555687
1782536552652,0,0,0.000,6.533,6.516,0.157,0.157,0.328,25.129,555720
1782536552685,0,0,0.000,6.541,6.541,0.188,0.157,0.210,25.043,555753
1782536552717,0,0,0.000,6.549,6.524,0.188,0.188,0.296,25.043,555786
1782536552751,0,0,0.000,6.533,6.533,0.188,0.220,0.199,25.043,555819
1782536552783,0,0,0.000,6.533,6.533,0.157,0.157,0.306,25.043,555852
1782536552826,0,0,0.000,6.524,6.533,0.126,0.157,0.333,25.215,555885
1782536552851,0,0,0.000,6.541,6.533,0.188,0.157,0.204,25.043,555918
1782536552882,0,0,0.000,6.533,6.524,0.188,0.126,0.290,25.043,555951
1782536552916,0,0,0.000,6.533,6.524,0.188,0.188,0.312,25.043,555984
1782536552950,0,0,0.000,6.533,6.533,0.157,0.188,0.210,25.043,556017
1782536552981,0,0,0.000,6.541,6.533,0.188,0.157,0.204,25.043,556050
1782536553014,0,0,0.000,6.541,6.524,0.157,0.188,0.194,25.129,556083
1782536553048,0,0,0.006,6.524,6.524,0.188,0.188,0.296,25.043,556116
1782536553084,0,0,0.000,6.541,6.533,0.220,0.157,0.204,25.043,556149
1782536553114,0,0,0.012,6.516,6.516,0.188,0.157,0.349,25.043,556182
1782536553148,0,0,0.000,6.541,6.549,0.188,0.188,0.210,25.043,556215
1782536553183,0,0,0.000,6.533,6.524,0.188,0.188,0.237,25.129,556248
1782536553219,0,0,0.000,6.541,6.541,0.126,0.188,0.199,25.043,556281
1782536553247,0,0,0.000,6.516,6.524,0.157,0.157,0.306,25.043,556314
1782536553280,0,0,0.000,6.541,6.533,0.188,0.157,0.204,25.043,556347
1782536553314,0,0,0.000,6.549,6.516,0.188,0.157,0.215,25.043,556380
1782536553346,0,0,0.000,6.541,6.533,0.188,0.157,0.204,25.043,556413
1782536553381,0,0,0.000,6.524,6.516,0.157,0.188,0.360,25.043,556446
1782536553416,0,0,0.000,6.524,6.524,0.188,0.157,0.285,25.043,556479
1782536553448,0,0,0.000,6.533,6.524,0.188,0.094,0.339,25.043,556512
1782536553480,0,0,0.000,6.549,6.541,0.188,0.126,0.215,25.043,556545
1782536553517,0,0,0.000,6.541,6.533,0.220,0.157,0.199,25.043,556578
1782536553549,0,0,0.000,6.541,6.541,0.188,0.220,0.323,25.043,556611
1782536553580,0,0,0.000,6.533,6.533,0.220,0.157,0.199,25.043,556644
1782536553614,0,0,0.000,6.533,6.533,0.188,0.157,0.301,25.043,556677
1782536553646,0,0,0.006,6.541,6.549,0.157,0.157,0.231,25.043,556710
1782536553679,0,0,0.000,6.533,6.524,0.157,0.188,0.237,25.043,556743
1782536553713,0,0,0.000,6.533,6.524,0.157,0.126,0.349,25.043,556776
1782536553758,0,0,0.000,6.541,6.533,0.157,0.157,0.199,25.043,556809
1782536553788,0,0,0.000,6.541,6.524,0.157,0.188,0.210,25.043,556842
1782536553839,0,0,0.000,6.533,6.524,0.188,0.157,0.312,25.043,556875
1782536553845,0,0,0.000,6.524,6.533,0.157,0.126,0.285,25.043,556908
1782536553880,0,0,0.000,6.541,6.533,0.157,0.126,0.204,25.129,556941
1782536553915,0,0,0.000,6.516,6.524,0.220,0.157,0.258,25.129,556974
1782536553945,0,0,0.000,6.541,6.524,0.188,0.126,0.215,25.043,557007
1782536553983,0,0,0.000,6.533,6.524,0.126,0.188,0.349,25.043,557040
1782536554017,0,0,0.000,6.533,6.533,0.188,0.126,0.226,25.043,557073
1782536554044,0,0,0.000,6.524,6.524,0.188,0.188,0.457,25.043,557106
1782536554079,0,0,0.000,6.541,6.524,0.157,0.157,0.280,25.043,557139
1782536554112,0,0,0.000,6.533,6.524,0.157,0.126,0.323,25.043,557172
1782536554145,0,0,0.006,6.541,6.533,0.188,0.188,0.215,25.043,557205
1782536554178,0,0,0.000,6.541,6.533,0.188,0.220,0.220,25.043,557238
1782536554213,0,0,0.000,6.533,6.533,0.188,0.157,0.247,25.043,557271
1782536554246,0,0,0.000,6.533,6.524,0.188,0.157,0.317,25.129,557304
1782536554278,0,0,0.006,6.541,6.533,0.188,0.188,0.204,25.043,557337
1782536554314,0,0,0.006,6.533,6.533,0.157,0.126,0.215,25.043,557370
1782536554344,0,0,0.000,6.541,6.541,0.157,0.188,0.215,25.043,557403
1782536554378,0,0,0.000,6.533,6.541,0.251,0.157,0.220,25.129,557436
1782536554411,0,0,0.000,6.541,6.533,0.188,0.188,0.231,25.043,557469
1782536554444,0,0,0.000,6.533,6.524,0.188,0.188,0.349,25.043,557502
1782536554478,0,0,0.006,6.541,6.533,0.188,0.157,0.215,25.129,557535
1782536554514,0,0,0.000,6.533,6.524,0.157,0.188,0.339,25.043,557568
1782536554544,0,0,0.000,6.524,6.533,0.188,0.157,0.301,25.043,557601
1782536554577,0,0,0.006,6.533,6.533,0.157,0.157,0.296,25.043,557634
1782536554610,0,0,0.000,6.541,6.533,0.188,0.126,0.226,25.043,557667
1782536554644,0,0,0.000,6.533,6.533,0.188,0.157,0.204,25.129,557700
1782536554678,0,0,0.000,6.533,6.533,0.188,0.188,0.210,25.043,557733
1782536554711,0,0,0.000,6.541,6.533,0.157,0.157,0.215,25.129,557766
1782536554746,0,0,0.000,6.541,6.533,0.126,0.157,0.215,25.043,557799
1782536554779,0,0,0.006,6.541,6.541,0.220,0.188,0.215,25.043,557832
1782536554819,0,0,0.000,6.549,6.524,0.188,0.188,0.210,25.043,557865
1782536554844,0,0,0.006,6.533,6.533,0.188,0.157,0.312,25.043,557898
1782536554891,0,0,0.000,6.533,6.533,0.188,0.157,0.226,25.129,557931
1782536554909,0,0,0.000,6.524,6.533,0.188,0.126,0.344,25.129,557964
1782536554943,0,0,0.006,6.533,6.533,0.157,0.126,0.237,25.129,557997
1782536554977,0,0,0.000,6.541,6.533,0.220,0.126,0.220,25.043,558030
1782536555017,0,0,0.000,6.549,6.524,0.188,0.157,0.215,25.043,558063
1782536555043,0,0,0.000,6.541,6.533,0.188,0.188,0.226,25.043,558096
1782536555076,0,0,0.000,6.533,6.524,0.220,0.188,0.220,25.043,558129
1782536555110,0,0,0.000,6.541,6.541,0.188,0.251,0.215,25.129,558162
1782536555149,0,0,0.000,6.541,6.533,0.188,0.157,0.220,25.043,558195
1782536555177,0,0,0.000,6.533,6.541,0.188,0.126,0.215,25.043,558228
1782536555209,0,0,0.000,6.541,6.516,0.188,0.157,0.323,25.043,558261
1782536555244,0,0,0.000,6.533,6.533,0.188,0.188,0.226,25.043,558294
1782536555275,0,0,0.000,6.533,6.524,0.220,0.188,0.312,25.043,558327
1782536555308,0,0,0.000,6.533,6.533,0.220,0.157,0.226,25.043,558360
1782536555342,0,0,0.000,6.533,6.508,0.188,0.126,0.344,25.043,558393
1782536555375,0,0,0.006,6.549,6.533,0.126,0.157,0.226,25.043,558426
1782536555421,0,0,0.000,6.541,6.541,0.188,0.126,0.204,25.129,558459
1782536555445,0,0,0.000,6.533,6.541,0.188,0.157,0.215,24.957,558492
1782536555475,0,0,0.000,6.541,6.533,0.220,0.126,0.253,25.043,558525
1782536555508,0,0,0.000,6.549,6.533,0.188,0.157,0.226,25.043,558558
1782536555540,0,0,0.000,6.541,6.541,0.188,0.157,0.247,25.129,558591
1782536555575,0,0,0.000,6.541,6.541,0.188,0.188,0.247,25.043,558624
1782536555612,0,0,0.006,6.541,6.533,0.157,0.157,0.210,25.129,558657
1782536555647,0,0,0.000,6.541,6.533,0.188,0.157,0.210,25.043,558690
1782536555676,0,0,0.006,6.541,6.533,0.126,0.188,0.220,25.043,558723
1782536555707,0,0,0.006,6.533,6.541,0.188,0.157,0.231,25.043,558756
1782536555740,0,0,0.006,6.533,6.533,0.188,0.094,0.215,25.043,558789
1782536555773,0,0,0.000,6.524,6.524,0.188,0.126,0.247,25.043,558822
1782536555807,0,0,0.000,6.541,6.524,0.188,0.157,0.220,25.129,558855
1782536555840,0,0,0.000,6.541,6.533,0.188,0.157,0.237,25.043,558888
1782536555874,0,0,0.000,6.541,6.541,0.126,0.157,0.242,25.043,558921
1782536555914,0,0,0.000,6.541,6.533,0.220,0.220,0.237,25.129,558954
1782536555941,0,0,0.000,6.533,6.524,0.157,0.188,0.253,25.129,558987
1782536555974,0,0,0.000,6.541,6.533,0.188,0.188,0.237,25.043,559020
1782536556008,0,0,0.000,6.541,6.541,0.157,0.188,0.237,25.043,559053
1782536556041,0,0,0.000,6.541,6.524,0.220,0.157,0.204,25.043,559086
1782536556074,0,0,0.006,6.533,6.533,0.188,0.188,0.220,25.129,559119
1782536556109,0,0,0.000,6.524,6.541,0.188,0.126,0.242,25.043,559152
1782536556140,0,0,0.000,6.533,6.533,0.126,0.126,0.237,25.043,559185
1782536556182,0,0,0.000,6.533,6.533,0.188,0.126,0.220,25.043,559218
1782536556239,0,0,0.000,6.541,6.533,0.188,0.157,0.242,25.043,559251
1782536556248,0,0,0.000,6.541,6.533,0.188,0.188,0.355,25.043,559284
1782536556287,0,0,0.000,6.541,6.533,0.188,0.157,0.215,25.043,559317
1782536556315,0,0,0.000,6.533,6.533,0.157,0.157,0.237,25.129,559350
1782536556352,0,0,0.000,6.541,6.533,0.157,0.126,0.231,25.043,559383
1782536556381,0,0,0.000,6.541,6.524,0.157,0.126,0.210,25.043,559416
1782536556431,0,0,0.006,6.524,6.533,0.188,0.126,0.204,25.043,559449
1782536556450,0,0,0.000,6.541,6.533,0.188,0.157,0.226,25.043,559482
1782536556483,0,0,0.006,6.541,6.541,0.157,0.188,0.204,25.043,559515
1782536556512,0,0,0.000,6.541,6.524,0.157,0.126,0.226,25.043,559548
1782536556546,0,0,0.006,6.541,6.524,0.188,0.188,0.215,24.957,559581
1782536556580,0,0,0.000,6.533,6.541,0.188,0.157,0.215,25.043,559614
1782536556611,0,0,0.000,6.541,6.533,0.188,0.157,0.215,25.043,559647
1782536556645,0,0,0.000,6.541,6.533,0.188,0.157,0.204,25.043,559680
1782536556679,0,0,0.000,6.541,6.533,0.188,0.157,0.215,25.043,559713
1782536556710,0,0,0.006,6.541,6.533,0.188,0.188,0.226,25.129,559746
1782536556751,0,0,0.000,6.541,6.533,0.188,0.157,0.215,25.043,559779
1782536556791,0,0,0.000,6.524,6.533,0.188,0.126,0.215,25.043,559812
1782536556809,0,0,0.000,6.533,6.541,0.188,0.126,0.220,25.043,559845
1782536556847,0,0,0.000,6.549,6.541,0.188,0.126,0.204,25.043,559878
1782536556876,0,0,0.000,6.533,6.533,0.188,0.157,0.344,25.043,559911
1782536556908,0,0,0.006,6.541,6.541,0.188,0.157,0.220,25.129,559944
1782536556944,0,0,0.000,6.541,6.533,0.220,0.188,0.215,25.129,559977
1782536556976,0,0,0.000,6.541,6.533,0.188,0.157,0.210,25.043,560010
1782536557008,0,0,0.000,6.533,6.533,0.157,0.157,0.339,25.043,560043
1782536557040,0,0,0.000,6.541,6.533,0.220,0.157,0.204,25.043,560076
1782536557074,0,0,0.006,6.541,6.524,0.157,0.157,0.215,25.043,560109
1782536557107,0,0,0.000,6.541,6.541,0.188,0.157,0.215,25.129,560142
1782536557147,0,0,0.000,6.541,6.533,0.188,0.157,0.366,25.043,560175
1782536557172,0,0,0.000,6.541,6.533,0.188,0.157,0.210,25.043,560208
1782536557206,0,0,0.006,6.549,6.541,0.188,0.126,0.210,25.043,560241
1782536557256,0,0,0.000,6.541,6.533,0.188,0.126,0.199,25.129,560274
1782536557317,0,0,0.000,6.533,6.533,0.157,0.126,0.215,25.043,560307
1782536557318,0,0,0.000,6.541,6.541,0.188,0.220,0.231,25.043,560340
1782536557339,0,0,0.000,6.533,6.541,0.188,0.188,0.210,25.043,560373
1782536557371,0,0,0.000,6.541,6.533,0.188,0.188,0.199,25.043,560406
1782536557404,0,0,0.000,6.533,6.524,0.126,0.188,0.344,25.043,560439
1782536557437,0,0,0.000,6.533,6.516,0.220,0.157,0.274,25.043,560472
1782536557471,0,0,0.000,6.541,6.533,0.188,0.157,0.253,25.043,560505
1782536557502,0,0,0.000,6.524,6.524,0.188,0.157,0.366,25.043,560538
1782536557537,0,0,0.006,6.541,6.533,0.188,0.188,0.317,25.129,560571
1782536557569,0,0,0.000,6.533,6.524,0.188,0.157,0.344,25.043,560604
1782536557611,0,0,0.000,6.541,6.524,0.188,0.220,0.263,25.043,560637
1782536557636,0,0,0.000,6.533,6.524,0.157,0.126,0.253,25.043,560670
1782536557670,0,0,0.000,6.541,6.533,0.157,0.126,0.215,25.043,560703
1782536557702,0,0,0.000,6.533,6.549,0.188,0.126,0.215,25.043,560736
1782536557736,0,0,0.006,6.541,6.533,0.188,0.157,0.210,25.043,560769
1782536557771,0,0,0.000,6.541,6.524,0.188,0.157,0.328,25.043,560802
1782536557801,0,0,0.000,6.541,6.533,0.188,0.157,0.210,25.043,560835
1782536557835,0,0,0.000,6.533,6.524,0.157,0.188,0.328,25.129,560868
1782536557868,0,0,0.000,6.541,6.541,0.188,0.188,0.220,25.043,560901
1782536557902,0,0,0.000,6.533,6.533,0.188,0.126,0.269,25.043,560934
1782536557936,0,0,0.000,6.533,6.533,0.188,0.157,0.204,25.043,560967
1782536557997,0,0,0.000,6.541,6.549,0.188,0.157,0.290,25.043,561000
1782536558040,0,0,0.000,6.524,6.524,0.188,0.157,0.312,25.129,561033
1782536558040,0,0,0.000,6.549,6.533,0.157,0.157,0.215,25.043,561066
1782536558068,0,0,0.000,6.533,6.524,0.188,0.157,0.349,25.043,561099
1782536558101,0,0,0.000,6.541,6.541,0.188,0.157,0.226,25.043,561132
1782536558135,0,0,0.000,6.541,6.541,0.188,0.157,0.226,25.043,561165
1782536558169,0,0,0.000,6.541,6.533,0.188,0.157,0.247,25.129,561198
1782536558201,0,0,0.000,6.549,6.533,0.188,0.188,0.242,25.043,561231
1782536558234,0,0,0.000,6.541,6.533,0.188,0.126,0.237,25.043,561264
1782536558267,0,0,0.000,6.533,6.541,0.157,0.157,0.328,25.129,561297
1782536558300,0,0,0.000,6.541,6.533,0.188,0.188,0.215,25.043,561330
1782536558334,0,0,0.000,6.541,6.524,0.220,0.157,0.328,25.043,561363
1782536558382,0,0,0.000,6.541,6.541,0.188,0.157,0.226,25.043,561396
1782536558406,0,0,0.000,6.541,6.533,0.188,0.157,0.215,25.043,561429
1782536558460,0,0,0.000,6.524,6.541,0.220,0.188,0.210,25.129,561462
1782536558467,0,0,0.012,6.541,6.533,0.188,0.157,0.269,25.043,561495
1782536558505,0,0,0.000,6.524,6.524,0.157,0.126,0.355,25.043,561528
1782536558534,0,0,0.000,6.541,6.533,0.188,0.157,0.237,25.043,561561
1782536558567,0,0,0.000,6.533,6.533,0.188,0.188,0.253,25.043,561594
1782536558607,0,0,0.000,6.541,6.533,0.220,0.157,0.210,25.043,561627
1782536558634,0,0,0.006,6.516,6.524,0.188,0.157,0.355,25.043,561660
1782536558670,0,0,0.000,6.541,6.533,0.188,0.157,0.242,25.043,561693
1782536558699,0,0,0.000,6.541,6.541,0.188,0.157,0.226,25.043,561726
1782536558758,0,0,0.006,6.541,6.533,0.188,0.157,0.215,25.043,561759
1782536558766,0,0,0.000,6.541,6.533,0.188,0.126,0.215,25.043,561792
1782536558800,0,0,0.000,6.524,6.524,0.188,0.157,0.452,25.043,561825
1782536558834,0,0,0.000,6.541,6.549,0.188,0.188,0.242,25.043,561858
1782536558866,0,0,0.000,6.541,6.533,0.188,0.126,0.231,25.129,561891
1782536558899,0,0,0.006,6.533,6.524,0.188,0.126,0.333,25.043,561924
1782536558947,0,0,0.000,6.541,6.549,0.220,0.157,0.253,25.129,561957
1782536558971,0,0,0.000,6.524,6.524,0.220,0.157,0.355,25.043,561990
1782536559000,0,0,0.000,6.541,6.533,0.188,0.188,0.226,25.043,562023
1782536559035,0,0,0.000,6.549,6.541,0.188,0.157,0.237,25.043,562056
1782536559066,0,0,0.000,6.541,6.524,0.188,0.157,0.220,25.043,562089
1782536559098,0,0,0.000,6.541,6.533,0.220,0.157,0.220,25.129,562122
1782536559132,0,0,0.000,6.541,6.541,0.188,0.157,0.237,25.043,562155
1782536559166,0,0,0.000,6.533,6.541,0.188,0.157,0.247,25.043,562188
1782536559199,0,0,0.000,6.541,6.533,0.188,0.157,0.242,25.043,562221
1782536559232,0,0,0.000,6.533,6.533,0.188,0.126,0.247,25.043,562254
1782536559265,0,0,0.000,6.533,6.524,0.157,0.126,0.220,25.043,562287
1782536559303,0,0,0.006,6.549,6.533,0.188,0.188,0.231,25.043,562320
1782536559332,0,0,0.000,6.524,6.533,0.126,0.188,0.220,25.043,562353
1782536559365,0,0,0.000,6.541,6.524,0.157,0.188,0.226,25.043,562386
1782536559398,0,0,0.000,6.549,6.533,0.188,0.157,0.210,25.129,562419
1782536559433,0,0,0.000,6.541,6.533,0.188,0.157,0.215,25.043,562452
1782536559464,-30,30,0.000,6.533,6.541,0.157,0.157,0.226,25.043,562485
1782536559498,-45,45,0.006,6.549,6.541,0.188,0.188,0.247,25.043,562518
1782536559530,-75,75,0.000,6.541,6.533,0.188,0.157,0.226,25.043,562551
1782536559565,-105,105,0.000,6.541,6.524,0.188,0.157,0.242,25.043,562584
1782536559601,-120,120,0.000,6.549,6.541,0.188,0.157,0.215,25.043,562617
1782536559631,-150,150,0.000,6.524,6.524,0.188,0.126,0.306,24.957,562650
1782536559673,-180,180,0.006,6.516,6.524,0.251,0.188,0.226,25.129,562683
1782536559697,-195,195,0.006,6.499,6.483,0.471,0.251,0.339,25.043,562716
1782536559739,-225,225,0.000,6.442,6.408,1.035,0.439,0.215,25.043,562749
1782536559764,-255,255,0.000,6.384,6.375,1.318,0.690,0.323,25.043,562782
1782536559797,-270,270,0.000,6.392,6.367,1.318,0.753,0.237,25.043,562815
1782536559831,-265,265,0.000,6.392,6.375,1.318,0.816,0.231,25.043,562848
1782536559864,-225,225,0.006,6.359,6.342,1.475,1.067,0.231,25.043,562881
1782536559898,-205,205,0.000,6.367,6.342,1.286,0.910,0.226,25.043,562914
1782536559933,-165,165,0.000,6.425,6.417,0.941,0.596,0.210,25.129,562947
1782536559969,-125,125,0.006,6.483,6.466,0.439,0.282,0.231,25.043,562980
1782536560000,-105,105,0.000,6.491,6.483,0.408,0.251,0.237,25.043,563013
1782536560031,-65,65,0.000,6.499,6.499,0.220,0.188,0.215,25.043,563046
1782536560063,-45,45,0.006,6.533,6.524,0.188,0.188,0.210,25.129,563079
1782536560097,-5,5,0.000,6.533,6.533,0.188,0.157,0.215,25.043,563112
1782536560130,0,0,0.000,6.533,6.541,0.157,0.157,0.210,25.043,563145
1782536560170,0,0,0.000,6.533,6.524,0.188,0.157,0.226,25.043,563178
1782536560197,0,0,0.000,6.524,6.533,0.188,0.157,0.226,25.043,563211
1782536560228,0,0,0.000,6.533,6.524,0.188,0.157,0.215,25.129,563244
1782536560276,0,0,0.000,6.533,6.524,0.157,0.126,0.220,25.215,563277
1782536560295,0,0,0.000,6.533,6.524,0.220,0.126,0.226,25.129,563310
1782536560328,0,0,0.000,6.541,6.541,0.188,0.126,0.220,25.043,563343
1782536560362,0,0,0.000,6.541,6.541,0.251,0.157,0.210,25.043,563376
1782536560395,0,0,0.000,6.533,6.524,0.126,0.157,0.226,25.043,563409
1782536560430,0,0,0.000,6.516,6.533,0.188,0.157,0.237,25.043,563442
1782536560464,0,0,0.000,6.533,6.516,0.188,0.188,0.231,25.043,563475
1782536560494,0,0,0.000,6.533,6.524,0.157,0.157,0.226,25.043,563508
1782536560527,0,0,0.000,6.533,6.533,0.188,0.157,0.220,25.129,563541
1782536560562,0,0,0.000,6.524,6.524,0.220,0.094,0.226,25.043,563574
1782536560594,0,0,0.000,6.541,6.516,0.188,0.126,0.242,25.043,563607
1782536560640,0,0,0.000,6.541,6.533,0.188,0.157,0.220,24.957,563640
1782536560661,0,0,0.000,6.533,6.533,0.251,0.126,0.242,25.043,563673
1782536560707,15,-15,0.006,6.533,6.533,0.157,0.188,0.237,25.043,563706
1782536560737,30,-30,0.000,6.533,6.516,0.157,0.188,0.210,25.043,563739
1782536560769,60,-60,0.006,6.533,6.524,0.188,0.157,0.237,25.043,563772
1782536560802,75,-75,0.000,6.541,6.524,0.188,0.157,0.242,25.043,563805
1782536560835,105,-105,0.000,6.533,6.524,0.188,0.157,0.237,25.043,563838
1782536560868,135,-135,0.000,6.533,6.541,0.188,0.157,0.237,25.043,563871
1782536560902,115,-115,0.000,6.533,6.524,0.188,0.157,0.231,25.043,563904
1782536560935,75,-75,0.000,6.533,6.524,0.188,0.251,0.210,25.043,563937
1782536560968,35,-35,0.000,6.524,6.524,0.251,0.188,0.215,25.129,563970
1782536561000,15,-15,0.000,6.541,6.533,0.188,0.157,0.215,25.043,564003
1782536561036,0,0,0.000,6.541,6.524,0.188,0.157,0.237,25.043,564036
1782536561070,0,0,0.000,6.524,6.541,0.126,0.126,0.204,25.129,564069
1782536561100,0,0,0.000,6.533,6.524,0.188,0.188,0.215,25.043,564102
1782536561133,0,0,0.000,6.533,6.533,0.220,0.157,0.215,25.043,564135
1782536561166,0,0,0.000,6.541,6.533,0.220,0.126,0.215,25.043,564168
1782536561200,0,0,0.000,6.541,6.533,0.188,0.157,0.204,25.043,564201
1782536561232,0,0,0.006,6.541,6.533,0.188,0.157,0.220,24.957,564234
1782536561265,0,0,0.000,6.541,6.533,0.157,0.157,0.210,25.129,564267
1782536561300,0,0,0.000,6.541,6.524,0.188,0.188,0.210,25.043,564300
1782536561332,0,0,0.000,6.533,6.533,0.157,0.188,0.242,25.043,564333
1782536561366,0,0,0.000,6.533,6.533,0.220,0.157,0.215,25.043,564366
1782536561411,0,0,0.000,6.549,6.541,0.126,0.157,0.210,25.129,564399
1782536561434,0,0,0.000,6.533,6.541,0.188,0.157,0.226,25.129,564432
1782536561464,0,0,0.000,6.524,6.524,0.188,0.188,0.339,25.129,564465
1782536561497,0,0,0.000,6.533,6.524,0.157,0.094,0.215,25.043,564498
1782536561528,0,0,0.006,6.524,6.541,0.188,0.157,0.210,25.043,564531
1782536561563,0,0,0.000,6.533,6.524,0.188,0.157,0.215,25.043,564564
1782536561595,0,0,0.000,6.533,6.533,0.188,0.157,0.215,25.043,564597
1782536561628,0,0,0.000,6.541,6.533,0.157,0.126,0.204,25.043,564630
1782536561683,0,0,0.000,6.533,6.541,0.220,0.094,0.237,25.043,564663
1782536561697,0,0,0.006,6.541,6.524,0.188,0.188,0.419,25.129,564696
1782536561726,0,0,0.000,6.541,6.541,0.157,0.157,0.204,25.043,564729
1782536561759,0,0,0.000,6.541,6.533,0.188,0.157,0.215,25.043,564762
1782536561792,0,0,0.000,6.533,6.524,0.126,0.157,0.312,25.043,564795
1782536561825,0,0,0.000,6.541,6.533,0.188,0.157,0.215,25.129,564828
1782536561858,0,0,0.000,6.541,6.533,0.157,0.188,0.210,25.043,564861
1782536561892,0,0,0.006,6.541,6.533,0.188,0.157,0.220,24.957,564894
1782536561924,0,0,0.006,6.524,6.533,0.157,0.157,0.355,25.043,564927
1782536561957,0,0,0.000,6.541,6.533,0.157,0.157,0.215,25.043,564960
1782536562000,0,0,0.000,6.533,6.533,0.188,0.188,0.231,25.043,564993
1782536562025,0,0,0.000,6.541,6.533,0.157,0.157,0.263,25.129,565026
1782536562059,0,0,0.000,6.533,6.533,0.188,0.126,0.237,25.043,565059
1782536562090,0,0,0.000,6.541,6.557,0.157,0.126,0.210,25.043,565092
1782536562124,0,0,0.000,6.533,6.533,0.188,0.157,0.323,25.129,565125
1782536562156,0,0,0.000,6.524,6.524,0.188,0.188,0.258,25.129,565158
1782536562202,0,0,0.000,6.533,6.541,0.188,0.126,0.237,25.043,565191
1782536562224,0,0,0.000,6.533,6.524,0.188,0.188,0.280,25.043,565224
1782536562259,0,0,0.000,6.541,6.524,0.188,0.157,0.210,25.043,565257
1782536562291,0,0,0.000,6.533,6.533,0.188,0.188,0.258,25.043,565290
1782536562325,0,0,0.000,6.541,6.533,0.188,0.157,0.355,25.043,565323
1782536562357,0,0,0.000,6.533,6.524,0.157,0.188,0.204,25.129,565356
1782536562392,0,0,0.006,6.541,6.533,0.188,0.157,0.210,25.043,565389
1782536562427,0,0,0.000,6.533,6.533,0.188,0.157,0.226,25.043,565422
1782536562459,0,0,0.012,6.541,6.524,0.188,0.157,0.220,25.129,565455
1782536562501,0,0,0.000,6.533,6.541,0.188,0.157,0.258,25.043,565488
1782536562529,0,0,0.000,6.533,6.533,0.157,0.126,0.237,25.043,565521
1782536562557,0,0,0.000,6.541,6.533,0.188,0.157,0.215,25.129,565554
1782536562589,0,0,0.000,6.541,6.533,0.188,0.220,0.253,25.043,565587
1782536562622,0,0,0.000,6.541,6.533,0.188,0.157,0.247,25.043,565620
1782536562662,0,0,0.000,6.541,6.524,0.188,0.188,0.210,25.129,565653
1782536562689,0,0,0.000,6.541,6.533,0.126,0.157,0.226,25.129,565686
1782536562722,0,0,0.000,6.524,6.549,0.188,0.157,0.242,25.129,565719
1782536562755,0,0,0.000,6.541,6.533,0.188,0.157,0.237,25.129,565752
1782536562797,0,0,0.000,6.533,6.549,0.188,0.157,0.215,25.043,565785
1782536562822,0,0,0.000,6.549,6.516,0.157,0.188,0.344,25.043,565818
1782536562856,0,0,0.000,6.541,6.533,0.188,0.157,0.226,24.957,565851
1782536562890,0,0,0.000,6.533,6.524,0.157,0.126,0.323,25.043,565884
1782536562922,0,0,0.000,6.549,6.541,0.220,0.188,0.220,25.043,565917
1782536562956,0,0,0.000,6.541,6.541,0.188,0.157,0.220,25.043,565950
1782536562988,0,0,0.006,6.533,6.524,0.157,0.126,0.220,25.043,565983
1782536563034,0,0,0.000,6.541,6.533,0.157,0.157,0.220,25.043,566016
1782536563060,0,0,0.000,6.541,6.524,0.126,0.126,0.323,25.043,566049
1782536563087,0,0,0.006,6.541,6.533,0.188,0.157,0.226,25.129,566082
1782536563121,0,0,0.000,6.541,6.541,0.157,0.126,0.242,25.043,566115
1782536563154,0,0,0.000,6.549,6.541,0.157,0.157,0.210,25.043,566148
1782536563188,0,0,0.000,6.541,6.524,0.188,0.157,0.371,25.043,566181
1782536563221,0,0,0.000,6.533,6.533,0.188,0.157,0.210,25.043,566214
1782536563254,0,0,0.000,6.557,6.533,0.157,0.188,0.210,25.043,566247
1782536563304,0,0,0.000,6.541,6.533,0.188,0.157,0.263,25.043,566280
1782536563328,0,0,0.000,6.541,6.524,0.188,0.220,0.204,25.043,566313
1782536563353,0,0,0.000,6.541,6.533,0.188,0.188,0.237,25.043,566346
1782536563387,0,0,0.000,6.541,6.541,0.157,0.157,0.226,25.129,566379
1782536563421,0,0,0.006,6.549,6.533,0.188,0.157,0.215,25.043,566412
1782536563453,30,-30,0.000,6.549,6.541,0.157,0.157,0.237,25.043,566445
1782536563487,45,-45,0.000,6.541,6.541,0.188,0.157,0.231,25.043,566478
1782536563520,75,-75,0.000,6.533,6.533,0.188,0.157,0.231,24.957,566511
1782536563554,105,-105,0.000,6.541,6.524,0.188,0.157,0.215,25.043,566544
1782536563587,120,-120,0.000,6.549,6.533,0.220,0.126,0.215,25.043,566577
1782536563620,150,-150,0.000,6.541,6.533,0.157,0.157,0.210,25.043,566610
1782536563673,195,-195,0.000,6.524,6.508,0.251,0.251,0.210,25.129,566643
1782536563687,195,-195,0.006,6.516,6.508,0.377,0.188,0.204,25.043,566676
1782536563720,225,-225,0.000,6.483,6.475,0.377,0.659,0.226,25.043,566709
1782536563753,255,-255,0.006,6.442,6.425,0.784,0.628,0.210,25.043,566742
1782536563789,285,-285,0.000,6.392,6.375,1.130,0.784,0.285,25.043,566775
1782536563829,315,-315,0.006,6.392,6.359,1.381,0.973,0.204,25.043,566808
1782536563876,310,-310,0.000,6.375,6.359,1.224,0.910,0.204,25.043,566841
1782536563887,310,-310,0.000,6.326,6.317,1.663,1.255,0.226,25.043,566874
1782536563920,270,-270,0.000,6.292,6.243,1.757,1.569,0.237,25.043,566907
1782536563952,230,-230,0.006,6.326,6.309,1.443,1.224,0.317,25.043,566940
1782536563987,210,-210,0.000,6.442,6.425,0.628,0.565,0.215,25.043,566973
1782536564024,170,-170,0.000,6.466,6.458,0.439,0.377,0.226,25.129,567006
1782536564053,130,-130,0.000,6.483,6.475,0.377,0.314,0.204,25.129,567039
1782536564086,110,-110,0.000,6.508,6.499,0.251,0.220,0.210,25.043,567072
1782536564118,70,-70,0.000,6.516,6.508,0.157,0.157,0.247,25.043,567105
1782536564154,30,-30,0.000,6.533,6.524,0.220,0.157,0.194,25.043,567138
1782536564185,10,-10,0.000,6.524,6.516,0.157,0.126,0.210,25.043,567171
1782536564220,0,0,0.000,6.524,6.524,0.188,0.126,0.220,25.043,567204
1782536564251,0,0,0.000,6.533,6.524,0.188,0.157,0.312,25.043,567237
1782536564286,0,0,0.000,6.533,6.524,0.157,0.094,0.210,25.043,567270
1782536564319,15,-15,0.000,6.524,6.524,0.188,0.157,0.215,25.043,567303
1782536564351,45,-45,0.000,6.533,6.524,0.188,0.188,0.231,25.043,567336
1782536564385,60,-60,0.000,6.524,6.524,0.188,0.126,0.215,25.129,567369
1782536564418,90,-90,0.000,6.533,6.524,0.220,0.126,0.210,25.129,567402
1782536564451,120,-120,0.000,6.524,6.533,0.188,0.157,0.220,25.043,567435
1782536564484,135,-135,0.000,6.524,6.524,0.188,0.157,0.204,25.043,567468
1782536564517,165,-165,0.000,6.541,6.524,0.220,0.157,0.210,25.043,567501
1782536564550,195,-195,0.000,6.491,6.475,0.314,0.345,0.204,25.129,567534
1782536564583,210,-210,0.000,6.425,6.425,0.973,0.533,0.242,25.043,567567
1782536564619,240,-240,0.000,6.400,6.375,1.255,0.847,0.210,25.043,567600
1782536564692,300,-300,0.000,6.359,6.342,1.443,0.722,0.210,25.129,567633
1782536564692,300,-300,0.000,6.350,6.326,1.286,1.035,0.220,25.043,567666
1782536564725,315,-315,0.000,6.367,6.342,1.381,0.941,0.237,25.043,567699
1782536564749,345,-345,0.000,6.334,6.309,1.506,1.004,0.355,25.043,567732
1782536564784,360,-360,0.000,6.309,6.292,1.443,1.475,0.263,25.129,567765
1782536564818,390,-390,0.000,6.301,6.276,1.506,1.475,0.237,25.129,567798
1782536564850,420,-420,0.006,6.301,6.284,1.600,1.349,0.317,25.043,567831
1782536564885,435,-435,0.000,6.251,6.243,1.851,1.694,0.210,25.043,567864
1782536564917,465,-465,0.000,6.201,6.168,2.573,1.820,0.355,25.129,567897
1782536564952,495,-495,0.006,6.185,6.160,2.447,1.977,0.253,25.043,567930
1782536564988,500,-500,0.000,6.127,6.094,2.636,2.447,0.220,25.129,567963
1782536565019,460,-460,0.000,6.110,6.085,2.887,2.290,0.220,25.129,567996
1782536565049,420,-420,0.000,6.127,6.085,3.075,2.165,0.312,25.129,568029
1782536565089,380,-380,0.000,6.201,6.185,2.102,1.851,0.253,25.129,568062
1782536565115,360,-360,0.006,6.226,6.185,1.977,1.757,0.306,25.129,568095
1782536565158,320,-320,0.000,6.292,6.268,1.632,1.224,0.210,25.043,568128
1782536565193,280,-280,0.000,6.367,6.334,1.067,0.910,0.226,25.043,568161
1782536565226,260,-260,0.006,6.367,6.359,1.004,0.941,0.210,25.043,568194
1782536565257,220,-220,0.006,6.417,6.400,0.659,0.596,0.237,25.043,568227
1782536565294,180,-180,0.000,6.450,6.442,0.345,0.439,0.231,25.129,568260
1782536565329,140,-140,0.000,6.450,6.442,0.408,0.408,0.237,25.129,568293
1782536565367,120,-120,0.000,6.458,6.450,0.377,0.408,0.204,25.043,568326
1782536565396,80,-80,0.000,6.499,6.483,0.188,0.220,0.210,25.043,568359
1782536565423,60,-60,0.006,6.499,6.491,0.188,0.188,0.317,25.043,568392
1782536565457,20,-20,0.006,6.516,6.491,0.188,0.157,0.204,25.043,568425
1782536565508,0,0,0.006,6.516,6.499,0.188,0.157,0.215,25.129,568458
1782536565523,0,0,0.000,6.499,6.499,0.220,0.188,0.296,25.129,568491
1782536565556,0,0,0.000,6.516,6.491,0.188,0.188,0.215,25.129,568524
1782536565587,0,0,0.000,6.499,6.508,0.188,0.157,0.226,25.043,568557
1782536565621,0,0,0.000,6.516,6.508,0.188,0.188,0.204,25.129,568590
1782536565655,0,0,0.006,6.508,6.499,0.188,0.157,0.210,25.129,568623
1782536565686,0,0,0.000,6.508,6.508,0.188,0.126,0.204,25.129,568656
1782536565736,0,0,0.006,6.516,6.508,0.157,0.157,0.210,25.043,568689
1782536565760,0,0,0.000,6.499,6.508,0.188,0.188,0.215,25.043,568722
1782536565786,0,0,0.006,6.508,6.508,0.188,0.157,0.306,25.043,568755
1782536565818,0,0,0.000,6.516,6.508,0.157,0.126,0.204,25.129,568788
1782536565851,0,0,0.000,6.524,6.516,0.220,0.188,0.204,25.129,568821
1782536565884,0,0,0.000,6.516,6.516,0.126,0.157,0.199,25.129,568854
1782536565918,-30,30,0.000,6.516,6.508,0.188,0.157,0.215,25.129,568887
1782536565952,-60,60,0.000,6.524,6.508,0.157,0.126,0.215,25.129,568920
1782536565984,-75,75,0.000,6.516,6.508,0.220,0.188,0.215,25.043,568953
1782536566017,-70,70,0.000,6.524,6.508,0.157,0.188,0.199,25.129,568986
1782536566050,-30,30,0.000,6.533,6.508,0.157,0.126,0.194,25.129,569019
1782536566114,0,0,0.000,6.524,6.516,0.157,0.157,0.231,25.129,569052
1782536566127,0,0,0.000,6.516,6.508,0.188,0.188,0.199,25.129,569085
1782536566156,0,0,0.000,6.516,6.516,0.188,0.157,0.194,25.129,569118
1782536566181,0,0,0.000,6.508,6.508,0.188,0.188,0.355,25.129,569151
1782536566217,0,0,0.006,6.516,6.516,0.157,0.188,0.194,25.129,569184
1782536566248,0,0,0.000,6.516,6.516,0.220,0.188,0.204,25.129,569217
1782536566280,-15,15,0.000,6.516,6.516,0.188,0.126,0.194,25.043,569250
1782536566339,-60,60,0.000,6.516,6.524,0.188,0.126,0.204,25.129,569283
1782536566350,-60,60,0.000,6.516,6.524,0.188,0.157,0.210,25.129,569316
1782536566379,-90,90,0.000,6.516,6.508,0.157,0.157,0.323,25.129,569349
1782536566416,-85,85,0.000,6.516,6.516,0.126,0.157,0.253,25.129,569382
1782536566445,-65,65,0.000,6.508,6.499,0.220,0.157,0.441,25.043,569415
1782536566479,-25,25,0.000,6.524,6.516,0.157,0.188,0.204,25.129,569448
1782536566525,0,0,0.000,6.516,6.508,0.188,0.157,0.269,25.129,569481
1782536566545,0,0,0.000,6.524,6.508,0.188,0.157,0.339,25.129,569514
1782536566580,0,0,0.000,6.541,6.516,0.188,0.188,0.220,25.043,569547
1782536566613,0,0,0.000,6.524,6.516,0.188,0.157,0.247,25.129,569580
1782536566645,-15,15,0.000,6.508,6.508,0.220,0.126,0.301,25.129,569613
1782536566682,-45,45,0.000,6.516,6.516,0.126,0.157,0.306,25.129,569646
1782536566713,-75,75,0.006,6.524,6.524,0.188,0.157,0.269,25.043,569679
1782536566745,-90,90,0.000,6.541,6.516,0.188,0.157,0.204,25.129,569712
1782536566782,-120,120,0.000,6.524,6.516,0.188,0.157,0.204,25.129,569745
1782536566812,-150,150,0.000,6.516,6.508,0.188,0.157,0.296,25.129,569778
1782536566844,-165,165,0.000,6.508,6.499,0.251,0.157,0.215,25.129,569811
1782536566879,-195,195,0.000,6.466,6.466,0.690,0.314,0.204,25.043,569844
1782536566912,-225,225,0.000,6.475,6.466,0.345,0.377,0.349,25.129,569877
1782536566945,-240,240,0.000,6.425,6.408,0.816,0.690,0.237,25.129,569910
1782536566983,-200,200,0.000,6.384,6.359,1.255,0.941,0.210,25.129,569943
1782536567044,-140,140,0.000,6.400,6.392,0.879,0.565,0.446,25.129,569976
1782536567059,-120,120,0.000,6.458,6.450,0.565,0.345,0.215,25.129,570009
1782536567077,-100,100,0.000,6.475,6.466,0.314,0.220,0.441,25.129,570042
1782536567113,-60,60,0.000,6.508,6.499,0.220,0.188,0.220,25.043,570075
1782536567144,-40,40,0.006,6.508,6.508,0.188,0.157,0.317,25.129,570108
1782536567177,0,0,0.000,6.516,6.516,0.188,0.157,0.226,25.129,570141
1782536567210,0,0,0.000,6.508,6.499,0.188,0.157,0.349,25.129,570174
1782536567246,0,0,0.000,6.516,6.516,0.220,0.126,0.280,25.129,570207
1782536567277,0,0,0.000,6.524,6.508,0.188,0.188,0.306,25.129,570240
1782536567309,0,0,0.000,6.516,6.516,0.188,0.157,0.204,25.129,570273
1782536567346,-30,30,0.000,6.524,6.516,0.188,0.188,0.210,25.129,570306
1782536567378,-60,60,0.000,6.524,6.524,0.188,0.157,0.210,25.129,570339
1782536567425,-90,90,0.012,6.524,6.508,0.220,0.220,0.285,25.129,570372
1782536567446,-105,105,0.000,6.533,6.508,0.188,0.157,0.210,25.043,570405
1782536567479,-135,135,0.000,6.533,6.516,0.188,0.157,0.199,25.129,570438
1782536567509,-150,150,0.000,6.524,6.508,0.188,0.188,0.226,25.129,570471
1782536567548,-180,180,0.000,6.475,6.450,0.502,0.439,0.210,25.043,570504
1782536567578,-210,210,0.000,6.442,6.425,0.879,0.408,0.210,25.129,570537
1782536567609,-225,225,0.000,6.375,6.359,1.412,0.722,0.237,25.129,570570
1782536567649,-255,255,0.006,6.367,6.342,1.318,0.879,0.199,25.129,570603
1782536567675,-285,285,0.006,6.400,6.384,1.130,0.722,0.220,25.129,570636
1782536567711,-265,265,0.000,6.392,6.375,0.816,0.784,0.339,25.129,570669
1782536567743,-225,225,0.000,6.317,6.301,1.600,1.130,0.226,25.129,570702
1782536567776,-185,185,0.000,6.392,6.375,1.130,0.722,0.226,25.043,570735
1782536567830,-145,145,0.000,6.450,6.442,0.533,0.439,0.226,25.129,570768
1782536567843,-125,125,0.006,6.491,6.475,0.282,0.251,0.215,25.129,570801
1782536567875,-85,85,0.000,6.499,6.483,0.314,0.188,0.226,25.129,570834
1782536567914,-45,45,0.006,6.508,6.508,0.188,0.157,0.215,25.129,570867
1782536567944,-25,25,0.000,6.516,6.508,0.157,0.126,0.231,25.129,570900
1782536567974,0,0,0.000,6.516,6.508,0.188,0.188,0.210,25.129,570933
1782536568009,0,0,0.000,6.516,6.508,0.220,0.157,0.231,25.129,570966
1782536568042,0,0,0.000,6.516,6.516,0.220,0.157,0.220,25.129,570999
1782536568076,0,0,0.000,6.524,6.508,0.188,0.157,0.204,25.129,571032
1782536568108,0,0,0.000,6.533,6.524,0.188,0.157,0.231,25.129,571065
1782536568142,0,0,0.000,6.516,6.516,0.188,0.157,0.231,25.129,571098
1782536568175,0,0,0.000,6.508,6.508,0.220,0.157,0.237,25.129,571131
1782536568208,0,0,0.000,6.524,6.516,0.188,0.157,0.215,25.043,571164
1782536568241,0,0,0.000,6.533,6.524,0.126,0.188,0.210,25.043,571197
1782536568274,0,0,0.000,6.524,6.516,0.188,0.188,0.210,25.129,571230
1782536568307,0,0,0.012,6.508,6.499,0.220,0.157,0.425,25.129,571263
1782536568342,0,0,0.006,6.524,6.516,0.188,0.126,0.226,25.129,571296
1782536568376,0,0,0.000,6.524,6.524,0.188,0.157,0.215,25.129,571329
1782536568407,0,0,0.000,6.516,6.516,0.157,0.157,0.215,25.129,571362
1782536568440,0,0,0.000,6.524,6.516,0.157,0.188,0.237,25.043,571395
1782536568476,0,0,0.000,6.524,6.516,0.188,0.188,0.215,25.129,571428
1782536568507,0,0,0.006,6.524,6.524,0.188,0.157,0.210,25.129,571461
1782536568541,0,0,0.000,6.533,6.508,0.188,0.157,0.215,25.043,571494
1782536568574,0,0,0.000,6.524,6.524,0.188,0.157,0.215,25.129,571527
1782536568607,0,0,0.000,6.533,6.516,0.188,0.157,0.220,25.043,571560
1782536568641,0,0,0.000,6.524,6.516,0.220,0.157,0.226,25.043,571593
1782536568675,0,0,0.000,6.524,6.516,0.188,0.126,0.242,25.129,571626
1782536568710,0,0,0.000,6.524,6.508,0.188,0.157,0.226,25.129,571659
1782536568739,0,0,0.006,6.524,6.508,0.188,0.188,0.237,25.129,571692
1782536568785,0,0,0.000,6.524,6.516,0.188,0.188,0.226,25.129,571725
1782536568807,15,15,0.000,6.524,6.516,0.188,0.157,0.210,25.129,571758
1782536568839,45,45,0.000,6.516,6.508,0.188,0.157,0.355,25.129,571791
1782536568879,75,75,0.006,6.533,6.524,0.220,0.126,0.237,25.129,571824
1782536568910,90,90,0.000,6.524,6.524,0.157,0.157,0.220,25.129,571857
1782536568939,120,120,0.000,6.533,6.524,0.157,0.126,0.349,25.129,571890
1782536568976,150,150,0.000,6.524,6.516,0.188,0.188,0.215,25.129,571923
1782536569040,160,160,0.000,6.508,6.499,0.251,0.188,0.312,25.129,571956
1782536569042,160,160,0.000,6.450,6.433,0.816,0.439,0.215,25.129,571989
1782536569084,120,120,0.000,6.425,6.425,1.035,0.314,0.215,25.129,572022
1782536569107,100,100,0.000,6.466,6.466,0.471,0.251,0.215,25.129,572055
1782536569141,60,60,0.000,6.516,6.516,0.188,0.188,0.301,25.129,572088
1782536569171,40,40,0.000,6.516,6.499,0.188,0.157,0.247,25.215,572121
1782536569205,0,0,0.000,6.524,6.524,0.188,0.157,0.215,25.043,572154
1782536569240,0,0,0.000,6.524,6.516,0.157,0.126,0.210,25.043,572187
1782536569272,0,0,0.000,6.516,6.524,0.157,0.188,0.215,25.129,572220
1782536569306,0,0,0.000,6.508,6.516,0.157,0.157,0.237,25.129,572253
1782536569337,0,0,0.000,6.524,6.508,0.157,0.157,0.258,25.129,572286
1782536569386,0,0,0.000,6.533,6.524,0.188,0.157,0.215,25.129,572319
1782536569410,0,0,0.000,6.508,6.516,0.188,0.126,0.317,25.129,572352
1782536569439,0,0,0.000,6.524,6.516,0.220,0.157,0.226,25.129,572385
1782536569489,0,0,0.000,6.516,6.508,0.126,0.094,0.333,25.129,572418
1782536569507,0,0,0.000,6.533,6.541,0.126,0.188,0.204,25.129,572451
1782536569557,0,0,0.012,6.541,6.516,0.157,0.188,0.220,25.129,572484
1782536569583,0,0,0.000,6.524,6.524,0.188,0.157,0.220,25.129,572517
1782536569613,0,0,0.000,6.524,6.508,0.188,0.157,0.215,25.043,572550
1782536569648,0,0,0.000,6.524,6.516,0.188,0.157,0.296,25.129,572583
1782536569680,0,0,0.006,6.516,6.516,0.188,0.157,0.333,25.129,572616
1782536569713,0,0,0.000,6.524,6.516,0.188,0.188,0.226,25.043,572649
1782536569746,0,0,0.000,6.524,6.524,0.188,0.157,0.215,25.215,572682
1782536569782,0,0,0.000,6.524,6.516,0.126,0.188,0.226,25.129,572715
1782536569811,0,0,0.000,6.516,6.516,0.251,0.126,0.215,25.129,572748
1782536569844,0,0,0.000,6.533,6.516,0.188,0.157,0.226,25.129,572781
1782536569877,0,0,0.000,6.524,6.524,0.220,0.157,0.215,25.129,572814
1782536569916,0,0,0.000,6.524,6.524,0.220,0.157,0.226,25.129,572847
1782536569945,0,0,0.000,6.516,6.508,0.188,0.126,0.269,25.129,572880
1782536569989,0,0,0.006,6.524,6.516,0.157,0.188,0.258,25.129,572913
1782536570012,0,0,0.006,6.524,6.516,0.188,0.157,0.215,25.129,572946
1782536570043,0,0,0.000,6.541,6.516,0.188,0.157,0.210,25.129,572979
1782536570075,0,0,0.000,6.524,6.524,0.126,0.157,0.220,25.129,573012
1782536570110,0,0,0.000,6.533,6.524,0.188,0.157,0.210,25.129,573045
1782536570142,0,0,0.000,6.524,6.524,0.188,0.157,0.210,25.129,573078
1782536570176,0,0,0.000,6.524,6.524,0.157,0.188,0.231,25.129,573111
1782536570210,0,0,0.006,6.533,6.516,0.188,0.126,0.210,25.129,573144
1782536570241,0,0,0.000,6.516,6.524,0.157,0.094,0.237,25.129,573177
1782536570284,0,0,0.006,6.533,6.524,0.157,0.157,0.204,25.129,573210
1782536570312,0,0,0.000,6.541,6.524,0.188,0.157,0.349,25.129,573243
1782536570343,0,0,0.000,6.533,6.524,0.188,0.157,0.199,25.129,573276
1782536570380,0,0,0.000,6.524,6.508,0.188,0.157,0.306,25.129,573309
1782536570421,0,0,0.000,6.524,6.516,0.157,0.157,0.263,25.043,573342
1782536570440,0,0,0.000,6.533,6.508,0.157,0.157,0.220,25.129,573375
1782536570471,0,0,0.006,6.524,6.516,0.188,0.157,0.333,25.129,573408
1782536570504,0,0,0.006,6.533,6.524,0.188,0.157,0.210,25.129,573441
1782536570538,0,0,0.000,6.524,6.524,0.188,0.157,0.231,25.129,573474
1782536570570,0,0,0.000,6.524,6.516,0.188,0.157,0.317,25.129,573507
1782536570619,30,30,0.000,6.533,6.524,0.220,0.157,0.215,25.043,573540
1782536570637,45,45,0.000,6.524,6.516,0.188,0.188,0.355,25.129,573573
1782536570684,90,90,0.000,6.533,6.524,0.157,0.157,0.210,25.129,573606
1782536570704,105,105,0.000,6.541,6.524,0.188,0.126,0.323,25.129,573639
1782536570735,120,120,0.000,6.533,6.524,0.157,0.188,0.215,25.129,573672
1782536570770,150,150,0.000,6.508,6.499,0.282,0.188,0.328,25.129,573705
1782536570801,180,180,0.006,6.491,6.491,0.377,0.282,0.215,25.129,573738
1782536570834,195,195,0.006,6.483,6.475,0.565,0.220,0.215,25.129,573771
1782536570867,225,225,0.000,6.392,6.384,1.443,0.502,0.269,25.129,573804
1782536570900,240,240,0.006,6.342,6.350,1.569,0.910,0.355,25.129,573837
1782536570942,180,180,0.000,6.408,6.400,1.098,0.722,0.263,25.129,573870
1782536570975,160,160,0.000,6.417,6.417,0.973,0.502,0.296,25.043,573903
1782536571001,140,140,0.000,6.466,6.466,0.439,0.251,0.215,25.129,573936
1782536571044,80,80,0.000,6.491,6.483,0.314,0.188,0.323,25.129,573969
1782536571068,60,60,0.000,6.524,6.524,0.157,0.157,0.210,25.043,574002
1782536571100,40,40,0.006,6.524,6.516,0.188,0.157,0.199,25.129,574035
1782536571135,0,0,0.000,6.533,6.524,0.188,0.188,0.301,25.129,574068
1782536571169,0,0,0.000,6.524,6.516,0.126,0.157,0.199,25.129,574101
1782536571200,0,0,0.000,6.524,6.524,0.188,0.157,0.210,25.129,574134
1782536571235,0,0,0.000,6.524,6.524,0.188,0.157,0.199,25.129,574167
1782536571272,0,0,0.000,6.524,6.508,0.188,0.157,0.215,25.129,574200
1782536571302,0,0,0.000,6.524,6.533,0.157,0.157,0.210,25.129,574233
1782536571337,30,-30,0.000,6.524,6.524,0.220,0.157,0.210,25.043,574266
1782536571368,60,-60,0.000,6.516,6.508,0.188,0.188,0.333,25.129,574299
1782536571399,75,-75,0.000,6.516,6.524,0.188,0.157,0.215,25.129,574332
1782536571438,105,-105,0.006,6.508,6.508,0.188,0.157,0.457,25.129,574365
1782536571469,135,-135,0.000,6.524,6.516,0.188,0.157,0.312,25.129,574398
1782536571499,150,-150,0.000,6.516,6.516,0.188,0.157,0.344,25.129,574431
1782536571537,180,-180,0.000,6.524,6.516,0.126,0.251,0.215,25.043,574464
1782536571565,210,-210,0.000,6.450,6.442,0.533,0.502,0.355,25.129,574497
1782536571600,225,-225,0.000,6.475,6.458,0.377,0.659,0.215,25.129,574530
1782536571632,255,-255,0.000,6.425,6.425,0.628,0.628,0.312,25.129,574563
1782536571666,285,-285,0.000,6.408,6.392,1.004,0.816,0.220,25.129,574596
1782536571700,300,-300,0.006,6.367,6.350,1.286,1.004,0.226,25.129,574629
1782536571733,330,-330,0.006,6.367,6.350,1.192,0.847,0.247,25.129,574662
1782536571765,325,-325,0.000,6.326,6.309,1.381,1.224,0.242,25.129,574695
1782536571798,305,-305,0.000,6.276,6.235,1.851,1.663,0.247,25.129,574728
1782536571831,265,-265,0.000,6.284,6.259,1.632,1.412,0.285,25.129,574761
1782536571865,225,-225,0.000,6.375,6.359,1.192,1.004,0.237,25.129,574794
1782536571917,185,-185,0.012,6.425,6.425,0.596,0.628,0.220,25.129,574827
1782536571932,165,-165,0.000,6.442,6.433,0.690,0.471,0.258,25.129,574860
1782536571967,125,-125,0.000,6.475,6.466,0.314,0.314,0.355,25.129,574893
1782536571999,105,-105,0.000,6.508,6.491,0.188,0.188,0.220,25.129,574926
1782536572031,65,-65,0.000,6.491,6.483,0.188,0.188,0.247,25.215,574959
1782536572080,25,-25,0.000,6.499,6.508,0.188,0.157,0.366,25.043,574992
1782536572097,5,-5,0.000,6.516,6.508,0.188,0.126,0.253,25.129,575025
1782536572131,15,-15,0.006,6.508,6.499,0.188,0.188,0.328,25.129,575058
1782536572164,45,-45,0.000,6.516,6.508,0.188,0.157,0.231,25.129,575091
1782536572197,60,-60,0.000,6.508,6.499,0.188,0.157,0.306,25.043,575124
1782536572230,90,-90,0.000,6.524,6.516,0.188,0.157,0.210,25.043,575157
1782536572265,120,-120,0.006,6.508,6.516,0.188,0.188,0.226,25.129,575190
1782536572317,150,-150,0.000,6.516,6.524,0.157,0.157,0.210,25.129,575223
1782536572338,165,-165,0.000,6.516,6.516,0.188,0.157,0.215,25.129,575256
1782536572364,180,-180,0.000,6.499,6.475,0.220,0.314,0.323,25.129,575289
1782536572396,210,-210,0.000,6.433,6.433,0.659,0.753,0.215,25.043,575322
1782536572430,240,-240,0.006,6.367,6.342,1.067,1.161,0.226,25.129,575355
1782536572464,255,-255,0.000,6.342,6.326,1.475,0.784,0.215,25.129,575388
1782536572496,285,-285,0.000,6.342,6.334,1.286,0.879,0.247,25.129,575421
1782536572531,315,-315,0.000,6.367,6.359,1.161,0.879,0.237,25.129,575454
1782536572565,330,-330,0.012,6.326,6.301,1.569,1.130,0.237,25.129,575487
1782536572597,360,-360,0.000,6.326,6.284,1.663,1.381,0.237,25.129,575520
1782536572629,390,-390,0.012,6.309,6.276,1.569,1.286,0.215,25.129,575553
1782536572682,420,-420,0.000,6.235,6.218,2.071,1.663,0.237,25.043,575586
1782536572699,400,-400,0.000,6.251,6.218,1.757,1.506,0.468,25.215,575619
1782536572728,360,-360,0.000,6.218,6.193,1.977,1.694,0.263,25.043,575652
1782536572765,340,-340,0.000,6.276,6.243,1.663,1.443,0.220,25.215,575685
1782536572800,300,-300,0.000,6.276,6.251,1.506,1.537,0.220,25.129,575718
1782536572830,260,-260,0.006,6.342,6.317,1.286,0.973,0.242,25.129,575751
1782536572863,240,-240,0.000,6.392,6.367,0.910,0.722,0.328,25.129,575784
1782536572898,200,-200,0.006,6.400,6.392,0.784,0.628,0.220,25.129,575817
1782536572931,160,-160,0.000,6.442,6.433,0.565,0.439,0.231,25.129,575850
1782536572965,140,-140,0.000,6.475,6.466,0.251,0.282,0.226,25.129,575883
1782536572995,100,-100,0.000,6.475,6.475,0.251,0.282,0.215,25.129,575916
1782536573030,60,-60,0.000,6.491,6.499,0.188,0.188,0.215,25.129,575949
1782536573062,40,-40,0.000,6.499,6.499,0.188,0.157,0.215,25.129,575982
1782536573095,0,0,0.000,6.508,6.491,0.188,0.157,0.226,25.043,576015
1782536573129,0,0,0.006,6.508,6.491,0.157,0.157,0.220,25.129,576048
1782536573162,0,0,0.000,6.508,6.508,0.188,0.188,0.226,25.129,576081
1782536573195,0,0,0.006,6.499,6.508,0.188,0.157,0.247,25.129,576114
1782536573228,0,0,0.000,6.516,6.508,0.188,0.157,0.215,25.043,576147
1782536573263,0,0,0.000,6.508,6.516,0.188,0.157,0.215,25.129,576180
1782536573295,15,-15,0.000,6.508,6.499,0.188,0.157,0.237,25.129,576213
1782536573328,45,-45,0.000,6.508,6.499,0.220,0.157,0.242,25.129,576246
1782536573361,60,-60,0.006,6.516,6.516,0.188,0.157,0.215,25.129,576279
1782536573395,90,-90,0.006,6.499,6.508,0.188,0.157,0.237,25.129,576312
1782536573431,120,-120,0.000,6.508,6.508,0.188,0.126,0.231,25.129,576345
1782536573461,135,-135,0.006,6.508,6.524,0.188,0.157,0.247,25.129,576378
1782536573495,165,-165,0.000,6.508,6.499,0.188,0.188,0.349,25.129,576411
1782536573527,180,-180,0.000,6.475,6.475,0.251,0.377,0.242,25.215,576444
1782536573560,210,-210,0.000,6.450,6.425,0.628,0.502,0.247,25.129,576477
1782536573594,240,-240,0.000,6.400,6.384,1.004,0.628,0.210,25.129,576510
1782536573628,255,-255,0.000,6.317,6.301,2.071,0.816,0.242,25.129,576543
1782536573661,250,-250,0.000,6.301,6.276,1.883,0.973,0.263,25.129,576576
1782536573696,210,-210,0.000,6.367,6.326,1.224,0.910,0.237,25.129,576609
1782536573728,190,-190,0.000,6.375,6.367,1.067,0.753,0.242,25.129,576642
1782536573761,150,-150,0.000,6.458,6.442,0.502,0.314,0.247,25.043,576675
1782536573794,110,-110,0.000,6.475,6.466,0.314,0.282,0.258,25.129,576708
1782536573828,90,-90,0.000,6.483,6.491,0.188,0.157,0.220,25.129,576741
1782536573860,50,-50,0.000,6.508,6.499,0.188,0.157,0.237,25.043,576774
1782536573896,10,-10,0.000,6.508,6.508,0.251,0.157,0.242,25.129,576807
1782536573928,0,0,0.000,6.516,6.508,0.157,0.157,0.220,25.129,576840
1782536573960,0,0,0.000,6.516,6.508,0.188,0.188,0.220,25.129,576873
1782536574007,0,0,0.000,6.516,6.516,0.188,0.157,0.242,25.043,576906
1782536574035,30,-30,0.000,6.516,6.499,0.188,0.126,0.215,25.043,576939
1782536574070,60,-60,0.000,6.508,6.499,0.188,0.126,0.237,25.129,576972
1782536574108,75,-75,0.006,6.508,6.508,0.188,0.157,0.220,25.043,577005
1782536574135,105,-105,0.000,6.524,6.508,0.188,0.157,0.253,25.129,577038
1782536574167,120,-120,0.000,6.516,6.508,0.220,0.126,0.237,25.129,577071
1782536574203,150,-150,0.000,6.516,6.508,0.188,0.157,0.237,25.129,577104
1782536574234,180,-180,0.006,6.508,6.499,0.188,0.188,0.210,25.129,577137
1782536574266,195,-195,0.000,6.458,6.450,0.502,0.502,0.210,25.129,577170
1782536574299,225,-225,0.000,6.433,6.425,0.784,0.408,0.247,25.129,577203
1782536574332,255,-255,0.006,6.334,6.326,1.537,0.784,0.328,25.043,577236
1782536574365,270,-270,0.000,6.317,6.301,1.851,1.067,0.215,25.129,577269
1782536574399,300,-300,0.000,6.350,6.334,1.506,0.910,0.231,25.129,577302
1782536574441,330,-330,0.000,6.326,6.309,1.569,0.847,0.226,25.129,577335
1782536574467,310,-310,0.000,6.276,6.259,1.788,1.475,0.382,25.129,577368
1782536574498,270,-270,0.000,6.317,6.326,1.318,1.035,0.242,25.129,577401
1782536574537,230,-230,0.006,6.334,6.317,1.349,0.973,0.237,25.215,577434
1782536574565,210,-210,0.000,6.392,6.384,0.659,0.628,0.215,25.043,577467
1782536574600,170,-170,0.000,6.442,6.417,0.565,0.533,0.220,25.129,577500
1782536574629,150,-150,0.000,6.466,6.458,0.345,0.282,0.231,25.129,577533
1782536574662,110,-110,0.000,6.483,6.475,0.220,0.220,0.242,25.129,577566
1782536574696,70,-70,0.000,6.491,6.483,0.220,0.157,0.210,25.129,577599
1782536574728,50,-50,0.000,6.499,6.491,0.220,0.157,0.226,25.129,577632
1782536574761,10,-10,0.000,6.508,6.508,0.157,0.157,0.215,25.129,577665
1782536574796,0,0,0.000,6.508,6.491,0.220,0.157,0.285,25.129,577698
1782536574828,0,0,0.000,6.499,6.491,0.157,0.188,0.323,25.129,577731
1782536574860,0,0,0.000,6.516,6.508,0.188,0.188,0.215,25.043,577764
1782536574895,15,-15,0.000,6.499,6.483,0.220,0.157,0.242,25.129,577797
1782536574929,30,-30,0.000,6.508,6.499,0.188,0.188,0.306,25.129,577830
1782536574959,60,-60,0.000,6.508,6.508,0.188,0.157,0.210,25.129,577863
1782536574994,90,-90,0.000,6.516,6.508,0.157,0.188,0.210,25.129,577896
1782536575027,105,-105,0.000,6.516,6.499,0.220,0.126,0.274,25.129,577929
1782536575061,135,-135,0.000,6.508,6.516,0.188,0.126,0.290,25.129,577962
1782536575091,165,-165,0.000,6.508,6.508,0.188,0.157,0.269,25.129,577995
1782536575125,180,-180,0.006,6.475,6.458,0.282,0.439,0.215,25.129,578028
1782536575171,225,-225,0.000,6.425,6.408,0.628,0.596,0.242,25.129,578061
1782536575199,240,-240,0.000,6.400,6.384,0.910,0.753,0.269,25.129,578094
1782536575238,235,-235,0.006,6.334,6.317,1.224,1.067,0.430,25.043,578127
1782536575259,215,-215,0.000,6.375,6.367,1.035,0.879,0.269,25.129,578160
1782536575289,195,-195,0.000,6.359,6.350,1.035,0.847,0.355,25.043,578193
1782536575323,155,-155,0.000,6.450,6.442,0.533,0.439,0.210,25.215,578226
1782536575355,115,-115,0.000,6.458,6.450,0.345,0.439,0.237,25.129,578259
1782536575394,75,-75,0.000,6.499,6.483,0.220,0.220,0.253,25.129,578292
1782536575428,55,-55,0.000,6.508,6.499,0.188,0.251,0.210,25.043,578325
1782536575467,15,-15,0.000,6.508,6.499,0.188,0.157,0.285,25.129,578358
1782536575495,0,0,0.000,6.508,6.499,0.188,0.157,0.220,25.129,578391
1782536575521,0,0,0.000,6.516,6.508,0.188,0.157,0.199,25.129,578424
1782536575562,0,0,0.000,6.516,6.508,0.188,0.157,0.204,25.129,578457
1782536575588,0,0,0.006,6.508,6.499,0.157,0.157,0.317,25.129,578490
1782536575625,15,-15,0.012,6.508,6.516,0.188,0.126,0.226,25.043,578523
1782536575672,60,-60,0.000,6.516,6.508,0.188,0.157,0.215,25.129,578556
1782536575688,60,-60,0.000,6.508,6.508,0.188,0.157,0.312,25.129,578589
1782536575721,90,-90,0.000,6.516,6.508,0.188,0.157,0.215,25.129,578622
1782536575756,120,-120,0.000,6.499,6.508,0.188,0.126,0.349,25.129,578655
1782536575788,135,-135,0.000,6.516,6.508,0.251,0.188,0.220,25.215,578688
1782536575820,165,-165,0.000,6.516,6.508,0.188,0.220,0.210,25.129,578721
1782536575863,195,-195,0.000,6.483,6.458,0.314,0.439,0.226,25.129,578754
1782536575906,225,-225,0.000,6.400,6.392,0.722,0.879,0.301,25.129,578787
1782536575932,255,-255,0.000,6.375,6.342,1.475,0.847,0.226,25.129,578820
1782536575960,270,-270,0.000,6.334,6.309,1.883,0.690,0.237,25.129,578853
1782536576001,300,-300,0.000,6.342,6.334,1.286,0.910,0.274,25.129,578886
1782536576059,240,-240,0.000,6.342,6.309,1.349,1.130,0.247,25.129,578919
1782536576060,240,-240,0.000,6.326,6.309,1.412,1.098,0.296,25.129,578952
1782536576087,220,-220,0.000,6.375,6.359,0.941,0.784,0.258,25.129,578985
1782536576134,160,-160,0.000,6.425,6.408,0.722,0.439,0.285,25.129,579018
1782536576163,140,-140,0.000,6.442,6.433,0.471,0.377,0.301,25.129,579051
1782536576187,120,-120,0.000,6.483,6.450,0.251,0.251,0.263,25.129,579084
1782536576220,80,-80,0.006,6.499,6.491,0.126,0.188,0.237,25.129,579117
1782536576253,40,-40,0.000,6.491,6.483,0.188,0.251,0.242,25.129,579150
1782536576287,20,-20,0.006,6.508,6.499,0.157,0.188,0.312,25.129,579183
1782536576319,0,0,0.000,6.508,6.499,0.188,0.188,0.231,25.129,579216
1782536576354,0,0,0.000,6.516,6.508,0.188,0.188,0.247,25.129,579249
1782536576387,0,0,0.000,6.491,6.491,0.188,0.157,0.462,25.129,579282
1782536576420,0,0,0.000,6.508,6.508,0.188,0.126,0.220,25.129,579315
1782536576464,0,0,0.000,6.508,6.508,0.157,0.157,0.253,25.129,579348
1782536576487,0,0,0.000,6.499,6.516,0.126,0.126,0.366,25.129,579381
1782536576519,0,0,0.000,6.516,6.516,0.188,0.157,0.210,25.129,579414
1782536576558,0,0,0.000,6.508,6.499,0.188,0.157,0.344,25.129,579447
1782536576589,15,15,0.000,6.508,6.499,0.188,0.157,0.226,25.129,579480
1782536576621,45,45,0.000,6.516,6.508,0.188,0.126,0.237,25.129,579513
1782536576653,75,75,0.000,6.516,6.499,0.188,0.157,0.220,25.215,579546
1782536576685,90,90,0.006,6.524,6.508,0.188,0.157,0.220,25.129,579579
1782536576720,120,120,0.000,6.516,6.508,0.188,0.126,0.253,25.043,579612
1782536576752,150,150,0.000,6.516,6.508,0.188,0.157,0.237,25.129,579645
1782536576817,195,195,0.000,6.516,6.491,0.220,0.188,0.210,25.215,579678
1782536576827,195,195,0.000,6.458,6.442,0.533,0.565,0.215,25.129,579711
1782536576855,225,225,0.000,6.442,6.425,0.282,0.847,0.253,25.129,579744
1782536576885,240,240,0.000,6.450,6.425,0.502,0.784,0.215,25.129,579777
1782536576932,270,270,0.000,6.384,6.367,1.004,1.161,0.237,25.129,579810
1782536576965,300,300,0.000,6.392,6.359,1.004,0.784,0.215,25.129,579843
1782536576985,280,280,0.000,6.326,6.334,1.349,1.067,0.323,25.129,579876
1782536577018,240,240,0.000,6.326,6.317,1.443,1.192,0.215,25.215,579909
1782536577052,220,220,0.000,6.400,6.375,1.004,0.628,0.339,25.129,579942
1782536577086,180,180,0.000,6.442,6.417,0.596,0.377,0.237,25.129,579975
1782536577127,140,140,0.000,6.483,6.491,0.251,0.220,0.242,25.129,580008
1782536577150,120,120,0.000,6.475,6.466,0.377,0.282,0.210,25.043,580041
1782536577183,80,80,0.000,6.499,6.491,0.251,0.188,0.215,25.129,580074
1782536577290,0,0,0.006,6.508,6.508,0.188,0.220,0.215,25.129,580107
1782536577290,0,0,0.000,6.516,6.499,0.188,0.157,0.296,25.215,580140
1782536577300,0,0,0.000,6.508,6.499,0.188,0.157,0.280,25.129,580173
1782536577316,0,0,0.000,6.516,6.499,0.157,0.188,0.339,25.129,580206
1782536577352,0,0,0.000,6.516,6.499,0.188,0.188,0.220,25.215,580239
1782536577384,0,0,0.000,6.508,6.499,0.220,0.188,0.339,25.129,580272
1782536577417,0,0,0.000,6.499,6.516,0.188,0.157,0.220,25.129,580305
1782536577454,0,0,0.000,6.508,6.499,0.188,0.188,0.231,25.129,580338
1782536577484,0,0,0.000,6.508,6.508,0.188,0.157,0.226,25.215,580371
1782536577517,0,0,0.000,6.516,6.499,0.188,0.157,0.215,25.129,580404
1782536577594,0,0,0.000,6.508,6.508,0.188,0.188,0.215,25.129,580437
1782536577614,0,0,0.000,6.516,6.508,0.157,0.126,0.237,25.129,580470
1782536577620,0,0,0.006,6.508,6.508,0.188,0.157,0.333,25.129,580503
1782536577650,0,0,0.000,6.516,6.516,0.188,0.126,0.231,25.129,580536
1782536577686,0,0,0.000,6.524,6.499,0.188,0.157,0.253,25.129,580569
1782536577734,0,0,0.000,6.516,6.508,0.188,0.157,0.231,25.129,580602
1782536577784,0,0,0.000,6.516,6.533,0.188,0.188,0.204,25.129,580635
1782536577787,0,0,0.000,6.516,6.533,0.157,0.220,0.204,25.129,580668
1782536577841,-15,15,0.006,6.516,6.508,0.188,0.157,0.210,25.129,580701
1782536577849,-15,15,0.000,6.508,6.508,0.188,0.188,0.290,25.129,580734
1782536577884,-45,45,0.000,6.516,6.508,0.188,0.157,0.199,25.129,580767
1782536577915,-75,75,0.000,6.516,6.508,0.188,0.157,0.220,25.129,580800
1782536577949,-90,90,0.000,6.516,6.508,0.126,0.126,0.199,25.129,580833
1782536577994,-135,135,0.000,6.516,6.508,0.188,0.188,0.231,25.129,580866
1782536578017,-150,150,0.000,6.524,6.499,0.157,0.157,0.366,25.129,580899
1782536578049,-165,165,0.012,6.491,6.483,0.471,0.251,0.210,25.129,580932
1782536578082,-195,195,0.006,6.425,6.417,0.847,0.533,0.242,25.129,580965
1782536578115,-225,225,0.000,6.408,6.392,1.035,0.659,0.215,25.043,580998
1782536578149,-240,240,0.000,6.359,6.342,1.381,0.722,0.210,25.129,581031
1782536578183,-270,270,0.000,6.342,6.317,1.443,1.035,0.210,25.129,581064
1782536578215,-230,230,0.000,6.367,6.350,1.161,0.722,0.231,25.129,581097
1782536578249,-210,210,0.000,6.334,6.317,1.443,1.035,0.220,25.129,581130
1782536578281,-170,170,0.006,6.442,6.433,0.596,0.377,0.231,25.043,581163
1782536578314,-130,130,0.000,6.442,6.450,0.533,0.502,0.220,25.129,581196
1782536578348,-110,110,0.000,6.491,6.483,0.282,0.251,0.204,25.129,581229
1782536578381,-70,70,0.006,6.508,6.499,0.188,0.188,0.210,25.129,581262
1782536578414,-30,30,0.000,6.499,6.499,0.188,0.126,0.344,25.129,581295
1782536578456,0,0,0.000,6.508,6.508,0.126,0.188,0.210,25.129,581328
1782536578493,0,0,0.000,6.508,6.516,0.157,0.157,0.258,25.043,581361
1782536578526,30,-30,0.000,6.499,6.499,0.220,0.157,0.387,25.129,581394
1782536578560,60,-60,0.000,6.524,6.491,0.188,0.157,0.231,25.129,581427
1782536578591,75,-75,0.000,6.524,6.499,0.188,0.157,0.210,25.129,581460
1782536578622,105,-105,0.000,6.516,6.508,0.157,0.157,0.204,25.129,581493
1782536578655,120,-120,0.000,6.524,6.508,0.126,0.188,0.210,25.129,581526
1782536578688,150,-150,0.006,6.516,6.499,0.188,0.157,0.215,25.129,581559
1782536578725,180,-180,0.000,6.508,6.508,0.188,0.251,0.204,25.129,581592
1782536578756,195,-195,0.006,6.475,6.475,0.314,0.314,0.344,25.129,581625
1782536578787,225,-225,0.000,6.442,6.433,0.722,0.439,0.210,25.129,581658
1782536578821,255,-255,0.000,6.458,6.458,0.282,0.533,0.215,25.129,581691
1782536578889,300,-300,0.000,6.392,6.384,1.067,0.722,0.210,25.129,581724
1782536578893,300,-300,0.000,6.367,6.342,1.130,1.035,0.231,25.129,581757
1782536578933,330,-330,0.000,6.384,6.384,1.004,0.753,0.226,25.129,581790
1782536578956,345,-345,0.006,6.375,6.367,0.941,0.879,0.210,25.129,581823
1782536578985,375,-375,0.000,6.259,6.226,2.134,1.632,0.242,25.129,581856
1782536579026,370,-370,0.006,6.301,6.276,1.412,1.381,0.210,25.129,581889
1782536579052,350,-350,0.000,6.251,6.226,1.694,1.475,0.355,25.129,581922
1782536579084,310,-310,0.000,6.218,6.185,2.259,1.757,0.215,25.129,581955
1782536579119,270,-270,0.006,6.284,6.259,1.851,1.286,0.215,25.129,581988
1782536579151,250,-250,0.000,6.350,6.342,1.161,0.784,0.210,25.129,582021
1782536579201,190,-190,0.000,6.392,6.384,0.753,0.565,0.204,25.129,582054
1782536579219,170,-170,0.006,6.400,6.392,0.847,0.533,0.280,25.129,582087
1782536579252,150,-150,0.000,6.442,6.442,0.533,0.377,0.263,25.129,582120
1782536579282,110,-110,0.000,6.450,6.442,0.377,0.314,0.419,25.129,582153
1782536579316,90,-90,0.000,6.483,6.475,0.220,0.220,0.194,25.129,582186
1782536579348,50,-50,0.000,6.508,6.491,0.188,0.188,0.269,25.129,582219
1782536579381,10,-10,0.000,6.499,6.491,0.188,0.188,0.306,25.129,582252
1782536579419,0,0,0.000,6.508,6.499,0.188,0.157,0.199,25.129,582285
1782536579447,0,0,0.000,6.499,6.499,0.188,0.126,0.355,25.129,582318
1782536579481,0,0,0.000,6.508,6.499,0.251,0.157,0.215,25.215,582351
1782536579515,0,0,0.006,6.491,6.516,0.188,0.188,0.333,25.129,582384
1782536579546,0,0,0.000,6.508,6.499,0.188,0.157,0.210,25.129,582417
1782536579581,0,0,0.006,6.491,6.491,0.188,0.188,0.419,25.129,582450
1782536579614,0,0,0.006,6.516,6.491,0.188,0.126,0.215,25.129,582483
1782536579646,0,0,0.000,6.508,6.499,0.188,0.126,0.301,25.129,582516
1782536579678,0,0,0.000,6.508,6.499,0.126,0.188,0.215,25.129,582549
1782536579711,0,0,0.000,6.508,6.508,0.188,0.157,0.274,25.129,582582
1782536579745,0,0,0.000,6.516,6.499,0.188,0.157,0.253,25.129,582615
1782536579779,0,0,0.000,6.508,6.508,0.188,0.094,0.226,25.129,582648
1782536579811,0,0,0.012,6.508,6.516,0.220,0.126,0.247,25.129,582681
1782536579844,-30,30,0.000,6.516,6.499,0.188,0.188,0.258,25.129,582714
1782536579877,-45,45,0.012,6.499,6.516,0.188,0.157,0.194,25.129,582747
1782536579911,-75,75,0.000,6.516,6.508,0.188,0.157,0.215,25.129,582780
1782536579944,-105,105,0.000,6.524,6.516,0.188,0.220,0.199,25.129,582813
1782536579978,-120,120,0.006,6.516,6.508,0.188,0.157,0.194,25.129,582846
1782536580011,-150,150,0.000,6.499,6.499,0.188,0.157,0.253,25.129,582879
1782536580044,-110,110,0.000,6.508,6.491,0.251,0.188,0.204,25.129,582912
1782536580087,-70,70,0.000,6.450,6.442,0.471,0.345,0.204,25.129,582945
1782536580113,-50,50,0.000,6.499,6.475,0.282,0.188,0.306,25.129,582978
1782536580144,-10,10,0.000,6.516,6.508,0.188,0.220,0.210,25.129,583011
1782536580177,0,0,0.000,6.516,6.516,0.157,0.157,0.204,25.129,583044
1782536580219,0,0,0.000,6.508,6.508,0.188,0.157,0.247,25.043,583077
1782536580245,0,0,0.000,6.508,6.516,0.188,0.126,0.328,25.129,583110
1782536580277,-15,15,0.000,6.524,6.516,0.157,0.188,0.199,25.129,583143
1782536580313,-45,45,0.000,6.516,6.499,0.220,0.157,0.349,25.129,583176
1782536580343,-75,75,0.000,6.508,6.508,0.188,0.126,0.210,25.129,583209
1782536580379,-90,90,0.006,6.499,6.516,0.188,0.157,0.285,25.129,583242
1782536580410,-120,120,0.006,6.516,6.508,0.188,0.188,0.231,25.129,583275
1782536580444,-150,150,0.000,6.516,6.508,0.188,0.188,0.220,25.129,583308
1782536580476,-165,165,0.000,6.499,6.483,0.282,0.220,0.226,25.215,583341
1782536580510,-195,195,0.000,6.458,6.450,0.628,0.377,0.296,25.129,583374
1782536580544,-225,225,0.000,6.433,6.417,0.690,0.565,0.215,25.129,583407
1782536580577,-240,240,0.000,6.450,6.442,0.471,0.502,0.237,25.129,583440
1782536580609,-270,270,0.012,6.375,6.375,1.130,0.659,0.349,25.129,583473
1782536580642,-265,265,0.000,6.342,6.326,1.318,1.035,0.215,25.129,583506
1782536580677,-245,245,0.000,6.375,6.350,1.161,0.879,0.215,25.129,583539
1782536580709,-205,205,0.000,6.334,6.301,1.286,1.067,0.339,25.129,583572
1782536580743,-165,165,0.000,6.425,6.408,0.690,0.628,0.204,25.129,583605
1782536580784,-125,125,0.000,6.425,6.400,0.784,0.533,0.231,25.129,583638
1782536580830,-85,85,0.000,6.458,6.450,0.471,0.251,0.344,25.129,583671
1782536580856,-65,65,0.000,6.499,6.499,0.188,0.157,0.210,25.129,583704
1782536580886,-25,25,0.000,6.499,6.491,0.220,0.188,0.215,25.129,583737
1782536580909,-5,5,0.006,6.491,6.483,0.188,0.157,0.446,25.129,583770
1782536580942,0,0,0.000,6.516,6.508,0.157,0.157,0.226,25.129,583803
1782536580986,0,0,0.000,6.508,6.499,0.126,0.188,0.226,25.129,583836
1782536581017,0,0,0.000,6.516,6.508,0.188,0.157,0.215,25.129,583869
1782536581047,0,0,0.000,6.508,6.508,0.157,0.157,0.263,25.129,583902
1782536581077,0,0,0.000,6.508,6.491,0.188,0.126,0.269,25.215,583935
1782536581113,0,0,0.000,6.516,6.524,0.188,0.157,0.204,25.129,583968
1782536581142,0,0,0.000,6.508,6.508,0.188,0.157,0.226,25.129,584001
1782536581176,0,0,0.000,6.508,6.508,0.220,0.157,0.247,25.129,584034
1782536581209,0,0,0.000,6.516,6.508,0.157,0.157,0.220,25.129,584067
1782536581242,0,0,0.000,6.516,6.508,0.188,0.157,0.226,25.129,584100
1782536581276,0,0,0.000,6.516,6.508,0.157,0.157,0.220,25.129,584133
1782536581307,30,30,0.000,6.516,6.508,0.188,0.157,0.204,25.129,584166
1782536581342,60,60,0.000,6.508,6.508,0.188,0.126,0.344,25.129,584199
1782536581376,75,75,0.000,6.516,6.516,0.188,0.157,0.237,25.129,584232
1782536581411,105,105,0.000,6.508,6.508,0.188,0.188,0.258,25.215,584265
1782536581449,135,135,0.000,6.533,6.508,0.188,0.188,0.231,25.129,584298
1782536581477,150,150,0.000,6.516,6.508,0.188,0.157,0.231,25.129,584331
1782536581508,180,180,0.000,6.499,6.491,0.251,0.220,0.215,25.129,584364
1782536581540,195,195,0.000,6.458,6.442,0.722,0.345,0.215,25.129,584397
1782536581576,225,225,0.000,6.417,6.408,1.067,0.345,0.242,25.129,584430
1782536581608,255,255,0.000,6.392,6.375,1.161,0.596,0.349,25.129,584463
1782536581642,285,285,0.000,6.400,6.384,1.004,0.690,0.253,25.215,584496
1782536581678,300,300,0.000,6.375,6.359,1.255,0.753,0.215,25.129,584529
1782536581711,330,330,0.006,6.367,6.350,1.318,0.659,0.226,25.129,584562
1782536581742,360,360,0.000,6.309,6.276,1.663,1.161,0.220,25.129,584595
1782536581789,390,390,0.000,6.342,6.326,1.318,0.847,0.231,25.129,584628
1782536581807,405,405,0.006,6.284,6.268,1.820,1.130,0.215,25.129,584661
1782536581839,420,420,0.000,6.243,6.218,2.102,1.443,0.258,25.129,584694
1782536581895,465,465,0.000,6.251,6.218,1.977,1.412,0.215,25.215,584727
1782536581907,480,480,0.000,6.185,6.160,2.824,1.663,0.242,25.129,584760
1782536581939,460,460,0.000,6.185,6.160,2.573,1.537,0.226,25.129,584793
1782536581973,420,420,0.000,6.160,6.127,2.855,1.600,0.247,25.215,584826
1782536582006,380,380,0.000,6.210,6.185,2.416,1.381,0.237,25.129,584859
1782536582039,360,360,0.000,6.243,6.226,2.134,1.349,0.231,25.129,584892
1782536582074,320,320,0.000,6.301,6.292,1.632,0.879,0.237,25.129,584925
1782536582106,280,280,0.000,6.375,6.359,1.130,0.596,0.220,25.129,584958
1782536582140,260,260,0.000,6.442,6.425,0.596,0.408,0.220,25.215,584991
1782536582172,220,220,0.000,6.408,6.417,0.628,0.314,0.247,25.129,585024
1782536582207,180,180,0.000,6.458,6.450,0.377,0.408,0.237,25.129,585057
1782536582240,160,160,0.012,6.466,6.475,0.314,0.188,0.220,25.129,585090
1782536582272,120,120,0.000,6.508,6.475,0.220,0.188,0.237,25.129,585123
1782536582307,80,80,0.000,6.483,6.466,0.188,0.220,0.215,25.129,585156
1782536582338,60,60,0.006,6.491,6.483,0.188,0.157,0.274,25.129,585189
1782536582372,20,20,0.000,6.491,6.475,0.188,0.220,0.344,25.129,585222
1782536582405,0,0,0.000,6.499,6.491,0.157,0.157,0.215,25.129,585255
1782536582444,0,0,0.006,6.491,6.499,0.188,0.157,0.215,25.129,585288
1782536582487,0,0,0.000,6.499,6.499,0.220,0.251,0.215,25.129,585321
1782536582508,0,0,0.000,6.499,6.491,0.188,0.126,0.220,25.129,585354
1782536582539,0,0,0.000,6.508,6.499,0.188,0.157,0.215,25.129,585387
1782536582573,0,0,0.000,6.508,6.491,0.157,0.126,0.242,25.129,585420
1782536582604,0,0,0.000,6.499,6.491,0.220,0.157,0.226,25.129,585453
1782536582661,0,0,0.006,6.508,6.499,0.188,0.157,0.253,25.215,585486
1782536582685,0,0,0.000,6.508,6.499,0.220,0.157,0.220,25.043,585519
1782536582711,0,0,0.000,6.516,6.491,0.188,0.157,0.215,25.129,585552
1782536582738,0,0,0.000,6.499,6.508,0.188,0.188,0.242,25.129,585585
1782536582782,0,0,0.000,6.508,6.499,0.188,0.188,0.220,25.129,585618
1782536582822,0,0,0.000,6.508,6.499,0.188,0.157,0.237,25.129,585651
1782536582837,0,0,0.000,6.508,6.508,0.188,0.157,0.215,25.129,585684
1782536582880,0,0,0.000,6.508,6.499,0.188,0.157,0.231,25.215,585717
1782536582916,30,-30,0.000,6.508,6.499,0.188,0.188,0.280,25.129,585750
1782536582945,45,-45,0.000,6.491,6.491,0.188,0.157,0.349,25.129,585783
1782536582978,75,-75,0.000,6.499,6.508,0.188,0.157,0.237,25.129,585816
1782536583013,105,-105,0.000,6.508,6.516,0.188,0.126,0.226,25.129,585849
1782536583048,120,-120,0.000,6.508,6.508,0.220,0.188,0.220,25.129,585882
1782536583077,150,-150,0.000,6.508,6.516,0.157,0.157,0.210,25.129,585915
1782536583111,180,-180,0.000,6.508,6.508,0.157,0.188,0.215,25.129,585948
1782536583151,210,-210,0.000,6.491,6.491,0.220,0.251,0.220,25.129,585981
1782536583176,225,-225,0.000,6.450,6.442,0.439,0.408,0.360,25.129,586014
1782536583211,240,-240,0.000,6.450,6.442,0.439,0.471,0.247,25.129,586047
1782536583245,270,-270,0.000,6.417,6.392,0.879,0.659,0.237,25.129,586080
1782536583276,300,-300,0.000,6.392,6.384,0.973,0.690,0.220,25.129,586113
1782536583314,330,-330,0.000,6.350,6.334,1.130,1.035,0.215,25.215,586146
1782536583341,345,-345,0.000,6.375,6.342,1.130,0.816,0.231,25.129,586179
1782536583376,340,-340,0.000,6.309,6.292,1.381,1.192,0.210,25.129,586212
1782536583413,300,-300,0.000,6.251,6.243,1.883,1.537,0.220,25.129,586245
1782536583451,280,-280,0.000,6.268,6.235,1.757,1.475,0.220,25.129,586278
1782536583478,240,-240,0.000,6.292,6.292,1.381,1.130,0.220,25.129,586311
1782536583506,220,-220,0.000,6.367,6.359,0.941,0.722,0.355,25.215,586344
1782536583539,180,-180,0.006,6.392,6.384,0.847,0.628,0.226,25.129,586377
1782536583572,160,-160,0.000,6.442,6.425,0.502,0.471,0.204,25.129,586410
1782536583606,120,-120,0.000,6.466,6.475,0.314,0.282,0.215,25.215,586443
1782536583639,80,-80,0.006,6.491,6.458,0.251,0.220,0.301,25.129,586476
1782536583673,40,-40,0.000,6.491,6.491,0.188,0.188,0.215,25.215,586509
1782536583707,20,-20,0.000,6.508,6.491,0.126,0.126,0.220,25.129,586542
1782536583738,0,0,0.006,6.508,6.491,0.188,0.157,0.280,25.129,586575
1782536583772,0,0,0.000,6.516,6.499,0.188,0.220,0.210,25.129,586608
1782536583838,0,0,0.006,6.499,6.491,0.188,0.188,0.215,25.129,586641
1782536583865,-15,15,0.000,6.499,6.491,0.126,0.126,0.414,25.129,586674
1782536583870,-15,15,0.000,6.491,6.491,0.157,0.220,0.355,25.215,586707
1782536583904,-45,45,0.006,6.499,6.491,0.188,0.188,0.280,25.043,586740
1782536583936,-75,75,0.006,6.499,6.491,0.188,0.188,0.349,25.129,586773
1782536583998,-120,120,0.000,6.508,6.491,0.188,0.157,0.215,25.129,586806
1782536584021,-135,135,0.000,6.516,6.499,0.188,0.157,0.215,25.215,586839
1782536584035,-150,150,0.006,6.508,6.491,0.251,0.157,0.269,25.129,586872
1782536584087,-180,180,0.000,6.499,6.491,0.188,0.188,0.263,25.043,586905
1782536584114,-210,210,0.000,6.450,6.458,0.377,0.314,0.425,25.129,586938
1782536584135,-225,225,0.000,6.458,6.442,0.314,0.314,0.344,25.129,586971
1782536584168,-240,240,0.000,6.442,6.433,0.533,0.533,0.215,25.129,587004
1782536584202,-270,270,0.000,6.375,6.350,1.067,0.847,0.355,25.215,587037
1782536584234,-230,230,0.006,6.392,6.367,1.035,0.690,0.263,25.129,587070
1782536584271,-210,210,0.006,6.350,6.350,1.161,0.879,0.210,25.215,587103
1782536584330,-150,150,0.000,6.375,6.384,0.879,0.753,0.263,25.129,587136
1782536584358,-110,110,0.000,6.417,6.408,0.910,0.471,0.220,25.215,587169
1782536584367,-110,110,0.000,6.466,6.450,0.345,0.345,0.210,25.215,587202
1782536584405,-70,70,0.000,6.491,6.491,0.220,0.157,0.215,25.129,587235
1782536584434,-30,30,0.000,6.499,6.499,0.220,0.188,0.215,25.129,587268
1782536584479,0,0,0.000,6.524,6.499,0.188,0.126,0.220,25.129,587301
1782536584501,0,0,0.000,6.508,6.491,0.157,0.157,0.328,25.215,587334
1782536584534,0,0,0.006,6.508,6.499,0.157,0.157,0.215,25.043,587367
1782536584567,0,0,0.006,6.499,6.499,0.157,0.126,0.366,25.129,587400
1782536584600,-15,15,0.000,6.516,6.499,0.188,0.157,0.204,25.215,587433
1782536584633,-30,30,0.000,6.508,6.491,0.126,0.126,0.366,25.129,587466
1782536584667,-60,60,0.000,6.516,6.508,0.188,0.157,0.226,25.129,587499
1782536584699,-90,90,0.000,6.499,6.483,0.188,0.126,0.355,25.129,587532
1782536584736,-120,120,0.000,6.508,6.508,0.188,0.157,0.220,25.129,587565
1782536584768,-135,135,0.000,6.499,6.499,0.188,0.157,0.258,25.215,587598
1782536584800,-165,165,0.000,6.508,6.508,0.188,0.188,0.220,25.129,587631
1782536584833,-180,180,0.000,6.491,6.475,0.220,0.251,0.317,25.129,587664
1782536584871,-210,210,0.000,6.425,6.400,0.722,0.628,0.226,25.129,587697
1782536584906,-240,240,0.000,6.342,6.326,1.255,1.130,0.220,25.129,587730
1782536584932,-255,255,0.000,6.326,6.309,1.318,1.224,0.258,25.129,587763
1782536584969,-250,250,0.000,6.367,6.342,1.067,1.004,0.220,25.129,587796
1782536584999,-210,210,0.000,6.326,6.317,1.475,1.067,0.215,25.129,587829
1782536585036,-170,170,0.000,6.334,6.317,1.067,1.130,0.226,25.215,587862
1782536585066,-150,150,0.000,6.417,6.408,0.784,0.502,0.242,25.129,587895
1782536585108,-110,110,0.000,6.466,6.458,0.345,0.282,0.215,25.129,587928
1782536585134,-90,90,0.000,6.475,6.475,0.314,0.220,0.258,25.129,587961
1782536585169,-50,50,0.000,6.491,6.491,0.188,0.220,0.231,25.129,587994
1782536585198,-10,10,0.006,6.499,6.491,0.188,0.157,0.349,25.129,588027
1782536585231,0,0,0.000,6.499,6.499,0.157,0.157,0.247,25.129,588060
1782536585270,0,0,0.000,6.516,6.499,0.188,0.157,0.253,25.129,588093
1782536585298,0,0,0.000,6.508,6.499,0.188,0.157,0.253,25.215,588126
1782536585332,0,0,0.000,6.508,6.499,0.188,0.126,0.231,25.129,588159
1782536585365,0,0,0.006,6.508,6.499,0.188,0.157,0.220,25.129,588192
1782536585400,15,15,0.000,6.499,6.499,0.220,0.188,0.355,25.129,588225
1782536585435,30,30,0.000,6.508,6.508,0.188,0.157,0.210,25.215,588258
1782536585493,75,75,0.000,6.508,6.499,0.188,0.157,0.242,25.129,588291
1782536585512,90,90,0.000,6.499,6.508,0.188,0.157,0.258,25.129,588324
1782536585532,105,105,0.000,6.499,6.491,0.188,0.126,0.355,25.129,588357
1782536585569,135,135,0.000,6.508,6.499,0.188,0.157,0.253,25.129,588390
1782536585600,165,165,0.000,6.508,6.499,0.188,0.126,0.258,25.215,588423
1782536585636,195,195,0.000,6.483,6.475,0.377,0.251,0.253,25.129,588456
1782536585668,210,210,0.000,6.433,6.417,0.753,0.377,0.242,25.129,588489
1782536585699,240,240,0.012,6.392,6.384,1.286,0.502,0.215,25.129,588522
1782536585746,270,270,0.000,6.392,6.392,0.941,0.628,0.247,25.129,588555
1782536585764,285,285,0.006,6.375,6.359,1.192,0.816,0.210,25.129,588588
1782536585798,315,315,0.000,6.359,6.334,1.255,1.098,0.220,25.129,588621
1782536585830,330,330,0.012,6.359,6.350,1.130,0.847,0.328,25.129,588654
1782536585865,360,360,0.000,6.326,6.309,1.443,1.255,0.215,25.129,588687
1782536585898,320,320,0.000,6.317,6.292,1.726,0.973,0.215,25.129,588720
1782536585931,300,300,0.000,6.284,6.259,1.977,1.098,0.220,25.129,588753
1782536585963,260,260,0.006,6.309,6.301,1.412,1.035,0.226,25.129,588786
1782536585999,220,220,0.000,6.350,6.334,1.192,0.784,0.280,25.215,588819
1782536586031,200,200,0.000,6.425,6.408,0.816,0.377,0.210,25.129,588852
1782536586064,160,160,0.006,6.458,6.450,0.439,0.282,0.220,25.129,588885
1782536586098,120,120,0.000,6.458,6.466,0.314,0.282,0.220,25.129,588918
1782536586131,100,100,0.000,6.483,6.475,0.251,0.220,0.306,25.129,588951
1782536586163,60,60,0.000,6.491,6.491,0.188,0.188,0.231,25.129,588984
1782536586196,20,20,0.000,6.499,6.499,0.188,0.188,0.237,25.129,589017
1782536586228,0,0,0.000,6.499,6.499,0.251,0.157,0.215,25.129,589050
1782536586262,0,0,0.000,6.508,6.499,0.188,0.126,0.220,25.129,589083
1782536586296,0,0,0.000,6.516,6.499,0.157,0.251,0.247,25.215,589116
1782536586329,0,0,0.000,6.508,6.499,0.188,0.157,0.226,25.129,589149
1782536586364,0,0,0.006,6.516,6.499,0.188,0.220,0.210,25.129,589182
1782536586396,0,0,0.006,6.491,6.491,0.188,0.157,0.355,25.215,589215
1782536586429,0,0,0.000,6.516,6.491,0.188,0.157,0.226,25.129,589248
1782536586464,0,0,0.006,6.508,6.499,0.188,0.188,0.242,25.301,589281
1782536586495,0,0,0.000,6.516,6.508,0.188,0.157,0.231,25.129,589314
1782536586528,0,0,0.000,6.499,6.499,0.188,0.157,0.237,25.215,589347
1782536586561,0,0,0.000,6.516,6.499,0.188,0.126,0.349,25.215,589380
1782536586595,0,0,0.000,6.516,6.499,0.188,0.094,0.204,25.215,589413
1782536586629,0,0,0.000,6.524,6.516,0.188,0.157,0.215,25.215,589446
1782536586661,15,15,0.000,6.508,6.499,0.188,0.126,0.323,25.129,589479
1782536586709,45,45,0.000,6.508,6.499,0.188,0.157,0.231,25.215,589512
1782536586734,60,60,0.000,6.516,6.499,0.157,0.188,0.220,25.129,589545
1782536586762,90,90,0.000,6.516,6.508,0.188,0.157,0.220,25.129,589578
1782536586801,120,120,0.000,6.524,6.499,0.157,0.126,0.215,25.129,589611
1782536586830,135,135,0.000,6.508,6.499,0.157,0.188,0.349,25.129,589644
1782536586862,165,165,0.000,6.508,6.508,0.251,0.188,0.215,25.129,589677
1782536586900,195,195,0.006,6.491,6.508,0.251,0.251,0.226,25.129,589710
1782536586932,210,210,0.000,6.417,6.400,1.067,0.408,0.242,25.129,589743
1782536586961,240,240,0.006,6.384,6.359,1.286,0.690,0.215,25.129,589776
1782536587003,270,270,0.000,6.392,6.392,0.879,0.659,0.237,25.129,589809
1782536587027,285,285,0.006,6.384,6.359,1.192,0.690,0.220,25.129,589842
1782536587071,315,315,0.000,6.350,6.326,1.318,1.035,0.269,25.129,589875
1782536587095,330,330,0.006,6.375,6.367,1.192,0.628,0.253,25.129,589908
1782536587127,360,360,0.000,6.317,6.292,1.443,0.941,0.247,25.129,589941
1782536587172,390,390,0.000,6.292,6.276,2.102,1.004,0.220,25.129,589974
1782536587210,420,420,0.006,6.292,6.268,1.851,1.192,0.258,25.215,590007
1782536587235,435,435,0.000,6.235,6.218,2.416,1.381,0.253,25.129,590040
1782536587270,465,465,0.006,6.210,6.185,2.447,1.475,0.237,25.129,590073
1782536587308,495,495,0.000,6.201,6.185,2.228,1.506,0.312,25.129,590106
1782536587351,500,500,0.000,6.152,6.127,2.949,1.694,0.392,25.129,590139
1782536587375,480,480,0.000,6.119,6.085,3.232,1.883,0.247,25.129,590172
1782536587415,440,440,0.000,6.110,6.077,2.887,2.385,0.231,25.129,590205
1782536587436,420,420,0.000,6.168,6.119,2.698,1.820,0.215,25.215,590238
1782536587468,380,380,0.006,6.259,6.243,1.788,1.130,0.210,25.215,590271
1782536587499,340,340,0.006,6.301,6.259,1.694,0.973,0.349,25.215,590304
1782536587543,300,300,0.000,6.400,6.375,0.879,0.659,0.237,25.215,590337
1782536587576,280,280,0.000,6.417,6.408,0.816,0.377,0.263,25.129,590370
1782536587607,240,240,0.000,6.400,6.392,0.690,0.628,0.220,25.129,590403
1782536587633,220,220,0.006,6.425,6.417,0.502,0.439,0.306,25.215,590436
1782536587666,180,180,0.000,6.466,6.458,0.282,0.220,0.231,25.129,590469
1782536587698,160,160,0.000,6.458,6.442,0.345,0.345,0.237,25.129,590502
1782536587730,120,120,0.000,6.475,6.466,0.220,0.251,0.215,25.129,590535
1782536587768,80,80,0.000,6.483,6.483,0.188,0.188,0.215,25.129,590568
1782536587799,60,60,0.000,6.475,6.466,0.188,0.188,0.333,25.129,590601
1782536587837,20,20,0.006,6.491,6.483,0.188,0.157,0.215,25.215,590634
1782536587862,0,0,0.000,6.499,6.483,0.220,0.157,0.290,25.215,590667
1782536587895,0,0,0.000,6.499,6.499,0.157,0.157,0.215,25.215,590700
1782536587928,0,0,0.000,6.499,6.491,0.188,0.157,0.323,25.301,590733
1782536587964,0,0,0.000,6.499,6.491,0.188,0.188,0.204,25.215,590766
1782536588008,0,0,0.000,6.499,6.491,0.157,0.157,0.215,25.215,590799
1782536588028,0,0,0.000,6.499,6.491,0.188,0.188,0.210,25.215,590832
1782536588067,0,0,0.000,6.491,6.491,0.188,0.157,0.355,25.129,590865
1782536588093,0,0,0.006,6.508,6.499,0.188,0.188,0.226,25.129,590898
1782536588127,0,0,0.000,6.508,6.491,0.157,0.157,0.204,25.129,590931
1782536588168,0,0,0.000,6.499,6.491,0.094,0.188,0.226,25.129,590964
1782536588193,0,0,0.000,6.491,6.491,0.188,0.157,0.242,25.129,590997
1782536588231,0,0,0.000,6.508,6.499,0.188,0.126,0.210,25.129,591030
1782536588259,0,0,0.000,6.499,6.499,0.157,0.188,0.226,25.129,591063
1782536588291,0,0,0.000,6.499,6.499,0.188,0.126,0.210,25.129,591096
1782536588325,0,0,0.000,6.499,6.491,0.157,0.188,0.349,25.129,591129
1782536588374,0,0,0.000,6.516,6.524,0.126,0.157,0.210,25.129,591162
1782536588399,0,0,0.000,6.499,6.499,0.188,0.188,0.231,25.129,591195
1782536588427,0,0,0.006,6.499,6.499,0.157,0.157,0.226,25.129,591228
1782536588457,0,0,0.000,6.499,6.499,0.188,0.157,0.269,25.129,591261
1782536588490,0,0,0.000,6.508,6.508,0.188,0.157,0.220,25.129,591294
1782536588525,0,0,0.000,6.491,6.499,0.157,0.126,0.258,25.129,591327
1782536588573,0,0,0.012,6.516,6.499,0.188,0.188,0.215,25.129,591360
1782536588590,0,0,0.000,6.499,6.483,0.188,0.157,0.328,25.215,591393
1782536588623,0,0,0.000,6.508,6.499,0.188,0.157,0.296,25.129,591426
1782536588696,0,0,0.000,6.491,6.491,0.188,0.157,0.441,25.129,591459
1782536588697,0,0,0.000,6.508,6.499,0.188,0.126,0.204,25.215,591492
1782536588748,0,0,0.006,6.508,6.508,0.188,0.188,0.215,25.215,591525
1782536588756,0,0,0.000,6.508,6.499,0.188,0.094,0.204,25.129,591558
1782536588792,0,0,0.006,6.508,6.508,0.157,0.157,0.215,25.129,591591
1782536588827,0,0,0.000,6.499,6.499,0.188,0.157,0.215,25.129,591624
1782536588856,0,0,0.000,6.508,6.508,0.157,0.188,0.210,25.129,591657
1782536588894,0,0,0.000,6.499,6.508,0.157,0.126,0.215,25.129,591690
1782536588922,0,0,0.000,6.508,6.508,0.220,0.126,0.210,25.129,591723
1782536588956,0,0,0.000,6.491,6.483,0.157,0.157,0.333,25.129,591756
1782536589028,0,0,0.000,6.499,6.499,0.188,0.157,0.301,25.129,591789
1782536589029,0,0,0.000,6.508,6.499,0.188,0.220,0.290,25.129,591822
1782536589055,0,0,0.000,6.508,6.508,0.220,0.188,0.242,25.129,591855
1782536589104,0,0,0.000,6.516,6.508,0.157,0.157,0.210,25.129,591888
1782536589122,0,0,0.006,6.508,6.491,0.220,0.157,0.344,25.129,591921
1782536589157,0,0,0.000,6.508,6.508,0.188,0.157,0.210,25.129,591954
1782536589189,0,0,0.000,6.499,6.483,0.188,0.157,0.468,25.215,591987
1782536589241,0,0,0.006,6.508,6.499,0.188,0.188,0.215,25.129,592020
1782536589263,0,0,0.000,6.508,6.499,0.188,0.157,0.263,25.129,592053
1782536589291,0,0,0.000,6.508,6.499,0.188,0.157,0.285,25.215,592086
1782536589322,0,0,0.006,6.508,6.499,0.157,0.157,0.317,25.129,592119
1782536589358,0,0,0.000,6.508,6.508,0.188,0.157,0.231,25.215,592152
1782536589390,0,0,0.000,6.508,6.508,0.157,0.157,0.210,25.129,592185
1782536589422,0,0,0.000,6.508,6.516,0.188,0.157,0.215,25.129,592218
1782536589461,0,0,0.000,6.508,6.508,0.188,0.157,0.247,25.215,592251
1782536589492,30,-30,0.006,6.516,6.491,0.188,0.126,0.231,25.129,592284
1782536589521,45,-45,0.000,6.508,6.508,0.188,0.157,0.242,25.129,592317
1782536589558,75,-75,0.000,6.508,6.499,0.188,0.157,0.274,25.129,592350
1782536589600,105,-105,0.000,6.516,6.508,0.188,0.126,0.242,25.215,592383
1782536589631,100,-100,0.000,6.524,6.516,0.188,0.157,0.215,25.301,592416
1782536589655,80,-80,0.000,6.524,6.516,0.188,0.220,0.215,25.129,592449
1782536589687,40,-40,0.000,6.508,6.508,0.188,0.251,0.215,25.129,592482
1782536589721,20,-20,0.006,6.499,6.499,0.188,0.188,0.215,25.129,592515
1782536589755,0,0,0.000,6.516,6.499,0.188,0.157,0.226,25.129,592548
1782536589787,0,0,0.000,6.524,6.499,0.188,0.126,0.215,25.129,592581
1782536589821,0,0,0.006,6.508,6.508,0.157,0.126,0.226,25.129,592614
1782536589854,0,0,0.000,6.524,6.508,0.188,0.157,0.231,25.129,592647
1782536589892,0,0,0.000,6.516,6.499,0.220,0.157,0.247,25.129,592680
1782536589920,0,0,0.000,6.516,6.508,0.157,0.188,0.210,25.129,592713
1782536589958,0,0,0.006,6.516,6.508,0.188,0.157,0.237,25.129,592746
1782536590012,15,-15,0.000,6.516,6.508,0.188,0.188,0.242,25.129,592779
1782536590032,30,-30,0.000,6.516,6.508,0.188,0.188,0.204,25.129,592812
1782536590086,75,-75,0.000,6.516,6.508,0.157,0.157,0.220,25.129,592845
1782536590093,75,-75,0.000,6.508,6.508,0.188,0.157,0.210,25.215,592878
1782536590120,90,-90,0.000,6.508,6.508,0.188,0.157,0.210,25.129,592911
1782536590155,120,-120,0.006,6.508,6.508,0.188,0.188,0.226,25.129,592944
1782536590186,135,-135,0.000,6.516,6.508,0.188,0.188,0.237,25.215,592977
1782536590220,165,-165,0.000,6.491,6.483,0.188,0.251,0.333,25.215,593010
1782536590252,125,-125,0.000,6.483,6.466,0.314,0.377,0.210,25.215,593043
1782536590289,85,-85,0.000,6.483,6.466,0.314,0.439,0.220,25.215,593076
1782536590333,45,-45,0.000,6.491,6.499,0.188,0.157,0.226,25.129,593109
1782536590352,25,-25,0.000,6.499,6.499,0.188,0.188,0.210,25.215,593142
1782536590388,0,0,0.000,6.524,6.508,0.188,0.157,0.215,25.129,593175
1782536590419,0,0,0.006,6.516,6.516,0.126,0.126,0.220,25.129,593208
1782536590453,0,0,0.000,6.516,6.508,0.188,0.157,0.231,25.215,593241
1782536590486,0,0,0.000,6.508,6.516,0.126,0.188,0.237,25.129,593274
1782536590520,15,-15,0.000,6.516,6.508,0.188,0.188,0.247,25.129,593307
1782536590552,45,-45,0.006,6.516,6.516,0.157,0.126,0.237,25.129,593340
1782536590589,75,-75,0.000,6.508,6.499,0.157,0.157,0.237,25.129,593373
1782536590619,90,-90,0.000,6.516,6.508,0.157,0.157,0.253,25.129,593406
1782536590664,120,-120,0.000,6.524,6.516,0.157,0.126,0.215,25.129,593439
1782536590691,150,-150,0.000,6.524,6.508,0.188,0.157,0.210,25.129,593472
1782536590721,165,-165,0.000,6.491,6.491,0.188,0.314,0.355,25.129,593505
1782536590752,195,-195,0.000,6.475,6.466,0.314,0.439,0.247,25.129,593538
1782536590790,225,-225,0.000,6.417,6.392,0.847,0.753,0.242,25.129,593571
1782536590823,240,-240,0.000,6.359,6.342,1.318,1.035,0.263,25.043,593604
1782536590855,200,-200,0.000,6.317,6.301,1.600,0.910,0.220,25.301,593637
1782536590888,160,-160,0.006,6.342,6.317,1.381,0.816,0.226,25.129,593670
1782536590918,140,-140,0.000,6.450,6.425,0.471,0.439,0.226,25.129,593703
1782536590951,100,-100,0.000,6.475,6.466,0.439,0.345,0.226,25.129,593736
1782536590987,60,-60,0.000,6.499,6.491,0.188,0.157,0.220,25.129,593769
1782536591018,40,-40,0.000,6.499,6.491,0.188,0.157,0.333,25.129,593802
1782536591051,0,0,0.000,6.508,6.516,0.157,0.157,0.210,25.301,593835
1782536591086,0,0,0.000,6.508,6.508,0.188,0.157,0.210,25.215,593868
1782536591117,0,0,0.000,6.508,6.508,0.188,0.157,0.226,25.129,593901
1782536591151,0,0,0.000,6.524,6.508,0.188,0.157,0.220,25.129,593934
1782536591184,0,0,0.000,6.508,6.508,0.126,0.157,0.237,25.129,593967
1782536591218,0,0,0.000,6.516,6.508,0.188,0.157,0.220,25.215,594000
1782536591251,0,0,0.000,6.516,6.508,0.188,0.157,0.258,25.129,594033
1782536591284,0,0,0.000,6.524,6.508,0.188,0.157,0.215,25.129,594066
1782536591317,0,0,0.000,6.508,6.499,0.188,0.157,0.317,25.129,594099
1782536591350,0,0,0.000,6.516,6.524,0.188,0.126,0.280,25.129,594132
1782536591384,0,0,0.000,6.508,6.499,0.188,0.157,0.349,25.129,594165
1782536591417,0,0,0.006,6.516,6.508,0.188,0.157,0.226,25.129,594198
1782536591459,0,0,0.006,6.524,6.524,0.157,0.126,0.220,25.129,594231
1782536591494,0,0,0.000,6.516,6.516,0.188,0.157,0.242,25.129,594264
1782536591526,0,0,0.000,6.524,6.508,0.188,0.251,0.204,25.129,594297
1782536591566,0,0,0.000,6.524,6.508,0.157,0.126,0.220,25.043,594330
1782536591612,0,0,0.000,6.516,6.508,0.188,0.188,0.215,25.129,594363
1782536591630,0,0,0.000,6.516,6.508,0.188,0.126,0.220,25.129,594396
1782536591657,0,0,0.006,6.508,6.516,0.157,0.126,0.258,25.129,594429
1782536591693,0,0,0.000,6.524,6.508,0.126,0.188,0.226,25.129,594462
1782536591738,-15,-15,0.000,6.516,6.508,0.157,0.157,0.280,25.129,594495
1782536591759,-30,-30,0.000,6.516,6.508,0.188,0.157,0.312,25.215,594528
1782536591789,-60,-60,0.000,6.524,6.508,0.188,0.157,0.204,25.129,594561
1782536591822,-75,-75,0.006,6.524,6.516,0.157,0.157,0.215,25.129,594594
1782536591855,-105,-105,0.000,6.524,6.499,0.188,0.157,0.231,25.215,594627
1782536591890,-135,-135,0.000,6.516,6.524,0.188,0.157,0.226,25.215,594660
1782536591923,-150,-150,0.000,6.516,6.516,0.188,0.157,0.242,25.129,594693
1782536591954,-145,-145,0.000,6.508,6.499,0.188,0.220,0.215,25.129,594726
1782536592018,-85,-85,0.000,6.499,6.491,0.220,0.251,0.215,25.129,594759
1782536592029,-65,-65,0.000,6.442,6.425,0.753,0.408,0.215,25.129,594792
1782536592053,-45,-45,0.000,6.491,6.491,0.282,0.188,0.366,25.129,594825
1782536592087,-25,-25,0.000,6.516,6.508,0.157,0.157,0.215,25.129,594858
1782536592123,0,0,0.000,6.499,6.524,0.126,0.188,0.274,25.129,594891
1782536592155,0,0,0.000,6.516,6.516,0.157,0.157,0.253,25.129,594924
1782536592186,0,0,0.000,6.524,6.516,0.188,0.157,0.306,25.129,594957
1782536592229,0,0,0.000,6.516,6.533,0.188,0.157,0.215,25.129,594990
1782536592253,0,0,0.000,6.516,6.508,0.188,0.157,0.344,25.129,595023
1782536592286,0,0,0.006,6.516,6.508,0.188,0.157,0.204,25.129,595056
1782536592327,0,0,0.006,6.508,6.499,0.188,0.157,0.355,25.129,595089
1782536592350,-15,-15,0.000,6.524,6.524,0.220,0.126,0.210,25.129,595122
1782536592393,-45,-45,0.000,6.516,6.508,0.188,0.157,0.269,25.129,595155
1782536592417,-60,-60,0.000,6.524,6.491,0.157,0.094,0.323,25.215,595188
1782536592450,-90,-90,0.000,6.524,6.516,0.188,0.126,0.204,25.129,595221
1782536592482,-105,-105,0.000,6.499,6.516,0.220,0.188,0.344,25.129,595254
1782536592516,-135,-135,0.000,6.516,6.508,0.188,0.157,0.296,25.129,595287
1782536592549,-150,-150,0.000,6.524,6.516,0.188,0.188,0.199,25.129,595320
1782536592581,-180,-180,0.000,6.466,6.458,0.439,0.439,0.231,25.129,595353
1782536592614,-210,-210,0.000,6.458,6.458,0.471,0.345,0.344,25.129,595386
1782536592654,-205,-205,0.000,6.442,6.408,0.690,0.565,0.280,25.129,595419
1782536592682,-185,-185,0.000,6.408,6.392,0.690,0.784,0.312,25.129,595452
1782536592713,-145,-145,0.006,6.442,6.433,0.690,0.471,0.253,25.129,595485
1782536592746,-125,-125,0.006,6.475,6.475,0.314,0.251,0.360,25.129,595518
1782536592780,-85,-85,0.000,6.516,6.508,0.188,0.157,0.204,25.129,595551
1782536592813,-45,-45,0.000,6.508,6.491,0.157,0.220,0.285,25.215,595584
1782536592847,-25,-25,0.000,6.524,6.516,0.157,0.157,0.204,25.129,595617
1782536592880,0,0,0.000,6.516,6.508,0.188,0.188,0.312,25.129,595650
1782536592913,0,0,0.000,6.524,6.508,0.188,0.157,0.210,25.129,595683
1782536592946,0,0,0.000,6.516,6.508,0.188,0.157,0.323,25.129,595716
1782536592980,0,0,0.006,6.516,6.508,0.188,0.188,0.253,25.129,595749
1782536593012,0,0,0.000,6.524,6.508,0.157,0.157,0.215,25.129,595782
1782536593046,0,0,0.000,6.524,6.516,0.188,0.188,0.237,25.215,595815
1782536593080,-15,-15,0.000,6.516,6.516,0.188,0.157,0.306,25.129,595848
1782536593112,-45,-45,0.006,6.524,6.524,0.188,0.157,0.194,25.129,595881
1782536593148,-60,-60,0.000,6.516,6.508,0.188,0.157,0.280,25.129,595914
1782536593182,-90,-90,0.000,6.516,6.508,0.188,0.188,0.339,25.129,595947
1782536593221,-120,-120,0.000,6.516,6.524,0.188,0.157,0.204,25.215,595980
1782536593265,-150,-150,0.000,6.508,6.508,0.188,0.157,0.349,25.215,596013
1782536593281,-165,-165,0.000,6.516,6.508,0.188,0.220,0.204,25.129,596046
1782536593313,-195,-195,0.000,6.483,6.466,0.314,0.377,0.226,25.129,596079
1782536593346,-210,-210,0.006,6.475,6.466,0.377,0.345,0.231,25.129,596112
1782536593379,-240,-240,0.006,6.408,6.384,0.973,1.004,0.312,25.129,596145
1782536593412,-270,-270,0.000,6.400,6.384,0.973,0.753,0.290,25.129,596178
1782536593450,-285,-285,0.000,6.408,6.400,0.628,0.596,0.328,25.129,596211
1782536593485,-315,-315,0.000,6.367,6.342,1.286,1.004,0.263,25.043,596244
1782536593511,-330,-330,0.006,6.375,6.359,1.004,1.035,0.237,25.129,596277
1782536593546,-290,-290,0.000,6.309,6.292,1.475,1.349,0.226,25.129,596310
1782536593578,-250,-250,0.006,6.367,6.342,1.224,0.784,0.237,25.129,596343
1782536593628,-210,-210,0.000,6.408,6.408,0.784,0.596,0.215,25.129,596376
1782536593677,-150,-150,0.000,6.458,6.458,0.408,0.345,0.306,25.129,596409
1782536593687,-150,-150,0.000,6.483,6.450,0.408,0.314,0.215,25.215,596442
1782536593711,-130,-130,0.000,6.475,6.466,0.439,0.220,0.226,25.129,596475
1782536593744,-90,-90,0.000,6.516,6.508,0.188,0.157,0.199,25.129,596508
1782536593778,-50,-50,0.006,6.508,6.499,0.188,0.188,0.344,25.215,596541
1782536593811,-30,-30,0.000,6.516,6.516,0.126,0.126,0.226,25.129,596574
1782536593845,0,0,0.000,6.508,6.499,0.188,0.126,0.355,25.129,596607
1782536593877,0,0,0.000,6.524,6.508,0.188,0.126,0.210,25.129,596640
1782536593938,0,0,0.000,6.508,6.491,0.188,0.157,0.344,25.215,596673
1782536593963,-15,-15,0.000,6.508,6.508,0.094,0.188,0.204,25.215,596706
1782536593987,-30,-30,0.000,6.516,6.516,0.157,0.157,0.204,25.129,596739
1782536594010,-45,-45,0.000,6.516,6.508,0.126,0.126,0.269,25.129,596772
1782536594043,-75,-75,0.000,6.516,6.508,0.157,0.188,0.204,25.129,596805
1782536594077,-105,-105,0.000,6.516,6.524,0.188,0.126,0.280,25.129,596838
1782536594110,-120,-120,0.000,6.508,6.499,0.188,0.157,0.323,25.129,596871
1782536594149,-150,-150,0.000,6.508,6.524,0.188,0.157,0.231,25.129,596904
1782536594180,-180,-180,0.000,6.499,6.499,0.188,0.188,0.333,25.129,596937
1782536594211,-195,-195,0.000,6.491,6.475,0.345,0.220,0.204,25.129,596970
1782536594242,-225,-225,0.000,6.417,6.408,0.910,0.596,0.237,25.129,597003
1782536594277,-255,-255,0.006,6.442,6.433,0.596,0.596,0.231,25.129,597036
1782536594312,-270,-270,0.006,6.417,6.392,0.753,0.628,0.247,25.129,597069
1782536594342,-300,-300,0.000,6.408,6.392,0.784,0.596,0.253,25.129,597102
1782536594377,-295,-295,0.000,6.367,6.342,1.192,0.847,0.226,25.129,597135
1782536594409,-275,-275,0.000,6.375,6.359,1.130,0.816,0.215,25.215,597168
1782536594442,-235,-235,0.000,6.334,6.309,1.506,0.941,0.231,25.129,597201
1782536594479,-195,-195,0.000,6.408,6.408,0.690,0.596,0.237,25.129,597234
1782536594510,-175,-175,0.000,6.458,6.450,0.439,0.377,0.226,25.129,597267
1782536594543,-135,-135,0.000,6.516,6.499,0.251,0.188,0.220,25.129,597300
1782536594581,-95,-95,0.006,6.499,6.491,0.220,0.188,0.215,25.129,597333
1782536594612,-75,-75,0.006,6.508,6.508,0.188,0.188,0.220,25.215,597366
1782536594642,-35,-35,0.000,6.491,6.491,0.188,0.157,0.339,25.129,597399
1782536594682,0,0,0.000,6.508,6.508,0.188,0.157,0.231,25.215,597432
1782536594708,0,0,0.000,6.516,6.508,0.188,0.157,0.215,25.129,597465
1782536594742,0,0,0.000,6.516,6.508,0.188,0.157,0.237,25.215,597498
1782536594775,0,0,0.000,6.508,6.499,0.188,0.188,0.220,25.129,597531
1782536594817,0,0,0.000,6.516,6.508,0.188,0.188,0.215,25.129,597564
1782536594852,0,0,0.000,6.516,6.499,0.188,0.157,0.306,25.215,597597
1782536594878,0,0,0.012,6.516,6.516,0.188,0.157,0.220,25.129,597630
1782536594908,0,0,0.000,6.516,6.508,0.157,0.157,0.220,25.129,597663
1782536594942,-30,-30,0.000,6.516,6.508,0.188,0.126,0.204,25.129,597696
1782536594975,-60,-60,0.000,6.516,6.508,0.188,0.157,0.215,25.129,597729
1782536595007,-75,-75,0.000,6.524,6.516,0.188,0.126,0.215,25.129,597762
1782536595040,-105,-105,0.000,6.516,6.508,0.188,0.157,0.339,25.129,597795
1782536595076,-135,-135,0.000,6.516,6.508,0.188,0.188,0.220,25.129,597828
1782536595107,-150,-150,0.000,6.524,6.516,0.220,0.188,0.204,25.215,597861
1782536595140,-180,-180,0.000,6.508,6.508,0.188,0.220,0.210,25.129,597894
1782536595174,-195,-195,0.006,6.466,6.475,0.345,0.439,0.231,25.129,597927
1782536595207,-225,-225,0.000,6.450,6.433,0.816,0.282,0.237,25.129,597960
1782536595242,-255,-255,0.000,6.367,6.350,1.443,0.722,0.231,25.129,597993
1782536595286,-285,-285,0.000,6.400,6.384,0.816,0.753,0.210,25.129,598026
1782536595307,-300,-300,0.000,6.384,6.384,1.067,0.722,0.210,25.129,598059
1782536595339,-330,-330,0.000,6.359,6.334,1.381,0.941,0.258,25.129,598092
1782536595380,-360,-360,0.000,6.392,6.367,1.004,0.816,0.210,25.129,598125
1782536595408,-390,-360,0.000,6.334,6.309,1.443,1.004,0.237,25.215,598158
1782536595446,-450,-360,0.000,6.292,6.251,1.914,1.318,0.237,25.301,598191
1782536595477,-500,-360,0.012,6.284,6.259,1.569,1.381,0.237,25.129,598224
1782536595506,-500,-360,0.000,6.259,6.226,1.443,1.945,0.237,25.129,598257
1782536595551,-500,-360,0.000,6.193,6.168,1.349,2.730,0.226,25.215,598290
1782536595580,-500,-350,0.000,6.210,6.177,1.255,2.698,0.242,25.129,598323
1782536595631,-500,-320,0.006,6.251,6.218,1.130,2.385,0.231,25.129,598356
1782536595639,-500,-305,0.000,6.251,6.201,1.192,2.385,0.328,25.129,598389
1782536595672,-500,-290,0.000,6.243,6.235,0.816,2.824,0.258,25.129,598422
1782536595708,-500,-310,0.000,6.317,6.276,0.502,1.977,0.360,25.129,598455
1782536595742,-500,-310,0.006,6.326,6.309,0.314,2.071,0.215,25.129,598488
1782536595773,-500,-310,0.000,6.292,6.276,0.690,2.196,0.242,25.129,598521
1782536595810,-450,-310,0.000,6.317,6.292,0.659,1.914,0.220,25.215,598554
1782536595842,-370,-310,0.000,6.292,6.284,0.565,2.008,0.237,25.129,598587
1782536595871,-330,-310,0.000,6.301,6.284,0.753,1.851,0.215,25.129,598620
1782536595918,-260,-260,0.000,6.375,6.350,0.816,0.973,0.231,25.129,598653
1782536595951,-240,-240,0.000,6.425,6.408,0.659,0.220,0.349,25.129,598686
1782536595982,-200,-200,0.000,6.417,6.425,0.596,0.408,0.210,25.129,598719
1782536596014,-180,-180,0.000,6.466,6.458,0.345,0.282,0.237,25.129,598752
1782536596047,-140,-140,0.000,6.458,6.458,0.314,0.282,0.333,25.215,598785
1782536596081,-100,-100,0.000,6.491,6.475,0.220,0.251,0.220,25.129,598818
1782536596115,-80,-80,0.000,6.499,6.483,0.220,0.188,0.220,25.129,598851
1782536596149,-90,-60,0.000,6.499,6.491,0.157,0.157,0.215,25.129,598884
1782536596178,-150,-60,0.000,6.499,6.491,0.188,0.126,0.210,25.129,598917
1782536596211,-180,-60,0.000,6.491,6.483,0.188,0.157,0.199,25.129,598950
1782536596244,-240,-60,0.000,6.508,6.491,0.188,0.157,0.215,25.129,598983
1782536596277,-300,-60,0.000,6.475,6.475,0.188,0.502,0.204,25.129,599016
1782536596311,-330,-60,0.000,6.458,6.458,0.188,0.596,0.215,25.129,599049
1782536596349,-390,-60,0.000,6.417,6.408,0.188,1.443,0.220,25.129,599082
1782536596377,-420,-60,0.000,6.392,6.375,0.220,1.443,0.349,25.129,599115
1782536596409,-480,-60,0.000,6.359,6.334,0.188,2.008,0.237,25.129,599148
1782536596457,-500,-60,0.000,6.334,6.317,0.188,2.385,0.231,25.129,599181
1782536596476,-500,-60,0.006,6.326,6.292,0.220,2.604,0.220,25.215,599214
1782536596515,-500,-60,0.006,6.276,6.259,0.188,2.824,0.366,25.129,599247
1782536596542,-500,-60,0.000,6.301,6.292,0.220,2.573,0.237,25.215,599280
1782536596575,-500,-60,0.000,6.309,6.301,0.251,2.385,0.215,25.215,599313
1782536596609,-500,-95,0.006,6.326,6.309,0.157,2.322,0.226,25.129,599346
1782536596648,-500,-95,0.000,6.301,6.284,0.220,2.447,0.355,25.129,599379
1782536596673,-500,-95,0.006,6.342,6.317,0.220,2.228,0.215,25.129,599412
1782536596708,-500,-95,0.000,6.334,6.317,0.188,2.008,0.355,25.129,599445
1782536596740,-500,-95,0.000,6.342,6.326,0.220,2.008,0.231,25.215,599478
1782536596772,-425,-95,0.000,6.350,6.326,0.188,1.945,0.220,25.129,599511
1782536596805,-345,-95,0.000,6.334,6.309,0.157,2.290,0.210,25.215,599544
1782536596838,-305,-95,0.000,6.375,6.359,0.220,1.569,0.269,25.129,599577
1782536596877,-225,-95,0.000,6.417,6.417,0.220,0.847,0.296,25.129,599610
1782536596912,-145,-95,0.000,6.483,6.475,0.188,0.282,0.274,25.129,599643
1782536596939,-105,-95,0.000,6.483,6.475,0.157,0.314,0.226,25.215,599676
1782536596978,-60,-60,0.000,6.491,6.475,0.157,0.157,0.204,25.129,599709
1782536597003,-40,-40,0.000,6.491,6.491,0.188,0.157,0.220,25.129,599742
1782536597039,0,0,0.000,6.491,6.483,0.157,0.188,0.312,25.129,599775
1782536597070,0,0,0.000,6.491,6.499,0.188,0.157,0.215,25.129,599808
1782536597105,0,0,0.000,6.491,6.483,0.157,0.157,0.452,25.129,599841
1782536597140,0,0,0.000,6.508,6.491,0.188,0.157,0.220,25.129,599874
1782536597168,0,0,0.000,6.499,6.491,0.188,0.157,0.360,25.129,599907
1782536597202,0,0,0.000,6.499,6.499,0.188,0.157,0.237,25.129,599940
1782536597258,-45,45,0.000,6.491,6.483,0.220,0.157,0.366,25.129,599973
1782536597268,-25,25,0.000,6.499,6.499,0.220,0.157,0.215,25.129,600006
1782536597301,-5,5,0.000,6.499,6.491,0.157,0.126,0.285,25.129,600039
1782536597334,0,0,0.000,6.508,6.491,0.188,0.188,0.258,25.129,600072
1782536597367,0,0,0.000,6.499,6.491,0.188,0.157,0.344,25.129,600105
1782536597402,0,0,0.000,6.516,6.499,0.188,0.126,0.258,25.215,600138
1782536597447,0,0,0.000,6.499,6.491,0.188,0.157,0.323,25.129,600171
1782536597469,0,0,0.000,6.508,6.499,0.188,0.188,0.258,25.129,600204
1782536597501,0,0,0.000,6.508,6.491,0.188,0.220,0.366,25.129,600237
1782536597537,0,0,0.000,6.508,6.499,0.157,0.188,0.204,25.129,600270
1782536597567,0,0,0.000,6.516,6.499,0.188,0.157,0.280,25.129,600303
1782536597602,0,0,0.000,6.508,6.499,0.188,0.157,0.204,25.129,600336
1782536597635,0,0,0.000,6.499,6.499,0.188,0.126,0.280,25.129,600369
1782536597667,-15,-15,0.000,6.491,6.508,0.188,0.126,0.204,25.129,600402
1782536597700,-30,-30,0.000,6.508,6.499,0.220,0.220,0.258,25.129,600435
1782536597733,-60,-60,0.000,6.508,6.499,0.188,0.188,0.215,25.129,600468
1782536597767,-75,-75,0.000,6.516,6.524,0.188,0.157,0.215,25.129,600501
1782536597800,-105,-105,0.000,6.508,6.499,0.157,0.188,0.242,25.129,600534
1782536597833,-135,-135,0.000,6.508,6.499,0.220,0.188,0.226,25.129,600567
1782536597867,-150,-150,0.000,6.499,6.508,0.188,0.188,0.349,25.129,600600
1782536597899,-180,-180,0.000,6.475,6.466,0.314,0.439,0.226,25.129,600633
1782536597933,-210,-210,0.000,6.458,6.458,0.314,0.377,0.349,25.129,600666
1782536597966,-225,-225,0.006,6.442,6.442,0.314,0.722,0.237,25.129,600699
1782536598000,-255,-255,0.000,6.375,6.359,1.004,0.816,0.317,25.129,600732
1782536598035,-285,-285,0.000,6.408,6.408,0.753,0.659,0.220,25.129,600765
1782536598066,-300,-300,0.000,6.375,6.375,1.130,0.784,0.231,25.215,600798
1782536598099,-260,-260,0.006,6.359,6.334,1.067,1.098,0.215,25.129,600831
1782536598134,-220,-220,0.006,6.317,6.309,1.224,1.004,0.441,25.129,600864
1782536598166,-200,-200,0.006,6.400,6.392,0.973,0.690,0.220,25.129,600897
1782536598200,-160,-160,0.000,6.483,6.475,0.314,0.220,0.220,25.129,600930
1782536598236,-120,-120,0.006,6.483,6.475,0.220,0.251,0.226,25.215,600963
1782536598267,-100,-100,0.000,6.491,6.483,0.220,0.220,0.242,25.129,600996
1782536598299,-60,-60,0.000,6.483,6.483,0.188,0.126,0.344,25.215,601029
1782536598339,-20,-20,0.000,6.499,6.491,0.157,0.188,0.263,25.215,601062
1782536598369,0,0,0.000,6.508,6.499,0.188,0.157,0.220,25.215,601095
1782536598401,-30,-30,0.000,6.516,6.491,0.188,0.188,0.231,25.129,601128
1782536598433,-90,-30,0.000,6.508,6.499,0.157,0.157,0.210,25.301,601161
1782536598471,-150,-30,0.000,6.524,6.499,0.157,0.188,0.226,25.129,601194
1782536598498,-180,-30,0.000,6.499,6.499,0.188,0.157,0.263,25.129,601227
1782536598534,-240,-30,0.000,6.508,6.499,0.188,0.157,0.210,25.129,601260
1782536598564,-270,-30,0.000,6.442,6.433,0.188,1.004,0.237,25.215,601293
1782536598598,-330,-30,0.000,6.425,6.425,0.188,1.286,0.242,25.129,601326
1782536598632,-390,-30,0.000,6.408,6.408,0.188,1.475,0.237,25.129,601359
1782536598665,-420,-30,0.000,6.408,6.392,0.220,1.412,0.253,25.215,601392
1782536598698,-410,-30,0.000,6.367,6.342,0.251,1.945,0.237,25.129,601425
1782536598733,-400,40,0.000,6.359,6.334,0.220,2.039,0.220,25.215,601458
1782536598766,-395,75,0.000,6.375,6.375,0.220,1.443,0.253,25.129,601491
1782536598798,-315,75,0.006,6.367,6.367,0.188,1.663,0.231,25.129,601524
1782536598831,-275,75,0.000,6.408,6.384,0.188,1.475,0.237,25.215,601557
1782536598865,-195,75,0.006,6.466,6.458,0.188,0.471,0.253,25.129,601590
1782536598897,-115,75,0.000,6.491,6.483,0.220,0.188,0.237,25.129,601623
1782536598930,-75,75,0.000,6.499,6.491,0.126,0.157,0.226,25.129,601656
1782536598964,-35,35,0.000,6.491,6.491,0.188,0.251,0.237,25.215,601689
1782536598998,0,0,0.000,6.508,6.491,0.188,0.157,0.231,25.129,601722
1782536599030,0,0,0.000,6.508,6.491,0.188,0.157,0.269,25.129,601755
1782536599065,0,0,0.000,6.499,6.508,0.157,0.188,0.237,25.129,601788
1782536599096,0,0,0.000,6.508,6.499,0.188,0.188,0.242,25.215,601821
1782536599135,0,0,0.000,6.499,6.499,0.188,0.126,0.215,25.215,601854
1782536599163,0,0,0.000,6.508,6.508,0.157,0.188,0.215,25.215,601887
1782536599196,0,0,0.000,6.499,6.491,0.220,0.126,0.274,25.215,601920
1782536599230,0,0,0.000,6.508,6.499,0.188,0.157,0.242,25.129,601953
1782536599262,0,0,0.000,6.508,6.516,0.188,0.126,0.215,25.215,601986
1782536599299,-30,-30,0.000,6.524,6.516,0.188,0.188,0.306,25.129,602019
1782536599329,-45,-45,0.000,6.508,6.499,0.220,0.157,0.253,25.215,602052
1782536599363,-75,-75,0.000,6.499,6.499,0.188,0.157,0.242,25.129,602085
1782536599397,-105,-105,0.000,6.516,6.491,0.188,0.157,0.237,25.129,602118
1782536599429,-120,-120,0.000,6.508,6.508,0.188,0.157,0.220,25.215,602151
1782536599464,-150,-150,0.000,6.508,6.508,0.188,0.188,0.220,25.129,602184
1782536599498,-180,-180,0.000,6.491,6.491,0.188,0.251,0.215,25.129,602217
1782536599529,-195,-195,0.000,6.483,6.475,0.251,0.345,0.242,25.129,602250
1782536599562,-225,-225,0.000,6.466,6.458,0.408,0.377,0.242,25.129,602283
1782536599599,-255,-255,0.000,6.408,6.392,0.784,0.659,0.215,25.129,602316
1782536599630,-270,-270,0.006,6.425,6.408,0.596,0.659,0.253,25.215,602349
1782536599662,-300,-300,0.000,6.350,6.350,1.098,0.879,0.226,25.129,602382
1782536599700,-330,-330,0.006,6.384,6.359,1.067,0.753,0.210,25.129,602415
1782536599728,-345,-345,0.000,6.367,6.350,1.035,0.847,0.237,25.215,602448
1782536599762,-375,-375,0.000,6.292,6.268,1.757,1.224,0.242,25.129,602481
1782536599804,-405,-405,0.006,6.292,6.276,1.569,1.161,0.242,25.215,602514
1782536599829,-420,-420,0.000,6.301,6.276,1.663,1.318,0.231,25.129,602547
1782536599863,-450,-450,0.000,6.268,6.235,1.977,1.255,0.253,25.129,602580
1782536599895,-445,-445,0.000,6.185,6.160,2.447,1.663,0.237,25.215,602613
1782536599928,-425,-425,0.000,6.210,6.185,2.071,1.726,0.220,25.215,602646
1782536599963,-385,-385,0.000,6.226,6.201,2.259,1.537,0.231,25.129,602679
1782536599995,-345,-345,0.006,6.259,6.243,1.945,1.192,0.247,25.129,602712
1782536600028,-325,-325,0.000,6.326,6.301,1.443,0.910,0.258,25.215,602745
1782536600065,-285,-285,0.006,6.442,6.433,0.533,0.314,0.215,25.215,602778
1782536600093,-245,-245,0.006,6.417,6.408,0.659,0.502,0.215,25.129,602811
1782536600133,-205,-205,0.000,6.425,6.408,0.628,0.502,0.242,25.215,602844
1782536600170,-185,-185,0.000,6.475,6.466,0.220,0.251,0.301,25.215,602877
1782536600231,-125,-125,0.000,6.458,6.450,0.314,0.282,0.317,25.129,602910
1782536600234,-105,-105,0.000,6.499,6.491,0.157,0.188,0.220,25.129,602943
1782536600260,-85,-85,0.000,6.499,6.491,0.126,0.188,0.210,25.129,602976
1782536600294,-45,-45,0.000,6.491,6.483,0.188,0.220,0.220,25.129,603009
1782536600336,-40,-40,0.000,6.483,6.491,0.188,0.157,0.220,25.129,603042
1782536600369,-55,-55,0.000,6.499,6.483,0.157,0.188,0.210,25.215,603075
1782536600403,-85,-85,0.000,6.499,6.491,0.188,0.157,0.204,25.215,603108
1782536600451,-115,-115,0.000,6.491,6.499,0.188,0.157,0.226,25.301,603141
1782536600468,-130,-130,0.000,6.499,6.491,0.188,0.126,0.237,25.129,603174
1782536600501,-160,-160,0.000,6.499,6.491,0.188,0.157,0.215,25.215,603207
1782536600536,-190,-190,0.000,6.499,6.491,0.220,0.188,0.215,25.215,603240
1782536600568,-205,-205,0.000,6.425,6.408,0.502,0.690,0.215,25.129,603273
1782536600607,-235,-235,0.000,6.417,6.392,1.067,0.377,0.237,25.129,603306
1782536600633,-250,-250,0.006,6.367,6.350,1.161,0.628,0.409,25.129,603339
1782536600669,-280,-280,0.000,6.350,6.334,1.224,0.879,0.242,25.129,603372
1782536600700,-310,-310,0.000,6.375,6.359,0.879,0.816,0.237,25.129,603405
1782536600735,-340,-340,0.000,6.359,6.334,1.130,0.753,0.226,25.215,603438
1782536600767,-355,-355,0.000,6.317,6.309,1.632,1.004,0.220,25.215,603471
1782536600799,-385,-385,0.006,6.301,6.284,1.349,1.004,0.258,25.215,603504
1782536600832,-365,-365,0.000,6.301,6.259,1.506,1.098,0.231,25.215,603537
1782536600864,-325,-325,0.000,6.251,6.226,2.071,1.412,0.226,25.129,603570
1782536600898,-285,-285,0.000,6.276,6.259,1.600,1.286,0.220,25.129,603603
1782536600930,-265,-265,0.006,6.392,6.375,0.816,0.628,0.210,25.215,603636
1782536600965,-225,-225,0.000,6.442,6.442,0.377,0.220,0.210,25.129,603669
1782536600997,-185,-185,0.000,6.450,6.433,0.471,0.377,0.215,25.129,603702
1782536601032,-165,-165,0.000,6.475,6.466,0.251,0.220,0.220,25.215,603735
1782536601064,-125,-125,0.006,6.491,6.466,0.220,0.220,0.242,25.129,603768
1782536601097,-85,-85,0.000,6.483,6.475,0.220,0.220,0.210,25.215,603801
1782536601131,-65,-65,0.000,6.491,6.491,0.188,0.157,0.215,25.215,603834
1782536601161,-25,-25,0.000,6.499,6.491,0.188,0.157,0.215,25.215,603867
1782536601194,0,0,0.000,6.499,6.491,0.188,0.157,0.237,25.215,603900
1782536601227,0,0,0.000,6.499,6.491,0.188,0.157,0.204,25.129,603933
1782536601260,0,0,0.000,6.499,6.499,0.188,0.157,0.242,25.215,603966
1782536601297,0,0,0.000,6.508,6.491,0.188,0.126,0.204,25.215,603999
1782536601337,-30,-30,0.006,6.499,6.491,0.188,0.188,0.210,25.129,604032
1782536601359,-45,-45,0.000,6.508,6.499,0.188,0.157,0.204,25.215,604065
1782536601403,-75,-75,0.000,6.508,6.508,0.220,0.157,0.215,25.129,604098
1782536601426,-90,-90,0.012,6.516,6.499,0.188,0.157,0.220,25.215,604131
1782536601458,-120,-120,0.000,6.499,6.491,0.157,0.188,0.312,25.215,604164
1782536601502,-150,-150,0.000,6.516,6.508,0.188,0.126,0.199,25.215,604197
1782536601528,-165,-165,0.000,6.508,6.508,0.188,0.188,0.204,25.129,604230
1782536601577,-210,-210,0.000,6.458,6.450,0.377,0.439,0.210,25.215,604263
1782536601590,-210,-210,0.000,6.433,6.408,0.879,0.314,0.323,25.215,604296
1782536601623,-240,-240,0.000,6.367,6.350,1.506,0.533,0.263,25.215,604329
1782536601657,-270,-270,0.000,6.392,6.367,0.941,0.596,0.435,25.129,604362
1782536601690,-285,-285,0.000,6.375,6.359,1.130,0.784,0.269,25.301,604395
1782536601724,-315,-315,0.000,6.350,6.326,1.224,0.910,0.231,25.129,604428
1782536601757,-345,-345,0.000,6.367,6.350,1.412,0.690,0.226,25.129,604461
1782536601794,-360,-360,0.000,6.301,6.284,1.569,1.067,0.328,25.215,604494
1782536601870,-420,-420,0.006,6.259,6.235,1.883,1.381,0.263,25.215,604527
1782536601871,-420,-420,0.000,6.276,6.251,1.757,1.318,0.296,25.215,604560
1782536601893,-435,-435,0.000,6.226,6.201,2.102,1.475,0.247,25.129,604593
1782536601925,-395,-395,0.006,6.193,6.143,2.385,1.726,0.290,25.215,604626
1782536601957,-355,-355,0.012,6.193,6.152,2.698,1.600,0.306,25.129,604659
1782536601990,-335,-335,0.000,6.301,6.284,1.537,0.879,0.392,25.215,604692
1782536602024,-295,-295,0.000,6.408,6.400,0.753,0.471,0.220,25.215,604725
1782536602059,-255,-255,0.000,6.392,6.392,0.816,0.596,0.215,25.129,604758
1782536602089,-235,-235,0.000,6.408,6.400,0.659,0.533,0.237,25.215,604791
1782536602121,-195,-195,0.000,6.483,6.483,0.251,0.188,0.226,25.215,604824
1782536602159,-155,-155,0.000,6.458,6.458,0.314,0.282,0.226,25.215,604857
1782536602191,-135,-135,0.000,6.483,6.475,0.188,0.126,0.231,25.215,604890
1782536602223,-95,-95,0.000,6.491,6.491,0.157,0.188,0.226,25.215,604923
1782536602261,-55,-55,0.000,6.499,6.475,0.188,0.251,0.242,25.215,604956
1782536602288,-35,-35,0.000,6.499,6.491,0.220,0.157,0.231,25.215,604989
1782536602322,0,0,0.006,6.475,6.499,0.188,0.157,0.360,25.215,605022
1782536602354,15,15,0.000,6.499,6.499,0.188,0.157,0.215,25.215,605055
1782536602388,45,45,0.000,6.499,6.491,0.126,0.126,0.290,25.215,605088
1782536602420,75,75,0.000,6.491,6.475,0.188,0.157,0.215,25.215,605121
1782536602455,90,90,0.000,6.491,6.483,0.188,0.126,0.435,25.215,605154
1782536602487,120,120,0.000,6.499,6.491,0.157,0.157,0.215,25.129,605187
1782536602521,150,150,0.006,6.491,6.483,0.188,0.157,0.296,25.129,605220
1782536602566,180,180,0.000,6.491,6.483,0.220,0.188,0.258,25.301,605253
1782536602589,195,195,0.000,6.425,6.408,0.439,0.628,0.312,25.215,605286
1782536602621,225,225,0.000,6.433,6.425,0.282,0.596,0.253,25.215,605319
1782536602654,240,240,0.000,6.400,6.392,0.533,0.628,0.435,25.301,605352
1782536602688,270,270,0.000,6.400,6.384,0.628,0.659,0.226,25.215,605385
1782536602720,300,300,0.000,6.375,6.359,0.941,0.753,0.339,25.215,605418
1782536602756,315,315,0.000,6.359,6.350,1.130,0.722,0.231,25.129,605451
1782536602788,345,345,0.006,6.367,6.342,1.255,0.753,0.258,25.129,605484
1782536602821,375,375,0.000,6.309,6.292,1.663,0.816,0.328,25.215,605517
1782536602857,405,405,0.000,6.284,6.276,1.788,1.192,0.263,25.215,605550
1782536602887,420,420,0.000,6.259,6.235,1.851,1.318,0.242,25.215,605583
1782536602920,450,450,0.000,6.193,6.160,2.290,1.569,0.269,25.215,605616
1782536602954,465,465,0.006,6.210,6.185,2.322,1.443,0.220,25.215,605649
1782536602986,495,495,0.006,6.135,6.110,2.887,1.757,0.215,25.215,605682
1782536603021,500,500,0.006,6.102,6.061,3.200,2.228,0.210,25.215,605715
1782536603064,500,500,0.012,6.160,6.127,2.636,1.726,0.226,25.215,605748
1782536603087,500,500,0.000,6.143,6.110,2.761,1.820,0.242,25.215,605781
1782536603120,500,500,0.000,6.152,6.110,2.761,1.883,0.242,25.215,605814
1782536603153,500,500,0.006,6.177,6.143,2.573,1.663,0.226,25.215,605847
1782536603187,500,500,0.000,6.185,6.160,2.322,1.506,0.258,25.129,605880
1782536603220,480,480,0.000,6.193,6.168,2.541,1.224,0.231,25.129,605913
1782536603252,460,460,0.006,6.193,6.168,2.510,1.255,0.263,25.215,605946
1782536603287,420,420,0.000,6.193,6.177,2.510,1.318,0.280,25.215,605979
1782536603319,380,380,0.000,6.268,6.243,1.945,1.067,0.253,25.215,606012
1782536603356,360,360,0.000,6.309,6.292,1.569,0.879,0.220,25.215,606045
1782536603389,320,320,0.006,6.384,6.384,0.941,0.439,0.253,25.215,606078
1782536603420,280,280,0.000,6.384,6.375,0.879,0.471,0.226,25.215,606111
1782536603470,240,240,0.006,6.384,6.375,0.941,0.439,0.220,25.215,606144
1782536603489,220,220,0.000,6.417,6.392,0.596,0.502,0.226,25.215,606177
1782536603522,180,180,0.000,6.425,6.442,0.377,0.345,0.242,25.215,606210
1782536603553,160,160,0.000,6.433,6.425,0.502,0.282,0.242,25.215,606243
1782536603593,120,120,0.000,6.450,6.442,0.345,0.220,0.231,25.215,606276
1782536603618,100,100,0.000,6.466,6.458,0.188,0.157,0.215,25.215,606309
1782536603661,40,40,0.000,6.475,6.458,0.188,0.157,0.280,25.129,606342
1782536603685,20,20,0.000,6.483,6.491,0.188,0.188,0.306,25.215,606375
1782536603719,0,0,0.000,6.483,6.483,0.188,0.157,0.215,25.215,606408
1782536603757,0,0,0.006,6.475,6.491,0.188,0.126,0.215,25.215,606441
1782536603803,-15,15,0.000,6.491,6.483,0.157,0.188,0.215,25.129,606474
1782536603818,-15,15,0.006,6.491,6.483,0.188,0.157,0.215,25.215,606507
1782536603850,-45,45,0.006,6.483,6.491,0.188,0.157,0.210,25.215,606540
1782536603886,-75,75,0.000,6.499,6.475,0.157,0.157,0.215,25.215,606573
1782536603917,-90,90,0.000,6.491,6.483,0.188,0.157,0.231,25.215,606606
1782536603953,-120,120,0.000,6.491,6.483,0.188,0.188,0.226,25.215,606639
1782536603985,-150,150,0.000,6.499,6.475,0.157,0.157,0.231,25.215,606672
1782536604019,-180,180,0.000,6.483,6.466,0.220,0.220,0.220,25.215,606705
1782536604050,-195,195,0.000,6.442,6.433,0.533,0.282,0.215,25.301,606738
1782536604086,-225,225,0.000,6.375,6.359,0.973,0.722,0.237,25.215,606771
1782536604118,-240,240,0.012,6.309,6.284,1.945,0.910,0.237,25.215,606804
1782536604150,-270,270,0.012,6.284,6.268,2.102,0.784,0.242,25.215,606837
1782536604185,-300,300,0.000,6.284,6.259,1.851,1.004,0.226,25.215,606870
1782536604216,-315,315,0.000,6.326,6.309,1.286,0.816,0.226,25.215,606903
1782536604250,-345,345,0.006,6.301,6.268,1.506,1.004,0.220,25.215,606936
1782536604284,-375,375,0.000,6.243,6.210,1.757,1.381,0.226,25.215,606969
1782536604316,-355,355,0.006,6.268,6.243,1.506,1.381,0.328,25.215,607002
1782536604350,-315,315,0.000,6.218,6.193,2.196,1.475,0.258,25.215,607035
1782536604383,-275,275,0.006,6.259,6.226,1.632,1.349,0.344,25.215,607068
1782536604416,-255,255,0.000,6.301,6.276,1.349,1.161,0.231,25.215,607101
1782536604449,-215,215,0.000,6.359,6.350,1.067,0.722,0.253,25.215,607134
1782536604483,-175,175,0.000,6.392,6.384,0.628,0.471,0.414,25.215,607167
1782536604515,-155,155,0.000,6.392,6.408,0.722,0.439,0.220,25.215,607200
1782536604550,-115,115,0.000,6.442,6.433,0.314,0.282,0.247,25.129,607233
1782536604583,-75,75,0.000,6.475,6.466,0.220,0.188,0.220,25.215,607266
1782536604616,-55,55,0.000,6.475,6.466,0.220,0.188,0.226,25.215,607299
1782536604649,-15,15,0.000,6.483,6.466,0.188,0.157,0.220,25.215,607332
1782536604684,0,0,0.000,6.483,6.483,0.188,0.126,0.242,25.215,607365
1782536604720,0,0,0.006,6.483,6.475,0.188,0.126,0.215,25.215,607398
1782536604751,0,0,0.000,6.491,6.491,0.188,0.157,0.226,25.215,607431
1782536604794,0,0,0.000,6.491,6.483,0.188,0.157,0.226,25.215,607464
1782536604829,15,-15,0.000,6.491,6.483,0.188,0.157,0.210,25.215,607497
1782536604857,30,-30,0.000,6.491,6.491,0.188,0.157,0.210,25.215,607530
1782536604890,60,-60,0.000,6.491,6.483,0.157,0.220,0.215,25.129,607563
1782536604929,90,-90,0.000,6.491,6.491,0.220,0.157,0.237,25.215,607596
1782536604962,105,-105,0.000,6.491,6.483,0.188,0.188,0.220,25.215,607629
1782536604990,135,-135,0.000,6.491,6.491,0.157,0.157,0.242,25.215,607662
1782536605028,165,-165,0.000,6.491,6.483,0.188,0.157,0.215,25.301,607695
1782536605062,180,-180,0.000,6.491,6.483,0.157,0.188,0.215,25.215,607728
1782536605089,210,-210,0.000,6.450,6.450,0.314,0.439,0.215,25.215,607761
1782536605128,240,-240,0.000,6.450,6.450,0.314,0.377,0.215,25.215,607794
1782536605154,255,-255,0.000,6.433,6.425,0.377,0.690,0.220,25.215,607827
1782536605187,285,-285,0.000,6.367,6.350,0.847,1.067,0.290,25.215,607860
1782536605220,300,-300,0.000,6.350,6.350,1.192,0.816,0.215,25.215,607893
1782536605256,330,-330,0.006,6.334,6.317,1.224,0.847,0.210,25.215,607926
1782536605286,360,-360,0.000,6.292,6.259,1.694,1.349,0.215,25.215,607959
1782536605322,375,-375,0.006,6.301,6.276,1.506,1.161,0.210,25.301,607992
1782536605358,405,-405,0.000,6.259,6.218,2.008,1.443,0.247,25.215,608025
1782536605395,435,-435,0.000,6.210,6.177,2.196,1.757,0.237,25.215,608058
1782536605446,375,-375,0.012,6.210,6.177,2.102,1.569,0.376,25.215,608091
1782536605456,375,-375,0.000,6.160,6.127,2.447,1.914,0.237,25.301,608124
1782536605484,335,-335,0.012,6.210,6.193,1.851,1.412,0.333,25.215,608157
1782536605527,295,-295,0.000,6.259,6.235,1.663,1.381,0.231,25.215,608190
1782536605550,275,-275,0.000,6.301,6.292,1.318,1.035,0.306,25.215,608223
1782536605584,235,-235,0.000,6.359,6.342,0.941,0.722,0.220,25.215,608256
1782536605658,175,-175,0.000,6.359,6.350,0.941,0.690,0.210,25.215,608289
1782536605667,155,-155,0.000,6.408,6.400,0.533,0.533,0.215,25.129,608322
1782536605682,155,-155,0.000,6.433,6.425,0.345,0.314,0.290,25.301,608355
1782536605720,115,-115,0.000,6.450,6.442,0.314,0.282,0.258,25.215,608388
1782536605748,75,-75,0.000,6.466,6.458,0.188,0.188,0.323,25.215,608421
1782536605782,55,-55,0.000,6.491,6.483,0.126,0.188,0.204,25.215,608454
1782536605816,15,-15,0.000,6.475,6.475,0.188,0.157,0.349,25.301,608487
1782536605847,0,0,0.000,6.499,6.475,0.188,0.188,0.204,25.215,608520
1782536605883,0,0,0.000,6.491,6.483,0.188,0.188,0.210,25.215,608553
1782536605917,0,0,0.000,6.499,6.483,0.157,0.220,0.215,25.215,608586
1782536605948,15,15,0.000,6.483,6.483,0.188,0.157,0.269,25.215,608619
1782536605984,45,45,0.000,6.491,6.491,0.188,0.188,0.210,25.215,608652
1782536606015,60,60,0.006,6.483,6.491,0.188,0.157,0.210,25.215,608685
1782536606051,90,90,0.006,6.491,6.491,0.157,0.157,0.269,25.301,608718
1782536606081,105,105,0.000,6.491,6.491,0.188,0.157,0.210,25.215,608751
1782536606114,135,135,0.000,6.491,6.483,0.188,0.126,0.269,25.215,608784
1782536606153,165,165,0.000,6.483,6.475,0.220,0.188,0.274,25.215,608817
1782536606178,180,180,0.006,6.450,6.442,0.345,0.314,0.312,25.215,608850
1782536606215,210,210,0.000,6.450,6.442,0.314,0.408,0.301,25.215,608883
1782536606244,240,240,0.000,6.417,6.408,0.377,0.722,0.253,25.215,608916
1782536606281,255,255,0.000,6.375,6.359,0.847,0.973,0.215,25.215,608949
1782536606312,285,285,0.006,6.359,6.350,1.035,0.847,0.301,25.215,608982
1782536606345,315,315,0.000,6.342,6.317,1.130,0.879,0.263,25.215,609015
1782536606378,330,330,0.000,6.317,6.317,1.255,1.004,0.220,25.215,609048
1782536606411,360,360,0.000,6.309,6.292,1.506,1.067,0.220,25.215,609081
1782536606447,390,390,0.000,6.268,6.243,1.851,1.035,0.371,25.215,609114
1782536606477,370,370,0.000,6.218,6.201,2.761,1.569,0.280,25.215,609147
1782536606511,330,330,0.000,6.235,6.210,2.008,1.318,0.366,25.301,609180
1782536606544,310,310,0.000,6.301,6.268,1.663,0.910,0.220,25.215,609213
1782536606582,270,270,0.000,6.342,6.326,1.098,0.659,0.215,25.215,609246
1782536606610,230,230,0.000,6.400,6.392,0.753,0.471,0.226,25.215,609279
1782536606643,210,210,0.000,6.433,6.425,0.533,0.314,0.215,25.215,609312
1782536606677,170,170,0.000,6.450,6.450,0.314,0.314,0.237,25.215,609345
1782536606719,130,130,0.000,6.458,6.450,0.314,0.282,0.215,25.301,609378
1782536606743,110,110,0.000,6.483,6.475,0.188,0.220,0.280,25.301,609411
1782536606776,70,70,0.000,6.475,6.475,0.188,0.157,0.231,25.215,609444
1782536606810,30,30,0.000,6.475,6.466,0.188,0.157,0.339,25.215,609477
1782536606844,10,10,0.000,6.491,6.491,0.188,0.157,0.215,25.215,609510
1782536606877,0,0,0.000,6.483,6.466,0.157,0.188,0.414,25.215,609543
1782536606911,0,0,0.006,6.483,6.475,0.188,0.188,0.231,25.215,609576
1782536606944,0,0,0.000,6.475,6.483,0.157,0.157,0.344,25.215,609609
1782536606976,0,0,0.000,6.491,6.483,0.188,0.157,0.226,25.215,609642
1782536607009,0,0,0.000,6.491,6.483,0.157,0.188,0.237,25.215,609675
1782536607059,0,0,0.000,6.491,6.491,0.188,0.157,0.204,25.215,609708
1782536607085,15,15,0.000,6.483,6.483,0.220,0.188,0.306,25.215,609741
1782536607110,30,30,0.000,6.491,6.483,0.157,0.126,0.344,25.215,609774
1782536607145,45,45,0.000,6.483,6.491,0.188,0.157,0.333,25.215,609807
1782536607177,75,75,0.000,6.491,6.466,0.188,0.157,0.312,25.301,609840
1782536607209,105,105,0.000,6.491,6.483,0.188,0.188,0.344,25.215,609873
1782536607243,120,120,0.000,6.491,6.491,0.188,0.188,0.204,25.215,609906
1782536607299,140,50,0.000,6.499,6.491,0.188,0.126,0.210,25.215,609939
1782536607310,135,15,0.000,6.475,6.466,0.282,0.220,0.333,25.215,609972
1782536607343,130,-20,0.000,6.475,6.466,0.188,0.314,0.231,25.215,610005
1782536607385,120,-90,0.000,6.483,6.483,0.188,0.314,0.226,25.301,610038
1782536607408,180,-90,0.006,6.475,6.475,0.188,0.251,0.349,25.129,610071
1782536607448,240,-90,0.000,6.491,6.483,0.188,0.251,0.210,25.301,610104
1782536607479,270,-90,0.006,6.450,6.466,0.188,0.471,0.328,25.215,610137
1782536607508,330,-90,0.000,6.442,6.433,0.188,0.973,0.210,25.215,610170
1782536607541,360,-90,0.000,6.384,6.367,0.188,1.569,0.237,25.215,610203
1782536607576,420,-90,0.000,6.384,6.367,0.220,1.600,0.306,25.215,610236
1782536607608,480,-90,0.000,6.359,6.342,0.157,1.914,0.220,25.129,610269
1782536607642,500,-90,0.000,6.309,6.292,0.251,2.510,0.204,25.215,610302
1782536607676,500,-90,0.000,6.317,6.301,0.251,2.228,0.220,25.215,610335
1782536607707,500,-90,0.000,6.276,6.251,0.220,2.887,0.210,25.301,610368
1782536607742,500,-90,0.000,6.309,6.301,0.188,2.322,0.215,25.301,610401
1782536607773,500,-90,0.000,6.309,6.292,0.251,2.290,0.258,25.301,610434
1782536607809,500,-90,0.006,6.326,6.301,0.188,2.290,0.215,25.215,610467
1782536607841,460,-90,0.000,6.317,6.309,0.251,2.259,0.210,25.215,610500
1782536607874,380,-90,0.000,6.317,6.292,0.188,2.385,0.199,25.215,610533
1782536607916,300,-90,0.000,6.309,6.292,0.251,2.290,0.333,25.215,610566
1782536607941,260,-90,0.000,6.458,6.458,0.251,0.439,0.269,25.215,610599
1782536607974,180,-90,0.000,6.450,6.425,0.126,0.690,0.296,25.129,610632
1782536608007,100,-90,0.000,6.483,6.475,0.188,0.282,0.220,25.215,610665
1782536608040,75,-75,0.000,6.491,6.483,0.157,0.157,0.242,25.215,610698
1782536608082,35,-35,0.000,6.475,6.483,0.157,0.157,0.204,25.215,610731
1782536608108,0,0,0.006,6.483,6.491,0.157,0.157,0.247,25.215,610764
1782536608139,0,0,0.000,6.483,6.483,0.157,0.126,0.317,25.301,610797
1782536608174,0,0,0.000,6.499,6.491,0.188,0.188,0.226,25.215,610830
1782536608208,0,0,0.000,6.491,6.483,0.188,0.157,0.242,25.301,610863
1782536608240,0,0,0.000,6.508,6.491,0.157,0.126,0.226,25.215,610896
1782536608279,0,0,0.000,6.499,6.491,0.188,0.157,0.220,25.215,610929
1782536608307,15,15,0.000,6.499,6.483,0.188,0.157,0.323,25.215,610962
1782536608344,30,30,0.000,6.499,6.491,0.126,0.157,0.220,25.215,610995
1782536608373,60,60,0.006,6.491,6.491,0.188,0.126,0.215,25.215,611028
1782536608407,90,90,0.000,6.491,6.491,0.188,0.157,0.231,25.301,611061
1782536608439,105,105,0.000,6.491,6.491,0.188,0.126,0.199,25.301,611094
1782536608475,135,135,0.000,6.475,6.491,0.188,0.157,0.231,25.215,611127
1782536608507,165,165,0.006,6.499,6.483,0.251,0.157,0.237,25.301,611160
1782536608540,180,180,0.006,6.442,6.433,0.628,0.439,0.231,25.215,611193
1782536608573,210,210,0.000,6.442,6.425,0.377,0.533,0.220,25.215,611226
1782536608611,240,240,0.000,6.400,6.408,0.722,0.502,0.204,25.215,611259
1782536608648,270,270,0.000,6.367,6.367,1.067,0.722,0.237,25.215,611292
1782536608689,300,300,0.000,6.375,6.367,1.004,0.690,0.210,25.215,611325
1782536608724,315,315,0.000,6.367,6.359,1.004,0.816,0.210,25.215,611358
1782536608738,330,330,0.000,6.326,6.317,1.443,1.004,0.215,25.301,611391
1782536608773,360,360,0.000,6.317,6.301,1.694,0.816,0.199,25.215,611424
1782536608805,375,375,0.000,6.276,6.259,1.820,1.161,0.242,25.129,611457
1782536608840,370,370,0.006,6.284,6.268,1.694,1.161,0.210,25.215,611490
1782536608872,330,330,0.006,6.218,6.210,2.008,1.443,0.269,25.215,611523
1782536608908,290,290,0.006,6.284,6.259,1.663,1.098,0.344,25.215,611556
1782536608938,270,270,0.006,6.367,6.367,0.941,0.565,0.210,25.215,611589
1782536608971,230,230,0.000,6.392,6.384,0.847,0.533,0.204,25.215,611622
1782536609008,190,190,0.000,6.433,6.433,0.439,0.377,0.210,25.301,611655
1782536609037,170,170,0.000,6.458,6.458,0.314,0.251,0.215,25.129,611688
1782536609077,130,130,0.000,6.458,6.458,0.282,0.251,0.210,25.215,611721
1782536609104,145,145,0.000,6.483,6.475,0.220,0.188,0.226,25.215,611754
1782536609137,175,175,0.000,6.483,6.483,0.188,0.157,0.215,25.215,611787
1782536609172,205,205,0.000,6.483,6.475,0.220,0.220,0.204,25.215,611820
1782536609203,220,220,0.000,6.450,6.450,0.471,0.282,0.220,25.215,611853
1782536609246,250,250,0.000,6.417,6.400,0.784,0.439,0.237,25.215,611886
1782536609280,280,280,0.006,6.392,6.375,1.098,0.565,0.226,25.215,611919
1782536609313,310,310,0.000,6.350,6.334,1.349,0.659,0.220,25.215,611952
1782536609345,325,325,0.000,6.326,6.309,1.443,0.879,0.220,25.215,611985
1782536609378,355,355,0.000,6.317,6.292,1.663,0.784,0.226,25.215,612018
1782536609411,385,385,0.006,6.292,6.251,1.883,1.067,0.220,25.301,612051
1782536609444,400,400,0.000,6.268,6.251,2.071,0.941,0.312,25.215,612084
1782536609478,430,430,0.000,6.243,6.218,2.071,1.412,0.280,25.215,612117
1782536609510,390,390,0.000,6.210,6.177,2.259,1.600,0.253,25.215,612150
1782536609543,370,370,0.018,6.168,6.135,3.138,1.600,0.237,25.129,612183
1782536609577,330,330,0.006,6.201,6.168,2.541,1.412,0.220,25.215,612216
1782536609610,290,290,0.000,6.334,6.317,1.318,0.753,0.226,25.215,612249
1782536609642,270,270,0.012,6.359,6.350,1.067,0.628,0.210,25.215,612282
1782536609677,230,230,0.000,6.408,6.392,0.722,0.502,0.204,25.301,612315
1782536609711,190,190,0.006,6.450,6.433,0.408,0.282,0.210,25.215,612348
1782536609752,150,150,0.006,6.417,6.417,0.533,0.345,0.258,25.301,612381
1782536609775,130,130,0.000,6.450,6.450,0.377,0.282,0.204,25.215,612414
1782536609811,90,90,0.000,6.483,6.466,0.188,0.188,0.199,25.215,612447
1782536609841,70,70,0.000,6.466,6.458,0.220,0.188,0.414,25.215,612480
1782536609879,30,30,0.000,6.491,6.475,0.157,0.157,0.210,25.215,612513
1782536609906,10,10,0.000,6.483,6.483,0.188,0.126,0.242,25.301,612546
1782536609941,0,0,0.000,6.491,6.483,0.188,0.157,0.204,25.215,612579
1782536609999,0,0,0.000,6.491,6.483,0.188,0.157,0.301,25.215,612612
1782536610042,0,0,0.000,6.491,6.499,0.126,0.126,0.204,25.215,612645
1782536610043,0,0,0.000,6.483,6.475,0.188,0.126,0.301,25.215,612678
1782536610094,15,-15,0.006,6.491,6.475,0.188,0.126,0.204,25.215,612711
1782536610107,15,-15,0.006,6.483,6.475,0.188,0.157,0.306,25.215,612744
1782536610148,45,-45,0.000,6.491,6.499,0.188,0.157,0.247,25.215,612777
1782536610173,90,-60,0.000,6.483,6.483,0.251,0.188,0.269,25.215,612810
1782536610204,120,-60,0.000,6.499,6.483,0.251,0.188,0.210,25.215,612843
1782536610238,180,-60,0.006,6.483,6.491,0.188,0.188,0.285,25.215,612876
1782536610270,240,-60,0.000,6.491,6.491,0.188,0.157,0.220,25.215,612909
1782536610304,270,-60,0.000,6.425,6.408,0.220,1.098,0.360,25.301,612942
1782536610353,360,-60,0.000,6.442,6.442,0.157,0.784,0.215,25.215,612975
1782536610375,390,-60,0.000,6.392,6.384,0.188,1.381,0.215,25.215,613008
1782536610407,420,-60,0.006,6.375,6.334,0.188,1.945,0.290,25.215,613041
1782536610435,480,-60,0.000,6.367,6.367,0.188,1.663,0.220,25.129,613074
1782536610467,500,-60,0.000,6.309,6.284,0.188,2.541,0.323,25.215,613107
1782536610520,495,-95,0.000,6.251,6.218,0.220,3.200,0.323,25.215,613140
1782536610556,415,-95,0.000,6.301,6.284,0.188,2.667,0.263,25.215,613173
1782536610571,375,-95,0.000,6.326,6.292,0.188,2.416,0.204,25.215,613206
1782536610604,335,-95,0.000,6.350,6.342,0.188,1.757,0.301,25.215,613239
1782536610644,255,-95,0.000,6.367,6.342,0.188,1.945,0.296,25.215,613272
1782536610667,215,-95,0.000,6.442,6.433,0.188,0.628,0.253,25.215,613305
1782536610700,135,-95,0.000,6.483,6.475,0.220,0.220,0.258,25.215,613338
1782536610734,75,-75,0.000,6.475,6.466,0.157,0.251,0.323,25.301,613371
1782536610766,55,-55,0.000,6.491,6.483,0.188,0.157,0.215,25.215,613404
1782536610800,15,-15,0.006,6.491,6.466,0.188,0.157,0.430,25.215,613437
1782536610836,0,0,0.006,6.491,6.483,0.188,0.157,0.237,25.215,613470
1782536610866,0,0,0.000,6.491,6.475,0.188,0.157,0.226,25.215,613503
1782536610900,0,0,0.000,6.499,6.483,0.126,0.157,0.253,25.215,613536
1782536610934,0,0,0.000,6.483,6.483,0.188,0.157,0.360,25.301,613569
1782536610969,15,15,0.000,6.499,6.491,0.188,0.157,0.220,25.215,613602
1782536611000,45,45,0.000,6.491,6.483,0.188,0.126,0.263,25.215,613635
1782536611033,75,75,0.000,6.491,6.491,0.157,0.188,0.215,25.215,613668
1782536611068,90,90,0.000,6.491,6.483,0.188,0.157,0.333,25.215,613701
1782536611100,120,120,0.000,6.491,6.491,0.188,0.157,0.210,25.215,613734
1782536611138,150,150,0.006,6.491,6.491,0.188,0.157,0.237,25.215,613767
1782536611170,165,165,0.006,6.483,6.475,0.220,0.188,0.323,25.215,613800
1782536611204,195,195,0.000,6.433,6.433,0.565,0.282,0.215,25.215,613833
1782536611235,225,225,0.000,6.458,6.433,0.471,0.377,0.226,25.215,613866
1782536611272,255,255,0.006,6.408,6.375,1.004,0.502,0.258,25.215,613899
1782536611304,270,270,0.006,6.375,6.359,1.067,0.784,0.220,25.215,613932
1782536611332,230,230,0.000,6.342,6.326,1.035,0.879,0.366,25.301,613965
1782536611366,210,210,0.006,6.359,6.342,1.286,0.753,0.226,25.215,613998
1782536611399,170,170,0.000,6.425,6.417,0.502,0.377,0.215,25.215,614031
1782536611435,130,130,0.000,6.450,6.442,0.408,0.282,0.231,25.215,614064
1782536611465,110,110,0.000,6.483,6.475,0.251,0.188,0.226,25.215,614097
1782536611501,70,70,0.000,6.491,6.483,0.220,0.157,0.258,25.215,614130
1782536611535,30,30,0.000,6.499,6.483,0.188,0.157,0.215,25.215,614163
1782536611565,10,10,0.000,6.491,6.475,0.188,0.188,0.274,25.215,614196
1782536611598,0,0,0.000,6.499,6.491,0.126,0.157,0.220,25.215,614229
1782536611632,0,0,0.000,6.491,6.491,0.126,0.157,0.220,25.215,614262
1782536611665,0,0,0.000,6.499,6.491,0.220,0.220,0.226,25.301,614295
1782536611698,0,0,0.000,6.491,6.499,0.157,0.126,0.215,25.215,614328
1782536611731,0,0,0.000,6.508,6.499,0.188,0.157,0.210,25.301,614361
1782536611765,0,0,0.000,6.499,6.491,0.188,0.157,0.215,25.301,614394
1782536611798,0,0,0.000,6.491,6.491,0.188,0.157,0.220,25.301,614427
1782536611830,0,0,0.000,6.483,6.491,0.188,0.126,0.210,25.129,614460
1782536611864,0,0,0.000,6.499,6.491,0.188,0.126,0.215,25.215,614493
1782536611906,0,0,0.006,6.499,6.483,0.188,0.157,0.242,25.301,614526
1782536611932,0,0,0.000,6.491,6.483,0.188,0.188,0.344,25.301,614559
1782536611963,0,0,0.000,6.508,6.491,0.188,0.157,0.210,25.129,614592
1782536612007,0,0,0.006,6.499,6.499,0.188,0.157,0.215,25.215,614625
1782536612031,0,0,0.000,6.499,6.491,0.126,0.157,0.231,25.301,614658
1782536612073,0,0,0.000,6.508,6.508,0.188,0.157,0.215,25.215,614691
1782536612098,0,0,0.000,6.491,6.491,0.188,0.157,0.333,25.215,614724
1782536612144,0,0,0.000,6.499,6.499,0.188,0.126,0.199,25.215,614757
1782536612169,0,0,0.000,6.499,6.499,0.188,0.157,0.220,25.301,614790
1782536612205,0,0,0.000,6.499,6.499,0.126,0.157,0.204,25.215,614823
1782536612229,0,0,0.000,6.491,6.491,0.188,0.157,0.290,25.215,614856
1782536612264,0,0,0.000,6.508,6.491,0.188,0.157,0.210,25.301,614889
1782536612298,0,0,0.006,6.516,6.499,0.188,0.157,0.242,25.215,614922
1782536612331,0,0,0.000,6.499,6.499,0.188,0.188,0.210,25.215,614955
1782536612366,0,0,0.000,6.508,6.508,0.188,0.157,0.226,25.301,614988
1782536612399,0,0,0.000,6.499,6.499,0.188,0.157,0.237,25.215,615021
1782536612431,0,0,0.000,6.499,6.499,0.188,0.126,0.215,25.129,615054
1782536612463,0,0,0.000,6.499,6.491,0.188,0.157,0.226,25.301,615087
1782536612497,0,0,0.000,6.491,6.499,0.126,0.157,0.253,25.215,615120
1782536612533,0,0,0.000,6.508,6.491,0.188,0.157,0.231,25.215,615153
1782536612563,0,0,0.006,6.499,6.499,0.157,0.157,0.226,25.215,615186
1782536612603,0,0,0.000,6.508,6.499,0.188,0.220,0.242,25.215,615219
1782536612637,0,0,0.000,6.499,6.491,0.188,0.157,0.333,25.215,615252
1782536612662,0,0,0.000,6.508,6.499,0.157,0.188,0.242,25.301,615285
1782536612697,0,0,0.000,6.499,6.499,0.188,0.188,0.242,25.215,615318
1782536612728,0,0,0.000,6.508,6.499,0.220,0.188,0.215,25.301,615351
1782536612763,0,0,0.006,6.508,6.499,0.188,0.188,0.226,25.215,615384
1782536612797,0,0,0.000,6.516,6.499,0.188,0.094,0.242,25.215,615417
1782536612828,0,0,0.000,6.508,6.499,0.188,0.126,0.204,25.301,615450
1782536612900,0,0,0.000,6.508,6.499,0.188,0.188,0.220,25.215,615483
1782536612910,0,0,0.000,6.499,6.499,0.188,0.157,0.215,25.301,615516
1782536612930,0,0,0.000,6.508,6.499,0.188,0.157,0.210,25.215,615549
1782536612962,0,0,0.000,6.499,6.499,0.220,0.188,0.215,25.215,615582
1782536612995,0,0,0.000,6.508,6.499,0.188,0.126,0.237,25.215,615615
1782536613028,0,0,0.000,6.508,6.499,0.157,0.157,0.242,25.215,615648
1782536613062,0,0,0.006,6.508,6.508,0.188,0.157,0.210,25.215,615681
1782536613096,0,0,0.000,6.516,6.508,0.157,0.157,0.231,25.215,615714
1782536613130,0,0,0.000,6.516,6.491,0.220,0.157,0.237,25.301,615747
1782536613162,0,0,0.000,6.508,6.499,0.188,0.157,0.220,25.215,615780
1782536613194,0,0,0.000,6.508,6.499,0.157,0.188,0.237,25.215,615813
1782536613228,0,0,0.006,6.524,6.499,0.220,0.126,0.215,25.215,615846
1782536613261,0,0,0.000,6.508,6.508,0.188,0.126,0.204,25.215,615879
1782536613317,0,0,0.000,6.516,6.499,0.188,0.157,0.237,25.215,615912
1782536613359,0,0,0.000,6.508,6.508,0.188,0.126,0.220,25.215,615945
1782536613368,0,0,0.000,6.508,6.508,0.126,0.157,0.210,25.215,615978
1782536613393,0,0,0.000,6.508,6.516,0.188,0.188,0.242,25.301,616011
1782536613434,0,0,0.000,6.508,6.508,0.188,0.157,0.215,25.301,616044
1782536613460,0,0,0.000,6.508,6.499,0.188,0.157,0.231,25.301,616077
1782536613495,0,0,0.000,6.508,6.508,0.251,0.157,0.247,25.215,616110
1782536613537,0,0,0.000,6.508,6.508,0.188,0.157,0.237,25.129,616143
1782536613570,0,0,0.006,6.491,6.499,0.157,0.157,0.344,25.301,616176
1782536613603,0,0,0.000,6.508,6.508,0.188,0.157,0.215,25.215,616209
1782536613651,0,0,0.006,6.508,6.508,0.188,0.157,0.215,25.129,616242
1782536613676,0,0,0.000,6.508,6.508,0.157,0.188,0.220,25.215,616275
1782536613701,0,0,0.000,6.524,6.491,0.188,0.157,0.226,25.215,616308
1782536613734,0,0,0.000,6.508,6.508,0.157,0.157,0.215,25.129,616341
1782536613767,0,0,0.012,6.516,6.499,0.188,0.188,0.220,25.215,616374
1782536613800,0,0,0.000,6.508,6.508,0.157,0.157,0.215,25.215,616407
1782536613839,0,0,0.000,6.516,6.508,0.188,0.126,0.226,25.215,616440
1782536613867,0,0,0.000,6.516,6.508,0.188,0.157,0.210,25.301,616473
1782536613901,0,0,0.000,6.524,6.499,0.188,0.188,0.231,25.215,616506
1782536613935,0,0,0.000,6.508,6.516,0.157,0.157,0.210,25.215,616539
1782536613966,0,0,0.000,6.508,6.508,0.157,0.126,0.215,25.215,616572
1782536613999,0,0,0.000,6.508,6.508,0.188,0.126,0.215,25.215,616605
1782536614033,0,0,0.006,6.508,6.508,0.188,0.157,0.204,25.215,616638
1782536614064,0,0,0.000,6.516,6.508,0.188,0.157,0.215,25.215,616671
1782536614098,0,0,0.000,6.508,6.508,0.188,0.157,0.269,25.215,616704
1782536614139,0,0,0.006,6.508,6.508,0.157,0.126,0.204,25.215,616737
1782536614163,0,0,0.000,6.516,6.508,0.220,0.157,0.204,25.215,616770
1782536614204,0,0,0.000,6.516,6.508,0.188,0.188,0.215,25.215,616803
1782536614229,0,0,0.000,6.508,6.499,0.157,0.126,0.280,25.215,616836
1782536614262,0,0,0.006,6.516,6.516,0.220,0.157,0.204,25.215,616869
1782536614295,0,0,0.000,6.508,6.508,0.157,0.157,0.204,25.215,616902
1782536614328,0,0,0.000,6.508,6.483,0.188,0.157,0.296,25.215,616935
1782536614361,0,0,0.000,6.508,6.508,0.157,0.157,0.204,25.215,616968
1782536614396,0,0,0.000,6.499,6.508,0.188,0.157,0.210,25.215,617001
1782536614427,0,0,0.000,6.516,6.508,0.188,0.157,0.210,25.215,617034
1782536614461,0,0,0.000,6.508,6.508,0.188,0.157,0.237,25.301,617067
1782536614503,0,0,0.000,6.516,6.516,0.188,0.157,0.210,25.215,617100
1782536614526,0,0,0.000,6.508,6.491,0.157,0.157,0.339,25.301,617133
1782536614560,0,0,0.000,6.508,6.524,0.188,0.157,0.215,25.215,617166
1782536614592,0,0,0.000,6.508,6.499,0.157,0.126,0.333,25.215,617199
1782536614633,0,0,0.000,6.516,6.516,0.188,0.188,0.220,25.215,617232
1782536614658,0,0,0.006,6.499,6.508,0.188,0.157,0.306,25.215,617265
1782536614699,0,0,0.012,6.516,6.516,0.157,0.220,0.204,25.215,617298
1782536614724,0,0,0.000,6.508,6.499,0.188,0.157,0.360,25.215,617331
1782536614758,0,0,0.000,6.524,6.508,0.157,0.188,0.220,25.301,617364
1782536614790,0,0,0.006,6.508,6.499,0.188,0.157,0.349,25.215,617397
1782536614825,0,0,0.000,6.524,6.508,0.188,0.157,0.204,25.301,617430
1782536614866,0,0,0.000,6.508,6.508,0.188,0.157,0.204,25.215,617463
1782536614896,0,0,0.000,6.508,6.499,0.188,0.157,0.366,25.215,617496
1782536614926,0,0,0.000,6.516,6.516,0.188,0.188,0.215,25.215,617529
1782536614963,0,0,0.000,6.516,6.524,0.188,0.157,0.210,25.301,617562
1782536614991,0,0,0.000,6.499,6.499,0.188,0.220,0.312,25.215,617595
1782536615023,0,0,0.000,6.508,6.508,0.220,0.157,0.220,25.215,617628
1782536615060,0,0,0.000,6.516,6.508,0.188,0.157,0.215,25.215,617661
1782536615092,0,0,0.000,6.516,6.508,0.220,0.094,0.204,25.301,617694
1782536615123,0,0,0.000,6.524,6.524,0.188,0.157,0.263,25.215,617727
1782536615159,0,0,0.006,6.508,6.491,0.157,0.157,0.409,25.215,617760
1782536615189,0,0,0.006,6.516,6.508,0.188,0.188,0.258,25.215,617793
1782536615224,0,0,0.000,6.508,6.491,0.157,0.157,0.452,25.215,617826
1782536615287,0,0,0.000,6.516,6.508,0.188,0.157,0.285,25.129,617859
1782536615289,0,0,0.000,6.499,6.508,0.188,0.126,0.231,25.215,617892
1782536615323,0,0,0.000,6.516,6.499,0.188,0.157,0.231,25.215,617925
1782536615357,0,0,0.000,6.516,6.516,0.188,0.157,0.290,25.215,617958
1782536615389,0,0,0.000,6.516,6.508,0.126,0.157,0.253,25.215,617991
1782536615422,0,0,0.000,6.508,6.508,0.188,0.126,0.328,25.129,618024
1782536615460,0,0,0.000,6.516,6.508,0.188,0.157,0.296,25.215,618057
1782536615489,0,0,0.000,6.516,6.508,0.188,0.188,0.237,25.215,618090
1782536615525,0,0,0.000,6.516,6.524,0.126,0.126,0.247,25.215,618123
1782536615555,0,0,0.000,6.499,6.508,0.188,0.157,0.231,25.215,618156
1782536615588,0,0,0.000,6.524,6.516,0.188,0.188,0.231,25.301,618189
1782536615621,0,0,0.000,6.516,6.516,0.188,0.157,0.215,25.129,618222
1782536615655,0,0,0.000,6.508,6.508,0.220,0.157,0.328,25.215,618255
1782536615688,0,0,0.000,6.516,6.524,0.126,0.188,0.215,25.215,618288
1782536615722,0,0,0.000,6.516,6.508,0.188,0.157,0.242,25.215,618321
1782536615754,0,0,0.000,6.508,6.491,0.188,0.126,0.473,25.215,618354
1782536615788,0,0,0.000,6.516,6.516,0.188,0.188,0.237,25.215,618387
1782536615828,0,0,0.000,6.524,6.508,0.188,0.157,0.231,25.215,618420
1782536615855,0,0,0.000,6.524,6.508,0.157,0.157,0.242,25.215,618453
1782536615888,0,0,0.000,6.516,6.508,0.188,0.157,0.220,25.215,618486
1782536615923,0,0,0.000,6.524,6.516,0.157,0.126,0.226,25.215,618519
1782536615956,0,0,0.000,6.516,6.508,0.188,0.157,0.220,25.301,618552
1782536615988,0,0,0.000,6.516,6.516,0.188,0.157,0.226,25.215,618585
1782536616024,0,0,0.000,6.516,6.508,0.188,0.157,0.220,25.215,618618
1782536616054,0,0,0.000,6.524,6.516,0.157,0.157,0.242,25.301,618651
1782536616088,0,0,0.000,6.524,6.508,0.126,0.157,0.253,25.215,618684
1782536616121,0,0,0.000,6.524,6.516,0.188,0.157,0.247,25.215,618717
1782536616155,0,0,0.006,6.516,6.516,0.251,0.157,0.247,25.215,618750
1782536616188,0,0,0.000,6.516,6.499,0.188,0.157,0.237,25.215,618783
1782536616221,0,0,0.000,6.533,6.508,0.188,0.188,0.204,25.215,618816
1782536616255,0,0,0.000,6.524,6.516,0.188,0.157,0.237,25.215,618849
1782536616293,0,0,0.000,6.508,6.508,0.126,0.126,0.215,25.215,618882
1782536616322,0,0,0.000,6.524,6.508,0.220,0.188,0.231,25.301,618915
1782536616355,0,0,0.000,6.524,6.524,0.188,0.157,0.247,25.215,618948
1782536616392,0,0,0.000,6.524,6.516,0.126,0.157,0.215,25.215,618981
1782536616423,0,0,0.000,6.516,6.508,0.220,0.157,0.355,25.215,619014
1782536616454,0,0,0.000,6.516,6.516,0.251,0.188,0.220,25.215,619047
1782536616486,0,0,0.000,6.524,6.524,0.188,0.126,0.226,25.215,619080
1782536616519,0,0,0.000,6.524,6.516,0.157,0.188,0.269,25.301,619113
1782536616553,0,0,0.006,6.541,6.508,0.188,0.126,0.215,25.215,619146
1782536616586,0,0,0.000,6.524,6.508,0.220,0.188,0.226,25.215,619179
1782536616633,0,0,0.000,6.524,6.516,0.188,0.126,0.215,25.215,619212
1782536616652,0,0,0.000,6.516,6.516,0.157,0.157,0.231,25.215,619245
1782536616686,0,0,0.006,6.508,6.508,0.188,0.157,0.204,25.301,619278
1782536616719,0,0,0.000,6.524,6.516,0.220,0.157,0.215,25.215,619311
1782536616753,0,0,0.000,6.516,6.508,0.188,0.157,0.210,25.301,619344
1782536616788,0,0,0.000,6.516,6.516,0.188,0.157,0.226,25.215,619377
1782536616818,0,0,0.000,6.524,6.516,0.157,0.188,0.204,25.215,619410
1782536616886,0,0,0.006,6.516,6.516,0.188,0.157,0.237,25.215,619443
1782536616927,0,0,0.000,6.516,6.508,0.188,0.157,0.301,25.301,619476
1782536616940,0,0,0.000,6.541,6.516,0.126,0.188,0.215,25.215,619509
1782536616956,0,0,0.000,6.508,6.508,0.188,0.188,0.280,25.129,619542
1782536616986,0,0,0.006,6.516,6.508,0.126,0.157,0.355,25.215,619575
1782536617018,0,0,0.000,6.524,6.516,0.157,0.157,0.215,25.215,619608
1782536617051,0,0,0.000,6.516,6.524,0.188,0.157,0.237,25.215,619641
1782536617087,0,0,0.000,6.524,6.508,0.188,0.157,0.237,25.215,619674
1782536617122,0,0,0.000,6.524,6.516,0.188,0.157,0.210,25.215,619707
1782536617152,0,0,0.000,6.508,6.516,0.188,0.157,0.349,25.215,619740
1782536617185,0,0,0.006,6.516,6.508,0.126,0.126,0.269,25.215,619773
1782536617218,0,0,0.000,6.516,6.508,0.188,0.157,0.237,25.215,619806
1782536617251,0,0,0.000,6.524,6.533,0.188,0.094,0.215,25.215,619839
1782536617285,0,0,0.000,6.516,6.524,0.188,0.157,0.237,25.301,619872
1782536617318,0,0,0.000,6.516,6.508,0.126,0.157,0.328,25.215,619905
1782536617353,0,0,0.006,6.516,6.499,0.188,0.126,0.231,25.301,619938
1782536617385,0,0,0.000,6.524,6.516,0.188,0.126,0.215,25.215,619971
1782536617420,0,0,0.000,6.524,6.516,0.157,0.157,0.220,25.301,620004
1782536617452,0,0,0.000,6.524,6.533,0.220,0.126,0.237,25.129,620037
1782536617485,0,0,0.000,6.524,6.508,0.220,0.157,0.226,25.215,620070
1782536617519,0,0,0.000,6.516,6.524,0.188,0.157,0.366,25.129,620103
1782536617551,0,0,0.000,6.524,6.516,0.188,0.188,0.237,25.215,620136
1782536617585,0,0,0.000,6.533,6.508,0.157,0.126,0.226,25.301,620169
1782536617617,0,0,0.000,6.524,6.516,0.188,0.188,0.215,25.215,620202
1782536617653,0,0,0.006,6.524,6.508,0.220,0.157,0.231,25.215,620235
1782536617683,0,0,0.000,6.516,6.516,0.188,0.157,0.237,25.129,620268
1782536617723,0,0,0.000,6.524,6.516,0.157,0.157,0.237,25.215,620301
1782536617750,0,0,0.000,6.524,6.516,0.157,0.157,0.231,25.215,620334
1782536617784,0,0,0.000,6.524,6.524,0.188,0.157,0.210,25.129,620367
1782536617817,0,0,0.000,6.516,6.508,0.188,0.157,0.247,25.301,620400
1782536617857,0,0,0.000,6.516,6.516,0.188,0.157,0.215,25.215,620433
1782536617899,0,0,0.006,6.516,6.508,0.157,0.157,0.333,25.215,620466
1782536617927,0,0,0.000,6.524,6.516,0.126,0.188,0.215,25.215,620499
1782536617973,0,0,0.000,6.516,6.516,0.188,0.188,0.237,25.215,620532
1782536617991,0,0,0.000,6.524,6.508,0.188,0.188,0.317,25.215,620565
1782536618027,0,0,0.000,6.524,6.524,0.188,0.157,0.204,25.215,620598
1782536618062,0,0,0.000,6.524,6.516,0.188,0.126,0.220,25.215,620631
1782536618090,0,0,0.000,6.516,6.508,0.157,0.157,0.312,25.215,620664
1782536618124,0,0,0.000,6.524,6.516,0.157,0.157,0.231,25.215,620697
1782536618156,0,0,0.006,6.516,6.508,0.188,0.126,0.333,25.215,620730
1782536618196,0,0,0.000,6.524,6.516,0.188,0.157,0.242,25.301,620763
1782536618243,0,0,0.000,6.524,6.524,0.188,0.157,0.210,25.215,620796
1782536618269,0,0,0.000,6.516,6.516,0.188,0.126,0.204,25.215,620829
1782536618288,0,0,0.000,6.516,6.508,0.188,0.126,0.333,25.215,620862
1782536618321,0,0,0.000,6.516,6.524,0.188,0.188,0.215,25.215,620895
1782536618354,0,0,0.000,6.516,6.516,0.188,0.157,0.231,25.215,620928
1782536618388,0,0,0.006,6.524,6.516,0.188,0.188,0.220,25.215,620961
1782536618420,0,0,0.000,6.524,6.516,0.220,0.126,0.204,25.215,620994
1782536618453,0,0,0.000,6.524,6.516,0.157,0.157,0.215,25.215,621027
1782536618492,0,0,0.000,6.541,6.533,0.188,0.157,0.215,25.129,621060
1782536618520,0,0,0.000,6.524,6.516,0.188,0.126,0.280,25.215,621093
1782536618552,0,0,0.000,6.524,6.516,0.126,0.157,0.199,25.215,621126
1782536618587,0,0,0.006,6.524,6.508,0.188,0.157,0.210,25.215,621159
1782536618621,0,0,0.000,6.533,6.516,0.220,0.157,0.215,25.215,621192
1782536618651,0,0,0.000,6.524,6.524,0.188,0.157,0.204,25.215,621225
1782536618714,0,0,0.000,6.516,6.508,0.188,0.157,0.344,25.215,621258
1782536618717,0,0,0.000,6.524,6.524,0.188,0.157,0.210,25.215,621291
1782536618757,0,0,0.006,6.524,6.524,0.188,0.157,0.215,25.215,621324
1782536618783,0,0,0.006,6.524,6.524,0.157,0.157,0.199,25.215,621357
1782536618819,0,0,0.006,6.516,6.516,0.157,0.157,0.204,25.215,621390
1782536618850,0,0,0.000,6.524,6.499,0.188,0.157,0.210,25.215,621423
1782536618885,0,0,0.000,6.524,6.524,0.157,0.094,0.215,25.215,621456
1782536618915,0,0,0.000,6.524,6.524,0.188,0.157,0.220,25.215,621489
1782536618949,0,0,0.006,6.524,6.524,0.220,0.157,0.204,25.301,621522
1782536618983,0,0,0.000,6.524,6.516,0.157,0.157,0.210,25.215,621555
1782536619014,0,0,0.006,6.541,6.524,0.220,0.157,0.215,25.215,621588
1782536619050,0,0,0.000,6.524,6.516,0.188,0.157,0.312,25.215,621621
1782536619081,0,0,0.000,6.524,6.524,0.157,0.157,0.258,25.215,621654
1782536619113,0,0,0.000,6.524,6.508,0.188,0.126,0.339,25.215,621687
1782536619146,0,0,0.000,6.524,6.524,0.188,0.188,0.215,25.301,621720
1782536619180,0,0,0.000,6.508,6.508,0.188,0.157,0.398,25.215,621753
1782536619214,0,0,0.006,6.524,6.516,0.188,0.157,0.285,25.215,621786
1782536619246,0,0,0.000,6.516,6.508,0.220,0.157,0.355,25.215,621819
1782536619280,0,0,0.006,6.524,6.524,0.188,0.157,0.215,25.215,621852
1782536619320,0,0,0.000,6.524,6.524,0.188,0.157,0.226,25.215,621885
1782536619346,0,0,0.000,6.516,6.516,0.220,0.157,0.328,25.215,621918
1782536619379,0,0,0.000,6.533,6.524,0.188,0.188,0.204,25.215,621951
1782536619419,0,0,0.000,6.524,6.508,0.188,0.094,0.215,25.215,621984
1782536619449,0,0,0.000,6.524,6.524,0.188,0.126,0.210,25.215,622017
1782536619485,0,0,0.000,6.516,6.524,0.220,0.157,0.199,25.215,622050
1782536619515,0,0,0.000,6.524,6.508,0.220,0.157,0.215,25.301,622083
1782536619547,0,0,0.000,6.516,6.516,0.188,0.126,0.220,25.215,622116
1782536619579,0,0,0.000,6.524,6.508,0.188,0.126,0.210,25.215,622149
1782536619613,0,0,0.006,6.524,6.533,0.188,0.188,0.210,25.215,622182
1782536619645,0,0,0.000,6.508,6.508,0.157,0.157,0.333,25.215,622215
1782536619679,0,0,0.000,6.516,6.524,0.220,0.126,0.301,25.215,622248
1782536619712,0,0,0.000,6.516,6.508,0.188,0.157,0.441,25.215,622281
1782536619745,0,0,0.000,6.516,6.499,0.188,0.157,0.285,25.215,622314
1782536619779,0,0,0.000,6.533,6.516,0.188,0.157,0.274,25.301,622347
1782536619814,0,0,0.000,6.516,6.516,0.188,0.157,0.231,25.215,622380
1782536619875,0,0,0.000,6.524,6.516,0.188,0.188,0.242,25.215,622413
1782536619878,0,0,0.000,6.516,6.508,0.220,0.157,0.339,25.215,622446
1782536619922,0,0,0.000,6.524,6.524,0.157,0.157,0.210,25.215,622479
1782536619946,0,0,0.000,6.516,6.516,0.157,0.157,0.333,25.129,622512
1782536619978,0,0,0.000,6.533,6.524,0.188,0.157,0.215,25.215,622545
1782536620012,0,0,0.000,6.533,6.516,0.188,0.157,0.210,25.215,622578
1782536620045,0,0,0.006,6.516,6.516,0.188,0.188,0.349,25.215,622611
1782536620079,0,0,0.000,6.533,6.516,0.188,0.157,0.220,25.215,622644
1782536620112,0,0,0.000,6.516,6.516,0.157,0.188,0.344,25.129,622677
1782536620145,0,0,0.000,6.524,6.524,0.188,0.157,0.242,25.215,622710
1782536620178,0,0,0.000,6.524,6.524,0.188,0.188,0.231,25.301,622743
1782536620213,0,0,0.000,6.499,6.508,0.188,0.126,0.457,25.301,622776
1782536620244,0,0,0.006,6.524,6.524,0.188,0.188,0.199,25.215,622809
1782536620283,0,0,0.006,6.524,6.516,0.188,0.157,0.242,25.215,622842
1782536620315,0,0,0.000,6.508,6.508,0.188,0.157,0.360,25.215,622875
1782536620344,0,0,0.000,6.524,6.516,0.157,0.157,0.237,25.215,622908
1782536620378,0,0,0.000,6.524,6.533,0.188,0.126,0.226,25.215,622941
1782536620411,0,0,0.000,6.524,6.524,0.188,0.188,0.215,25.215,622974
1782536620443,0,0,0.006,6.524,6.508,0.188,0.157,0.231,25.215,623007
1782536620477,0,0,0.006,6.524,6.524,0.157,0.188,0.317,25.215,623040
1782536620512,0,0,0.000,6.533,6.524,0.157,0.188,0.220,25.129,623073
1782536620544,0,0,0.000,6.533,6.508,0.188,0.157,0.220,25.215,623106
1782536620577,0,0,0.000,6.533,6.524,0.188,0.157,0.226,25.129,623139
1782536620612,0,0,0.006,6.533,6.508,0.157,0.157,0.215,25.301,623172
1782536620645,0,0,0.000,6.516,6.516,0.188,0.157,0.215,25.129,623205
1782536620676,0,0,0.000,6.524,6.524,0.188,0.157,0.231,25.215,623238
1782536620710,0,0,0.000,6.533,6.508,0.188,0.157,0.237,25.215,623271
1782536620742,0,0,0.000,6.516,6.516,0.126,0.157,0.290,25.215,623304
1782536620776,0,0,0.000,6.524,6.516,0.188,0.157,0.226,25.215,623337
1782536620809,0,0,0.000,6.524,6.533,0.220,0.220,0.210,25.215,623370
1782536620844,0,0,0.000,6.541,6.533,0.188,0.157,0.215,25.215,623403
1782536620876,0,0,0.000,6.533,6.524,0.188,0.126,0.226,25.215,623436
1782536620920,0,0,0.000,6.524,6.516,0.188,0.157,0.296,25.215,623469
1782536620942,0,0,0.000,6.524,6.516,0.188,0.157,0.290,25.215,623502
1782536620977,0,0,0.000,6.524,6.524,0.188,0.157,0.215,25.215,623535
1782536621011,0,0,0.000,6.524,6.516,0.188,0.188,0.226,25.215,623568
1782536621046,0,0,0.000,6.524,6.516,0.188,0.157,0.210,25.215,623601
1782536621085,0,0,0.000,6.533,6.524,0.126,0.188,0.210,25.215,623634
1782536621109,0,0,0.000,6.524,6.524,0.157,0.188,0.204,25.215,623667
1782536621142,0,0,0.006,6.524,6.516,0.188,0.157,0.226,25.215,623700
1782536621175,0,0,0.000,6.524,6.524,0.188,0.157,0.199,25.215,623733
1782536621214,0,0,0.000,6.524,6.524,0.188,0.157,0.220,25.215,623766
1782536621241,0,0,0.000,6.533,6.516,0.188,0.188,0.215,25.215,623799
1782536621274,0,0,0.000,6.524,6.516,0.188,0.188,0.210,25.129,623832
1782536621309,0,0,0.000,6.524,6.524,0.188,0.157,0.237,25.215,623865
1782536621342,0,0,0.000,6.524,6.524,0.188,0.188,0.226,25.215,623898
1782536621375,0,0,0.000,6.533,6.524,0.188,0.188,0.215,25.129,623931
1782536621410,0,0,0.000,6.524,6.533,0.188,0.188,0.242,25.215,623964
1782536621450,0,0,0.000,6.533,6.541,0.188,0.126,0.226,25.215,623997
1782536621476,0,0,0.000,6.524,6.524,0.188,0.157,0.199,25.215,624030
1782536621513,0,0,0.000,6.524,6.524,0.220,0.157,0.210,25.215,624063
1782536621544,0,0,0.000,6.524,6.533,0.188,0.157,0.231,25.215,624096
1782536621573,0,0,0.000,6.549,6.524,0.220,0.126,0.226,25.215,624129
1782536621610,0,0,0.000,6.524,6.516,0.188,0.157,0.317,25.215,624162
1782536621640,0,0,0.000,6.533,6.524,0.188,0.188,0.258,25.215,624195
1782536621676,0,0,0.000,6.524,6.524,0.220,0.094,0.199,25.215,624228
1782536621707,0,0,0.000,6.541,6.516,0.188,0.157,0.242,25.129,624261
1782536621743,0,0,0.000,6.533,6.524,0.251,0.157,0.204,25.215,624294
1782536621773,0,0,0.000,6.524,6.524,0.188,0.157,0.204,25.215,624327
1782536621808,0,0,0.000,6.533,6.533,0.188,0.157,0.194,25.129,624360
1782536621840,0,0,0.000,6.524,6.524,0.188,0.157,0.210,25.129,624393
1782536621873,0,0,0.000,6.524,6.524,0.157,0.126,0.204,25.215,624426
1782536621911,0,0,0.006,6.516,6.524,0.188,0.157,0.210,25.215,624459
1782536621941,0,0,0.000,6.533,6.524,0.157,0.188,0.199,25.215,624492
1782536621976,0,0,0.000,6.533,6.516,0.188,0.157,0.204,25.129,624525
1782536622010,0,0,0.000,6.524,6.524,0.188,0.188,0.237,25.215,624558
1782536622042,0,0,0.006,6.524,6.524,0.188,0.188,0.215,25.215,624591
1782536622073,0,0,0.000,6.533,6.516,0.220,0.220,0.220,25.215,624624
1782536622107,0,0,0.006,6.524,6.516,0.188,0.188,0.328,25.129,624657
1782536622139,0,0,0.000,6.524,6.524,0.188,0.157,0.199,25.215,624690
1782536622173,0,0,0.006,6.524,6.524,0.220,0.188,0.231,25.215,624723
1782536622215,0,0,0.000,6.533,6.524,0.188,0.157,0.215,25.215,624756
1782536622248,0,0,0.006,6.524,6.524,0.157,0.157,0.204,25.215,624789
1782536622281,0,0,0.000,6.549,6.524,0.188,0.157,0.237,25.129,624822
1782536622314,0,0,0.000,6.533,6.516,0.188,0.157,0.231,25.215,624855
1782536622350,0,0,0.000,6.524,6.516,0.220,0.126,0.247,25.301,624888
1782536622383,0,0,0.000,6.533,6.524,0.126,0.126,0.199,25.129,624921
1782536622431,0,0,0.000,6.524,6.516,0.188,0.157,0.226,25.215,624954
1782536622446,0,0,0.000,6.541,6.524,0.157,0.188,0.263,25.215,624987
1782536622479,0,0,0.000,6.549,6.516,0.157,0.157,0.220,25.215,625020
1782536622512,0,0,0.000,6.516,6.524,0.188,0.157,0.204,25.215,625053
1782536622545,0,0,0.000,6.524,6.508,0.188,0.157,0.323,25.129,625086
1782536622587,0,0,0.000,6.533,6.524,0.220,0.157,0.204,25.215,625119
1782536622611,0,0,0.000,6.533,6.524,0.188,0.157,0.226,25.129,625152
1782536622652,0,0,0.000,6.549,6.516,0.220,0.157,0.199,25.215,625185
1782536622677,0,0,0.000,6.524,6.516,0.188,0.126,0.328,25.215,625218
1782536622712,0,0,0.000,6.533,6.524,0.188,0.157,0.199,25.215,625251
1782536622743,0,0,0.000,6.541,6.524,0.126,0.157,0.220,25.215,625284
1782536622792,0,0,0.000,6.524,6.541,0.188,0.157,0.204,25.215,625317
1782536622809,0,0,0.000,6.533,6.524,0.157,0.157,0.215,25.129,625350
1782536622843,0,0,0.000,6.516,6.524,0.188,0.157,0.199,25.215,625383
1782536622877,0,0,0.000,6.541,6.516,0.188,0.157,0.339,25.215,625416
1782536622908,0,0,0.000,6.533,6.524,0.188,0.188,0.210,25.129,625449
1782536622946,0,0,0.000,6.524,6.516,0.157,0.157,0.280,25.215,625482
1782536622985,0,0,0.000,6.533,6.524,0.220,0.157,0.237,25.215,625515
1782536623008,0,0,0.000,6.516,6.516,0.188,0.157,0.333,25.215,625548
1782536623040,0,0,0.000,6.533,6.524,0.188,0.157,0.199,25.129,625581
1782536623074,0,0,0.000,6.524,6.524,0.188,0.157,0.247,25.215,625614
1782536623116,0,0,0.000,6.516,6.533,0.188,0.157,0.204,25.215,625647
1782536623157,0,0,0.000,6.524,6.516,0.220,0.157,0.210,25.129,625680
1782536623172,0,0,0.000,6.533,6.541,0.188,0.157,0.215,25.215,625713
1782536623206,0,0,0.000,6.533,6.524,0.188,0.188,0.199,25.215,625746
1782536623238,0,0,0.000,6.524,6.524,0.188,0.157,0.253,25.215,625779
1782536623271,0,0,0.000,6.516,6.516,0.188,0.157,0.360,25.215,625812
1782536623306,0,0,0.000,6.533,6.524,0.188,0.157,0.199,25.215,625845
1782536623337,0,0,0.000,6.533,6.524,0.157,0.157,0.274,25.215,625878
1782536623370,0,0,0.006,6.516,6.524,0.188,0.188,0.204,25.215,625911
1782536623404,0,0,0.000,6.524,6.524,0.188,0.157,0.312,25.215,625944
1782536623436,0,0,0.000,6.533,6.524,0.188,0.157,0.210,25.215,625977
1782536623469,0,0,0.000,6.524,6.524,0.188,0.157,0.258,25.215,626010
1782536623502,0,0,0.000,6.533,6.533,0.188,0.157,0.215,25.215,626043
1782536623535,0,0,0.000,6.541,6.524,0.188,0.157,0.258,25.129,626076
1782536623569,0,0,0.000,6.524,6.524,0.188,0.188,0.247,25.215,626109
1782536623605,0,0,0.000,6.508,6.508,0.188,0.157,0.387,25.129,626142
1782536623639,0,0,0.000,6.524,6.516,0.220,0.157,0.199,25.215,626175
1782536623670,0,0,0.006,6.524,6.524,0.188,0.157,0.204,25.215,626208
1782536623702,0,0,0.000,6.524,6.516,0.188,0.157,0.306,25.215,626241
1782536623737,0,0,0.000,6.533,6.516,0.126,0.251,0.194,25.129,626274
1782536623769,0,0,0.000,6.524,6.524,0.157,0.157,0.220,25.129,626307
1782536623801,0,0,0.000,6.549,6.524,0.188,0.188,0.204,25.215,626340
1782536623834,0,0,0.000,6.533,6.524,0.220,0.188,0.199,25.215,626373
1782536623869,0,0,0.006,6.533,6.533,0.188,0.188,0.199,25.215,626406
1782536623901,0,0,0.000,6.524,6.524,0.126,0.188,0.199,25.215,626439
1782536623936,0,0,0.000,6.533,6.533,0.220,0.188,0.204,25.215,626472
1782536623969,0,0,0.000,6.541,6.541,0.188,0.157,0.199,25.215,626505
1782536624003,0,0,0.000,6.524,6.524,0.188,0.188,0.269,25.129,626538
1782536624035,0,0,0.000,6.533,6.533,0.188,0.157,0.226,25.215,626571
1782536624070,0,0,0.006,6.533,6.524,0.157,0.157,0.355,25.129,626604
1782536624104,0,0,0.000,6.533,6.524,0.188,0.157,0.231,25.215,626637
1782536624134,0,0,0.006,6.524,6.524,0.157,0.157,0.285,25.129,626670
1782536624175,0,0,0.006,6.533,6.524,0.157,0.157,0.306,25.215,626703
1782536624201,0,0,0.000,6.524,6.516,0.188,0.188,0.419,25.129,626736
1782536624234,0,0,0.000,6.533,6.533,0.188,0.157,0.210,25.129,626769
1782536624267,0,0,0.000,6.524,6.516,0.188,0.157,0.323,25.129,626802
1782536624301,0,0,0.000,6.533,6.516,0.188,0.157,0.204,25.129,626835
1782536624334,0,0,0.000,6.524,6.508,0.157,0.126,0.215,25.129,626868
1782536624367,0,0,0.000,6.524,6.524,0.188,0.220,0.210,25.129,626901
1782536624404,0,0,0.000,6.524,6.533,0.188,0.188,0.215,25.129,626934
1782536624433,0,0,0.006,6.533,6.524,0.157,0.188,0.199,25.129,626967
1782536624468,0,0,0.000,6.533,6.524,0.157,0.157,0.306,25.215,627000
1782536624499,0,0,0.000,6.533,6.524,0.188,0.188,0.220,25.129,627033
1782536624535,0,0,0.000,6.533,6.508,0.188,0.157,0.269,25.129,627066
1782536624566,0,0,0.000,6.533,6.533,0.157,0.126,0.204,25.129,627099
1782536624600,0,0,0.000,6.533,6.524,0.157,0.188,0.215,25.129,627132
1782536624633,0,0,0.000,6.524,6.524,0.157,0.157,0.301,25.129,627165
1782536624666,0,0,0.000,6.524,6.524,0.220,0.157,0.220,25.215,627198
1782536624703,0,0,0.000,6.541,6.524,0.188,0.157,0.242,25.215,627231
1782536624733,0,0,0.000,6.533,6.524,0.188,0.157,0.301,25.129,627264
1782536624767,0,0,0.000,6.533,6.524,0.188,0.157,0.220,25.129,627297
1782536624804,0,0,0.000,6.541,6.533,0.157,0.188,0.204,25.129,627330
1782536624832,0,0,0.006,6.524,6.524,0.188,0.157,0.204,25.129,627363
1782536624867,0,0,0.000,6.533,6.524,0.188,0.188,0.210,25.215,627396
1782536624900,0,0,0.000,6.524,6.524,0.188,0.157,0.204,25.129,627429
1782536624932,0,0,0.006,6.541,6.524,0.188,0.126,0.220,25.129,627462
1782536624966,0,0,0.000,6.533,6.524,0.188,0.157,0.204,25.129,627495
1782536624999,0,0,0.000,6.533,6.516,0.126,0.157,0.339,25.129,627528
1782536625039,0,0,0.000,6.533,6.524,0.188,0.188,0.210,25.129,627561
1782536625065,0,0,0.006,6.533,6.524,0.157,0.126,0.237,25.215,627594
1782536625102,0,0,0.000,6.533,6.533,0.157,0.157,0.215,25.301,627627
1782536625133,0,0,0.000,6.516,6.533,0.188,0.126,0.194,25.129,627660
1782536625166,0,0,0.000,6.524,6.533,0.188,0.157,0.204,25.215,627693
1782536625199,0,0,0.000,6.524,6.516,0.188,0.157,0.296,25.129,627726
1782536625247,0,0,0.000,6.524,6.524,0.157,0.157,0.231,25.129,627759
1782536625265,0,0,0.000,6.533,6.524,0.188,0.126,0.210,25.215,627792
1782536625301,0,0,0.006,6.524,6.524,0.188,0.157,0.323,25.129,627825
1782536625334,0,0,0.000,6.524,6.524,0.157,0.157,0.215,25.215,627858
1782536625364,0,0,0.000,6.533,6.524,0.126,0.126,0.231,25.129,627891
1782536625399,0,0,0.000,6.533,6.524,0.188,0.157,0.215,25.129,627924
1782536625445,0,0,0.000,6.524,6.524,0.188,0.157,0.274,25.129,627957
1782536625464,0,0,0.006,6.533,6.524,0.188,0.157,0.237,25.129,627990
1782536625505,0,0,0.000,6.533,6.524,0.188,0.126,0.220,25.129,628023
1782536625533,0,0,0.000,6.533,6.516,0.188,0.126,0.215,25.129,628056
1782536625564,0,0,0.000,6.524,6.524,0.157,0.188,0.231,25.129,628089
1782536625598,0,0,0.006,6.524,6.524,0.220,0.157,0.242,25.129,628122
1782536625632,0,0,0.000,6.533,6.524,0.188,0.126,0.231,25.129,628155
1782536625664,0,0,0.000,6.533,6.516,0.188,0.157,0.210,25.215,628188
1782536625698,0,0,0.000,6.524,6.541,0.188,0.157,0.204,25.129,628221
1782536625731,0,0,0.000,6.533,6.524,0.188,0.157,0.210,25.215,628254
1782536625763,0,0,0.000,6.533,6.524,0.188,0.188,0.215,25.129,628287
1782536625797,0,0,0.000,6.524,6.524,0.188,0.157,0.210,25.043,628320
1782536625830,0,0,0.000,6.533,6.524,0.188,0.188,0.215,25.215,628353
1782536625863,0,0,0.006,6.533,6.524,0.157,0.188,0.215,25.129,628386
1782536625897,0,0,0.000,6.524,6.524,0.188,0.157,0.220,25.129,628419
1782536625929,0,0,0.000,6.533,6.524,0.188,0.157,0.231,25.129,628452
1782536625963,0,0,0.000,6.533,6.524,0.188,0.126,0.204,25.129,628485
1782536625996,0,0,0.000,6.524,6.516,0.188,0.188,0.317,25.215,628518
1782536626030,0,0,0.000,6.533,6.533,0.188,0.157,0.215,25.301,628551
1782536626063,0,0,0.000,6.533,6.524,0.220,0.157,0.210,25.215,628584
1782536626097,0,0,0.000,6.533,6.524,0.188,0.188,0.242,25.129,628617
1782536626131,0,0,0.000,6.524,6.533,0.157,0.157,0.215,25.215,628650
1782536626162,0,0,0.000,6.541,6.533,0.220,0.157,0.220,25.129,628683
1782536626198,0,0,0.000,6.533,6.541,0.126,0.126,0.237,25.129,628716
1782536626232,0,0,0.000,6.533,6.524,0.220,0.188,0.237,25.215,628749
1782536626270,0,0,0.000,6.549,6.541,0.188,0.157,0.226,25.129,628782
1782536626295,0,0,0.000,6.533,6.524,0.188,0.157,0.231,25.129,628815
1782536626329,0,0,0.000,6.533,6.524,0.188,0.157,0.215,25.129,628848
1782536626373,0,0,0.000,6.533,6.533,0.188,0.157,0.215,25.215,628881
1782536626396,0,0,0.000,6.533,6.524,0.188,0.220,0.215,25.129,628914
1782536626429,0,0,0.006,6.533,6.524,0.188,0.157,0.242,25.129,628947
1782536626462,0,0,0.000,6.533,6.524,0.126,0.157,0.237,25.129,628980
1782536626495,0,0,0.000,6.533,6.524,0.157,0.220,0.237,25.129,629013
1782536626530,0,0,0.000,6.524,6.524,0.188,0.188,0.237,25.129,629046
1782536626573,0,0,0.000,6.541,6.533,0.188,0.188,0.231,25.215,629079
1782536626607,0,0,0.000,6.524,6.516,0.220,0.157,0.349,25.129,629112
1782536626637,0,0,0.000,6.533,6.524,0.157,0.188,0.220,25.129,629145
1782536626670,0,0,0.000,6.541,6.524,0.188,0.157,0.237,25.215,629178
1782536626711,0,0,0.000,6.524,6.524,0.188,0.157,0.242,25.129,629211
1782536626738,0,0,0.000,6.533,6.533,0.157,0.188,0.215,25.129,629244
1782536626779,0,0,0.000,6.524,6.524,0.188,0.157,0.312,25.129,629277
1782536626803,0,0,0.000,6.541,6.524,0.220,0.220,0.237,25.129,629310
1782536626837,0,0,0.000,6.524,6.524,0.188,0.188,0.215,25.129,629343
1782536626869,0,0,0.000,6.533,6.524,0.188,0.157,0.237,25.129,629376
1782536626904,0,0,0.000,6.533,6.524,0.188,0.157,0.204,25.129,629409
1782536626935,0,0,0.006,6.533,6.533,0.188,0.157,0.199,25.129,629442
1782536626971,0,0,0.000,6.533,6.524,0.188,0.157,0.231,25.129,629475
1782536627000,0,0,0.000,6.541,6.524,0.157,0.157,0.269,25.129,629508
1782536627044,0,0,0.000,6.524,6.524,0.188,0.188,0.280,25.129,629541
1782536627067,0,0,0.000,6.524,6.524,0.188,0.157,0.226,25.215,629574
1782536627102,0,0,0.000,6.533,6.541,0.188,0.157,0.204,25.129,629607
1782536627133,0,0,0.000,6.524,6.524,0.157,0.126,0.210,25.215,629640
1782536627166,0,0,0.000,6.533,6.533,0.220,0.126,0.226,25.129,629673
1782536627199,0,0,0.000,6.533,6.524,0.188,0.157,0.215,25.129,629706
1782536627234,0,0,0.000,6.533,6.541,0.188,0.126,0.215,25.129,629739
1782536627264,0,0,0.000,6.524,6.533,0.188,0.157,0.237,25.129,629772
1782536627298,0,0,0.000,6.533,6.516,0.157,0.157,0.226,25.129,629805
1782536627334,0,0,0.006,6.541,6.524,0.157,0.157,0.204,25.129,629838
1782536627363,0,0,0.000,6.533,6.524,0.188,0.157,0.323,25.129,629871
1782536627396,0,0,0.000,6.541,6.516,0.220,0.157,0.210,25.129,629904
1782536627436,0,0,0.000,6.533,6.516,0.188,0.157,0.258,25.129,629937
1782536627466,0,0,0.000,6.524,6.524,0.157,0.188,0.333,25.129,629970
1782536627495,0,0,0.000,6.524,6.549,0.157,0.126,0.215,25.129,630003
1782536627530,0,0,0.000,6.533,6.524,0.188,0.157,0.215,25.129,630036
1782536627561,0,0,0.000,6.524,6.524,0.157,0.157,0.210,25.129,630069
1782536627603,0,0,0.006,6.533,6.533,0.157,0.188,0.199,25.129,630102
1782536627627,0,0,0.000,6.516,6.516,0.188,0.157,0.301,25.129,630135
1782536627660,0,0,0.000,6.533,6.524,0.188,0.126,0.274,25.215,630168
1782536627697,0,0,0.006,6.533,6.541,0.188,0.157,0.280,25.129,630201
1782536627726,0,0,0.000,6.524,6.524,0.188,0.220,0.215,25.129,630234
1782536627761,0,0,0.000,6.533,6.524,0.188,0.188,0.301,25.129,630267
1782536627792,0,0,0.000,6.516,6.516,0.188,0.188,0.435,25.129,630300
1782536627825,0,0,0.000,6.533,6.508,0.188,0.188,0.280,25.129,630333
1782536627861,0,0,0.000,6.516,6.516,0.126,0.157,0.409,25.129,630366
1782536627893,0,0,0.000,6.541,6.524,0.188,0.126,0.215,25.215,630399
1782536627925,0,0,0.000,6.541,6.524,0.188,0.188,0.317,25.129,630432
1782536627963,0,0,0.000,6.516,6.524,0.188,0.157,0.247,25.129,630465
1782536628017,0,0,0.000,6.541,6.524,0.157,0.157,0.306,25.129,630498
1782536628061,0,0,0.000,6.524,6.524,0.157,0.126,0.258,25.129,630531
1782536628071,0,0,0.000,6.533,6.533,0.188,0.157,0.226,25.129,630564
1782536628092,0,0,0.006,6.524,6.541,0.157,0.157,0.323,25.129,630597
1782536628124,0,0,0.000,6.524,6.533,0.188,0.126,0.328,25.129,630630
1782536628161,0,0,0.000,6.533,6.516,0.188,0.188,0.215,25.129,630663
1782536628190,0,0,0.000,6.533,6.524,0.188,0.157,0.301,25.215,630696
1782536628224,0,0,0.000,6.541,6.533,0.188,0.126,0.215,25.129,630729
1782536628257,0,0,0.000,6.533,6.533,0.188,0.188,0.204,25.215,630762
1782536628291,0,0,0.006,6.524,6.533,0.188,0.157,0.215,25.129,630795
1782536628324,0,0,0.006,6.516,6.508,0.188,0.126,0.328,25.215,630828
1782536628357,0,0,0.000,6.533,6.533,0.188,0.188,0.210,25.129,630861
1782536628391,0,0,0.000,6.541,6.533,0.188,0.126,0.215,25.129,630894
1782536628425,0,0,0.000,6.524,6.508,0.188,0.157,0.339,25.215,630927
1782536628471,0,0,0.000,6.541,6.524,0.188,0.157,0.231,25.129,630960
1782536628490,0,0,0.000,6.516,6.508,0.188,0.188,0.349,25.129,630993
1782536628526,0,0,0.000,6.533,6.533,0.188,0.094,0.215,25.215,631026
1782536628557,0,0,0.000,6.524,6.533,0.188,0.157,0.226,25.129,631059
1782536628591,0,0,0.006,6.541,6.516,0.188,0.157,0.215,25.129,631092
1782536628623,0,0,0.000,6.524,6.516,0.157,0.157,0.349,25.215,631125
1782536628656,0,0,0.006,6.524,6.533,0.188,0.157,0.220,25.129,631158
1782536628690,0,0,0.000,6.533,6.524,0.188,0.188,0.242,25.215,631191
1782536628723,0,0,0.000,6.524,6.533,0.188,0.157,0.226,25.129,631224
1782536628758,0,0,0.000,6.524,6.533,0.188,0.157,0.210,25.129,631257
1782536628790,0,0,0.000,6.549,6.524,0.220,0.188,0.204,25.129,631290
1782536628823,0,0,0.000,6.533,6.533,0.126,0.126,0.237,25.129,631323
1782536628856,0,0,0.000,6.533,6.524,0.188,0.126,0.215,25.129,631356
1782536628890,0,0,0.000,6.533,6.524,0.126,0.188,0.242,25.215,631389
1782536628922,0,0,0.000,6.516,6.524,0.188,0.157,0.226,25.129,631422
1782536628960,0,0,0.000,6.541,6.541,0.188,0.157,0.204,25.129,631455
1782536628997,0,0,0.000,6.541,6.541,0.188,0.157,0.220,25.129,631488
1782536629023,0,0,0.000,6.533,6.524,0.126,0.157,0.237,25.215,631521
1782536629055,0,0,0.006,6.533,6.524,0.220,0.157,0.215,25.129,631554
1782536629097,0,0,0.000,6.524,6.508,0.188,0.157,0.403,25.129,631587
1782536629123,0,0,0.000,6.533,6.541,0.188,0.188,0.226,25.129,631620
1782536629156,0,0,0.000,6.524,6.533,0.188,0.157,0.215,25.129,631653
1782536629191,0,0,0.006,6.541,6.524,0.157,0.157,0.226,25.129,631686
1782536629224,0,0,0.000,6.533,6.533,0.188,0.157,0.247,25.129,631719
1782536629254,0,0,0.000,6.533,6.533,0.188,0.157,0.215,25.129,631752
1782536629295,0,0,0.000,6.524,6.516,0.157,0.157,0.231,25.215,631785
1782536629322,0,0,0.006,6.533,6.533,0.188,0.188,0.215,25.215,631818
1782536629356,0,0,0.000,6.533,6.524,0.157,0.126,0.226,25.129,631851
1782536629416,0,0,0.006,6.541,6.524,0.188,0.157,0.215,25.129,631884
1782536629421,0,0,0.000,6.533,6.541,0.188,0.188,0.210,25.129,631917
1782536629454,0,0,0.000,6.541,6.524,0.188,0.188,0.253,25.215,631950
1782536629488,0,0,0.000,6.541,6.516,0.188,0.157,0.231,25.129,631983
1782536629523,0,0,0.000,6.533,6.524,0.188,0.157,0.220,25.129,632016
1782536629554,0,0,0.000,6.541,6.533,0.188,0.157,0.215,25.215,632049
1782536629588,0,0,0.000,6.533,6.541,0.188,0.126,0.215,25.129,632082
1782536629621,0,0,0.000,6.541,6.533,0.188,0.220,0.210,25.129,632115
1782536629655,0,0,0.000,6.533,6.524,0.188,0.157,0.231,25.129,632148
1782536629687,0,0,0.000,6.541,6.516,0.188,0.188,0.204,25.129,632181
1782536629725,0,0,0.006,6.533,6.524,0.188,0.188,0.215,25.129,632214
1782536629754,0,0,0.000,6.533,6.524,0.157,0.188,0.333,25.129,632247
1782536629786,0,0,0.000,6.533,6.533,0.188,0.126,0.210,25.129,632280
1782536629821,0,0,0.006,6.541,6.524,0.188,0.188,0.290,25.129,632313
1782536629855,0,0,0.000,6.516,6.524,0.157,0.188,0.355,25.129,632346
1782536629888,0,0,0.006,6.533,6.524,0.188,0.157,0.242,25.215,632379
1782536629920,0,0,0.000,6.533,6.524,0.157,0.188,0.220,25.215,632412
1782536629955,0,0,0.006,6.533,6.533,0.188,0.157,0.204,25.301,632445
1782536630015,0,0,0.000,6.541,6.541,0.157,0.157,0.215,25.129,632478
1782536630021,0,0,0.000,6.533,6.541,0.188,0.157,0.215,25.129,632511
1782536630053,0,0,0.000,6.533,6.524,0.157,0.157,0.226,25.129,632544
1782536630088,0,0,0.000,6.533,6.524,0.157,0.157,0.247,25.129,632577
1782536630121,0,0,0.006,6.524,6.533,0.126,0.188,0.215,25.129,632610
1782536630168,0,0,0.000,6.541,6.524,0.188,0.157,0.210,25.215,632643
1782536630195,0,0,0.000,6.533,6.533,0.188,0.188,0.226,25.129,632676
1782536630238,0,0,0.000,6.524,6.533,0.188,0.157,0.344,25.129,632709
1782536630253,0,0,0.000,6.533,6.533,0.220,0.188,0.215,25.129,632742
1782536630287,0,0,0.006,6.524,6.533,0.188,0.157,0.210,25.129,632775
1782536630319,0,0,0.000,6.533,6.533,0.188,0.157,0.210,25.129,632808
1782536630354,0,0,0.000,6.533,6.533,0.188,0.188,0.210,25.043,632841
1782536630385,0,0,0.000,6.533,6.541,0.188,0.157,0.237,25.129,632874
1782536630421,0,0,0.000,6.533,6.524,0.157,0.126,0.226,25.129,632907
1782536630453,0,0,0.000,6.541,6.524,0.157,0.157,0.226,25.129,632940
1782536630487,0,0,0.000,6.524,6.541,0.157,0.188,0.226,25.129,632973
1782536630523,0,0,0.000,6.533,6.533,0.188,0.126,0.242,25.129,633006
1782536630560,0,0,0.000,6.533,6.516,0.188,0.157,0.220,25.129,633039
1782536630589,0,0,0.000,6.533,6.541,0.188,0.157,0.247,25.129,633072
1782536630632,0,0,0.000,6.533,6.524,0.188,0.188,0.204,25.129,633105
1782536630663,0,0,0.006,6.533,6.533,0.220,0.157,0.210,25.129,633138
1782536630687,0,0,0.000,6.533,6.533,0.126,0.157,0.312,25.301,633171
1782536630718,0,0,0.000,6.533,6.524,0.157,0.157,0.231,25.129,633204
1782536630751,0,0,0.000,6.541,6.533,0.188,0.188,0.210,25.129,633237
1782536630785,0,0,0.000,6.533,6.533,0.188,0.157,0.242,25.215,633270
1782536630819,0,0,0.000,6.533,6.524,0.188,0.157,0.215,25.129,633303
1782536630852,0,0,0.000,6.533,6.549,0.251,0.126,0.242,25.129,633336
1782536630886,0,0,0.000,6.549,6.533,0.188,0.188,0.204,25.215,633369
1782536630918,0,0,0.000,6.533,6.524,0.188,0.157,0.237,25.129,633402
1782536630965,0,0,0.000,6.533,6.524,0.188,0.188,0.226,25.043,633435
1782536630994,0,0,0.012,6.533,6.533,0.188,0.188,0.210,25.129,633468
1782536631026,0,0,0.000,6.541,6.541,0.188,0.157,0.231,25.129,633501
1782536631059,0,0,0.006,6.533,6.533,0.126,0.157,0.220,25.043,633534
1782536631092,0,0,0.000,6.533,6.524,0.188,0.126,0.226,25.129,633567
1782536631126,0,0,0.000,6.524,6.524,0.220,0.188,0.226,25.129,633600
1782536631159,0,0,0.000,6.541,6.533,0.188,0.157,0.226,25.129,633633
1782536631198,0,0,0.006,6.541,6.524,0.188,0.220,0.215,25.129,633666
1782536631224,0,0,0.000,6.541,6.533,0.188,0.157,0.349,25.129,633699
1782536631291,0,0,0.000,6.533,6.533,0.220,0.188,0.258,25.129,633732
1782536631304,0,0,0.000,6.533,6.533,0.188,0.157,0.215,25.129,633765
1782536631327,0,0,0.000,6.533,6.533,0.188,0.157,0.339,25.129,633798
1782536631359,0,0,0.000,6.524,6.524,0.188,0.126,0.210,25.129,633831
1782536631389,0,0,0.000,6.533,6.533,0.157,0.188,0.237,25.129,633864
1782536631427,0,0,0.000,6.541,6.533,0.188,0.157,0.204,25.215,633897
1782536631455,0,0,0.000,6.533,6.524,0.188,0.188,0.339,25.129,633930
1782536631488,0,0,0.000,6.524,6.533,0.188,0.126,0.204,25.129,633963
1782536631522,0,0,0.000,6.533,6.524,0.220,0.157,0.231,25.129,633996
1782536631558,0,0,0.006,6.533,6.549,0.188,0.157,0.210,25.129,634029
1782536631587,0,0,0.000,6.524,6.508,0.157,0.188,0.306,25.129,634062
1782536631620,0,0,0.000,6.533,6.524,0.188,0.188,0.204,25.129,634095
1782536631653,0,0,0.000,6.533,6.524,0.157,0.157,0.210,25.129,634128
1782536631686,0,0,0.000,6.533,6.533,0.188,0.157,0.220,25.129,634161
1782536631719,0,0,0.000,6.533,6.524,0.220,0.126,0.360,25.129,634194
1782536631752,0,0,0.000,6.533,6.533,0.188,0.094,0.215,25.129,634227
1782536631786,0,0,0.000,6.533,6.524,0.157,0.157,0.215,25.129,634260
1782536631820,0,0,0.006,6.541,6.524,0.188,0.126,0.220,25.129,634293
1782536631860,0,0,0.000,6.541,6.533,0.188,0.157,0.226,25.129,634326
1782536631887,0,0,0.000,6.549,6.549,0.188,0.157,0.210,25.129,634359
1782536631919,0,0,0.000,6.541,6.533,0.188,0.157,0.204,25.129,634392
1782536631957,0,0,0.012,6.533,6.533,0.188,0.188,0.360,25.129,634425
1782536631990,0,0,0.000,6.533,6.524,0.220,0.157,0.247,25.129,634458
1782536632016,0,0,0.006,6.524,6.524,0.157,0.220,0.220,25.129,634491
1782536632049,0,0,0.000,6.541,6.533,0.188,0.157,0.204,25.129,634524
1782536632087,0,0,0.006,6.533,6.524,0.188,0.157,0.231,25.129,634557
1782536632115,0,0,0.006,6.524,6.516,0.188,0.188,0.312,25.129,634590
1782536632149,0,0,0.006,6.533,6.524,0.188,0.188,0.204,25.129,634623
1782536632183,0,0,0.000,6.541,6.541,0.188,0.126,0.226,25.129,634656
1782536632219,0,0,0.000,6.541,6.516,0.188,0.157,0.215,25.129,634689
1782536632251,0,0,0.000,6.549,6.533,0.188,0.157,0.220,25.129,634722
1782536632284,0,0,0.000,6.541,6.524,0.157,0.188,0.220,25.129,634755
1782536632314,0,0,0.000,6.533,6.516,0.188,0.188,0.296,25.129,634788
1782536632347,0,0,0.006,6.533,6.524,0.188,0.126,0.215,25.129,634821
1782536632381,0,0,0.000,6.524,6.524,0.126,0.188,0.457,25.129,634854
1782536632414,0,0,0.000,6.541,6.533,0.188,0.157,0.280,25.129,634887
1782536632448,0,0,0.000,6.524,6.516,0.220,0.188,0.312,25.129,634920
1782536632481,0,0,0.000,6.533,6.524,0.188,0.157,0.258,25.129,634953
1782536632514,0,0,0.000,6.524,6.524,0.188,0.157,0.366,25.129,634986
1782536632547,0,0,0.000,6.524,6.533,0.188,0.157,0.204,25.129,635019
1782536632580,0,0,0.000,6.524,6.524,0.188,0.157,0.317,25.129,635052
1782536632621,0,0,0.000,6.533,6.533,0.220,0.188,0.210,25.129,635085
1782536632647,0,0,0.000,6.541,6.533,0.188,0.157,0.226,25.129,635118
1782536632698,0,0,0.000,6.516,6.533,0.188,0.157,0.317,25.215,635151
1782536632714,0,0,0.000,6.533,6.533,0.188,0.157,0.215,25.129,635184
1782536632746,0,0,0.000,6.533,6.508,0.157,0.188,0.355,25.129,635217
1782536632780,0,0,0.000,6.524,6.524,0.188,0.157,0.333,25.215,635250
1782536632816,0,0,0.012,6.533,6.549,0.220,0.188,0.210,25.301,635283
1782536632847,0,0,0.000,6.533,6.533,0.188,0.157,0.231,25.129,635316
1782536632879,0,0,0.000,6.541,6.524,0.126,0.157,0.339,25.129,635349
1782536632912,0,0,0.000,6.533,6.524,0.157,0.157,0.247,25.129,635382
1782536632946,0,0,0.000,6.524,6.516,0.157,0.157,0.441,25.129,635415
1782536632989,0,0,0.000,6.524,6.541,0.188,0.188,0.226,25.129,635448
1782536633013,0,0,0.012,6.533,6.524,0.126,0.157,0.220,25.215,635481
1782536633046,0,0,0.000,6.533,6.516,0.251,0.220,0.237,25.129,635514
1782536633080,0,0,0.000,6.541,6.533,0.188,0.157,0.237,25.129,635547
1782536633115,0,0,0.000,6.524,6.524,0.188,0.157,0.247,25.129,635580
1782536633146,0,0,0.000,6.533,6.541,0.157,0.188,0.210,25.129,635613
1782536633185,0,0,0.000,6.533,6.524,0.188,0.188,0.220,25.129,635646
1782536633212,0,0,0.000,6.524,6.516,0.188,0.157,0.382,25.215,635679
1782536633257,0,0,0.000,6.533,6.524,0.220,0.188,0.226,25.129,635712
1782536633295,0,0,0.000,6.533,6.533,0.188,0.157,0.215,25.129,635745
1782536633311,0,0,0.000,6.533,6.533,0.188,0.157,0.210,25.129,635778
1782536633345,0,0,0.000,6.533,6.533,0.220,0.220,0.242,25.129,635811
1782536633378,0,0,0.006,6.533,6.524,0.188,0.157,0.237,25.129,635844
1782536633413,0,0,0.000,6.533,6.549,0.188,0.157,0.215,25.129,635877
1782536633464,0,0,0.000,6.533,6.524,0.188,0.157,0.215,25.129,635910
1782536633516,0,0,0.000,6.533,6.524,0.188,0.157,0.215,25.129,635943
1782536633516,0,0,0.000,6.533,6.524,0.188,0.157,0.323,25.129,635976
1782536633544,0,0,0.000,6.524,6.524,0.157,0.220,0.210,25.129,636009
1782536633577,0,0,0.000,6.533,6.533,0.188,0.157,0.242,25.215,636042
1782536633611,0,0,0.000,6.524,6.533,0.188,0.188,0.328,25.129,636075
1782536633645,0,0,0.006,6.541,6.533,0.188,0.157,0.237,25.129,636108
1782536633680,0,0,0.000,6.533,6.541,0.188,0.126,0.237,25.129,636141
1782536633710,0,0,0.000,6.541,6.533,0.220,0.157,0.237,25.043,636174
1782536633745,0,0,0.000,6.541,6.524,0.188,0.157,0.220,25.129,636207
1782536633778,0,0,0.000,6.533,6.524,0.220,0.157,0.237,25.215,636240
1782536633811,0,0,0.000,6.541,6.533,0.157,0.157,0.231,25.129,636273
1782536633849,0,0,0.000,6.524,6.524,0.157,0.157,0.328,25.129,636306
1782536633878,0,0,0.000,6.541,6.524,0.188,0.157,0.215,25.129,636339
1782536633911,0,0,0.000,6.533,6.524,0.188,0.157,0.237,25.129,636372
1782536633944,0,0,0.000,6.533,6.533,0.188,0.220,0.226,25.129,636405
1782536633977,0,0,0.000,6.541,6.524,0.188,0.157,0.231,25.043,636438
1782536634009,0,0,0.000,6.533,6.533,0.188,0.126,0.210,25.129,636471
1782536634043,0,0,0.000,6.533,6.524,0.157,0.188,0.215,25.129,636504
1782536634076,0,0,0.000,6.541,6.533,0.188,0.126,0.204,25.301,636537
1782536634116,0,0,0.000,6.524,6.533,0.157,0.157,0.231,25.129,636570
1782536634144,0,0,0.000,6.533,6.524,0.188,0.157,0.242,25.215,636603
1782536634177,0,0,0.000,6.533,6.524,0.188,0.126,0.226,25.129,636636
1782536634216,0,0,0.000,6.533,6.533,0.220,0.126,0.215,25.129,636669
1782536634252,0,0,0.000,6.533,6.524,0.188,0.157,0.220,25.043,636702
1782536634283,0,0,0.006,6.541,6.524,0.157,0.157,0.253,25.129,636735
1782536634313,0,0,0.006,6.549,6.533,0.188,0.188,0.231,25.129,636768
1782536634344,0,0,0.000,6.533,6.524,0.157,0.157,0.210,25.129,636801
1782536634375,0,0,0.000,6.524,6.524,0.188,0.188,0.333,25.129,636834
1782536634414,0,0,0.006,6.533,6.524,0.157,0.220,0.215,25.129,636867
1782536634446,0,0,0.000,6.541,6.516,0.188,0.157,0.210,25.129,636900
1782536634475,0,0,0.000,6.533,6.533,0.188,0.157,0.242,25.129,636933
1782536634513,0,0,0.000,6.541,6.533,0.188,0.157,0.226,25.129,636966
1782536634543,0,0,0.000,6.533,6.533,0.188,0.157,0.237,25.129,636999
1782536634593,0,0,0.006,6.541,6.533,0.188,0.188,0.215,25.129,637032
1782536634616,0,0,0.006,6.533,6.533,0.188,0.188,0.210,25.129,637065
1782536634668,0,0,0.000,6.541,6.524,0.188,0.157,0.237,25.215,637098
1782536634675,0,0,0.000,6.533,6.524,0.188,0.157,0.220,25.043,637131
1782536634708,0,0,0.000,6.533,6.524,0.188,0.157,0.247,25.043,637164
1782536634741,0,0,0.000,6.533,6.533,0.188,0.188,0.210,25.129,637197
1782536634775,0,0,0.000,6.533,6.533,0.188,0.157,0.215,25.129,637230
1782536634808,0,0,0.000,6.533,6.533,0.188,0.157,0.215,25.129,637263
1782536634841,0,0,0.000,6.524,6.508,0.188,0.126,0.285,25.129,637296
1782536634897,0,0,0.000,6.541,6.524,0.188,0.157,0.210,25.215,637329
1782536634938,0,0,0.000,6.533,6.541,0.188,0.126,0.215,25.129,637362
1782536634941,0,0,0.000,6.533,6.524,0.126,0.157,0.215,25.129,637395
1782536634974,0,0,0.000,6.533,6.524,0.188,0.188,0.306,25.129,637428
1782536635008,0,0,0.000,6.533,6.524,0.220,0.188,0.242,25.215,637461
1782536635042,0,0,0.000,6.533,6.533,0.188,0.157,0.237,25.129,637494
1782536635086,0,0,0.006,6.533,6.516,0.126,0.126,0.226,25.215,637527
1782536635110,0,0,0.000,6.541,6.533,0.188,0.157,0.210,25.129,637560
1782536635141,0,0,0.000,6.533,6.533,0.126,0.126,0.226,25.129,637593
1782536635174,0,0,0.000,6.541,6.541,0.188,0.188,0.210,25.129,637626
1782536635206,0,0,0.000,6.533,6.541,0.188,0.157,0.247,25.129,637659
1782536635240,0,0,0.000,6.533,6.533,0.220,0.157,0.247,25.215,637692
1782536635274,0,0,0.000,6.533,6.524,0.157,0.126,0.215,25.215,637725
1782536635316,0,0,0.000,6.541,6.524,0.157,0.157,0.204,25.129,637758
1782536635349,0,0,0.000,6.533,6.533,0.157,0.157,0.237,25.129,637791
1782536635386,0,0,0.000,6.533,6.533,0.188,0.157,0.226,25.129,637824
1782536635416,0,0,0.000,6.524,6.533,0.157,0.157,0.366,25.129,637857
1782536635450,0,0,0.000,6.533,6.533,0.157,0.126,0.210,25.129,637890
1782536635484,0,0,0.000,6.533,6.549,0.157,0.188,0.231,25.129,637923
1782536635516,0,0,0.000,6.533,6.541,0.188,0.157,0.210,25.129,637956
1782536635548,0,0,0.000,6.533,6.541,0.188,0.126,0.204,25.129,637989
1782536635580,0,0,0.006,6.541,6.524,0.188,0.157,0.328,25.129,638022
1782536635613,0,0,0.000,6.533,6.533,0.157,0.157,0.220,25.215,638055
1782536635646,0,0,0.006,6.533,6.524,0.188,0.188,0.220,25.129,638088
1782536635679,0,0,0.000,6.524,6.533,0.188,0.188,0.204,25.129,638121
1782536635712,0,0,0.000,6.541,6.533,0.188,0.188,0.210,25.129,638154
1782536635748,0,0,0.000,6.541,6.533,0.188,0.188,0.204,25.129,638187
1782536635782,0,0,0.000,6.524,6.516,0.126,0.188,0.210,25.129,638220
1782536635815,0,0,0.006,6.533,6.541,0.188,0.188,0.204,25.129,638253
1782536635849,0,0,0.006,6.549,6.524,0.188,0.188,0.204,25.129,638286
1782536635881,0,0,0.000,6.541,6.533,0.188,0.157,0.210,25.215,638319
1782536635910,0,0,0.000,6.541,6.533,0.157,0.157,0.204,25.129,638352
1782536635953,0,0,0.000,6.533,6.533,0.188,0.126,0.231,25.129,638385
1782536635986,0,0,0.000,6.549,6.524,0.220,0.157,0.204,25.129,638418
1782536636009,0,0,0.000,6.533,6.524,0.188,0.157,0.215,25.129,638451
1782536636043,0,0,0.000,6.533,6.524,0.188,0.157,0.204,25.129,638484
1782536636075,0,0,0.000,6.541,6.533,0.188,0.157,0.210,25.129,638517
1782536636109,0,0,0.000,6.541,6.541,0.188,0.157,0.204,25.129,638550
1782536636141,0,0,0.000,6.533,6.524,0.188,0.188,0.344,25.129,638583
1782536636174,0,0,0.000,6.541,6.541,0.188,0.157,0.204,25.215,638616
1782536636233,0,0,0.000,6.533,6.516,0.188,0.157,0.317,25.043,638649
1782536636252,0,0,0.000,6.533,6.533,0.188,0.157,0.210,25.129,638682
1782536636276,0,0,0.000,6.541,6.533,0.220,0.157,0.210,25.129,638715
1782536636307,0,0,0.006,6.541,6.533,0.188,0.188,0.194,25.129,638748
1782536636342,0,0,0.006,6.541,6.533,0.188,0.157,0.253,25.129,638781
1782536636373,0,0,0.000,6.533,6.541,0.188,0.157,0.194,25.215,638814
1782536636405,0,0,0.000,6.549,6.533,0.188,0.157,0.194,25.215,638847
1782536636438,0,0,0.000,6.541,6.541,0.188,0.157,0.204,25.129,638880
1782536636471,0,0,0.000,6.541,6.533,0.188,0.157,0.199,25.043,638913
1782536636505,0,0,0.006,6.533,6.533,0.126,0.188,0.204,25.215,638946
1782536636547,0,0,0.006,6.524,6.524,0.157,0.188,0.274,25.129,638979
1782536636574,0,0,0.000,6.533,6.524,0.220,0.157,0.247,25.129,639012
1782536636606,0,0,0.000,6.524,6.508,0.188,0.157,0.366,25.129,639045
1782536636637,0,0,0.000,6.533,6.533,0.220,0.157,0.253,25.129,639078
1782536636672,0,0,0.000,6.524,6.516,0.220,0.188,0.409,25.129,639111
1782536636706,0,0,0.000,6.533,6.541,0.157,0.157,0.253,25.129,639144
1782536636739,0,0,0.006,6.533,6.524,0.188,0.157,0.290,25.129,639177
1782536636775,0,0,0.000,6.533,6.524,0.188,0.157,0.247,25.129,639210
1782536636804,0,0,0.000,6.533,6.533,0.157,0.188,0.344,25.129,639243
1782536636837,0,0,0.000,6.541,6.533,0.220,0.157,0.210,25.215,639276
1782536636872,0,0,0.000,6.533,6.524,0.188,0.157,0.344,25.129,639309
1782536636905,0,0,0.000,6.533,6.524,0.188,0.157,0.274,25.129,639342
1782536636936,0,0,0.000,6.524,6.516,0.157,0.157,0.376,25.129,639375
1782536636974,0,0,0.000,6.541,6.524,0.188,0.157,0.204,25.129,639408
1782536637013,0,0,0.000,6.533,6.533,0.188,0.157,0.263,25.129,639441
1782536637036,0,0,0.000,6.524,6.524,0.188,0.157,0.253,25.129,639474
1782536637076,0,0,0.000,6.533,6.533,0.188,0.188,0.226,25.129,639507
1782536637104,0,0,0.000,6.541,6.541,0.188,0.157,0.215,25.129,639540
1782536637136,0,0,0.000,6.533,6.516,0.157,0.157,0.323,25.215,639573
1782536637170,0,0,0.000,6.549,6.533,0.188,0.126,0.226,25.129,639606
1782536637203,0,0,0.000,6.541,6.533,0.188,0.157,0.204,25.043,639639
1782536637235,0,0,0.000,6.541,6.524,0.188,0.157,0.301,25.129,639672
1782536637269,0,0,0.000,6.541,6.533,0.188,0.157,0.210,25.215,639705
1782536637303,0,0,0.000,6.524,6.524,0.188,0.188,0.301,25.129,639738
1782536637336,0,0,0.000,6.541,6.533,0.188,0.157,0.210,25.129,639771
1782536637368,0,0,0.006,6.541,6.533,0.188,0.157,0.210,25.129,639804
1782536637401,0,0,0.006,6.541,6.541,0.157,0.188,0.204,25.129,639837
1782536637435,0,0,0.006,6.524,6.524,0.188,0.157,0.296,25.129,639870
1782536637468,0,0,0.000,6.549,6.533,0.188,0.157,0.215,25.129,639903
1782536637503,0,0,0.000,6.533,6.533,0.188,0.157,0.317,25.129,639936
1782536637544,0,0,0.000,6.541,6.533,0.220,0.188,0.231,25.129,639969
1782536637568,0,0,0.000,6.541,6.533,0.157,0.188,0.204,25.129,640002
1782536637601,0,0,0.000,6.541,6.533,0.157,0.188,0.215,25.129,640035
1782536637635,0,0,0.006,6.549,6.524,0.188,0.157,0.210,25.043,640068
1782536637668,0,0,0.000,6.541,6.533,0.188,0.126,0.204,25.129,640101
1782536637700,0,0,0.000,6.533,6.524,0.157,0.157,0.204,25.129,640134
1782536637739,0,0,0.000,6.524,6.524,0.188,0.126,0.199,25.129,640167
1782536637768,0,0,0.000,6.533,6.533,0.188,0.157,0.199,25.129,640200
1782536637813,0,0,0.000,6.533,6.533,0.188,0.157,0.204,25.129,640233
1782536637865,0,0,0.000,6.533,6.524,0.220,0.157,0.274,25.043,640266
1782536637868,0,0,0.000,6.524,6.516,0.220,0.157,0.382,25.129,640299
1782536637910,0,0,0.000,6.541,6.533,0.188,0.157,0.204,25.129,640332
1782536637940,0,0,0.000,6.533,6.533,0.188,0.157,0.226,25.129,640365
1782536637971,0,0,0.000,6.524,6.533,0.188,0.157,0.344,25.129,640398
1782536638000,0,0,0.000,6.524,6.533,0.157,0.157,0.242,25.129,640431
1782536638036,0,0,0.000,6.533,6.524,0.188,0.126,0.323,25.129,640464
1782536638068,0,0,0.006,6.541,6.541,0.188,0.157,0.204,25.129,640497
1782536638104,0,0,0.000,6.557,6.533,0.188,0.157,0.237,25.129,640530
1782536638163,0,0,0.000,6.524,6.524,0.188,0.157,0.312,25.129,640563
1782536638174,0,0,0.000,6.533,6.524,0.188,0.157,0.269,25.129,640596
1782536638202,0,0,0.000,6.524,6.524,0.188,0.157,0.226,25.129,640629
1782536638236,0,0,0.000,6.533,6.524,0.126,0.157,0.328,25.129,640662
1782536638267,0,0,0.000,6.541,6.541,0.188,0.188,0.210,25.129,640695
1782536638302,0,0,0.000,6.541,6.524,0.188,0.157,0.269,25.129,640728
1782536638354,0,0,0.000,6.541,6.533,0.188,0.157,0.226,25.215,640761
1782536638371,0,0,0.000,6.541,6.533,0.188,0.188,0.204,25.129,640794
1782536638403,0,0,0.000,6.533,6.533,0.188,0.157,0.204,25.215,640827
1782536638441,0,0,0.006,6.549,6.524,0.157,0.126,0.210,25.129,640860
1782536638468,0,0,0.000,6.541,6.533,0.157,0.126,0.242,25.129,640893
1782536638502,0,0,0.000,6.541,6.541,0.188,0.157,0.204,25.215,640926
1782536638532,0,0,0.000,6.524,6.524,0.188,0.157,0.215,25.129,640959
1782536638566,0,0,0.000,6.541,6.533,0.157,0.126,0.199,25.129,640992
1782536638599,0,0,0.012,6.541,6.524,0.188,0.157,0.237,25.129,641025
1782536638632,0,0,0.000,6.541,6.524,0.188,0.126,0.204,25.129,641058
1782536638665,0,0,0.006,6.533,6.524,0.188,0.188,0.226,25.129,641091
1782536638700,0,0,0.000,6.533,6.533,0.220,0.157,0.237,25.129,641124
1782536638731,0,0,0.000,6.533,6.533,0.188,0.157,0.274,25.129,641157
1782536638766,0,0,0.000,6.541,6.524,0.188,0.157,0.215,25.129,641190
1782536638799,0,0,0.000,6.533,6.524,0.188,0.188,0.301,25.129,641223
1782536638844,0,0,0.000,6.524,6.524,0.157,0.157,0.210,25.129,641256
1782536638866,0,0,0.000,6.533,6.533,0.188,0.188,0.210,25.129,641289
1782536638898,0,0,0.000,6.541,6.533,0.188,0.157,0.215,25.129,641322
1782536638932,0,0,0.000,6.541,6.541,0.126,0.126,0.290,25.129,641355
1782536638965,0,0,0.000,6.541,6.533,0.188,0.157,0.215,25.129,641388
1782536638998,0,0,0.012,6.541,6.524,0.188,0.126,0.204,25.129,641421
1782536639032,0,0,0.000,6.533,6.533,0.188,0.157,0.204,25.043,641454
1782536639066,0,0,0.000,6.524,6.524,0.188,0.126,0.258,25.129,641487
1782536639102,0,0,0.000,6.541,6.533,0.188,0.188,0.204,25.129,641520
1782536639132,0,0,0.012,6.541,6.533,0.188,0.157,0.204,25.129,641553
1782536639166,0,0,0.000,6.541,6.533,0.188,0.126,0.215,25.129,641586
1782536639197,0,0,0.000,6.524,6.541,0.126,0.126,0.199,25.129,641619
1782536639231,0,0,0.000,6.524,6.533,0.126,0.220,0.210,25.129,641652
1782536639263,0,0,0.006,6.541,6.541,0.157,0.188,0.215,25.129,641685
1782536639297,0,0,0.000,6.533,6.524,0.157,0.094,0.199,25.129,641718
1782536639339,0,0,0.000,6.541,6.541,0.157,0.157,0.220,25.129,641751
1782536639364,0,0,0.000,6.533,6.524,0.188,0.188,0.344,25.129,641784
1782536639405,0,0,0.000,6.533,6.541,0.220,0.126,0.204,25.129,641817
1782536639432,0,0,0.000,6.524,6.524,0.188,0.188,0.242,25.129,641850
1782536639465,0,0,0.000,6.541,6.533,0.188,0.126,0.204,25.129,641883
1782536639506,0,0,0.000,6.549,6.524,0.188,0.157,0.237,25.215,641916
1782536639556,0,0,0.006,6.541,6.541,0.157,0.157,0.210,25.129,641949
1782536639567,0,0,0.000,6.541,6.533,0.126,0.157,0.220,25.129,641982
1782536639606,0,0,0.000,6.533,6.533,0.188,0.126,0.220,25.129,642015
1782536639642,0,0,0.000,6.524,6.541,0.188,0.157,0.204,25.129,642048
1782536639673,0,0,0.000,6.541,6.541,0.188,0.157,0.247,25.129,642081
1782536639706,0,0,0.006,6.533,6.524,0.157,0.157,0.220,25.129,642114
1782536639740,0,0,0.000,6.533,6.541,0.126,0.157,0.247,25.129,642147
1782536639780,0,0,0.000,6.541,6.533,0.220,0.157,0.199,25.129,642180
1782536639804,0,0,0.000,6.541,6.549,0.188,0.188,0.215,25.129,642213
1782536639841,0,0,0.000,6.541,6.533,0.188,0.157,0.215,25.129,642246
1782536639874,0,0,0.000,6.549,6.524,0.188,0.188,0.237,25.129,642279
1782536639903,0,0,0.006,6.533,6.533,0.157,0.157,0.204,25.129,642312
1782536639936,0,0,0.000,6.541,6.524,0.157,0.157,0.253,25.129,642345
1782536639969,0,0,0.006,6.533,6.524,0.188,0.126,0.210,25.129,642378
1782536640008,0,0,0.000,6.541,6.541,0.188,0.157,0.194,25.129,642411
1782536640046,0,0,0.000,6.541,6.541,0.188,0.157,0.220,25.215,642444
1782536640070,0,0,0.006,6.533,6.524,0.188,0.157,0.215,25.129,642477
1782536640107,0,0,0.006,6.541,6.541,0.188,0.126,0.220,25.043,642510
1782536640134,0,0,0.000,6.533,6.524,0.188,0.157,0.328,25.129,642543
1782536640167,0,0,0.000,6.524,6.541,0.188,0.157,0.204,25.129,642576
1782536640201,0,0,0.000,6.541,6.533,0.157,0.157,0.215,25.129,642609
1782536640243,0,0,0.000,6.541,6.533,0.188,0.157,0.204,25.215,642642
1782536640266,0,0,0.000,6.524,6.524,0.188,0.157,0.360,25.215,642675
1782536640299,0,0,0.000,6.533,6.533,0.126,0.157,0.210,25.043,642708
1782536640334,0,0,0.000,6.541,6.524,0.188,0.126,0.237,25.215,642741
1782536640365,0,0,0.000,6.541,6.533,0.157,0.157,0.215,25.129,642774
1782536640398,0,0,0.000,6.533,6.524,0.157,0.157,0.263,25.129,642807
1782536640432,0,0,0.000,6.541,6.533,0.188,0.188,0.220,25.129,642840
1782536640465,0,0,0.000,6.533,6.524,0.188,0.126,0.366,25.129,642873
1782536640497,0,0,0.000,6.541,6.533,0.220,0.157,0.215,25.129,642906
1782536640532,0,0,0.000,6.533,6.524,0.157,0.188,0.349,25.129,642939
1782536640563,0,0,0.000,6.533,6.533,0.157,0.188,0.215,25.129,642972
1782536640596,0,0,0.000,6.541,6.524,0.188,0.126,0.269,25.215,643005
1782536640628,0,0,0.000,6.533,6.524,0.220,0.188,0.323,25.129,643038
1782536640664,0,0,0.006,6.533,6.524,0.157,0.126,0.215,25.129,643071
1782536640695,0,0,0.000,6.541,6.533,0.188,0.126,0.366,25.215,643104
1782536640728,0,0,0.000,6.541,6.533,0.126,0.188,0.210,25.129,643137
1782536640763,0,0,0.000,6.549,6.533,0.188,0.220,0.199,25.129,643170
1782536640801,0,0,0.000,6.541,6.533,0.188,0.157,0.210,25.129,643203
1782536640830,0,0,0.000,6.533,6.524,0.157,0.157,0.253,25.129,643236
1782536640866,0,0,0.000,6.533,6.541,0.188,0.157,0.349,25.129,643269
1782536640897,0,0,0.000,6.533,6.524,0.188,0.126,0.204,25.129,643302
1782536640927,0,0,0.000,6.524,6.533,0.188,0.157,0.285,25.129,643335
1782536640968,0,0,0.000,6.541,6.533,0.188,0.157,0.253,25.129,643368
1782536640993,0,0,0.000,6.549,6.533,0.188,0.157,0.194,25.129,643401
1782536641027,0,0,0.000,6.533,6.524,0.157,0.188,0.274,25.129,643434
1782536641060,0,0,0.000,6.533,6.524,0.188,0.157,0.371,25.129,643467
1782536641104,0,0,0.006,6.533,6.533,0.188,0.157,0.258,25.129,643500
1782536641153,0,0,0.006,6.541,6.524,0.157,0.157,0.280,25.129,643533
1782536641163,0,0,0.000,6.533,6.524,0.157,0.157,0.269,25.129,643566
1782536641193,0,0,0.006,6.524,6.533,0.220,0.188,0.210,25.129,643599
1782536641226,0,0,0.000,6.549,6.524,0.157,0.126,0.215,25.129,643632
1782536641259,0,0,0.000,6.533,6.541,0.188,0.188,0.204,25.129,643665
1782536641292,0,0,0.000,6.533,6.541,0.157,0.157,0.215,25.129,643698
1782536641326,0,0,0.000,6.541,6.524,0.157,0.220,0.226,25.129,643731
1782536641359,0,0,0.000,6.557,6.533,0.157,0.188,0.210,25.129,643764
1782536641392,0,0,0.000,6.524,6.533,0.188,0.157,0.280,25.129,643797
1782536641425,0,0,0.006,6.541,6.533,0.188,0.157,0.215,25.129,643830
1782536641460,0,0,0.000,6.524,6.533,0.188,0.157,0.215,25.129,643863
1782536641492,0,0,0.000,6.533,6.533,0.188,0.157,0.263,25.129,643896
1782536641527,0,0,0.006,6.541,6.533,0.188,0.157,0.237,25.129,643929
1782536641560,0,0,0.000,6.541,6.524,0.188,0.188,0.247,25.215,643962
1782536641593,0,0,0.000,6.524,6.524,0.188,0.188,0.285,25.129,643995
1782536641643,0,0,0.000,6.524,6.524,0.188,0.157,0.220,25.129,644028
1782536641658,0,0,0.000,6.533,6.524,0.157,0.157,0.290,25.043,644061
1782536641693,0,0,0.012,6.533,6.549,0.188,0.157,0.296,25.043,644094
1782536641725,0,0,0.000,6.541,6.524,0.188,0.188,0.231,25.129,644127
1782536641758,0,0,0.000,6.549,6.524,0.251,0.188,0.215,25.129,644160
1782536641791,0,0,0.000,6.533,6.533,0.188,0.126,0.237,25.129,644193
1782536641824,0,0,0.000,6.524,6.533,0.157,0.126,0.215,25.129,644226
1782536641858,0,0,0.000,6.541,6.533,0.188,0.157,0.215,25.129,644259
1782536641893,0,0,0.000,6.541,6.524,0.188,0.157,0.237,25.215,644292
1782536641924,0,0,0.000,6.533,6.533,0.188,0.157,0.242,25.129,644325
1782536641959,0,0,0.000,6.541,6.524,0.188,0.188,0.226,25.129,644358
1782536641993,0,0,0.000,6.541,6.524,0.220,0.188,0.231,25.129,644391
1782536642035,0,0,0.000,6.549,6.533,0.188,0.126,0.242,25.129,644424
1782536642057,0,0,0.000,6.541,6.541,0.188,0.188,0.215,25.129,644457
1782536642096,0,0,0.006,6.541,6.533,0.157,0.157,0.215,25.129,644490
1782536642127,0,0,0.000,6.533,6.524,0.188,0.157,0.237,25.129,644523
1782536642158,0,0,0.000,6.533,6.533,0.188,0.157,0.242,25.129,644556
1782536642193,0,0,0.000,6.541,6.533,0.126,0.157,0.204,25.129,644589
1782536642223,0,0,0.000,6.541,6.533,0.188,0.157,0.242,25.129,644622
1782536642257,0,0,0.006,6.541,6.533,0.220,0.188,0.215,25.129,644655
1782536642290,0,0,0.000,6.533,6.524,0.188,0.157,0.312,25.129,644688
1782536642323,0,0,0.006,6.541,6.541,0.188,0.126,0.210,25.129,644721
1782536642356,0,0,0.000,6.533,6.533,0.188,0.157,0.231,25.129,644754
1782536642398,0,0,0.000,6.533,6.533,0.251,0.188,0.237,25.129,644787
1782536642423,0,0,0.000,6.549,6.533,0.220,0.157,0.210,25.129,644820
1782536642465,0,0,0.000,6.533,6.541,0.220,0.157,0.210,25.129,644853
1782536642494,0,0,0.000,6.541,6.533,0.157,0.157,0.226,25.129,644886
1782536642523,0,0,0.000,6.533,6.549,0.188,0.126,0.215,25.129,644919
1782536642556,0,0,0.000,6.541,6.524,0.188,0.188,0.215,25.129,644952
1782536642592,0,0,0.000,6.533,6.533,0.188,0.157,0.242,25.129,644985
1782536642623,0,0,0.000,6.524,6.533,0.188,0.188,0.210,25.129,645018
1782536642658,0,0,0.000,6.541,6.533,0.188,0.157,0.215,25.129,645051
1782536642689,0,0,0.000,6.533,6.533,0.188,0.157,0.226,25.129,645084
1782536642723,0,0,0.000,6.541,6.533,0.188,0.157,0.237,25.129,645117
1782536642763,0,0,0.000,6.524,6.533,0.188,0.188,0.220,25.043,645150
1782536642794,0,0,0.000,6.533,6.533,0.188,0.157,0.226,25.129,645183
1782536642824,0,0,0.000,6.524,6.524,0.188,0.157,0.220,25.129,645216
1782536642859,0,0,0.000,6.524,6.541,0.157,0.157,0.242,25.129,645249
1782536642888,0,0,0.000,6.533,6.524,0.188,0.126,0.237,25.043,645282
1782536642923,0,0,0.000,6.541,6.533,0.157,0.157,0.242,25.129,645315
1782536642955,0,0,0.000,6.533,6.524,0.188,0.220,0.274,25.129,645348
1782536642989,0,0,0.000,6.541,6.533,0.188,0.157,0.253,25.129,645381
1782536643021,0,0,0.000,6.541,6.541,0.188,0.126,0.226,25.129,645414
1782536643056,0,0,0.000,6.541,6.541,0.188,0.157,0.226,25.129,645447
1782536643088,0,0,0.000,6.533,6.524,0.188,0.157,0.349,25.129,645480
1782536643121,0,0,0.000,6.541,6.524,0.188,0.157,0.210,25.129,645513
1782536643155,0,0,0.000,6.541,6.533,0.188,0.157,0.247,25.215,645546
1782536643187,0,0,0.000,6.533,6.541,0.188,0.157,0.226,25.129,645579
1782536643223,0,0,0.000,6.533,6.533,0.188,0.188,0.247,25.215,645612
1782536643254,0,0,0.000,6.533,6.533,0.220,0.157,0.210,25.215,645645
1782536643294,0,0,0.000,6.541,6.533,0.188,0.157,0.231,25.215,645678
1782536643321,0,0,0.000,6.549,6.524,0.188,0.157,0.247,25.129,645711
1782536643357,0,0,0.000,6.533,6.516,0.188,0.157,0.215,25.129,645744
1782536643387,0,0,0.006,6.541,6.533,0.188,0.188,0.210,25.129,645777
1782536643425,0,0,0.000,6.541,6.541,0.188,0.157,0.226,25.129,645810
1782536643454,0,0,0.000,6.533,6.524,0.188,0.157,0.210,25.129,645843
1782536643488,0,0,0.000,6.541,6.524,0.188,0.157,0.237,25.129,645876
1782536643524,0,0,0.000,6.541,6.533,0.157,0.157,0.220,25.129,645909
1782536643554,0,0,0.006,6.541,6.533,0.188,0.157,0.242,25.043,645942
1782536643588,0,0,0.000,6.533,6.524,0.188,0.188,0.333,25.129,645975
1782536643620,0,0,0.000,6.541,6.533,0.188,0.157,0.237,25.129,646008
1782536643653,0,0,0.000,6.541,6.524,0.126,0.188,0.210,25.129,646041
1782536643687,0,0,0.000,6.541,6.533,0.188,0.157,0.210,25.043,646074
1782536643724,0,0,0.000,6.524,6.524,0.188,0.157,0.237,25.215,646107
1782536643753,0,0,0.006,6.533,6.524,0.188,0.188,0.323,25.129,646140
1782536643788,0,0,0.000,6.533,6.533,0.188,0.188,0.226,25.129,646173
1782536643821,0,0,0.000,6.533,6.524,0.157,0.157,0.296,25.129,646206
1782536643852,0,0,0.000,6.524,6.524,0.188,0.126,0.210,25.043,646239
1782536643886,0,0,0.000,6.549,6.549,0.188,0.157,0.237,25.129,646272
1782536643920,0,0,0.000,6.533,6.541,0.220,0.220,0.204,25.129,646305
1782536643952,0,0,0.000,6.541,6.533,0.188,0.126,0.210,25.129,646338
1782536643996,0,0,0.000,6.541,6.541,0.188,0.126,0.226,25.129,646371
1782536644028,0,0,0.000,6.533,6.524,0.220,0.157,0.226,25.129,646404
1782536644061,0,0,0.000,6.541,6.533,0.188,0.157,0.215,25.215,646437
1782536644094,0,0,0.000,6.541,6.533,0.188,0.157,0.226,25.129,646470
1782536644132,0,0,0.000,6.541,6.533,0.126,0.157,0.226,25.215,646503
1782536644161,0,0,0.000,6.533,6.541,0.188,0.157,0.220,25.129,646536
1782536644197,0,0,0.000,6.533,6.533,0.188,0.126,0.204,25.129,646569
1782536644227,0,0,0.000,6.541,6.533,0.188,0.157,0.339,25.129,646602
1782536644259,0,0,0.000,6.541,6.541,0.126,0.157,0.220,25.129,646635
1782536644292,0,0,0.000,6.541,6.533,0.188,0.157,0.215,25.129,646668
1782536644327,0,0,0.000,6.541,6.533,0.188,0.188,0.226,25.129,646701
1782536644358,0,0,0.000,6.533,6.533,0.220,0.157,0.210,25.129,646734
1782536644394,0,0,0.000,6.541,6.533,0.188,0.157,0.210,25.043,646767
1782536644438,0,0,0.000,6.533,6.524,0.157,0.157,0.258,25.129,646800
1782536644457,0,0,0.000,6.541,6.533,0.157,0.157,0.220,25.129,646833
1782536644490,0,0,0.000,6.541,6.541,0.188,0.157,0.220,25.129,646866
1782536644525,0,0,0.006,6.541,6.533,0.188,0.126,0.210,25.129,646899
1782536644557,0,0,0.000,6.524,6.533,0.188,0.157,0.215,25.129,646932
1782536644589,0,0,0.000,6.541,6.533,0.220,0.157,0.215,25.215,646965
1782536644622,0,0,0.000,6.541,6.524,0.188,0.188,0.360,25.129,646998
1782536644662,0,0,0.006,6.549,6.533,0.126,0.157,0.210,25.129,647031
1782536644700,0,0,0.000,6.524,6.524,0.188,0.157,0.355,25.043,647064
1782536644741,0,0,0.000,6.533,6.549,0.188,0.157,0.215,25.215,647097
1782536644766,0,0,0.000,6.533,6.533,0.188,0.157,0.215,25.129,647130
1782536644788,0,0,0.000,6.533,6.533,0.157,0.157,0.210,25.129,647163
1782536644822,0,0,0.000,6.524,6.516,0.157,0.157,0.317,25.129,647196
1782536644865,0,0,0.000,6.524,6.533,0.188,0.157,0.226,25.129,647229
1782536644886,0,0,0.000,6.533,6.524,0.188,0.126,0.317,25.129,647262
1782536644939,0,0,0.000,6.541,6.533,0.157,0.188,0.215,25.129,647295
1782536644965,0,0,0.000,6.541,6.533,0.188,0.157,0.237,25.129,647328
1782536644985,0,0,0.000,6.541,6.541,0.220,0.157,0.210,25.129,647361
1782536645018,0,0,0.000,6.541,6.524,0.188,0.157,0.263,25.129,647394
1782536645054,0,0,0.000,6.541,6.541,0.188,0.126,0.194,25.129,647427
1782536645085,0,0,0.000,6.541,6.533,0.157,0.157,0.231,25.043,647460
1782536645117,0,0,0.000,6.533,6.524,0.126,0.157,0.301,25.129,647493
1782536645150,0,0,0.000,6.541,6.533,0.188,0.126,0.204,25.129,647526
1782536645183,0,0,0.000,6.541,6.524,0.157,0.157,0.237,25.215,647559
1782536645223,0,0,0.000,6.541,6.533,0.126,0.157,0.199,25.129,647592
1782536645256,0,0,0.006,6.541,6.533,0.188,0.126,0.215,25.129,647625
1782536645282,0,0,0.000,6.541,6.533,0.157,0.157,0.220,25.129,647658
1782536645316,0,0,0.000,6.533,6.516,0.157,0.157,0.280,25.129,647691
1782536645349,0,0,0.000,6.549,6.533,0.188,0.157,0.215,25.129,647724
1782536645382,0,0,0.000,6.533,6.524,0.188,0.157,0.360,25.129,647757
1782536645417,0,0,0.000,6.541,6.533,0.188,0.126,0.253,25.129,647790
1782536645449,0,0,0.000,6.549,6.524,0.157,0.220,0.360,25.129,647823
1782536645482,0,0,0.006,6.524,6.533,0.188,0.157,0.301,25.129,647856
1782536645515,0,0,0.000,6.524,6.533,0.157,0.157,0.403,25.129,647889
1782536645557,0,0,0.006,6.541,6.541,0.188,0.188,0.280,25.129,647922
1782536645582,0,0,0.000,6.524,6.524,0.220,0.126,0.403,25.129,647955
1782536645617,0,0,0.000,6.541,6.541,0.188,0.157,0.210,25.043,647988
1782536645648,0,0,0.000,6.541,6.516,0.188,0.157,0.344,25.129,648021
1782536645682,0,0,0.000,6.541,6.524,0.188,0.126,0.312,25.129,648054
1782536645715,0,0,0.000,6.533,6.524,0.157,0.157,0.349,25.129,648087
1782536645748,0,0,0.000,6.541,6.533,0.188,0.157,0.231,25.129,648120
1782536645790,0,0,0.006,6.524,6.533,0.188,0.188,0.242,25.129,648153
1782536645814,0,0,0.000,6.524,6.541,0.188,0.157,0.215,25.129,648186
1782536645851,0,0,0.000,6.533,6.533,0.188,0.126,0.247,25.129,648219
1782536645884,0,0,0.000,6.549,6.533,0.188,0.157,0.306,25.129,648252
1782536645916,0,0,0.000,6.524,6.533,0.157,0.188,0.210,25.129,648285
1782536645948,0,0,0.000,6.541,6.524,0.188,0.157,0.333,25.129,648318
1782536645985,0,0,0.006,6.541,6.533,0.188,0.157,0.237,25.129,648351
1782536646025,0,0,0.000,6.541,6.541,0.188,0.157,0.237,25.043,648384
1782536646049,0,0,0.000,6.541,6.541,0.220,0.188,0.210,25.129,648417
1782536646082,0,0,0.000,6.533,6.533,0.188,0.157,0.215,25.129,648450
1782536646116,0,0,0.000,6.541,6.533,0.157,0.188,0.220,25.129,648483
1782536646147,0,0,0.000,6.541,6.524,0.188,0.157,0.237,25.043,648516
1782536646181,0,0,0.006,6.541,6.524,0.188,0.220,0.210,25.129,648549
1782536646215,0,0,0.000,6.533,6.533,0.188,0.157,0.220,25.129,648582
1782536646248,0,0,0.000,6.541,6.533,0.157,0.157,0.220,25.129,648615
1782536646280,0,0,0.000,6.533,6.541,0.188,0.188,0.242,25.129,648648
1782536646318,0,0,0.000,6.541,6.541,0.188,0.220,0.210,25.129,648681
1782536646347,0,0,0.000,6.541,6.541,0.188,0.188,0.215,25.129,648714
1782536646380,0,0,0.000,6.541,6.533,0.188,0.157,0.226,25.129,648747
1782536646415,0,0,0.000,6.541,6.533,0.126,0.157,0.210,25.129,648780
1782536646446,0,0,0.000,6.533,6.533,0.157,0.157,0.215,25.129,648813
1782536646480,0,0,0.000,6.549,6.541,0.188,0.126,0.237,25.215,648846
1782536646513,0,0,0.000,6.533,6.524,0.188,0.157,0.371,25.129,648879
1782536646563,0,0,0.000,6.541,6.541,0.157,0.188,0.215,25.129,648912
1782536646597,0,0,0.000,6.533,6.533,0.188,0.157,0.210,25.129,648945
1782536646638,0,0,0.000,6.541,6.541,0.188,0.157,0.226,25.129,648978
1782536646646,0,0,0.000,6.549,6.524,0.188,0.188,0.204,25.215,649011
1782536646680,0,0,0.000,6.557,6.524,0.188,0.188,0.231,25.129,649044
1782536646712,0,0,0.000,6.541,6.533,0.188,0.157,0.226,25.129,649077
1782536646747,0,0,0.000,6.533,6.533,0.157,0.126,0.242,25.129,649110
1782536646780,0,0,0.000,6.533,6.533,0.157,0.126,0.226,25.129,649143
1782536646813,0,0,0.006,6.524,6.541,0.188,0.157,0.237,25.129,649176
1782536646846,0,0,0.000,6.541,6.541,0.220,0.157,0.242,25.129,649209
1782536646879,0,0,0.000,6.541,6.533,0.188,0.157,0.237,25.129,649242
1782536646913,0,0,0.000,6.524,6.533,0.188,0.157,0.333,25.129,649275
1782536646945,0,0,0.000,6.541,6.533,0.157,0.157,0.237,25.129,649308
1782536646979,0,0,0.000,6.541,6.541,0.188,0.157,0.231,25.215,649341
1782536647012,0,0,0.000,6.541,6.524,0.126,0.157,0.247,25.215,649374
1782536647046,0,0,0.000,6.541,6.524,0.188,0.157,0.247,25.129,649407
1782536647080,0,0,0.000,6.533,6.533,0.188,0.157,0.220,25.129,649440
1782536647114,0,0,0.006,6.533,6.541,0.188,0.157,0.215,25.129,649473
1782536647145,0,0,0.000,6.549,6.541,0.157,0.157,0.204,25.129,649506
1782536647178,0,0,0.000,6.524,6.524,0.188,0.157,0.355,25.129,649539
1782536647216,0,0,0.000,6.541,6.524,0.188,0.157,0.247,25.129,649572
1782536647251,0,0,0.000,6.549,6.541,0.188,0.188,0.215,25.129,649605
1782536647288,0,0,0.000,6.533,6.524,0.188,0.126,0.333,25.129,649638
1782536647319,0,0,0.000,6.533,6.524,0.188,0.126,0.215,25.129,649671
1782536647351,0,0,0.000,6.533,6.524,0.157,0.157,0.258,25.129,649704
1782536647377,0,0,0.000,6.533,6.524,0.188,0.157,0.317,25.215,649737
1782536647416,0,0,0.000,6.549,6.533,0.157,0.157,0.231,25.129,649770
1782536647445,0,0,0.000,6.541,6.541,0.188,0.157,0.215,25.129,649803
1782536647477,0,0,0.000,6.541,6.533,0.188,0.157,0.247,25.129,649836
1782536647511,0,0,0.000,6.549,6.549,0.220,0.188,0.220,25.129,649869
1782536647545,0,0,0.000,6.541,6.541,0.188,0.126,0.210,25.043,649902
1782536647577,0,0,0.000,6.549,6.533,0.188,0.157,0.210,25.129,649935
1782536647611,0,0,0.006,6.533,6.533,0.188,0.157,0.231,25.129,649968
1782536647645,0,0,0.000,6.541,6.533,0.188,0.188,0.210,25.215,650001
1782536647686,0,0,0.000,6.541,6.541,0.251,0.126,0.204,25.129,650034
1782536647710,0,0,0.006,6.549,6.533,0.157,0.126,0.296,25.129,650067
1782536647744,0,0,0.006,6.541,6.533,0.188,0.126,0.231,25.129,650100
1782536647777,0,0,0.000,6.541,6.533,0.188,0.188,0.237,25.129,650133
1782536647811,0,0,0.006,6.549,6.541,0.157,0.188,0.226,25.129,650166
1782536647845,0,0,0.000,6.541,6.541,0.188,0.157,0.220,25.129,650199
1782536647876,0,0,0.006,6.557,6.533,0.220,0.188,0.237,25.129,650232
1782536647910,0,0,0.006,6.524,6.533,0.188,0.188,0.210,25.129,650265
1782536647943,0,0,0.000,6.541,6.524,0.188,0.188,0.226,25.215,650298
1782536647990,0,0,0.000,6.541,6.549,0.188,0.220,0.210,25.129,650331
1782536648009,0,0,0.000,6.533,6.524,0.157,0.157,0.312,25.129,650364
1782536648044,0,0,0.006,6.541,6.524,0.220,0.126,0.210,25.129,650397
1782536648078,0,0,0.000,6.541,6.533,0.157,0.188,0.237,25.129,650430
1782536648111,0,0,0.000,6.524,6.524,0.188,0.157,0.306,25.129,650463
1782536648143,0,0,0.000,6.541,6.533,0.188,0.157,0.226,25.043,650496
1782536648175,0,0,0.000,6.549,6.533,0.188,0.157,0.231,25.129,650529
1782536648217,0,0,0.000,6.541,6.533,0.157,0.126,0.220,25.129,650562
1782536648248,0,0,0.006,6.541,6.541,0.188,0.188,0.231,25.129,650595
1782536648293,0,0,0.012,6.533,6.533,0.188,0.126,0.242,25.129,650628
1782536648309,0,0,0.000,6.533,6.524,0.188,0.157,0.333,25.129,650661
1782536648352,0,0,0.000,6.549,6.524,0.188,0.126,0.215,25.129,650694
1782536648384,0,0,0.000,6.541,6.524,0.157,0.157,0.328,25.215,650727
1782536648420,0,0,0.000,6.541,6.524,0.157,0.157,0.226,25.043,650760
1782536648450,0,0,0.000,6.533,6.533,0.188,0.157,0.301,25.129,650793
1782536648483,0,0,0.000,6.541,6.533,0.157,0.126,0.220,25.129,650826
1782536648517,0,0,0.000,6.541,6.533,0.188,0.157,0.220,25.129,650859
1782536648549,0,0,0.000,6.533,6.533,0.188,0.157,0.215,25.129,650892
1782536648581,0,0,0.000,6.541,6.533,0.188,0.188,0.237,25.129,650925
1782536648615,0,0,0.000,6.533,6.533,0.188,0.157,0.220,25.043,650958
1782536648651,0,0,0.006,6.541,6.533,0.094,0.157,0.210,25.129,650991
1782536648691,0,0,0.000,6.533,6.533,0.157,0.126,0.215,25.215,651024
1782536648714,0,0,0.000,6.541,6.533,0.157,0.188,0.344,25.129,651057
1782536648750,0,0,0.012,6.541,6.533,0.157,0.094,0.204,25.129,651090
1782536648786,0,0,0.000,6.541,6.533,0.157,0.157,0.220,25.129,651123
1782536648815,0,0,0.000,6.533,6.524,0.188,0.188,0.306,25.129,651156
1782536648849,0,0,0.000,6.549,6.524,0.157,0.157,0.220,25.043,651189
1782536648885,0,0,0.006,6.533,6.533,0.157,0.157,0.220,25.129,651222
1782536648922,0,0,0.000,6.549,6.541,0.188,0.157,0.215,25.129,651255
1782536648951,0,0,0.000,6.533,6.533,0.188,0.188,0.215,25.043,651288
1782536648989,0,0,0.006,6.541,6.541,0.188,0.157,0.210,25.129,651321
1782536649013,0,0,0.000,6.541,6.541,0.188,0.157,0.355,25.129,651354
1782536649044,0,0,0.000,6.541,6.541,0.188,0.157,0.204,25.129,651387
1782536649076,0,0,0.000,6.541,6.533,0.188,0.157,0.274,25.129,651420
1782536649118,0,0,0.000,6.541,6.533,0.157,0.157,0.215,25.129,651453
1782536649143,0,0,0.000,6.533,6.524,0.220,0.126,0.312,25.129,651486
1782536649176,0,0,0.000,6.533,6.533,0.188,0.157,0.210,25.129,651519
1782536649212,0,0,0.006,6.541,6.533,0.188,0.157,0.355,25.129,651552
1782536649242,0,0,0.000,6.533,6.541,0.188,0.157,0.210,25.129,651585
1782536649275,0,0,0.006,6.541,6.533,0.188,0.157,0.226,25.129,651618
1782536649327,0,0,0.000,6.541,6.541,0.157,0.157,0.210,25.129,651651
1782536649341,0,0,0.000,6.541,6.533,0.188,0.157,0.247,25.215,651684
1782536649376,0,0,0.006,6.541,6.541,0.157,0.157,0.210,25.129,651717
1782536649407,0,0,0.000,6.541,6.541,0.188,0.188,0.204,25.129,651750
1782536649439,0,0,0.006,6.549,6.524,0.188,0.094,0.376,25.129,651783
1782536649475,0,0,0.000,6.541,6.533,0.188,0.157,0.204,25.129,651816
1782536649513,0,0,0.006,6.533,6.533,0.188,0.126,0.220,25.129,651849
1782536649539,0,0,0.000,6.541,6.541,0.188,0.157,0.215,25.129,651882
1782536649573,0,0,0.000,6.524,6.533,0.188,0.188,0.204,25.129,651915
1782536649612,0,0,0.000,6.541,6.524,0.188,0.157,0.226,25.129,651948
1782536649651,0,0,0.000,6.541,6.533,0.220,0.188,0.215,25.129,651981
1782536649686,0,0,0.000,6.533,6.516,0.188,0.157,0.280,25.129,652014
1782536649705,0,0,0.006,6.541,6.524,0.188,0.157,0.274,25.129,652047
1782536649739,0,0,0.000,6.533,6.549,0.157,0.188,0.215,25.129,652080
1782536649775,0,0,0.000,6.516,6.516,0.188,0.157,0.435,25.129,652113
1782536649810,0,0,0.000,6.533,6.533,0.157,0.157,0.263,25.129,652146
1782536649838,0,0,0.000,6.524,6.524,0.188,0.157,0.312,25.215,652179
1782536649879,0,0,0.006,6.533,6.533,0.188,0.220,0.210,25.043,652212
1782536649909,0,0,0.000,6.533,6.524,0.188,0.157,0.290,25.129,652245
1782536649938,0,0,0.000,6.541,6.533,0.188,0.126,0.220,25.129,652278
1782536649976,0,0,0.000,6.533,6.524,0.157,0.126,0.215,25.129,652311
1782536650005,0,0,0.006,6.524,6.541,0.188,0.157,0.430,25.215,652344
1782536650037,0,0,0.006,6.533,6.533,0.188,0.157,0.290,25.129,652377
1782536650072,0,0,0.006,6.533,6.533,0.188,0.126,0.355,25.043,652410
1782536650104,0,0,0.000,6.541,6.533,0.188,0.188,0.215,25.129,652443
1782536650137,0,0,0.000,6.549,6.533,0.188,0.157,0.210,25.129,652476
1782536650170,0,0,0.000,6.541,6.524,0.188,0.157,0.231,25.129,652509
1782536650204,0,0,0.000,6.533,6.533,0.188,0.188,0.210,25.129,652542
1782536650238,0,0,0.006,6.533,6.524,0.188,0.188,0.328,25.129,652575
1782536650271,0,0,0.000,6.541,6.533,0.188,0.157,0.215,25.129,652608
1782536650312,0,0,0.006,6.533,6.533,0.188,0.157,0.237,25.129,652641
1782536650338,0,0,0.000,6.549,6.533,0.188,0.157,0.242,25.129,652674
1782536650371,0,0,0.000,6.541,6.541,0.188,0.126,0.220,25.129,652707
1782536650403,0,0,0.000,6.524,6.516,0.220,0.126,0.328,25.129,652740
1782536650444,0,0,0.000,6.541,6.533,0.188,0.157,0.263,25.129,652773
1782536650470,0,0,0.000,6.533,6.524,0.188,0.157,0.258,25.129,652806
1782536650503,0,0,0.000,6.541,6.533,0.188,0.157,0.204,25.129,652839
1782536650538,0,0,0.006,6.533,6.533,0.220,0.188,0.328,25.129,652872
1782536650571,0,0,0.006,6.541,6.533,0.220,0.157,0.204,25.129,652905
1782536650603,0,0,0.006,6.524,6.541,0.188,0.157,0.226,25.129,652938
1782536650637,0,0,0.000,6.549,6.533,0.188,0.157,0.280,25.215,652971
1782536650671,0,0,0.000,6.524,6.533,0.188,0.157,0.215,25.129,653004
1782536650704,0,0,0.000,6.541,6.541,0.157,0.126,0.215,25.129,653037
1782536650736,0,0,0.000,6.533,6.533,0.188,0.157,0.301,25.129,653070
1782536650770,0,0,0.000,6.533,6.533,0.188,0.157,0.226,25.043,653103
1782536650803,0,0,0.000,6.533,6.533,0.220,0.188,0.237,25.129,653136
1782536650838,0,0,0.000,6.541,6.533,0.188,0.157,0.194,25.129,653169
1782536650869,0,0,0.000,6.541,6.533,0.188,0.157,0.204,25.129,653202
1782536650902,0,0,0.000,6.533,6.541,0.188,0.157,0.237,25.129,653235
1782536650946,0,0,0.000,6.541,6.533,0.188,0.188,0.210,25.129,653268
1782536650977,0,0,0.000,6.549,6.524,0.188,0.188,0.204,25.129,653301
1782536651018,0,0,0.000,6.541,6.524,0.188,0.126,0.312,25.129,653334
1782536651036,0,0,0.000,6.541,6.541,0.220,0.157,0.215,25.215,653367
1782536651069,0,0,0.000,6.533,6.541,0.157,0.157,0.215,25.129,653400
1782536651106,0,0,0.000,6.533,6.524,0.188,0.157,0.312,25.129,653433
1782536651138,0,0,0.000,6.541,6.541,0.157,0.157,0.204,25.129,653466
1782536651171,0,0,0.000,6.541,6.533,0.188,0.126,0.199,25.129,653499
1782536651208,0,0,0.000,6.541,6.533,0.188,0.157,0.280,25.215,653532
1782536651240,0,0,0.000,6.533,6.524,0.157,0.126,0.237,25.129,653565
1782536651295,0,0,0.000,6.541,6.541,0.188,0.157,0.226,25.129,653598
1782536651321,0,0,0.000,6.533,6.524,0.188,0.157,0.204,25.129,653631
1782536651335,0,0,0.000,6.541,6.533,0.188,0.188,0.215,25.129,653664
1782536651368,0,0,0.000,6.541,6.533,0.188,0.157,0.204,25.129,653697
1782536651404,0,0,0.000,6.541,6.541,0.220,0.188,0.210,25.129,653730
1782536651435,0,0,0.000,6.533,6.533,0.188,0.251,0.210,25.129,653763
1782536651470,0,0,0.006,6.549,6.541,0.126,0.126,0.204,25.129,653796
1782536651502,0,0,0.000,6.541,6.533,0.188,0.157,0.210,25.129,653829
1782536651535,0,0,0.000,6.541,6.533,0.188,0.157,0.220,25.129,653862
1782536651569,0,0,0.000,6.541,6.533,0.188,0.188,0.215,25.129,653895
1782536651601,0,0,0.000,6.533,6.541,0.157,0.157,0.231,25.129,653928
1782536651639,0,0,0.000,6.541,6.549,0.188,0.157,0.237,25.129,653961
1782536651667,0,0,0.006,6.549,6.541,0.188,0.157,0.204,25.129,653994
1782536651700,0,0,0.000,6.541,6.533,0.188,0.157,0.237,25.129,654027
1782536651736,0,0,0.000,6.533,6.541,0.188,0.157,0.204,25.215,654060
1782536651767,0,0,0.000,6.549,6.524,0.188,0.157,0.204,25.129,654093
1782536651799,0,0,0.000,6.524,6.524,0.188,0.157,0.333,25.129,654126
1782536651834,0,0,0.000,6.541,6.541,0.188,0.126,0.204,25.129,654159
1782536651868,0,0,0.000,6.549,6.541,0.188,0.188,0.210,25.129,654192
1782536651900,0,0,0.000,6.533,6.533,0.157,0.126,0.231,25.129,654225
1782536651934,0,0,0.000,6.541,6.533,0.157,0.157,0.231,25.129,654258
1782536651968,0,0,0.000,6.541,6.533,0.220,0.157,0.220,25.129,654291
1782536652000,0,0,0.000,6.541,6.533,0.188,0.157,0.226,25.129,654324
1782536652034,0,0,0.000,6.541,6.516,0.188,0.188,0.237,25.129,654357
1782536652066,0,0,0.000,6.533,6.541,0.157,0.157,0.204,25.129,654390
1782536652099,0,0,0.000,6.541,6.533,0.188,0.188,0.204,25.129,654423
1782536652133,0,0,0.000,6.541,6.533,0.220,0.157,0.204,25.129,654456
1782536652166,0,0,0.000,6.541,6.533,0.157,0.126,0.231,25.129,654489
1782536652206,0,0,0.000,6.533,6.533,0.188,0.157,0.204,25.129,654522
1782536652233,0,0,0.000,6.524,6.524,0.188,0.157,0.376,25.129,654555
1782536652267,0,0,0.000,6.541,6.533,0.188,0.157,0.215,25.129,654588
1782536652305,0,0,0.000,6.541,6.533,0.188,0.188,0.220,25.043,654621
1782536652335,0,0,0.000,6.541,6.524,0.188,0.126,0.306,25.129,654654
1782536652367,0,0,0.000,6.541,6.533,0.188,0.157,0.215,25.129,654687
1782536652404,0,0,0.000,6.533,6.524,0.188,0.157,0.204,25.129,654720
1782536652437,0,0,0.000,6.541,6.541,0.188,0.157,0.204,25.129,654753
1782536652468,0,0,0.006,6.533,6.541,0.188,0.188,0.215,25.129,654786
1782536652498,0,0,0.000,6.541,6.549,0.188,0.157,0.204,25.129,654819
1782536652535,0,0,0.000,6.541,6.533,0.188,0.157,0.344,25.129,654852
1782536652565,0,0,0.000,6.541,6.541,0.188,0.157,0.247,25.129,654885
1782536652621,0,0,0.012,6.541,6.533,0.188,0.188,0.204,25.129,654918
1782536652658,0,0,0.000,6.541,6.533,0.220,0.157,0.204,25.129,654951
1782536652669,0,0,0.000,6.541,6.541,0.188,0.157,0.210,25.215,654984
1782536652698,0,0,0.000,6.541,6.533,0.188,0.251,0.204,25.129,655017
1782536652745,0,0,0.000,6.541,6.533,0.188,0.188,0.204,25.129,655050
1782536652783,0,0,0.000,6.541,6.533,0.157,0.157,0.204,25.129,655083
1782536652810,0,0,0.000,6.533,6.533,0.157,0.188,0.323,25.129,655116
1782536652842,0,0,0.000,6.541,6.533,0.188,0.157,0.226,25.129,655149
1782536652874,0,0,0.000,6.541,6.533,0.188,0.157,0.204,25.215,655182
1782536652906,0,0,0.000,6.541,6.533,0.126,0.188,0.220,25.129,655215
1782536652948,0,0,0.000,6.541,6.541,0.188,0.126,0.242,25.129,655248
1782536652974,0,0,0.000,6.541,6.541,0.157,0.188,0.210,25.215,655281
1782536653017,0,0,0.006,6.541,6.533,0.188,0.157,0.210,25.129,655314
1782536653038,0,0,0.006,6.541,6.533,0.188,0.157,0.280,25.129,655347
1782536653071,0,0,0.000,6.541,6.533,0.157,0.157,0.220,25.129,655380
1782536653117,0,0,0.000,6.541,6.541,0.157,0.157,0.199,25.129,655413
1782536653145,0,0,0.000,6.533,6.524,0.188,0.157,0.344,25.129,655446
1782536653169,0,0,0.000,6.541,6.533,0.188,0.157,0.204,25.129,655479
1782536653202,0,0,0.000,6.549,6.533,0.188,0.157,0.194,25.129,655512
1782536653235,0,0,0.000,6.557,6.549,0.251,0.157,0.194,25.215,655545
1782536653268,0,0,0.000,6.533,6.533,0.126,0.157,0.210,25.129,655578
1782536653301,0,0,0.000,6.541,6.533,0.157,0.157,0.199,25.129,655611
1782536653334,0,0,0.000,6.541,6.533,0.188,0.188,0.237,25.129,655644
1782536653367,0,0,0.006,6.549,6.541,0.126,0.188,0.204,25.129,655677
1782536653401,0,0,0.000,6.541,6.541,0.188,0.126,0.220,25.129,655710
1782536653441,0,0,0.000,6.541,6.533,0.188,0.157,0.199,25.129,655743
1782536653466,0,0,0.000,6.533,6.533,0.188,0.188,0.290,25.129,655776
1782536653500,0,0,0.000,6.541,6.533,0.188,0.126,0.199,25.129,655809
1782536653532,0,0,0.000,6.533,6.541,0.220,0.157,0.306,25.129,655842
1782536653575,0,0,0.000,6.549,6.533,0.188,0.188,0.231,25.129,655875
1782536653599,0,0,0.000,6.533,6.533,0.188,0.126,0.339,25.129,655908
1782536653636,0,0,0.000,6.541,6.533,0.188,0.188,0.210,25.129,655941
1782536653666,0,0,0.006,6.541,6.524,0.188,0.188,0.204,25.129,655974
1782536653698,0,0,0.006,6.541,6.533,0.157,0.188,0.199,25.129,656007
1782536653729,0,0,0.000,6.533,6.549,0.251,0.157,0.194,25.129,656040
1782536653768,0,0,0.000,6.541,6.533,0.188,0.126,0.199,25.129,656073
1782536653810,0,0,0.000,6.541,6.524,0.188,0.188,0.204,25.129,656106
1782536653829,0,0,0.000,6.533,6.524,0.157,0.157,0.425,25.129,656139
1782536653862,0,0,0.000,6.549,6.524,0.188,0.126,0.210,25.215,656172
1782536653895,0,0,0.000,6.541,6.524,0.126,0.188,0.312,25.129,656205
1782536653934,0,0,0.000,6.541,6.533,0.188,0.126,0.194,25.129,656238
1782536653961,0,0,0.006,6.541,6.541,0.188,0.188,0.194,25.129,656271
1782536653996,0,0,0.006,6.541,6.541,0.188,0.157,0.183,25.129,656304
1782536654027,0,0,0.006,6.541,6.541,0.188,0.094,0.210,25.129,656337
1782536654060,0,0,0.000,6.524,6.541,0.188,0.157,0.242,25.129,656370
1782536654100,0,0,0.000,6.557,6.533,0.188,0.157,0.247,25.043,656403
1782536654127,0,0,0.000,6.533,6.533,0.157,0.157,0.306,25.129,656436
1782536654170,0,0,0.006,6.541,6.524,0.188,0.157,0.274,25.129,656469
1782536654198,0,0,0.000,6.533,6.524,0.157,0.157,0.398,25.129,656502
1782536654235,0,0,0.000,6.533,6.533,0.188,0.126,0.274,25.129,656535
1782536654260,0,0,0.000,6.533,6.524,0.157,0.157,0.301,25.129,656568
1782536654307,0,0,0.000,6.533,6.533,0.188,0.157,0.280,25.129,656601
1782536654327,0,0,0.006,6.524,6.516,0.188,0.220,0.430,25.043,656634
1782536654359,0,0,0.000,6.541,6.524,0.188,0.157,0.280,25.129,656667
1782536654393,0,0,0.000,6.524,6.524,0.188,0.188,0.312,25.129,656700
1782536654426,0,0,0.000,6.549,6.533,0.188,0.157,0.199,25.129,656733
1782536654460,0,0,0.000,6.541,6.541,0.188,0.157,0.215,25.129,656766
1782536654493,0,0,0.000,6.549,6.549,0.157,0.157,0.220,25.129,656799
1782536654527,0,0,0.000,6.524,6.541,0.188,0.157,0.231,25.129,656832
1782536654584,0,0,0.000,6.549,6.533,0.188,0.157,0.210,25.043,656865
1782536654595,0,0,0.000,6.533,6.524,0.157,0.157,0.296,25.129,656898
1782536654626,0,0,0.000,6.549,6.541,0.220,0.188,0.204,25.129,656931
1782536654661,0,0,0.000,6.524,6.524,0.220,0.157,0.333,25.129,656964
1782536654693,0,0,0.006,6.533,6.533,0.188,0.157,0.215,25.215,656997
1782536654736,0,0,0.000,6.533,6.533,0.188,0.157,0.349,25.129,657030
1782536654791,0,0,0.000,6.541,6.533,0.188,0.157,0.269,25.129,657063
1782536654830,0,0,0.000,6.516,6.524,0.188,0.157,0.382,25.129,657096
1782536654837,0,0,0.000,6.541,6.524,0.220,0.188,0.280,25.129,657129
1782536654859,0,0,0.000,6.524,6.533,0.188,0.126,0.323,25.129,657162
1782536654895,0,0,0.000,6.541,6.533,0.188,0.188,0.263,25.215,657195
1782536654927,0,0,0.006,6.541,6.524,0.188,0.157,0.349,25.129,657228
1782536654959,0,0,0.000,6.533,6.533,0.220,0.188,0.253,25.129,657261
1782536654996,0,0,0.000,6.516,6.541,0.188,0.157,0.333,25.129,657294
1782536655029,0,0,0.000,6.533,6.533,0.157,0.157,0.210,25.129,657327
1782536655060,0,0,0.000,6.541,6.516,0.157,0.157,0.328,25.129,657360
1782536655095,0,0,0.000,6.541,6.533,0.188,0.157,0.210,25.129,657393
1782536655126,0,0,0.000,6.541,6.541,0.188,0.157,0.258,25.129,657426
1782536655158,0,0,0.000,6.541,6.533,0.157,0.188,0.253,25.129,657459
1782536655204,0,0,0.000,6.533,6.533,0.188,0.188,0.215,25.043,657492
1782536655225,0,0,0.000,6.541,6.541,0.188,0.157,0.215,25.129,657525
1782536655259,0,0,0.000,6.533,6.524,0.188,0.188,0.215,25.129,657558
1782536655291,0,0,0.000,6.533,6.524,0.157,0.157,0.339,25.043,657591
1782536655324,0,0,0.000,6.541,6.533,0.188,0.157,0.220,25.129,657624
1782536655357,0,0,0.000,6.549,6.533,0.188,0.188,0.220,25.129,657657
1782536655390,0,0,0.000,6.541,6.533,0.188,0.157,0.220,25.129,657690
1782536655424,0,0,0.000,6.541,6.524,0.188,0.188,0.280,25.129,657723
1782536655460,0,0,0.000,6.541,6.533,0.157,0.157,0.226,25.129,657756
1782536655490,0,0,0.000,6.541,6.541,0.188,0.157,0.210,25.129,657789
1782536655523,0,0,0.000,6.549,6.533,0.188,0.157,0.247,25.129,657822
1782536655557,0,0,0.000,6.549,6.524,0.157,0.157,0.215,25.129,657855
1782536655590,0,0,0.000,6.549,6.524,0.188,0.188,0.253,25.129,657888
1782536655625,0,0,0.006,6.524,6.533,0.188,0.126,0.210,25.129,657921
1782536655657,0,0,0.000,6.541,6.541,0.188,0.157,0.220,25.129,657954
1782536655690,0,0,0.000,6.541,6.549,0.220,0.157,0.231,25.129,657987
1782536655724,0,0,0.000,6.541,6.533,0.188,0.094,0.220,25.129,658020
1782536655757,0,0,0.000,6.541,6.533,0.188,0.157,0.263,25.129,658053
1782536655790,0,0,0.000,6.541,6.533,0.157,0.157,0.215,25.129,658086
1782536655824,0,0,0.000,6.541,6.533,0.188,0.157,0.220,25.129,658119
1782536655872,0,0,0.000,6.541,6.533,0.188,0.157,0.237,25.129,658152
1782536655890,0,0,0.000,6.549,6.541,0.188,0.126,0.199,25.129,658185
1782536655926,0,0,0.000,6.533,6.533,0.157,0.188,0.215,25.129,658218
1782536655957,0,0,0.000,6.533,6.524,0.188,0.157,0.285,25.043,658251
1782536655999,0,0,0.000,6.541,6.541,0.188,0.126,0.237,25.129,658284
1782536656023,0,0,0.000,6.541,6.533,0.188,0.188,0.220,25.129,658317
1782536656057,0,0,0.000,6.541,6.533,0.157,0.157,0.215,25.215,658350
1782536656088,0,0,0.000,6.541,6.533,0.188,0.157,0.215,25.129,658383
1782536656124,0,0,0.000,6.541,6.533,0.188,0.188,0.210,25.129,658416
1782536656156,0,0,0.000,6.541,6.524,0.157,0.157,0.220,25.129,658449
1782536656210,0,0,0.000,6.533,6.533,0.157,0.157,0.323,25.129,658482
1782536656239,0,0,0.000,6.541,6.541,0.188,0.157,0.215,25.129,658515
1782536656258,0,0,0.000,6.533,6.533,0.126,0.188,0.210,25.129,658548
1782536656290,0,0,0.000,6.541,6.533,0.220,0.157,0.204,25.129,658581
1782536656325,0,0,0.000,6.549,6.524,0.157,0.157,0.231,25.129,658614
1782536656355,0,0,0.000,6.549,6.541,0.188,0.157,0.237,25.129,658647
1782536656389,0,0,0.000,6.541,6.541,0.220,0.126,0.215,25.129,658680
1782536656428,0,0,0.000,6.541,6.533,0.188,0.157,0.231,25.129,658713
1782536656457,0,0,0.000,6.541,6.541,0.188,0.157,0.226,25.129,658746
1782536656488,0,0,0.000,6.533,6.524,0.188,0.157,0.355,25.129,658779
1782536656523,0,0,0.006,6.541,6.541,0.188,0.126,0.210,25.129,658812
1782536656555,0,0,0.006,6.541,6.533,0.188,0.188,0.210,25.129,658845
1782536656587,0,0,0.000,6.533,6.524,0.220,0.157,0.215,25.129,658878
1782536656621,0,0,0.000,6.533,6.541,0.188,0.188,0.210,25.129,658911
1782536656654,0,0,0.000,6.549,6.541,0.126,0.157,0.215,25.215,658944
1782536656688,0,0,0.000,6.557,6.533,0.188,0.157,0.210,25.043,658977
1782536656720,0,0,0.000,6.524,6.524,0.188,0.157,0.220,25.043,659010
1782536656753,0,0,0.000,6.541,6.533,0.157,0.126,0.237,25.129,659043
1782536656787,0,0,0.000,6.541,6.541,0.126,0.126,0.210,25.129,659076
1782536656821,0,0,0.000,6.541,6.541,0.220,0.188,0.237,25.215,659109
1782536656854,0,0,0.000,6.533,6.541,0.157,0.188,0.237,25.129,659142
1782536656887,0,0,0.000,6.541,6.533,0.157,0.157,0.226,25.129,659175
1782536656920,0,0,0.000,6.533,6.533,0.157,0.157,0.237,25.129,659208
1782536656953,0,0,0.000,6.533,6.516,0.157,0.126,0.231,25.129,659241
1782536656986,0,0,0.000,6.541,6.549,0.188,0.157,0.215,25.129,659274
1782536657020,0,0,0.000,6.541,6.524,0.188,0.188,0.237,25.129,659307
1782536657054,0,0,0.000,6.541,6.533,0.188,0.157,0.226,25.129,659340
1782536657096,0,0,0.006,6.533,6.533,0.251,0.157,0.210,25.129,659373
1782536657120,0,0,0.000,6.541,6.533,0.188,0.157,0.226,25.129,659406
1782536657163,0,0,0.006,6.533,6.524,0.188,0.188,0.237,25.129,659439
1782536657195,0,0,0.006,6.541,6.524,0.188,0.157,0.226,25.129,659472
1782536657232,0,0,0.000,6.541,6.533,0.220,0.157,0.220,25.129,659505
1782536657268,0,0,0.000,6.549,6.533,0.188,0.188,0.210,25.129,659538
1782536657293,0,0,0.006,6.541,6.533,0.188,0.188,0.210,25.129,659571
1782536657328,0,0,0.006,6.533,6.533,0.188,0.126,0.215,25.129,659604
1782536657372,0,0,0.000,6.541,6.533,0.188,0.157,0.220,25.129,659637
1782536657393,0,0,0.000,6.541,6.533,0.188,0.126,0.274,25.129,659670
1782536657429,0,0,0.000,6.541,6.533,0.188,0.126,0.210,25.129,659703
1782536657459,0,0,0.000,6.533,6.541,0.188,0.157,0.226,25.215,659736
1782536657492,0,0,0.006,6.541,6.533,0.220,0.157,0.323,25.129,659769
1782536657526,0,0,0.000,6.541,6.533,0.188,0.157,0.215,25.129,659802
1782536657565,0,0,0.000,6.541,6.524,0.157,0.157,0.274,25.129,659835
1782536657592,0,0,0.006,6.533,6.541,0.188,0.157,0.269,25.129,659868
1782536657624,0,0,0.000,6.533,6.533,0.188,0.188,0.226,25.215,659901
1782536657660,0,0,0.006,6.549,6.541,0.188,0.157,0.199,25.129,659934
1782536657692,0,0,0.000,6.549,6.533,0.157,0.188,0.296,25.129,659967
1782536657724,0,0,0.000,6.541,6.533,0.188,0.126,0.237,25.129,660000
1782536657762,0,0,0.000,6.541,6.533,0.188,0.157,0.210,25.129,660033
1782536657789,0,0,0.000,6.549,6.541,0.220,0.157,0.215,25.129,660066
1782536657837,0,0,0.000,6.541,6.533,0.188,0.157,0.215,25.043,660099
1782536657879,0,0,0.000,6.541,6.533,0.188,0.157,0.220,25.129,660132
1782536657901,0,0,0.000,6.541,6.524,0.220,0.126,0.220,25.129,660165
1782536657923,0,0,0.000,6.533,6.533,0.188,0.157,0.231,25.129,660198
1782536657956,0,0,0.000,6.541,6.541,0.157,0.126,0.215,25.129,660231
1782536657990,0,0,0.000,6.533,6.524,0.188,0.157,0.371,25.129,660264
1782536658031,0,0,0.000,6.541,6.533,0.220,0.157,0.215,25.129,660297
1782536658058,0,0,0.006,6.541,6.541,0.188,0.126,0.220,25.129,660330
1782536658087,0,0,0.000,6.541,6.533,0.188,0.188,0.242,25.215,660363
1782536658121,0,0,0.006,6.541,6.541,0.220,0.126,0.199,25.129,660396
1782536658153,0,0,0.000,6.541,6.533,0.188,0.188,0.215,25.129,660429
1782536658186,0,0,0.000,6.541,6.533,0.188,0.188,0.204,25.129,660462
1782536658218,0,0,0.000,6.549,6.533,0.188,0.157,0.199,25.129,660495
1782536658254,0,0,0.000,6.541,6.533,0.188,0.157,0.312,25.215,660528
1782536658286,0,0,0.012,6.533,6.533,0.188,0.157,0.210,25.129,660561
1782536658317,0,0,0.000,6.541,6.533,0.188,0.157,0.215,25.129,660594
1782536658350,0,0,0.000,6.533,6.524,0.251,0.157,0.210,25.043,660627
1782536658385,0,0,0.000,6.533,6.541,0.157,0.126,0.210,25.129,660660
1782536658416,0,0,0.000,6.541,6.533,0.188,0.157,0.220,25.129,660693
1782536658455,0,0,0.000,6.533,6.541,0.188,0.157,0.349,25.129,660726
1782536658488,0,0,0.000,6.541,6.533,0.157,0.157,0.263,25.129,660759
1782536658519,0,0,0.000,6.541,6.524,0.220,0.157,0.280,25.129,660792
1782536658549,0,0,0.006,6.541,6.533,0.251,0.188,0.210,25.043,660825
1782536658585,0,0,0.000,6.541,6.524,0.188,0.157,0.258,25.129,660858
1782536658616,0,0,0.000,6.541,6.533,0.188,0.157,0.247,25.129,660891
1782536658649,0,0,0.000,6.533,6.533,0.188,0.157,0.285,25.215,660924
1782536658684,0,0,0.000,6.541,6.533,0.188,0.188,0.215,25.129,660957
1782536658716,0,0,0.000,6.524,6.524,0.157,0.220,0.452,25.215,660990
1782536658751,0,0,0.000,6.541,6.524,0.188,0.126,0.204,25.129,661023
1782536658785,0,0,0.000,6.541,6.533,0.188,0.157,0.215,25.129,661056
1782536658818,0,0,0.000,6.549,6.516,0.188,0.188,0.306,25.129,661089
1782536658861,0,0,0.000,6.541,6.533,0.188,0.188,0.215,25.129,661122
1782536658905,0,0,0.006,6.549,6.533,0.188,0.188,0.215,25.043,661155
1782536658915,0,0,0.000,6.541,6.524,0.220,0.188,0.215,25.215,661188
1782536658949,0,0,0.000,6.541,6.524,0.188,0.188,0.237,25.215,661221
1782536658986,0,0,0.006,6.541,6.533,0.188,0.157,0.210,25.129,661254
1782536659014,0,0,0.000,6.533,6.533,0.188,0.157,0.317,25.129,661287
1782536659048,0,0,0.000,6.557,6.524,0.188,0.126,0.242,25.215,661320
1782536659082,0,0,0.006,6.533,6.533,0.188,0.126,0.323,25.129,661353
1782536659127,0,0,0.000,6.541,6.533,0.126,0.157,0.215,25.129,661386
1782536659149,0,0,0.000,6.541,6.541,0.188,0.157,0.204,25.043,661419
1782536659181,0,0,0.000,6.533,6.516,0.188,0.188,0.430,25.129,661452
1782536659215,0,0,0.006,6.541,6.524,0.188,0.188,0.215,25.129,661485
1782536659250,0,0,0.000,6.524,6.516,0.157,0.188,0.409,25.043,661518
1782536659281,0,0,0.000,6.541,6.541,0.157,0.157,0.258,25.129,661551
1782536659314,0,0,0.000,6.549,6.541,0.188,0.157,0.231,25.129,661584
1782536659348,0,0,0.000,6.541,6.533,0.188,0.157,0.215,25.129,661617
1782536659380,0,0,0.006,6.541,6.533,0.188,0.188,0.215,25.129,661650
1782536659415,0,0,0.000,6.524,6.524,0.188,0.188,0.215,25.129,661683
1782536659471,0,0,0.006,6.541,6.541,0.188,0.157,0.226,25.129,661716
1782536659493,0,0,0.000,6.541,6.533,0.188,0.157,0.215,25.129,661749
1782536659538,0,0,0.006,6.541,6.533,0.188,0.188,0.210,25.129,661782
1782536659548,0,0,0.000,6.541,6.533,0.157,0.188,0.317,25.129,661815
1782536659580,0,0,0.000,6.541,6.524,0.188,0.157,0.237,25.129,661848
1782536659618,0,0,0.000,6.533,6.541,0.188,0.157,0.215,25.129,661881
1782536659651,0,0,0.000,6.541,6.533,0.188,0.157,0.253,25.129,661914
1782536659690,0,0,0.006,6.541,6.541,0.188,0.094,0.204,25.129,661947
1782536659713,0,0,0.000,6.533,6.533,0.188,0.126,0.215,25.129,661980
1782536659747,0,0,0.000,6.533,6.541,0.188,0.157,0.242,25.043,662013
1782536659779,0,0,0.000,6.541,6.541,0.188,0.157,0.226,25.129,662046
1782536659814,0,0,0.000,6.541,6.541,0.188,0.157,0.237,25.129,662079
1782536659847,0,0,0.000,6.533,6.533,0.220,0.157,0.226,25.129,662112
1782536659882,0,0,0.000,6.541,6.533,0.188,0.157,0.226,25.043,662145
1782536659913,0,0,0.000,6.541,6.541,0.188,0.188,0.242,25.129,662178
1782536659948,0,0,0.000,6.541,6.533,0.188,0.157,0.215,25.129,662211
1782536659980,0,0,0.000,6.533,6.533,0.157,0.126,0.344,25.129,662244
1782536660015,0,0,0.000,6.541,6.524,0.188,0.157,0.242,25.043,662277
1782536660048,0,0,0.000,6.541,6.541,0.188,0.157,0.220,25.129,662310
1782536660082,0,0,0.000,6.541,6.533,0.157,0.157,0.242,25.129,662343
1782536660131,0,0,0.000,6.541,6.533,0.157,0.126,0.215,25.129,662376
1782536660155,0,0,0.000,6.541,6.524,0.188,0.157,0.210,25.129,662409
1782536660179,0,0,0.000,6.524,6.516,0.188,0.126,0.425,25.129,662442
1782536660212,0,0,0.000,6.541,6.533,0.157,0.188,0.247,25.129,662475
1782536660247,0,0,0.012,6.541,6.533,0.157,0.157,0.247,25.129,662508
1782536660279,0,0,0.000,6.533,6.524,0.188,0.157,0.226,25.129,662541
1782536660312,0,0,0.000,6.541,6.533,0.188,0.157,0.247,25.129,662574
1782536660345,0,0,0.000,6.541,6.533,0.188,0.157,0.220,25.129,662607
1782536660379,0,0,0.000,6.541,6.533,0.157,0.126,0.215,25.129,662640
1782536660425,0,0,0.006,6.541,6.533,0.188,0.094,0.215,25.129,662673
1782536660445,0,0,0.000,6.524,6.541,0.157,0.157,0.210,25.129,662706
1782536660478,0,0,0.000,6.541,6.533,0.157,0.157,0.280,25.129,662739
1782536660511,0,0,0.000,6.541,6.524,0.188,0.157,0.226,25.129,662772
1782536660545,0,0,0.000,6.541,6.533,0.220,0.157,0.210,25.043,662805
1782536660578,0,0,0.000,6.541,6.533,0.188,0.188,0.220,25.129,662838
1782536660613,0,0,0.000,6.533,6.524,0.157,0.188,0.231,25.215,662871
1782536660644,0,0,0.006,6.541,6.541,0.220,0.157,0.226,25.129,662904
1782536660677,0,0,0.000,6.541,6.533,0.251,0.157,0.247,25.129,662937
1782536660713,0,0,0.000,6.549,6.533,0.188,0.157,0.226,25.215,662970
1782536660745,0,0,0.000,6.541,6.533,0.188,0.188,0.226,25.129,663003
1782536660778,0,0,0.000,6.541,6.533,0.157,0.157,0.220,25.129,663036
1782536660814,0,0,0.000,6.549,6.533,0.188,0.126,0.237,25.129,663069
1782536660853,0,0,0.000,6.524,6.549,0.188,0.188,0.210,25.129,663102
1782536660877,0,0,0.000,6.533,6.524,0.220,0.157,0.344,25.215,663135
1782536660911,0,0,0.000,6.524,6.524,0.188,0.126,0.366,25.129,663168
1782536660943,0,0,0.000,6.541,6.533,0.157,0.220,0.231,25.129,663201
1782536660982,0,0,0.006,6.549,6.541,0.126,0.126,0.215,25.043,663234
1782536661010,0,0,0.000,6.533,6.533,0.188,0.157,0.210,25.129,663267
1782536661047,0,0,0.000,6.541,6.541,0.188,0.157,0.220,25.129,663300
1782536661077,0,0,0.000,6.541,6.533,0.126,0.188,0.220,25.129,663333
1782536661112,0,0,0.012,6.533,6.541,0.157,0.094,0.339,25.129,663366
1782536661142,0,0,0.000,6.541,6.533,0.188,0.157,0.210,25.129,663399
1782536661178,0,0,0.000,6.541,6.533,0.157,0.188,0.210,25.129,663432
1782536661210,0,0,0.000,6.541,6.541,0.220,0.126,0.215,25.129,663465
1782536661244,0,0,0.006,6.533,6.541,0.188,0.157,0.226,25.129,663498
1782536661278,0,0,0.000,6.541,6.533,0.157,0.157,0.210,25.129,663531
1782536661324,0,0,0.000,6.541,6.549,0.188,0.126,0.210,25.129,663564
1782536661346,0,0,0.000,6.541,6.524,0.188,0.188,0.215,25.129,663597
1782536661387,0,0,0.000,6.524,6.541,0.188,0.188,0.247,25.129,663630
1782536661409,0,0,0.000,6.541,6.533,0.188,0.157,0.263,25.129,663663
1782536661450,0,0,0.000,6.533,6.533,0.220,0.157,0.263,25.129,663696
1782536661485,0,0,0.000,6.541,6.533,0.188,0.157,0.226,25.129,663729
1782536661520,0,0,0.000,6.541,6.533,0.157,0.188,0.231,25.129,663762
1782536661552,0,0,0.000,6.541,6.533,0.220,0.157,0.210,25.129,663795
1782536661584,0,0,0.000,6.533,6.533,0.220,0.188,0.226,25.129,663828
1782536661618,0,0,0.000,6.541,6.533,0.188,0.157,0.253,25.129,663861
1782536661653,0,0,0.006,6.533,6.533,0.126,0.157,0.231,25.129,663894
1782536661685,0,0,0.000,6.541,6.533,0.126,0.126,0.231,25.043,663927
1782536661716,0,0,0.000,6.557,6.533,0.188,0.157,0.220,25.129,663960
1782536661757,0,0,0.000,6.549,6.533,0.188,0.157,0.215,25.043,663993
1782536661788,0,0,0.000,6.533,6.533,0.157,0.126,0.242,25.129,664026
1782536661815,0,0,0.000,6.533,6.533,0.157,0.157,0.306,25.129,664059
1782536661848,0,0,0.000,6.533,6.533,0.157,0.157,0.204,25.129,664092
1782536661881,0,0,0.000,6.541,6.541,0.188,0.157,0.210,25.129,664125
1782536661914,0,0,0.006,6.533,6.541,0.188,0.126,0.220,25.129,664158
1782536661947,0,0,0.000,6.524,6.533,0.157,0.126,0.210,25.129,664191
1782536661986,0,0,0.000,6.541,6.541,0.188,0.126,0.204,25.129,664224
1782536662013,0,0,0.000,6.524,6.524,0.188,0.157,0.398,25.129,664257
1782536662049,0,0,0.000,6.524,6.516,0.188,0.157,0.280,25.129,664290
1782536662079,0,0,0.000,6.533,6.533,0.220,0.157,0.242,25.129,664323
1782536662112,0,0,0.000,6.549,6.541,0.220,0.157,0.210,25.129,664356
1782536662145,0,0,0.000,6.549,6.533,0.188,0.157,0.210,25.215,664389
1782536662184,0,0,0.000,6.533,6.533,0.188,0.188,0.204,25.129,664422
1782536662211,0,0,0.000,6.533,6.524,0.188,0.157,0.344,25.129,664455
1782536662243,0,0,0.000,6.541,6.533,0.188,0.157,0.231,25.129,664488
1782536662277,0,0,0.000,6.541,6.533,0.188,0.188,0.215,25.043,664521
1782536662310,0,0,0.000,6.533,6.524,0.188,0.157,0.430,25.129,664554
1782536662343,0,0,0.000,6.541,6.549,0.188,0.157,0.215,25.129,664587
1782536662388,0,0,0.000,6.549,6.541,0.188,0.157,0.220,25.043,664620
1782536662409,0,0,0.000,6.533,6.524,0.220,0.157,0.199,25.129,664653
1782536662444,0,0,0.000,6.533,6.541,0.251,0.188,0.215,25.129,664686
1782536662479,0,0,0.000,6.533,6.533,0.188,0.157,0.204,25.129,664719
1782536662509,0,0,0.000,6.533,6.533,0.188,0.157,0.204,25.129,664752
1782536662541,0,0,0.000,6.533,6.557,0.188,0.157,0.204,25.043,664785
1782536662577,0,0,0.000,6.549,6.533,0.188,0.157,0.215,25.043,664818
1782536662608,0,0,0.000,6.541,6.524,0.188,0.157,0.344,25.129,664851
1782536662640,0,0,0.000,6.533,6.541,0.126,0.157,0.210,25.129,664884
1782536662676,0,0,0.000,6.541,6.524,0.157,0.157,0.215,25.129,664917
1782536662710,0,0,0.000,6.541,6.541,0.188,0.188,0.220,25.215,664950
1782536662755,0,0,0.006,6.541,6.524,0.126,0.157,0.452,25.129,664983
1782536662786,0,0,0.000,6.533,6.533,0.188,0.157,0.269,25.129,665016
1782536662811,0,0,0.000,6.533,6.533,0.157,0.126,0.333,25.129,665049
1782536662840,0,0,0.000,6.533,6.533,0.188,0.126,0.280,25.129,665082
1782536662873,0,0,0.000,6.541,6.541,0.188,0.157,0.355,25.129,665115
1782536662906,0,0,0.006,6.549,6.533,0.188,0.157,0.231,25.129,665148
1782536662966,0,0,0.000,6.541,6.533,0.188,0.157,0.226,25.043,665181
1782536663003,0,0,0.000,6.557,6.524,0.220,0.157,0.263,25.129,665214
1782536663010,0,0,0.000,6.533,6.541,0.188,0.157,0.269,25.129,665247
1782536663039,0,0,0.000,6.541,6.541,0.157,0.157,0.258,25.129,665280
1782536663072,0,0,0.000,6.549,6.524,0.188,0.188,0.280,25.129,665313
1782536663105,0,0,0.000,6.541,6.533,0.188,0.157,0.210,25.129,665346
1782536663140,0,0,0.000,6.541,6.533,0.220,0.188,0.328,25.129,665379
1782536663171,0,0,0.000,6.541,6.533,0.188,0.157,0.301,25.129,665412
1782536663206,0,0,0.000,6.541,6.533,0.220,0.188,0.210,25.043,665445
1782536663239,0,0,0.000,6.541,6.533,0.188,0.157,0.215,25.129,665478
1782536663273,0,0,0.006,6.533,6.541,0.188,0.157,0.333,25.129,665511
1782536663304,0,0,0.000,6.533,6.541,0.188,0.157,0.274,25.043,665544
1782536663342,0,0,0.000,6.533,6.524,0.188,0.157,0.409,25.129,665577
1782536663372,0,0,0.000,6.541,6.524,0.188,0.126,0.290,25.129,665610
1782536663408,0,0,0.000,6.533,6.533,0.188,0.157,0.220,25.043,665643
1782536663437,0,0,0.000,6.533,6.541,0.188,0.157,0.237,25.129,665676
1782536663470,0,0,0.000,6.533,6.516,0.188,0.157,0.306,25.129,665709
1782536663506,0,0,0.000,6.524,6.533,0.188,0.157,0.215,25.129,665742
1782536663539,0,0,0.000,6.541,6.533,0.188,0.188,0.215,25.129,665775
1782536663578,0,0,0.000,6.549,6.533,0.188,0.157,0.226,25.129,665808
1782536663605,0,0,0.000,6.524,6.533,0.220,0.157,0.237,25.129,665841
1782536663641,0,0,0.000,6.541,6.533,0.126,0.188,0.231,25.129,665874
1782536663670,0,0,0.000,6.541,6.524,0.188,0.157,0.247,25.129,665907
1782536663703,0,0,0.000,6.533,6.533,0.188,0.157,0.215,25.129,665940
1782536663738,0,0,0.000,6.541,6.524,0.188,0.157,0.312,25.129,665973
1782536663775,0,0,0.006,6.533,6.533,0.188,0.220,0.210,25.129,666006
1782536663816,0,0,0.006,6.541,6.541,0.188,0.188,0.215,25.129,666039
1782536663837,0,0,0.000,6.524,6.533,0.188,0.157,0.376,25.129,666072
1782536663870,0,0,0.006,6.524,6.533,0.157,0.157,0.215,25.043,666105
1782536663911,0,0,0.000,6.533,6.533,0.188,0.157,0.226,25.129,666138
1782536663938,0,0,0.000,6.541,6.533,0.188,0.188,0.242,25.215,666171
1782536663970,0,0,0.000,6.533,6.533,0.188,0.157,0.226,25.129,666204
1782536664004,0,0,0.000,6.533,6.533,0.188,0.157,0.231,25.129,666237
1782536664043,0,0,0.006,6.541,6.541,0.188,0.157,0.231,25.129,666270
1782536664070,0,0,0.000,6.541,6.541,0.188,0.157,0.220,25.129,666303
1782536664104,0,0,0.000,6.541,6.533,0.188,0.157,0.339,25.129,666336
1782536664136,0,0,0.000,6.541,6.533,0.157,0.157,0.220,25.043,666369
1782536664170,0,0,0.000,6.533,6.533,0.188,0.188,0.231,25.129,666402
1782536664203,0,0,0.000,6.541,6.533,0.188,0.157,0.231,25.129,666435
1782536664235,0,0,0.000,6.541,6.541,0.188,0.157,0.220,25.129,666468
1782536664269,0,0,0.000,6.533,6.541,0.188,0.157,0.210,25.129,666501
1782536664305,0,0,0.000,6.541,6.541,0.157,0.126,0.210,25.129,666534
1782536664335,0,0,0.000,6.541,6.541,0.188,0.188,0.210,25.129,666567
1782536664368,0,0,0.000,6.541,6.533,0.188,0.157,0.215,25.129,666600
1782536664403,0,0,0.000,6.541,6.533,0.126,0.188,0.226,25.129,666633
1782536664434,0,0,0.000,6.533,6.541,0.188,0.157,0.226,25.129,666666
1782536664468,0,0,0.000,6.541,6.533,0.220,0.157,0.242,25.129,666699
1782536664502,0,0,0.000,6.541,6.533,0.188,0.126,0.237,25.129,666732
1782536664535,0,0,0.000,6.541,6.533,0.188,0.220,0.242,25.129,666765
1782536664574,0,0,0.006,6.541,6.541,0.188,0.157,0.231,25.215,666798
1782536664642,0,0,0.000,6.533,6.524,0.188,0.157,0.333,25.129,666831
1782536664643,0,0,0.000,6.541,6.533,0.188,0.094,0.253,25.129,666864
1782536664669,0,0,0.000,6.533,6.524,0.157,0.157,0.323,25.129,666897
1782536664701,0,0,0.000,6.541,6.533,0.126,0.188,0.242,25.129,666930
1782536664744,0,0,0.000,6.533,6.541,0.188,0.157,0.226,25.129,666963
1782536664768,0,0,0.006,6.533,6.524,0.188,0.126,0.344,25.129,666996
1782536664802,0,0,0.000,6.541,6.533,0.188,0.251,0.237,25.129,667029
1782536664834,0,0,0.000,6.541,6.533,0.188,0.188,0.220,25.129,667062
1782536664868,0,0,0.000,6.541,6.533,0.188,0.157,0.231,25.215,667095
1782536664902,0,0,0.000,6.541,6.541,0.188,0.220,0.204,25.129,667128
1782536664934,0,0,0.000,6.533,6.549,0.157,0.188,0.215,25.129,667161
1782536664967,0,0,0.000,6.541,6.533,0.188,0.157,0.237,25.129,667194
1782536665001,0,0,0.000,6.541,6.533,0.220,0.157,0.237,25.129,667227
1782536665034,0,0,0.000,6.541,6.541,0.188,0.188,0.226,25.129,667260
1782536665068,0,0,0.000,6.541,6.541,0.188,0.157,0.220,25.129,667293
1782536665100,0,0,0.000,6.541,6.533,0.188,0.188,0.306,25.129,667326
1782536665135,0,0,0.000,6.549,6.533,0.188,0.157,0.226,25.129,667359
1782536665168,0,0,0.006,6.533,6.549,0.157,0.126,0.312,25.129,667392
1782536665199,0,0,0.000,6.541,6.524,0.188,0.157,0.215,25.129,667425
1782536665238,0,0,0.000,6.541,6.533,0.188,0.157,0.231,25.129,667458
1782536665270,0,0,0.000,6.541,6.533,0.188,0.157,0.204,25.129,667491
1782536665303,0,0,0.000,6.557,6.533,0.188,0.157,0.220,25.129,667524
1782536665341,0,0,0.000,6.541,6.549,0.188,0.157,0.204,25.129,667557
1782536665375,0,0,0.000,6.557,6.533,0.188,0.157,0.199,25.129,667590
1782536665423,0,0,0.000,6.541,6.533,0.188,0.188,0.285,25.129,667623
1782536665461,0,0,0.000,6.533,6.541,0.188,0.157,0.199,25.043,667656
1782536665466,0,0,0.000,6.541,6.533,0.188,0.126,0.210,25.129,667689
1782536665499,0,0,0.000,6.533,6.524,0.126,0.126,0.231,25.129,667722
1782536665532,0,0,0.000,6.549,6.549,0.188,0.157,0.226,25.129,667755
1782536665569,0,0,0.000,6.541,6.533,0.188,0.157,0.220,25.129,667788
1782536665599,0,0,0.000,6.541,6.541,0.220,0.126,0.204,25.129,667821
1782536665632,0,0,0.000,6.541,6.533,0.188,0.157,0.204,25.129,667854
1782536665664,0,0,0.006,6.533,6.541,0.188,0.157,0.220,25.129,667887
1782536665702,0,0,0.000,6.557,6.533,0.188,0.157,0.226,25.129,667920
1782536665731,0,0,0.012,6.541,6.524,0.220,0.188,0.220,25.043,667953
1782536665773,0,0,0.000,6.533,6.524,0.188,0.157,0.274,25.129,667986
1782536665798,0,0,0.000,6.541,6.541,0.188,0.126,0.269,25.129,668019
1782536665841,0,0,0.000,6.541,6.533,0.188,0.157,0.204,25.129,668052
1782536665873,0,0,0.000,6.541,6.541,0.188,0.157,0.199,25.129,668085
1782536665908,0,0,0.006,6.541,6.533,0.188,0.126,0.215,25.129,668118
1782536665944,0,0,0.000,6.549,6.533,0.188,0.157,0.215,25.129,668151
1782536665973,0,0,0.000,6.541,6.541,0.188,0.157,0.226,25.215,668184
1782536666011,0,0,0.000,6.549,6.533,0.157,0.188,0.210,25.129,668217
1782536666040,0,0,0.000,6.541,6.533,0.188,0.157,0.253,25.129,668250
1782536666074,0,0,0.000,6.524,6.533,0.157,0.126,0.242,25.129,668283
1782536666110,0,0,0.000,6.541,6.524,0.157,0.126,0.220,25.129,668316
1782536666141,0,0,0.000,6.541,6.524,0.188,0.220,0.301,25.129,668349
1782536666182,0,0,0.006,6.541,6.549,0.188,0.157,0.226,25.129,668382
1782536666270,0,0,0.000,6.541,6.541,0.188,0.157,0.199,25.129,668415
1782536666307,0,0,0.000,6.541,6.533,0.126,0.157,0.204,25.129,668448
1782536666307,0,0,0.000,6.557,6.533,0.220,0.157,0.210,25.129,668481
1782536666317,0,0,0.000,6.549,6.524,0.188,0.157,0.344,25.129,668514
1782536666337,0,0,0.000,6.541,6.533,0.188,0.157,0.199,25.043,668547
1782536666369,0,0,0.000,6.541,6.541,0.157,0.157,0.204,25.129,668580
1782536666402,0,0,0.000,6.549,6.533,0.188,0.188,0.210,25.129,668613
1782536666443,0,0,0.000,6.541,6.541,0.188,0.126,0.204,25.129,668646
1782536666470,0,0,0.000,6.533,6.533,0.188,0.188,0.339,25.129,668679
1782536666501,0,0,0.000,6.541,6.541,0.157,0.126,0.204,25.129,668712
1782536666534,0,0,0.000,6.533,6.516,0.188,0.157,0.204,25.129,668745
1782536666574,0,0,0.006,6.541,6.533,0.188,0.126,0.194,25.215,668778
1782536666605,0,0,0.000,6.541,6.524,0.188,0.157,0.280,25.129,668811
1782536666635,0,0,0.000,6.541,6.533,0.251,0.157,0.274,25.129,668844
1782536666671,0,0,0.000,6.524,6.516,0.188,0.157,0.457,25.129,668877
1782536666703,0,0,0.000,6.524,6.541,0.188,0.157,0.199,25.043,668910
1782536666731,0,0,0.006,6.549,6.533,0.188,0.126,0.204,25.129,668943
1782536666769,0,0,0.000,6.549,6.524,0.188,0.157,0.301,25.129,668976
1782536666798,0,0,0.000,6.541,6.541,0.220,0.157,0.215,25.129,669009
1782536666838,0,0,0.000,6.541,6.541,0.188,0.157,0.199,25.129,669042
1782536666864,0,0,0.000,6.524,6.516,0.188,0.188,0.317,25.129,669075
1782536666910,0,0,0.000,6.541,6.533,0.188,0.157,0.204,25.129,669108
1782536666929,0,0,0.000,6.533,6.533,0.188,0.157,0.226,25.129,669141
1782536666963,0,0,0.006,6.541,6.541,0.220,0.157,0.210,25.129,669174
1782536667013,0,0,0.006,6.533,6.524,0.188,0.157,0.366,25.129,669207
1782536667031,0,0,0.000,6.549,6.533,0.188,0.188,0.210,25.129,669240
1782536667063,0,0,0.000,6.533,6.524,0.188,0.157,0.317,25.129,669273
1782536667095,0,0,0.000,6.541,6.533,0.188,0.157,0.247,25.129,669306
1782536667129,0,0,0.000,6.533,6.533,0.188,0.157,0.387,25.129,669339
1782536667161,0,0,0.000,6.541,6.541,0.188,0.157,0.242,25.129,669372
1782536667195,0,0,0.000,6.541,6.533,0.220,0.126,0.355,25.129,669405
1782536667228,0,0,0.000,6.541,6.533,0.188,0.157,0.199,25.129,669438
1782536667261,0,0,0.000,6.533,6.533,0.188,0.157,0.419,25.129,669471
1782536667295,0,0,0.000,6.549,6.533,0.188,0.157,0.263,25.129,669504
1782536667330,0,0,0.000,6.549,6.541,0.157,0.188,0.199,25.129,669537
1782536667361,0,0,0.000,6.541,6.549,0.188,0.157,0.290,25.215,669570
1782536667394,0,0,0.000,6.549,6.541,0.251,0.188,0.194,25.129,669603
1782536667430,0,0,0.000,6.541,6.533,0.157,0.157,0.269,25.129,669636
1782536667460,0,0,0.012,6.524,6.516,0.188,0.157,0.435,25.129,669669
1782536667494,0,0,0.000,6.549,6.541,0.188,0.157,0.204,25.129,669702
1782536667536,0,0,0.000,6.541,6.541,0.188,0.157,0.210,25.129,669735
1782536667561,0,0,0.000,6.541,6.533,0.188,0.188,0.199,25.129,669768
1782536667594,0,0,0.000,6.541,6.533,0.188,0.188,0.204,25.129,669801
1782536667635,0,0,0.006,6.533,6.533,0.126,0.126,0.204,25.129,669834
1782536667660,0,0,0.000,6.557,6.541,0.188,0.188,0.231,25.215,669867
1782536667700,0,0,0.000,6.541,6.533,0.188,0.157,0.204,25.129,669900
1782536667727,0,0,0.000,6.541,6.533,0.188,0.157,0.204,25.129,669933
1782536667761,0,0,0.000,6.524,6.541,0.188,0.157,0.204,25.215,669966
1782536667799,0,0,0.000,6.541,6.533,0.188,0.157,0.237,25.129,669999
1782536667830,0,0,0.000,6.557,6.541,0.188,0.157,0.210,25.129,670032
1782536667863,0,0,0.000,6.533,6.524,0.188,0.157,0.344,25.129,670065
1782536667903,0,0,0.000,6.541,6.533,0.188,0.157,0.210,25.129,670098
1782536667927,0,0,0.000,6.541,6.549,0.188,0.157,0.210,25.129,670131
1782536667959,0,0,0.000,6.541,6.541,0.188,0.157,0.210,25.215,670164
1782536667992,0,0,0.000,6.549,6.533,0.188,0.157,0.226,25.129,670197
1782536668027,0,0,0.000,6.541,6.533,0.188,0.157,0.210,25.129,670230
1782536668059,0,0,0.000,6.541,6.533,0.188,0.157,0.220,25.129,670263
1782536668094,0,0,0.000,6.541,6.533,0.220,0.157,0.199,25.129,670296
1782536668125,0,0,0.006,6.541,6.533,0.188,0.188,0.220,25.129,670329
1782536668159,0,0,0.000,6.541,6.524,0.220,0.157,0.296,25.129,670362
1782536668193,0,0,0.000,6.541,6.524,0.188,0.126,0.237,25.129,670395
1782536668226,0,0,0.000,6.541,6.541,0.188,0.157,0.204,25.129,670428
1782536668261,0,0,0.000,6.557,6.524,0.126,0.157,0.237,25.129,670461
1782536668296,0,0,0.000,6.541,6.541,0.220,0.157,0.237,25.129,670494
1782536668326,0,0,0.000,6.533,6.533,0.157,0.157,0.247,25.043,670527
1782536668359,0,0,0.000,6.549,6.541,0.188,0.157,0.204,25.129,670560
1782536668395,0,0,0.000,6.541,6.533,0.188,0.157,0.204,25.129,670593
1782536668425,0,0,0.000,6.541,6.541,0.188,0.157,0.226,25.129,670626
1782536668459,0,0,0.000,6.541,6.557,0.188,0.157,0.220,25.129,670659
1782536668492,0,0,0.012,6.541,6.524,0.188,0.157,0.220,25.129,670692
1782536668539,0,0,0.012,6.541,6.541,0.188,0.188,0.204,25.129,670725
1782536668559,0,0,0.000,6.541,6.533,0.220,0.094,0.215,25.129,670758
1782536668591,0,0,0.000,6.541,6.541,0.188,0.188,0.204,25.129,670791
1782536668624,0,0,0.000,6.541,6.533,0.188,0.157,0.220,25.129,670824
1782536668660,0,0,0.000,6.541,6.533,0.188,0.157,0.226,25.129,670857
1782536668703,0,0,0.000,6.541,6.533,0.188,0.157,0.210,25.129,670890
1782536668725,0,0,0.000,6.549,6.549,0.188,0.157,0.204,25.129,670923
1782536668757,0,0,0.000,6.541,6.533,0.157,0.157,0.226,25.129,670956
1782536668791,0,0,0.000,6.549,6.541,0.188,0.188,0.237,25.129,670989
1782536668824,0,0,0.000,6.541,6.541,0.188,0.188,0.210,25.129,671022
1782536668863,0,0,0.006,6.557,6.541,0.157,0.157,0.231,25.129,671055
1782536668891,0,0,0.000,6.524,6.524,0.188,0.157,0.339,25.129,671088
1782536668927,0,0,0.000,6.533,6.541,0.188,0.157,0.215,25.129,671121
1782536668957,0,0,0.006,6.541,6.541,0.188,0.188,0.204,25.129,671154
1782536668990,0,0,0.000,6.541,6.533,0.188,0.157,0.220,25.215,671187
1782536669029,0,0,0.000,6.533,6.533,0.157,0.157,0.328,25.129,671220
1782536669059,0,0,0.000,6.541,6.533,0.220,0.188,0.237,25.129,671253
1782536669097,0,0,0.000,6.541,6.541,0.157,0.157,0.215,25.129,671286
1782536669128,0,0,0.012,6.541,6.549,0.220,0.188,0.210,25.129,671319
1782536669162,0,0,0.006,6.549,6.533,0.188,0.157,0.215,25.129,671352
1782536669189,0,0,0.000,6.541,6.533,0.157,0.157,0.220,25.129,671385
1782536669227,0,0,0.000,6.541,6.533,0.188,0.157,0.231,25.215,671418
1782536669256,0,0,0.000,6.533,6.541,0.188,0.157,0.242,25.129,671451
1782536669290,0,0,0.000,6.541,6.533,0.157,0.188,0.237,25.129,671484
1782536669323,0,0,0.006,6.533,6.549,0.220,0.188,0.210,25.129,671517
1782536669356,0,0,0.000,6.549,6.524,0.188,0.157,0.220,25.129,671550
1782536669389,0,0,0.000,6.541,6.524,0.188,0.126,0.204,25.129,671583
1782536669425,0,0,0.006,6.541,6.533,0.220,0.157,0.220,25.129,671616
1782536669456,0,0,0.000,6.557,6.541,0.157,0.126,0.220,25.129,671649
1782536669494,0,0,0.006,6.541,6.541,0.188,0.157,0.215,25.215,671682
1782536669522,0,0,0.000,6.541,6.533,0.188,0.157,0.247,25.043,671715
1782536669555,0,0,0.000,6.533,6.524,0.188,0.188,0.247,25.129,671748
1782536669591,0,0,0.000,6.541,6.541,0.188,0.126,0.237,25.215,671781
1782536669621,0,0,0.000,6.549,6.533,0.188,0.126,0.220,25.129,671814
1782536669654,0,0,0.000,6.541,6.533,0.188,0.157,0.226,25.129,671847
1782536669689,0,0,0.000,6.541,6.533,0.188,0.157,0.220,25.129,671880
1782536669721,0,0,0.006,6.533,6.524,0.188,0.157,0.349,25.129,671913
1782536669755,0,0,0.006,6.541,6.533,0.188,0.157,0.204,25.129,671946
1782536669789,0,0,0.000,6.541,6.533,0.157,0.157,0.242,25.129,671979
1782536669821,0,0,0.000,6.524,6.533,0.188,0.157,0.237,25.129,672012
1782536669855,0,0,0.000,6.549,6.533,0.188,0.157,0.220,25.129,672045
1782536669887,0,0,0.000,6.541,6.533,0.188,0.157,0.210,25.129,672078
1782536669922,0,0,0.000,6.524,6.541,0.188,0.157,0.312,25.129,672111
1782536669955,0,0,0.000,6.541,6.541,0.188,0.157,0.231,25.129,672144
1782536669988,0,0,0.000,6.541,6.533,0.157,0.188,0.237,25.043,672177
1782536670023,0,0,0.000,6.541,6.549,0.126,0.157,0.237,25.129,672210
1782536670054,0,0,0.006,6.541,6.541,0.188,0.157,0.237,25.129,672243
1782536670100,0,0,0.000,6.541,6.533,0.188,0.157,0.204,25.129,672276
1782536670152,0,0,0.000,6.541,6.541,0.220,0.126,0.220,25.129,672309
1782536670193,0,0,0.000,6.541,6.541,0.188,0.157,0.226,25.129,672342
1782536670206,0,0,0.000,6.541,6.549,0.220,0.188,0.210,25.129,672375
1782536670221,0,0,0.000,6.524,6.524,0.188,0.157,0.258,25.129,672408
1782536670255,0,0,0.000,6.541,6.541,0.220,0.126,0.210,25.043,672441
1782536670297,0,0,0.006,6.541,6.533,0.188,0.157,0.215,25.129,672474
1782536670329,0,0,0.000,6.541,6.533,0.188,0.157,0.215,25.129,672507
1782536670364,0,0,0.000,6.541,6.533,0.188,0.157,0.226,25.043,672540
1782536670395,0,0,0.000,6.541,6.533,0.188,0.157,0.215,25.129,672573
1782536670431,0,0,0.000,6.533,6.533,0.220,0.157,0.253,25.129,672606
1782536670462,0,0,0.000,6.541,6.533,0.157,0.157,0.349,25.129,672639
1782536670494,0,0,0.006,6.541,6.541,0.220,0.126,0.237,25.129,672672
1782536670528,0,0,0.006,6.541,6.524,0.188,0.157,0.237,25.129,672705
1782536670578,0,0,0.000,6.541,6.533,0.157,0.157,0.226,25.129,672738
1782536670596,0,0,0.006,6.541,6.533,0.157,0.157,0.215,25.129,672771
1782536670631,0,0,0.000,6.549,6.533,0.157,0.157,0.263,25.215,672804
1782536670661,0,0,0.006,6.533,6.524,0.188,0.157,0.237,25.043,672837
1782536670696,0,0,0.000,6.541,6.533,0.220,0.188,0.242,25.043,672870
1782536670725,0,0,0.000,6.541,6.533,0.188,0.157,0.220,25.129,672903
1782536670773,0,0,0.000,6.541,6.533,0.188,0.157,0.210,25.129,672936
1782536670791,0,0,0.000,6.541,6.524,0.188,0.157,0.226,25.215,672969
1782536670824,0,0,0.000,6.541,6.533,0.188,0.157,0.210,25.129,673002
1782536670857,0,0,0.000,6.541,6.516,0.188,0.157,0.323,25.129,673035
1782536670895,0,0,0.000,6.524,6.541,0.188,0.126,0.226,25.129,673068
1782536670924,0,0,0.000,6.533,6.533,0.188,0.126,0.280,25.129,673101
1782536670956,0,0,0.000,6.541,6.533,0.188,0.157,0.215,25.129,673134
1782536670988,0,0,0.000,6.541,6.533,0.188,0.157,0.269,25.215,673167
1782536671023,0,0,0.006,6.533,6.541,0.220,0.188,0.210,25.129,673200
1782536671056,0,0,0.000,6.533,6.524,0.188,0.157,0.344,25.129,673233
1782536671087,0,0,0.000,6.541,6.533,0.157,0.157,0.215,25.129,673266
1782536671127,0,0,0.000,6.533,6.524,0.188,0.157,0.312,25.129,673299
1782536671156,0,0,0.000,6.541,6.541,0.157,0.157,0.204,25.129,673332
1782536671187,0,0,0.000,6.541,6.533,0.157,0.157,0.215,25.129,673365
1782536671219,0,0,0.000,6.533,6.541,0.220,0.157,0.199,25.129,673398
1782536671253,0,0,0.000,6.541,6.541,0.188,0.157,0.215,25.215,673431
1782536671289,0,0,0.000,6.541,6.541,0.188,0.188,0.204,25.129,673464
1782536671319,0,0,0.000,6.541,6.533,0.126,0.188,0.312,25.129,673497
1782536671357,0,0,0.006,6.541,6.533,0.188,0.157,0.204,25.129,673530
1782536671385,0,0,0.000,6.541,6.533,0.220,0.157,0.215,25.129,673563
1782536671418,0,0,0.000,6.533,6.524,0.188,0.157,0.269,25.129,673596
1782536671453,0,0,0.006,6.541,6.533,0.188,0.157,0.285,25.129,673629
1782536671484,0,0,0.000,6.541,6.516,0.157,0.157,0.274,25.129,673662
1782536671517,0,0,0.000,6.541,6.533,0.188,0.188,0.215,25.129,673695
1782536671551,0,0,0.000,6.524,6.533,0.126,0.157,0.366,25.129,673728
1782536671587,0,0,0.006,6.541,6.524,0.188,0.126,0.215,25.129,673761
1782536671618,0,0,0.000,6.533,6.541,0.188,0.157,0.349,25.129,673794
1782536671650,0,0,0.012,6.549,6.533,0.188,0.157,0.263,25.129,673827
1782536671690,0,0,0.000,6.524,6.524,0.157,0.157,0.366,25.129,673860
1782536671721,0,0,0.000,6.541,6.533,0.126,0.157,0.253,25.129,673893
1782536671765,0,0,0.006,6.516,6.524,0.188,0.157,0.328,25.215,673926
1782536671804,0,0,0.000,6.541,6.533,0.126,0.157,0.285,25.129,673959
1782536671816,0,0,0.000,6.533,6.524,0.157,0.188,0.280,25.129,673992
1782536671855,0,0,0.000,6.524,6.541,0.157,0.157,0.274,25.129,674025
1782536671882,0,0,0.000,6.533,6.541,0.188,0.126,0.274,25.129,674058
1782536671925,0,0,0.000,6.541,6.533,0.157,0.157,0.204,25.129,674091
1782536671956,0,0,0.000,6.541,6.533,0.157,0.157,0.210,25.129,674124
1782536672010,0,0,0.006,6.541,6.533,0.188,0.126,0.247,25.129,674157
1782536672016,0,0,0.000,6.541,6.549,0.251,0.157,0.204,25.129,674190
1782536672057,0,0,0.000,6.533,6.524,0.126,0.126,0.312,25.129,674223
1782536672082,0,0,0.000,6.541,6.541,0.188,0.157,0.226,25.129,674256
1782536672116,0,0,0.000,6.549,6.541,0.188,0.188,0.215,25.129,674289
1782536672148,0,0,0.000,6.541,6.533,0.157,0.157,0.242,25.129,674322
1782536672184,0,0,0.000,6.541,6.533,0.188,0.157,0.231,25.129,674355
1782536672215,0,0,0.000,6.533,6.533,0.220,0.188,0.258,25.043,674388
1782536672248,0,0,0.000,6.541,6.516,0.188,0.126,0.344,25.129,674421
1782536672281,0,0,0.000,6.541,6.533,0.188,0.188,0.215,25.129,674454
1782536672315,0,0,0.000,6.524,6.524,0.188,0.157,0.435,25.129,674487
1782536672349,0,0,0.000,6.541,6.541,0.188,0.188,0.220,25.129,674520
1782536672381,0,0,0.000,6.541,6.524,0.157,0.188,0.317,25.129,674553
1782536672422,0,0,0.000,6.541,6.541,0.157,0.157,0.285,25.129,674586
1782536672447,0,0,0.000,6.516,6.516,0.188,0.157,0.457,25.129,674619
1782536672481,0,0,0.000,6.549,6.524,0.188,0.157,0.231,25.043,674652
1782536672514,0,0,0.000,6.541,6.524,0.188,0.157,0.226,25.129,674685
1782536672547,0,0,0.006,6.549,6.533,0.188,0.157,0.247,25.129,674718
1782536672580,0,0,0.000,6.541,6.541,0.188,0.126,0.210,25.129,674751
1782536672616,0,0,0.000,6.541,6.533,0.188,0.157,0.210,25.129,674784
1782536672647,0,0,0.000,6.541,6.541,0.188,0.126,0.220,25.129,674817
1782536672681,0,0,0.000,6.541,6.541,0.220,0.126,0.231,25.129,674850
1782536672714,0,0,0.000,6.533,6.524,0.188,0.157,0.296,25.129,674883
1782536672754,0,0,0.000,6.533,6.533,0.220,0.157,0.215,25.129,674916
1782536672780,0,0,0.000,6.541,6.533,0.126,0.188,0.210,25.129,674949
1782536672817,0,0,0.000,6.541,6.541,0.188,0.157,0.237,25.129,674982
1782536672848,0,0,0.000,6.541,6.533,0.188,0.157,0.215,25.129,675015
1782536672880,0,0,0.000,6.541,6.533,0.188,0.157,0.204,25.129,675048
1782536672917,0,0,0.000,6.541,6.533,0.188,0.188,0.247,25.129,675081
1782536672950,0,0,0.000,6.533,6.533,0.188,0.188,0.237,25.129,675114
1782536672980,0,0,0.000,6.541,6.533,0.188,0.157,0.210,25.129,675147
1782536673019,0,0,0.000,6.541,6.549,0.188,0.188,0.210,25.129,675180
1782536673047,0,0,0.000,6.549,6.541,0.188,0.157,0.242,25.129,675213
1782536673079,0,0,0.000,6.533,6.541,0.188,0.157,0.231,25.043,675246
1782536673112,0,0,0.000,6.541,6.541,0.157,0.188,0.242,25.129,675279
1782536673147,0,0,0.000,6.541,6.524,0.188,0.157,0.220,25.129,675312
1782536673178,0,0,0.000,6.541,6.533,0.157,0.157,0.237,25.129,675345
1782536673214,0,0,0.000,6.549,6.541,0.157,0.157,0.226,25.129,675378
1782536673246,0,0,0.000,6.549,6.533,0.220,0.126,0.237,25.129,675411
1782536673278,0,0,0.000,6.549,6.541,0.188,0.157,0.215,25.129,675444
1782536673313,0,0,0.000,6.541,6.541,0.157,0.157,0.237,25.129,675477
1782536673345,0,0,0.000,6.541,6.533,0.188,0.157,0.210,25.129,675510
1782536673380,0,0,0.000,6.557,6.533,0.188,0.188,0.215,25.129,675543
1782536673436,0,0,0.000,6.541,6.524,0.188,0.157,0.237,25.129,675576
1782536673446,0,0,0.000,6.533,6.524,0.188,0.157,0.344,25.129,675609
1782536673479,0,0,0.000,6.541,6.533,0.188,0.157,0.237,25.043,675642
1782536673512,0,0,0.000,6.541,6.533,0.220,0.157,0.220,25.129,675675
1782536673546,0,0,0.006,6.541,6.533,0.188,0.157,0.215,25.043,675708
1782536673588,0,0,0.000,6.533,6.541,0.157,0.157,0.215,25.129,675741
1782536673619,0,0,0.000,6.541,6.541,0.188,0.157,0.220,25.129,675774
1782536673658,0,0,0.000,6.541,6.533,0.157,0.157,0.253,25.215,675807
1782536673679,0,0,0.000,6.541,6.541,0.188,0.157,0.220,25.129,675840
1782536673711,0,0,0.006,6.533,6.533,0.157,0.188,0.349,25.129,675873
1782536673746,0,0,0.000,6.541,6.524,0.188,0.157,0.215,25.043,675906
1782536673777,0,0,0.000,6.549,6.541,0.188,0.157,0.237,25.129,675939
1782536673811,0,0,0.000,6.549,6.533,0.188,0.157,0.237,25.129,675972
1782536673844,0,0,0.000,6.541,6.533,0.157,0.188,0.242,25.129,676005
1782536673878,0,0,0.000,6.533,6.533,0.188,0.188,0.220,25.043,676038
1782536673911,0,0,0.000,6.541,6.533,0.188,0.188,0.215,25.129,676071
1782536673945,0,0,0.000,6.541,6.533,0.188,0.157,0.231,25.129,676104
1782536673977,0,0,0.000,6.541,6.541,0.157,0.157,0.226,25.129,676137
1782536674010,0,0,0.000,6.557,6.533,0.188,0.157,0.237,25.129,676170
1782536674046,0,0,0.000,6.549,6.533,0.157,0.188,0.220,25.129,676203
1782536674077,0,0,0.000,6.541,6.541,0.188,0.157,0.220,25.215,676236
1782536674112,0,0,0.000,6.541,6.533,0.220,0.188,0.220,25.043,676269
1782536674148,0,0,0.006,6.541,6.541,0.188,0.188,0.237,25.129,676302
1782536674178,0,0,0.000,6.541,6.541,0.188,0.157,0.226,25.129,676335
1782536674211,0,0,0.000,6.541,6.533,0.188,0.157,0.237,25.129,676368
1782536674249,0,0,0.000,6.541,6.541,0.157,0.157,0.231,25.129,676401
1782536674276,0,0,0.000,6.533,6.541,0.220,0.157,0.226,25.129,676434
1782536674309,0,0,0.000,6.533,6.516,0.188,0.157,0.344,25.129,676467
1782536674350,0,0,0.000,6.533,6.533,0.157,0.157,0.296,25.129,676500
1782536674376,0,0,0.000,6.549,6.541,0.188,0.157,0.226,25.129,676533
1782536674409,0,0,0.006,6.541,6.541,0.220,0.188,0.226,25.129,676566
1782536674442,0,0,0.000,6.549,6.524,0.188,0.126,0.237,25.129,676599
1782536674476,0,0,0.000,6.541,6.533,0.188,0.157,0.215,25.129,676632
1782536674509,0,0,0.000,6.541,6.541,0.188,0.157,0.204,25.129,676665
1782536674542,0,0,0.006,6.533,6.541,0.188,0.126,0.231,25.043,676698
1782536674575,0,0,0.000,6.533,6.541,0.188,0.157,0.215,25.043,676731
1782536674609,0,0,0.000,6.541,6.541,0.157,0.157,0.215,25.129,676764
1782536674643,0,0,0.000,6.549,6.541,0.157,0.157,0.215,25.129,676797
1782536674690,0,0,0.000,6.541,6.533,0.157,0.157,0.226,25.129,676830
1782536674717,0,0,0.006,6.557,6.541,0.188,0.188,0.215,25.129,676863
1782536674756,0,0,0.000,6.533,6.524,0.188,0.126,0.339,25.129,676896
1782536674792,0,0,0.000,6.541,6.533,0.157,0.188,0.226,25.043,676929
1782536674817,0,0,0.000,6.524,6.533,0.188,0.157,0.253,25.129,676962
1782536674850,0,0,0.000,6.533,6.533,0.188,0.157,0.339,25.129,676995
1782536674884,0,0,0.006,6.549,6.533,0.188,0.157,0.237,25.129,677028
1782536674926,0,0,0.006,6.541,6.533,0.188,0.157,0.215,25.129,677061
1782536674949,0,0,0.000,6.549,6.541,0.188,0.157,0.199,25.129,677094
1782536674982,0,0,0.000,6.541,6.533,0.188,0.157,0.215,25.129,677127
1782536675015,0,0,0.000,6.541,6.533,0.188,0.188,0.237,25.043,677160
1782536675048,0,0,0.000,6.541,6.541,0.220,0.157,0.215,25.129,677193
1782536675085,0,0,0.000,6.541,6.533,0.188,0.188,0.231,25.129,677226
1782536675116,0,0,0.006,6.533,6.541,0.188,0.157,0.258,25.129,677259
1782536675148,0,0,0.006,6.541,6.541,0.220,0.157,0.215,25.129,677292
1782536675202,0,0,0.006,6.541,6.541,0.188,0.188,0.199,25.129,677325
1782536675228,0,0,0.000,6.541,6.549,0.188,0.157,0.242,25.129,677358
1782536675317,0,0,0.000,6.541,6.533,0.188,0.157,0.220,25.043,677391
1782536675323,0,0,0.000,6.541,6.533,0.188,0.126,0.210,25.129,677424
1782536675323,0,0,0.006,6.541,6.541,0.188,0.157,0.274,25.129,677457
1782536675345,0,0,0.000,6.541,6.533,0.188,0.188,0.355,25.129,677490
1782536675378,0,0,0.000,6.549,6.533,0.157,0.157,0.204,25.129,677523
1782536675412,0,0,0.000,6.533,6.541,0.220,0.157,0.231,25.129,677556
1782536675444,0,0,0.006,6.549,6.549,0.188,0.157,0.204,25.043,677589
1782536675482,0,0,0.000,6.541,6.533,0.188,0.188,0.204,25.129,677622
1782536675512,0,0,0.000,6.533,6.533,0.188,0.157,0.323,25.129,677655
1782536675542,0,0,0.000,6.541,6.533,0.188,0.157,0.210,25.129,677688
1782536675579,0,0,0.000,6.541,6.533,0.220,0.157,0.215,25.129,677721
1782536675612,0,0,0.006,6.524,6.524,0.188,0.157,0.317,25.129,677754
1782536675641,0,0,0.000,6.549,6.541,0.188,0.157,0.204,25.129,677787
1782536675688,0,0,0.012,6.541,6.524,0.188,0.157,0.258,25.129,677820
1782536675707,0,0,0.000,6.549,6.549,0.126,0.157,0.215,25.043,677853
1782536675741,0,0,0.000,6.549,6.533,0.157,0.157,0.355,25.129,677886
1782536675774,0,0,0.000,6.541,6.541,0.188,0.157,0.215,25.129,677919
1782536675807,0,0,0.000,6.541,6.533,0.188,0.157,0.226,25.215,677952
1782536675840,0,0,0.000,6.541,6.533,0.188,0.157,0.215,25.043,677985
1782536675873,0,0,0.000,6.524,6.524,0.188,0.188,0.425,25.129,678018
1782536675912,0,0,0.000,6.541,6.533,0.188,0.157,0.269,25.129,678051
1782536675939,0,0,0.000,6.541,6.541,0.188,0.157,0.237,25.129,678084
1782536675979,0,0,0.000,6.541,6.533,0.188,0.220,0.258,25.129,678117
1782536676007,0,0,0.000,6.541,6.516,0.188,0.126,0.328,25.129,678150
1782536676049,0,0,0.000,6.549,6.533,0.157,0.188,0.280,25.129,678183
1782536676079,0,0,0.000,6.533,6.524,0.188,0.157,0.403,25.129,678216
1782536676105,0,0,0.000,6.541,6.533,0.188,0.157,0.263,25.129,678249
1782536676138,0,0,0.000,6.533,6.524,0.188,0.188,0.247,25.129,678282
1782536676173,0,0,0.000,6.533,6.541,0.188,0.188,0.215,25.129,678315
1782536676207,0,0,0.000,6.541,6.541,0.157,0.126,0.226,25.129,678348
1782536676239,0,0,0.000,6.541,6.524,0.188,0.157,0.204,25.129,678381
1782536676271,0,0,0.000,6.541,6.541,0.188,0.157,0.231,25.129,678414
1782536676305,0,0,0.006,6.541,6.541,0.126,0.157,0.210,25.129,678447
1782536676339,0,0,0.000,6.541,6.524,0.157,0.126,0.210,25.129,678480
1782536676378,0,0,0.000,6.549,6.533,0.188,0.157,0.210,25.129,678513
1782536676404,0,0,0.000,6.541,6.533,0.188,0.157,0.312,25.129,678546
1782536676437,0,0,0.000,6.549,6.533,0.188,0.094,0.215,25.129,678579
1782536676471,0,0,0.000,6.541,6.541,0.188,0.126,0.226,25.129,678612
1782536676504,0,0,0.000,6.541,6.533,0.188,0.188,0.210,25.215,678645
1782536676537,0,0,0.000,6.533,6.524,0.157,0.157,0.409,25.043,678678
1782536676576,0,0,0.000,6.541,6.533,0.220,0.126,0.290,25.129,678711
1782536676605,0,0,0.000,6.541,6.533,0.126,0.157,0.333,25.129,678744
1782536676639,0,0,0.000,6.541,6.541,0.157,0.188,0.231,25.129,678777
1782536676677,0,0,0.000,6.524,6.524,0.157,0.157,0.398,25.129,678810
1782536676724,0,0,0.000,6.541,6.541,0.188,0.157,0.296,25.129,678843
1782536676738,0,0,0.000,6.533,6.533,0.188,0.157,0.290,25.129,678876
1782536676779,0,0,0.000,6.541,6.533,0.188,0.157,0.226,25.129,678909
1782536676808,0,0,0.000,6.533,6.524,0.188,0.157,0.344,25.129,678942
1782536676840,0,0,0.000,6.549,6.541,0.157,0.126,0.215,25.129,678975
1782536676870,0,0,0.000,6.533,6.524,0.188,0.157,0.392,25.129,679008
1782536676917,0,0,0.000,6.533,6.533,0.188,0.126,0.215,25.129,679041
1782536676937,0,0,0.000,6.541,6.541,0.157,0.157,0.204,25.129,679074
1782536676969,0,0,0.000,6.541,6.533,0.188,0.157,0.242,25.129,679107
1782536677004,0,0,0.000,6.533,6.524,0.188,0.157,0.247,25.129,679140
1782536677036,0,0,0.000,6.541,6.533,0.188,0.157,0.215,25.129,679173
1782536677069,0,0,0.012,6.541,6.524,0.157,0.157,0.312,25.129,679206
1782536677102,0,0,0.006,6.541,6.533,0.188,0.157,0.237,25.129,679239
1782536677143,0,0,0.000,6.541,6.541,0.220,0.188,0.204,25.043,679272
1782536677169,0,0,0.000,6.541,6.524,0.126,0.157,0.220,25.129,679305
1782536677204,0,0,0.000,6.549,6.533,0.188,0.157,0.226,25.129,679338
1782536677235,0,0,0.000,6.533,6.541,0.220,0.126,0.226,25.129,679371
1782536677268,0,0,0.000,6.541,6.541,0.188,0.157,0.220,25.129,679404
1782536677304,0,0,0.000,6.541,6.524,0.188,0.157,0.403,25.129,679437
1782536677341,0,0,0.000,6.541,6.533,0.188,0.157,0.210,25.129,679470
1782536677369,0,0,0.000,6.533,6.533,0.188,0.188,0.220,25.215,679503
1782536677404,0,0,0.000,6.541,6.533,0.188,0.157,0.226,25.043,679536
1782536677435,0,0,0.000,6.541,6.533,0.157,0.157,0.215,25.129,679569
1782536677468,0,0,0.000,6.541,6.533,0.157,0.188,0.220,25.129,679602
1782536677504,0,0,0.000,6.533,6.524,0.188,0.157,0.215,25.129,679635
1782536677535,0,0,0.000,6.533,6.524,0.188,0.126,0.204,25.043,679668
1782536677568,0,0,0.000,6.549,6.549,0.157,0.157,0.237,25.129,679701
1782536677602,0,0,0.000,6.541,6.541,0.188,0.126,0.220,25.129,679734
1782536677634,0,0,0.000,6.541,6.533,0.220,0.188,0.220,25.043,679767
1782536677668,0,0,0.000,6.549,6.541,0.188,0.157,0.242,25.129,679800
1782536677701,0,0,0.000,6.541,6.524,0.157,0.157,0.274,25.129,679833
1782536677735,0,0,0.000,6.541,6.524,0.188,0.126,0.290,25.129,679866
1782536677767,0,0,0.000,6.541,6.549,0.188,0.157,0.226,25.129,679899
1782536677801,0,0,0.000,6.549,6.549,0.220,0.157,0.237,25.129,679932
1782536677835,0,0,0.006,6.541,6.533,0.188,0.157,0.220,25.129,679965
1782536677867,0,0,0.006,6.541,6.533,0.157,0.188,0.274,25.129,679998
1782536677902,0,0,0.000,6.541,6.533,0.188,0.157,0.215,25.129,680031
1782536677935,0,0,0.000,6.533,6.533,0.188,0.157,0.237,25.129,680064
1782536677968,0,0,0.000,6.549,6.541,0.188,0.157,0.226,25.129,680097
1782536678004,0,0,0.000,6.541,6.541,0.188,0.157,0.220,25.129,680130
1782536678038,0,0,0.000,6.549,6.541,0.188,0.188,0.215,25.129,680163
1782536678070,0,0,0.000,6.541,6.533,0.188,0.157,0.210,25.129,680196
1782536678100,0,0,0.000,6.541,6.541,0.188,0.157,0.215,25.043,680229
1782536678136,0,0,0.000,6.541,6.541,0.220,0.157,0.215,25.129,680262
1782536678166,0,0,0.000,6.541,6.533,0.220,0.188,0.328,25.129,680295
1782536678200,0,0,0.000,6.541,6.541,0.188,0.188,0.215,25.043,680328
1782536678241,0,0,0.000,6.533,6.533,0.188,0.157,0.210,25.129,680361
1782536678266,0,0,0.000,6.549,6.524,0.188,0.157,0.242,25.129,680394
1782536678304,0,0,0.000,6.549,6.524,0.188,0.157,0.215,25.129,680427
1782536678333,0,0,0.006,6.533,6.541,0.188,0.188,0.210,25.129,680460
1782536678366,0,0,0.006,6.533,6.541,0.188,0.126,0.204,25.129,680493
1782536678399,0,0,0.000,6.541,6.533,0.188,0.188,0.215,25.129,680526
1782536678433,0,0,0.000,6.541,6.557,0.188,0.157,0.247,25.043,680559
1782536678467,0,0,0.000,6.541,6.541,0.188,0.157,0.210,25.129,680592
1782536678500,0,0,0.000,6.549,6.541,0.188,0.157,0.215,25.129,680625
1782536678550,0,0,0.000,6.557,6.549,0.188,0.157,0.220,25.129,680658
1782536678567,0,0,0.000,6.541,6.549,0.188,0.126,0.215,25.129,680691
1782536678600,0,0,0.006,6.541,6.541,0.251,0.126,0.215,25.129,680724
1782536678633,0,0,0.006,6.541,6.533,0.188,0.157,0.215,25.129,680757
1782536678665,0,0,0.000,6.541,6.533,0.188,0.157,0.231,25.129,680790
1782536678699,0,0,0.000,6.541,6.541,0.188,0.157,0.215,25.129,680823
1782536678733,0,0,0.000,6.533,6.524,0.157,0.126,0.226,25.129,680856
1782536678767,0,0,0.000,6.541,6.541,0.188,0.157,0.237,25.129,680889
1782536678800,0,0,0.000,6.541,6.533,0.188,0.157,0.220,25.129,680922
1782536678832,0,0,0.000,6.541,6.524,0.188,0.126,0.210,25.129,680955
1782536678865,0,0,0.000,6.541,6.533,0.188,0.188,0.215,25.043,680988
1782536678898,0,0,0.000,6.533,6.541,0.188,0.157,0.210,25.043,681021
1782536678931,0,0,0.000,6.557,6.533,0.188,0.157,0.231,25.215,681054
1782536678971,0,0,0.000,6.533,6.533,0.188,0.157,0.258,25.129,681087
1782536678998,0,0,0.006,6.549,6.541,0.188,0.126,0.220,25.043,681120
1782536679033,0,0,0.000,6.541,6.541,0.157,0.188,0.220,25.215,681153
1782536679065,0,0,0.000,6.541,6.541,0.220,0.188,0.231,25.129,681186
1782536679107,0,0,0.000,6.541,6.524,0.157,0.157,0.204,25.129,681219
1782536679140,0,0,0.000,6.524,6.533,0.188,0.157,0.199,25.129,681252
1782536679173,0,0,0.006,6.541,6.533,0.188,0.188,0.237,25.129,681285
1782536679210,0,0,0.000,6.541,6.533,0.188,0.157,0.237,25.129,681318
1782536679239,0,0,0.000,6.533,6.533,0.157,0.188,0.258,25.129,681351
1782536679272,0,0,0.000,6.549,6.541,0.188,0.157,0.226,25.129,681384
1782536679304,0,0,0.000,6.541,6.524,0.157,0.157,0.242,25.129,681417
1782536679339,0,0,0.000,6.549,6.541,0.188,0.157,0.215,25.129,681450
1782536679373,0,0,0.000,6.533,6.533,0.157,0.157,0.226,25.129,681483
1782536679405,0,0,0.000,6.541,6.533,0.188,0.157,0.204,25.129,681516
1782536679437,0,0,0.000,6.541,6.533,0.157,0.157,0.204,25.129,681549
1782536679478,0,0,0.000,6.541,6.524,0.188,0.157,0.210,25.215,681582
1782536679503,0,0,0.000,6.541,6.533,0.188,0.157,0.349,25.129,681615
1782536679536,0,0,0.000,6.541,6.533,0.188,0.157,0.210,25.129,681648
1782536679573,0,0,0.000,6.541,6.533,0.188,0.157,0.204,25.129,681681
1782536679606,0,0,0.000,6.524,6.533,0.126,0.126,0.194,25.043,681714
1782536679635,0,0,0.000,6.541,6.533,0.220,0.188,0.220,25.129,681747
1782536679671,0,0,0.000,6.541,6.524,0.157,0.126,0.210,25.129,681780
1782536679701,0,0,0.000,6.549,6.533,0.188,0.157,0.215,25.129,681813
1782536679734,0,0,0.000,6.541,6.549,0.220,0.126,0.199,25.129,681846
1782536679768,0,0,0.000,6.541,6.533,0.188,0.157,0.258,25.129,681879
1782536679800,0,0,0.000,6.541,6.541,0.188,0.220,0.199,25.129,681912
1782536679837,0,0,0.006,6.541,6.524,0.188,0.188,0.274,25.129,681945
1782536679867,0,0,0.000,6.533,6.541,0.157,0.157,0.210,25.129,681978
1782536679898,0,0,0.006,6.533,6.541,0.188,0.157,0.280,25.129,682011
1782536679936,0,0,0.000,6.541,6.541,0.188,0.157,0.204,25.129,682044
1782536679984,0,0,0.006,6.549,6.524,0.157,0.157,0.237,25.043,682077
1782536680009,0,0,0.000,6.541,6.541,0.188,0.188,0.204,25.129,682110
1782536680030,0,0,0.006,6.541,6.533,0.188,0.126,0.258,25.129,682143
1782536680071,0,0,0.000,6.541,6.533,0.220,0.157,0.258,25.129,682176
1782536680097,0,0,0.000,6.533,6.524,0.188,0.157,0.328,25.129,682209
1782536680131,0,0,0.000,6.541,6.541,0.188,0.126,0.210,25.129,682242
1782536680167,0,0,0.006,6.541,6.541,0.157,0.188,0.210,25.129,682275
1782536680202,0,0,0.000,6.533,6.516,0.188,0.188,0.306,25.129,682308
1782536680237,0,0,0.000,6.533,6.533,0.188,0.157,0.280,25.129,682341
1782536680262,0,0,0.000,6.533,6.533,0.188,0.157,0.349,25.129,682374
1782536680295,0,0,0.000,6.541,6.533,0.188,0.157,0.247,25.129,682407
1782536680328,0,0,0.000,6.533,6.524,0.188,0.157,0.306,25.129,682440
1782536680361,0,0,0.006,6.541,6.541,0.157,0.126,0.247,25.129,682473
1782536680394,0,0,0.000,6.524,6.533,0.188,0.188,0.323,25.215,682506
1782536680427,0,0,0.000,6.541,6.533,0.251,0.157,0.258,25.129,682539
1782536680460,0,0,0.000,6.533,6.516,0.188,0.188,0.231,25.043,682572
1782536680496,0,0,0.000,6.541,6.541,0.188,0.126,0.204,25.129,682605
1782536680539,0,0,0.000,6.541,6.541,0.188,0.188,0.220,25.129,682638
1782536680560,0,0,0.000,6.549,6.541,0.188,0.188,0.344,25.129,682671
1782536680598,0,0,0.000,6.541,6.533,0.188,0.157,0.204,25.129,682704
1782536680630,0,0,0.000,6.541,6.541,0.188,0.157,0.210,25.043,682737
1782536680660,0,0,0.000,6.533,6.524,0.188,0.188,0.344,25.043,682770
1782536680699,0,0,0.000,6.541,6.533,0.157,0.126,0.258,25.129,682803
1782536680726,0,0,0.000,6.533,6.533,0.188,0.157,0.323,25.215,682836
1782536680760,0,0,0.000,6.541,6.541,0.126,0.188,0.199,25.129,682869
1782536680801,0,0,0.000,6.541,6.541,0.157,0.157,0.204,25.215,682902
1782536680827,0,0,0.000,6.541,6.533,0.188,0.157,0.339,25.129,682935
1782536680859,0,0,0.000,6.533,6.533,0.188,0.157,0.274,25.043,682968
1782536680893,0,0,0.000,6.541,6.516,0.157,0.126,0.366,25.129,683001
1782536680926,0,0,0.000,6.541,6.533,0.188,0.157,0.280,25.129,683034
1782536680959,0,0,0.000,6.524,6.516,0.188,0.188,0.317,25.043,683067
1782536680993,0,0,0.000,6.549,6.533,0.157,0.157,0.199,25.129,683100
1782536681025,0,0,0.000,6.541,6.533,0.188,0.126,0.199,25.129,683133
1782536681061,0,0,0.000,6.541,6.541,0.188,0.157,0.210,25.129,683166
1782536681093,0,0,0.000,6.533,6.533,0.188,0.188,0.349,25.215,683199
1782536681126,0,0,0.006,6.541,6.541,0.126,0.188,0.220,25.129,683232
1782536681159,0,0,0.000,6.541,6.533,0.157,0.126,0.210,25.129,683265
1782536681192,0,0,0.000,6.541,6.533,0.188,0.188,0.242,25.129,683298
1782536681240,0,0,0.000,6.541,6.541,0.188,0.094,0.210,25.129,683331
1782536681259,0,0,0.000,6.533,6.533,0.188,0.157,0.301,25.129,683364
1782536681292,0,0,0.000,6.541,6.541,0.188,0.157,0.253,25.129,683397
1782536681325,0,0,0.000,6.541,6.533,0.157,0.157,0.226,25.129,683430
1782536681359,0,0,0.000,6.541,6.533,0.188,0.157,0.231,25.129,683463
1782536681397,0,0,0.012,6.541,6.541,0.157,0.157,0.215,25.129,683496
1782536681425,0,0,0.000,6.541,6.541,0.220,0.126,0.220,25.043,683529
1782536681458,0,0,0.012,6.541,6.533,0.126,0.157,0.226,25.129,683562
1782536681492,0,0,0.000,6.549,6.533,0.188,0.157,0.199,25.043,683595
1782536681526,0,0,0.000,6.541,6.541,0.188,0.157,0.226,25.129,683628
1782536681558,0,0,0.000,6.541,6.541,0.188,0.157,0.226,25.129,683661
1782536681601,0,0,0.000,6.541,6.557,0.188,0.188,0.210,25.129,683694
1782536681631,0,0,0.000,6.533,6.533,0.188,0.188,0.296,25.043,683727
1782536681658,0,0,0.000,6.549,6.541,0.188,0.126,0.242,25.129,683760
1782536681693,0,0,0.000,6.533,6.533,0.188,0.157,0.215,25.129,683793
1782536681726,0,0,0.000,6.557,6.541,0.157,0.188,0.226,25.129,683826
1782536681770,0,0,0.000,6.541,6.541,0.126,0.157,0.210,25.129,683859
1782536681798,0,0,0.006,6.533,6.541,0.126,0.188,0.199,25.129,683892
1782536681834,0,0,0.000,6.541,6.533,0.188,0.157,0.226,25.043,683925
1782536681859,0,0,0.000,6.541,6.533,0.220,0.188,0.210,25.129,683958
1782536681891,0,0,0.000,6.549,6.524,0.188,0.157,0.226,25.129,683991
1782536681925,0,0,0.012,6.549,6.524,0.188,0.188,0.210,25.215,684024
1782536681960,0,0,0.000,6.541,6.549,0.188,0.126,0.231,25.129,684057
1782536681991,0,0,0.000,6.541,6.533,0.157,0.126,0.215,25.129,684090
1782536682031,0,0,0.000,6.549,6.533,0.188,0.157,0.210,25.129,684123
1782536682066,0,0,0.000,6.533,6.533,0.157,0.157,0.274,25.215,684156
1782536682089,0,0,0.006,6.549,6.533,0.188,0.188,0.199,25.129,684189
1782536682123,0,0,0.000,6.541,6.533,0.188,0.157,0.204,25.129,684222
1782536682157,0,0,0.012,6.541,6.533,0.188,0.157,0.215,25.129,684255
1782536682190,0,0,0.000,6.541,6.541,0.188,0.157,0.210,25.129,684288
1782536682224,0,0,0.006,6.541,6.533,0.188,0.157,0.220,25.129,684321
1782536682257,0,0,0.000,6.541,6.533,0.188,0.157,0.199,25.215,684354
1782536682289,0,0,0.006,6.541,6.533,0.220,0.188,0.306,25.129,684387
1782536682324,0,0,0.000,6.533,6.541,0.188,0.188,0.220,25.129,684420
1782536682356,0,0,0.006,6.557,6.541,0.188,0.157,0.199,25.129,684453
1782536682391,0,0,0.000,6.557,6.533,0.188,0.157,0.204,25.043,684486
1782536682422,0,0,0.000,6.533,6.533,0.220,0.157,0.220,25.043,684519
1782536682456,0,0,0.000,6.549,6.524,0.188,0.157,0.215,25.129,684552
1782536682490,0,0,0.000,6.524,6.524,0.157,0.188,0.349,25.129,684585
1782536682524,0,0,0.000,6.541,6.533,0.220,0.157,0.210,25.129,684618
1782536682555,0,0,0.000,6.541,6.533,0.188,0.157,0.215,25.129,684651
1782536682589,0,0,0.000,6.541,6.541,0.188,0.188,0.231,25.129,684684
1782536682621,0,0,0.000,6.541,6.541,0.188,0.157,0.204,25.129,684717
1782536682655,0,0,0.006,6.541,6.533,0.188,0.157,0.215,25.129,684750
1782536682687,0,0,0.000,6.533,6.533,0.157,0.157,0.333,25.129,684783
1782536682722,0,0,0.000,6.541,6.549,0.157,0.157,0.226,25.129,684816
1782536682754,0,0,0.000,6.549,6.524,0.188,0.157,0.247,25.129,684849
1782536682790,0,0,0.000,6.541,6.524,0.188,0.157,0.210,25.129,684882
1782536682821,0,0,0.000,6.541,6.533,0.188,0.157,0.242,25.043,684915
1782536682855,0,0,0.000,6.549,6.533,0.188,0.157,0.328,25.129,684948
1782536682887,0,0,0.000,6.549,6.541,0.157,0.157,0.204,25.129,684981
1782536682921,0,0,0.000,6.557,6.533,0.188,0.157,0.210,25.129,685014
1782536682955,0,0,0.000,6.541,6.541,0.188,0.157,0.220,25.129,685047
1782536682988,0,0,0.000,6.549,6.541,0.188,0.188,0.226,25.215,685080
1782536683024,0,0,0.000,6.541,6.533,0.188,0.157,0.210,25.215,685113
1782536683056,0,0,0.000,6.533,6.533,0.188,0.157,0.323,25.129,685146
1782536683088,0,0,0.006,6.549,6.533,0.157,0.157,0.194,25.129,685179
1782536683120,0,0,0.000,6.549,6.533,0.126,0.188,0.215,25.129,685212
1782536683157,0,0,0.000,6.541,6.541,0.251,0.188,0.328,25.129,685245
1782536683190,0,0,0.000,6.541,6.549,0.188,0.126,0.226,25.129,685278
1782536683220,0,0,0.000,6.541,6.541,0.126,0.188,0.333,25.129,685311
1782536683263,0,0,0.000,6.541,6.541,0.188,0.157,0.210,25.129,685344
1782536683286,0,0,0.006,6.549,6.533,0.188,0.188,0.204,25.129,685377
1782536683321,0,0,0.000,6.549,6.524,0.188,0.157,0.215,25.129,685410
1782536683358,0,0,0.000,6.541,6.549,0.188,0.188,0.210,25.129,685443
1782536683387,0,0,0.000,6.541,6.533,0.188,0.188,0.226,25.129,685476
1782536683419,0,0,0.000,6.541,6.533,0.188,0.188,0.215,25.129,685509
1782536683453,0,0,0.006,6.541,6.533,0.126,0.188,0.231,25.129,685542
1782536683487,0,0,0.000,6.541,6.541,0.157,0.188,0.210,25.129,685575
1782536683519,0,0,0.000,6.541,6.541,0.188,0.157,0.199,25.129,685608
1782536683567,0,0,0.000,6.533,6.541,0.188,0.157,0.253,25.129,685641
1782536683611,0,0,0.006,6.533,6.541,0.188,0.157,0.237,25.129,685674
1782536683628,0,0,0.000,6.533,6.541,0.188,0.157,0.220,25.129,685707
1782536683661,0,0,0.000,6.541,6.533,0.188,0.188,0.226,25.129,685740
1782536683696,0,0,0.000,6.541,6.524,0.126,0.188,0.285,25.129,685773
1782536683730,0,0,0.000,6.541,6.533,0.188,0.126,0.253,25.129,685806
1782536683762,0,0,0.000,6.549,6.533,0.188,0.157,0.220,25.129,685839
1782536683793,0,0,0.000,6.541,6.533,0.188,0.157,0.231,25.129,685872
1782536683826,0,0,0.006,6.524,6.533,0.188,0.157,0.242,25.129,685905
1782536683860,0,0,0.000,6.541,6.541,0.188,0.220,0.215,25.129,685938
1782536683893,0,0,0.000,6.541,6.533,0.220,0.157,0.242,25.129,685971
1782536683933,0,0,0.006,6.533,6.533,0.188,0.188,0.231,25.129,686004
1782536683958,0,0,0.000,6.541,6.541,0.188,0.188,0.247,25.043,686037
1782536683991,0,0,0.000,6.541,6.533,0.126,0.126,0.210,25.129,686070
1782536684024,0,0,0.000,6.533,6.541,0.126,0.126,0.215,25.129,686103
1782536684056,0,0,0.000,6.541,6.533,0.157,0.220,0.204,25.129,686136
1782536684090,0,0,0.000,6.549,6.533,0.157,0.188,0.215,25.129,686169
1782536684129,0,0,0.000,6.549,6.516,0.188,0.126,0.204,25.129,686202
1782536684156,0,0,0.000,6.533,6.516,0.188,0.157,0.355,25.043,686235
1782536684189,0,0,0.000,6.541,6.541,0.188,0.188,0.215,25.129,686268
1782536684221,0,0,0.000,6.549,6.541,0.188,0.126,0.274,25.129,686301
1782536684254,0,0,0.006,6.541,6.533,0.126,0.157,0.333,25.129,686334
1782536684288,0,0,0.006,6.541,6.533,0.188,0.157,0.204,25.129,686367
1782536684320,0,0,0.000,6.524,6.541,0.188,0.157,0.210,25.129,686400
1782536684355,0,0,0.000,6.549,6.549,0.188,0.157,0.204,25.129,686433
1782536684394,0,0,0.000,6.541,6.533,0.157,0.157,0.285,25.129,686466
1782536684420,0,0,0.000,6.541,6.524,0.188,0.188,0.339,25.129,686499
1782536684453,0,0,0.000,6.541,6.541,0.188,0.220,0.280,25.129,686532
1782536684495,0,0,0.000,6.541,6.533,0.188,0.188,0.215,25.129,686565
1782536684521,0,0,0.006,6.524,6.524,0.188,0.157,0.419,25.129,686598
1782536684552,0,0,0.000,6.549,6.541,0.188,0.157,0.210,25.129,686631
1782536684597,0,0,0.000,6.524,6.549,0.157,0.157,0.220,25.129,686664
1782536684623,0,0,0.000,6.549,6.541,0.126,0.126,0.226,25.129,686697
1782536684651,0,0,0.000,6.533,6.533,0.188,0.188,0.237,25.129,686730
1782536684698,0,0,0.000,6.541,6.541,0.157,0.126,0.226,25.129,686763
1782536684716,0,0,0.000,6.524,6.524,0.188,0.157,0.355,25.129,686796
1782536684758,0,0,0.000,6.541,6.533,0.157,0.094,0.258,25.129,686829
1782536684783,0,0,0.000,6.541,6.524,0.220,0.188,0.323,25.129,686862
1782536684829,0,0,0.006,6.541,6.533,0.157,0.157,0.220,25.129,686895
1782536684857,0,0,0.000,6.549,6.541,0.126,0.188,0.328,25.043,686928
1782536684893,0,0,0.000,6.524,6.533,0.188,0.157,0.290,25.129,686961
1782536684916,0,0,0.000,6.541,6.533,0.188,0.126,0.269,25.043,686994
1782536684950,0,0,0.000,6.549,6.541,0.157,0.157,0.210,25.129,687027
1782536684982,0,0,0.000,6.541,6.541,0.157,0.126,0.210,25.129,687060
1782536685015,0,0,0.000,6.541,6.524,0.188,0.188,0.204,25.129,687093
1782536685048,0,0,0.000,6.533,6.524,0.188,0.188,0.194,25.129,687126
1782536685107,0,0,0.000,6.533,6.541,0.220,0.157,0.215,25.129,687159
1782536685115,0,0,0.006,6.541,6.533,0.157,0.157,0.226,25.129,687192
1782536685149,0,0,0.000,6.541,6.541,0.188,0.157,0.204,25.043,687225
1782536685181,0,0,0.000,6.541,6.541,0.188,0.188,0.210,25.129,687258
1782536685215,0,0,0.000,6.541,6.541,0.188,0.126,0.215,25.129,687291
1782536685251,0,0,0.000,6.533,6.533,0.188,0.126,0.280,25.129,687324
1782536685290,0,0,0.000,6.549,6.533,0.188,0.220,0.253,25.129,687357
1782536685315,0,0,0.000,6.541,6.516,0.220,0.157,0.344,25.129,687390
1782536685349,0,0,0.000,6.541,6.533,0.188,0.157,0.237,25.129,687423
1782536685381,0,0,0.000,6.533,6.533,0.188,0.157,0.333,25.129,687456
1782536685415,0,0,0.000,6.533,6.541,0.188,0.157,0.215,25.129,687489
1782536685448,0,0,0.000,6.533,6.524,0.188,0.157,0.452,25.215,687522
1782536685481,0,0,0.000,6.541,6.533,0.157,0.157,0.285,25.129,687555
1782536685517,0,0,0.000,6.541,6.541,0.157,0.157,0.253,25.129,687588
1782536685547,0,0,0.000,6.541,6.541,0.188,0.188,0.242,25.129,687621
1782536685582,0,0,0.000,6.549,6.524,0.188,0.157,0.237,25.043,687654
1782536685616,0,0,0.000,6.541,6.533,0.188,0.188,0.366,25.129,687687
1782536685650,0,0,0.000,6.533,6.533,0.188,0.157,0.210,25.129,687720
1782536685680,0,0,0.000,6.533,6.541,0.188,0.157,0.215,25.129,687753
1782536685717,0,0,0.000,6.533,6.541,0.126,0.157,0.215,25.129,687786
1782536685750,0,0,0.000,6.541,6.533,0.157,0.157,0.231,25.129,687819
1782536685779,0,0,0.000,6.541,6.524,0.188,0.220,0.290,25.129,687852
1782536685819,0,0,0.000,6.533,6.524,0.157,0.126,0.349,25.043,687885
1782536685851,0,0,0.000,6.541,6.533,0.188,0.157,0.317,25.129,687918
1782536685881,0,0,0.000,6.541,6.524,0.188,0.126,0.226,25.129,687951
1782536685914,0,0,0.000,6.541,6.533,0.188,0.157,0.242,25.129,687984
1782536685947,0,0,0.000,6.541,6.541,0.157,0.157,0.226,25.129,688017
1782536685980,0,0,0.000,6.533,6.541,0.188,0.126,0.237,25.129,688050
1782536686014,0,0,0.000,6.541,6.541,0.188,0.126,0.204,25.129,688083
1782536686047,0,0,0.000,6.541,6.533,0.188,0.157,0.215,25.129,688116
1782536686079,0,0,0.000,6.541,6.533,0.157,0.188,0.215,25.129,688149
1782536686115,0,0,0.000,6.541,6.541,0.188,0.157,0.237,25.129,688182
1782536686148,0,0,0.000,6.541,6.541,0.188,0.157,0.204,25.129,688215
1782536686180,0,0,0.000,6.541,6.541,0.188,0.188,0.290,25.129,688248
1782536686216,0,0,0.006,6.549,6.541,0.157,0.188,0.242,25.129,688281
1782536686248,0,0,0.000,6.541,6.533,0.188,0.157,0.237,25.129,688314
1782536686279,0,0,0.000,6.541,6.541,0.251,0.157,0.204,25.129,688347
1782536686312,0,0,0.000,6.533,6.541,0.157,0.157,0.226,25.129,688380
1782536686346,0,0,0.000,6.541,6.533,0.188,0.188,0.237,25.129,688413
1782536686379,0,0,0.000,6.541,6.533,0.188,0.157,0.237,25.129,688446
1782536686412,0,0,0.000,6.524,6.541,0.157,0.126,0.247,25.129,688479
1782536686445,0,0,0.000,6.541,6.533,0.188,0.188,0.220,25.215,688512
1782536686485,0,0,0.000,6.541,6.541,0.188,0.157,0.242,25.129,688545
1782536686511,0,0,0.000,6.541,6.541,0.188,0.188,0.237,25.129,688578
1782536686552,0,0,0.000,6.541,6.533,0.188,0.188,0.215,25.129,688611
1782536686578,0,0,0.000,6.524,6.524,0.188,0.157,0.349,25.043,688644
1782536686611,0,0,0.000,6.541,6.533,0.220,0.188,0.215,25.215,688677
1782536686678,0,0,0.000,6.541,6.533,0.188,0.188,0.253,25.129,688710
1782536686679,0,0,0.000,6.541,6.533,0.188,0.157,0.215,25.129,688743
1782536686725,0,0,0.000,6.533,6.533,0.188,0.126,0.226,25.043,688776
1782536686748,0,0,0.000,6.533,6.524,0.188,0.126,0.387,25.129,688809
1782536686778,0,0,0.012,6.541,6.524,0.157,0.157,0.231,25.129,688842
1782536686811,0,0,0.000,6.541,6.541,0.220,0.126,0.253,25.129,688875
1782536686845,0,0,0.000,6.541,6.533,0.157,0.157,0.220,25.129,688908
1782536686878,0,0,0.006,6.541,6.533,0.188,0.157,0.220,25.129,688941
1782536686910,0,0,0.000,6.541,6.533,0.188,0.157,0.210,25.129,688974
1782536686947,0,0,0.000,6.541,6.533,0.220,0.157,0.247,25.129,689007
1782536686979,0,0,0.000,6.541,6.533,0.188,0.157,0.210,25.129,689040
1782536687012,0,0,0.000,6.541,6.541,0.188,0.157,0.215,25.043,689073
1782536687048,0,0,0.000,6.541,6.533,0.188,0.157,0.237,25.129,689106
1782536687083,0,0,0.006,6.541,6.541,0.220,0.188,0.220,25.129,689139
1782536687110,0,0,0.000,6.533,6.533,0.188,0.126,0.242,25.129,689172
1782536687152,0,0,0.000,6.541,6.533,0.220,0.157,0.220,25.129,689205
1782536687176,0,0,0.000,6.541,6.541,0.188,0.157,0.274,25.129,689238
1782536687209,0,0,0.006,6.533,6.524,0.188,0.157,0.344,25.129,689271
1782536687243,0,0,0.000,6.541,6.541,0.188,0.157,0.231,25.129,689304
1782536687283,0,0,0.000,6.541,6.541,0.157,0.157,0.210,25.215,689337
1782536687310,0,0,0.006,6.524,6.533,0.157,0.126,0.306,25.129,689370
1782536687345,0,0,0.000,6.549,6.533,0.126,0.157,0.215,25.043,689403
1782536687376,0,0,0.000,6.549,6.549,0.188,0.157,0.226,25.129,689436
1782536687411,0,0,0.000,6.541,6.533,0.157,0.157,0.215,25.129,689469
1782536687442,0,0,0.006,6.533,6.533,0.157,0.157,0.215,25.129,689502
1782536687477,0,0,0.000,6.533,6.533,0.157,0.094,0.220,25.129,689535
1782536687508,0,0,0.006,6.533,6.549,0.188,0.188,0.215,25.215,689568
1782536687543,0,0,0.006,6.549,6.541,0.157,0.157,0.237,25.129,689601
1782536687576,0,0,0.006,6.549,6.541,0.188,0.188,0.242,25.129,689634
1782536687609,0,0,0.000,6.541,6.533,0.188,0.157,0.242,25.129,689667
1782536687642,0,0,0.000,6.541,6.533,0.188,0.126,0.220,25.129,689700
1782536687675,0,0,0.006,6.541,6.541,0.188,0.157,0.226,25.129,689733
1782536687709,0,0,0.000,6.533,6.541,0.188,0.188,0.226,25.043,689766
1782536687742,0,0,0.000,6.541,6.533,0.126,0.157,0.220,25.129,689799
1782536687776,0,0,0.000,6.533,6.533,0.157,0.188,0.242,25.129,689832
1782536687808,0,0,0.006,6.549,6.533,0.188,0.157,0.220,25.129,689865
1782536687841,0,0,0.000,6.541,6.541,0.188,0.157,0.210,25.129,689898
1782536687883,0,0,0.006,6.533,6.533,0.157,0.157,0.237,25.129,689931
1782536687909,0,0,0.000,6.541,6.533,0.188,0.157,0.210,25.129,689964
1782536687941,0,0,0.000,6.541,6.541,0.188,0.188,0.226,25.129,689997
1782536687974,0,0,0.000,6.541,6.541,0.188,0.157,0.204,25.129,690030
1782536688017,0,0,0.000,6.541,6.533,0.157,0.157,0.253,25.129,690063
1782536688049,0,0,0.000,6.541,6.533,0.157,0.188,0.226,25.129,690096
1782536688097,0,0,0.000,6.549,6.533,0.188,0.188,0.220,25.129,690129
1782536688123,0,0,0.000,6.541,6.524,0.188,0.157,0.215,25.215,690162
1782536688149,0,0,0.000,6.541,6.541,0.188,0.157,0.210,25.129,690195
1782536688199,0,0,0.000,6.541,6.533,0.157,0.188,0.253,25.129,690228
1782536688218,0,0,0.000,6.557,6.541,0.157,0.188,0.215,25.129,690261
1782536688251,0,0,0.006,6.533,6.524,0.188,0.126,0.328,25.215,690294
1782536688288,0,0,0.000,6.557,6.533,0.188,0.157,0.220,25.043,690327
1782536688313,0,0,0.000,6.533,6.533,0.157,0.157,0.280,25.129,690360
1782536688354,0,0,0.000,6.541,6.533,0.220,0.157,0.204,25.129,690393
1782536688384,0,0,0.006,6.541,6.533,0.157,0.157,0.355,25.129,690426
1782536688420,0,0,0.000,6.541,6.541,0.126,0.157,0.220,25.129,690459
1782536688446,0,0,0.000,6.533,6.533,0.188,0.157,0.280,25.129,690492
1782536688483,0,0,0.006,6.541,6.541,0.188,0.157,0.215,25.129,690525
1782536688514,0,0,0.000,6.549,6.541,0.157,0.157,0.237,25.129,690558
1782536688546,0,0,0.000,6.533,6.524,0.157,0.188,0.242,25.129,690591
1782536688584,0,0,0.000,6.541,6.541,0.126,0.188,0.210,25.129,690624
1782536688611,0,0,0.000,6.541,6.541,0.157,0.126,0.210,25.129,690657
1782536688647,0,0,0.000,6.541,6.549,0.157,0.157,0.204,25.129,690690
1782536688677,0,0,0.000,6.541,6.533,0.188,0.126,0.269,25.129,690723
1782536688711,0,0,0.000,6.541,6.541,0.188,0.157,0.280,25.129,690756
1782536688743,0,0,0.000,6.533,6.524,0.188,0.157,0.355,25.043,690789
1782536688776,0,0,0.000,6.549,6.557,0.188,0.126,0.199,25.129,690822
1782536688815,0,0,0.000,6.549,6.533,0.157,0.157,0.220,25.043,690855
1782536688841,0,0,0.000,6.533,6.524,0.157,0.157,0.280,25.129,690888
1782536688874,0,0,0.000,6.541,6.533,0.188,0.157,0.220,25.215,690921
1782536688908,0,0,0.000,6.541,6.533,0.188,0.126,0.290,25.043,690954
1782536688941,0,0,0.000,6.541,6.524,0.188,0.157,0.210,25.215,690987
1782536688975,0,0,0.012,6.541,6.533,0.126,0.126,0.210,25.129,691020
1782536689008,0,0,0.000,6.541,6.541,0.188,0.157,0.215,25.043,691053
1782536689039,0,0,0.006,6.533,6.524,0.126,0.188,0.355,25.043,691086
1782536689073,0,0,0.000,6.541,6.541,0.157,0.188,0.210,25.043,691119
1782536689105,0,0,0.000,6.541,6.524,0.188,0.157,0.366,25.129,691152
1782536689144,0,0,0.000,6.541,6.533,0.188,0.157,0.274,25.129,691185
1782536689179,0,0,0.000,6.533,6.524,0.188,0.157,0.301,25.129,691218
1782536689214,0,0,0.000,6.541,6.524,0.188,0.126,0.290,25.129,691251
1782536689238,0,0,0.000,6.541,6.524,0.188,0.157,0.339,25.129,691284
1782536689278,0,0,0.000,6.541,6.533,0.188,0.157,0.253,25.129,691317
1782536689306,0,0,0.000,6.541,6.533,0.188,0.157,0.242,25.129,691350
1782536689338,0,0,0.000,6.549,6.541,0.188,0.188,0.204,25.129,691383
1782536689371,0,0,0.000,6.533,6.533,0.188,0.157,0.210,25.215,691416
1782536689406,0,0,0.000,6.549,6.541,0.188,0.157,0.204,25.129,691449
1782536689437,0,0,0.000,6.549,6.533,0.188,0.220,0.204,25.043,691482
1782536689470,0,0,0.000,6.541,6.541,0.188,0.157,0.215,25.129,691515
1782536689506,0,0,0.000,6.541,6.541,0.188,0.157,0.204,25.043,691548
1782536689539,0,0,0.000,6.549,6.524,0.157,0.157,0.204,25.043,691581
1782536689571,0,0,0.000,6.541,6.533,0.188,0.157,0.215,25.129,691614
1782536689608,0,0,0.000,6.549,6.533,0.188,0.157,0.204,25.129,691647
1782536689641,0,0,0.006,6.533,6.533,0.157,0.126,0.215,25.043,691680
1782536689670,0,0,0.000,6.541,6.541,0.126,0.157,0.280,25.129,691713
1782536689712,0,0,0.000,6.541,6.533,0.188,0.157,0.263,25.129,691746
1782536689744,0,0,0.000,6.541,6.533,0.188,0.188,0.280,25.129,691779
1782536689774,0,0,0.000,6.524,6.533,0.188,0.157,0.285,25.129,691812
1782536689805,0,0,0.000,6.524,6.524,0.188,0.188,0.457,25.129,691845
1782536689836,0,0,0.000,6.541,6.533,0.126,0.157,0.226,25.043,691878
1782536689870,0,0,0.000,6.533,6.541,0.188,0.157,0.317,25.129,691911
1782536689903,0,0,0.000,6.541,6.541,0.157,0.157,0.215,25.129,691944
1782536689936,0,0,0.000,6.549,6.524,0.188,0.157,0.237,25.129,691977
1782536689981,0,0,0.000,6.549,6.541,0.188,0.157,0.215,25.129,692010
1782536690003,0,0,0.000,6.533,6.524,0.188,0.157,0.339,25.129,692043
1782536690036,0,0,0.006,6.541,6.533,0.188,0.157,0.210,25.215,692076
1782536690068,0,0,0.006,6.541,6.533,0.188,0.126,0.220,25.129,692109
1782536690107,0,0,0.006,6.541,6.533,0.157,0.188,0.215,25.129,692142
1782536690135,0,0,0.000,6.541,6.541,0.157,0.188,0.220,25.129,692175
1782536690172,0,0,0.000,6.524,6.533,0.157,0.157,0.231,25.129,692208
1782536690202,0,0,0.000,6.541,6.541,0.157,0.157,0.237,25.129,692241
1782536690235,0,0,0.000,6.541,6.524,0.188,0.157,0.247,25.215,692274
1782536690269,0,0,0.000,6.533,6.533,0.188,0.157,0.344,25.129,692307
1782536690303,0,0,0.000,6.549,6.533,0.188,0.157,0.242,25.043,692340
1782536690335,0,0,0.000,6.541,6.533,0.188,0.188,0.226,25.129,692373
1782536690370,0,0,0.000,6.541,6.549,0.220,0.157,0.210,25.129,692406
1782536690402,0,0,0.000,6.541,6.541,0.157,0.157,0.226,25.129,692439
1782536690439,0,0,0.000,6.549,6.541,0.157,0.188,0.210,25.129,692472
1782536690469,0,0,0.006,6.533,6.549,0.188,0.157,0.215,25.215,692505
1782536690501,0,0,0.000,6.541,6.533,0.188,0.126,0.226,25.129,692538
1782536690534,0,0,0.000,6.541,6.524,0.188,0.157,0.333,25.129,692571
1782536690567,0,0,0.000,6.533,6.524,0.251,0.157,0.237,25.129,692604
1782536690601,0,0,0.000,6.541,6.533,0.188,0.157,0.215,25.129,692637
1782536690637,0,0,0.000,6.524,6.541,0.188,0.157,0.226,25.129,692670
1782536690669,0,0,0.000,6.541,6.541,0.188,0.157,0.231,25.215,692703
1782536690704,0,0,0.000,6.541,6.533,0.188,0.157,0.204,25.129,692736
1782536690737,0,0,0.000,6.533,6.541,0.188,0.188,0.242,25.043,692769
1782536690771,0,0,0.000,6.524,6.541,0.188,0.126,0.220,25.129,692802
1782536690801,0,0,0.000,6.541,6.533,0.157,0.126,0.220,25.129,692835
1782536690839,0,0,0.000,6.541,6.533,0.188,0.157,0.215,25.129,692868
1782536690870,0,0,0.000,6.533,6.541,0.188,0.126,0.258,25.129,692901
1782536690900,0,0,0.000,6.533,6.533,0.157,0.157,0.215,25.129,692934
1782536690939,0,0,0.000,6.541,6.541,0.220,0.157,0.253,25.215,692967
1782536690972,0,0,0.000,6.541,6.541,0.188,0.157,0.210,25.129,693000
1782536691000,0,0,0.000,6.533,6.533,0.251,0.157,0.285,25.043,693033
1782536691041,0,0,0.000,6.541,6.541,0.188,0.188,0.226,25.129,693066
1782536691067,0,0,0.000,6.541,6.533,0.188,0.157,0.237,25.129,693099
1782536691101,0,0,0.000,6.541,6.533,0.188,0.157,0.220,25.129,693132
1782536691133,0,0,0.000,6.549,6.524,0.188,0.157,0.237,25.129,693165
1782536691166,0,0,0.000,6.541,6.533,0.188,0.157,0.317,25.129,693198
1782536691199,0,0,0.000,6.549,6.533,0.188,0.157,0.210,25.129,693231
1782536691236,0,0,0.000,6.557,6.541,0.188,0.157,0.210,25.043,693264
1782536691265,0,0,0.000,6.549,6.533,0.157,0.157,0.220,25.129,693297
1782536691301,0,0,0.000,6.549,6.533,0.157,0.157,0.220,25.129,693330
1782536691332,0,0,0.000,6.533,6.533,0.188,0.157,0.226,25.043,693363
1782536691365,0,0,0.000,6.549,6.541,0.188,0.157,0.231,25.129,693396
1782536691399,0,0,0.000,6.549,6.533,0.188,0.157,0.215,25.129,693429
1782536691431,0,0,0.000,6.541,6.533,0.126,0.157,0.231,25.129,693462
1782536691466,0,0,0.000,6.541,6.541,0.188,0.188,0.210,25.129,693495
1782536691501,0,0,0.006,6.541,6.533,0.188,0.157,0.237,25.129,693528
1782536691532,0,0,0.006,6.541,6.524,0.157,0.157,0.220,25.129,693561
1782536691566,0,0,0.000,6.549,6.541,0.157,0.157,0.220,25.129,693594
1782536691599,0,0,0.000,6.557,6.533,0.188,0.157,0.215,25.129,693627
1782536691659,0,0,0.000,6.541,6.541,0.188,0.157,0.215,25.129,693660
1782536691668,0,0,0.006,6.533,6.533,0.157,0.188,0.355,25.129,693693
1782536691698,0,0,0.000,6.549,6.533,0.188,0.157,0.215,25.129,693726
1782536691732,0,0,0.000,6.549,6.533,0.188,0.157,0.210,25.129,693759
1782536691765,0,0,0.000,6.541,6.541,0.157,0.188,0.215,25.129,693792
1782536691798,0,0,0.000,6.541,6.533,0.220,0.188,0.226,25.129,693825
1782536691831,0,0,0.006,6.541,6.541,0.220,0.188,0.215,25.129,693858
1782536691865,0,0,0.000,6.533,6.541,0.188,0.157,0.215,25.129,693891
1782536691899,0,0,0.000,6.541,6.533,0.126,0.094,0.226,25.043,693924
1782536691932,0,0,0.000,6.541,6.541,0.188,0.157,0.215,25.129,693957
1782536691965,0,0,0.000,6.541,6.541,0.220,0.157,0.210,25.129,693990
1782536691997,0,0,0.000,6.541,6.533,0.126,0.157,0.215,25.129,694023
1782536692030,0,0,0.000,6.533,6.524,0.188,0.126,0.215,25.129,694056
1782536692066,0,0,0.000,6.549,6.524,0.188,0.157,0.231,25.129,694089
1782536692099,0,0,0.006,6.541,6.524,0.188,0.157,0.204,25.129,694122
1782536692131,0,0,0.000,6.541,6.533,0.188,0.157,0.220,25.129,694155
1782536692164,0,0,0.000,6.541,6.533,0.188,0.157,0.242,25.129,694188
1782536692200,0,0,0.000,6.541,6.533,0.126,0.188,0.220,25.129,694221
1782536692230,0,0,0.000,6.541,6.533,0.220,0.157,0.210,25.129,694254
1782536692267,0,0,0.000,6.541,6.533,0.157,0.157,0.220,25.129,694287
1782536692296,0,0,0.000,6.541,6.541,0.126,0.188,0.263,25.129,694320
1782536692337,0,0,0.000,6.557,6.541,0.188,0.157,0.226,25.129,694353
1782536692363,0,0,0.000,6.533,6.524,0.157,0.157,0.328,25.129,694386
1782536692398,0,0,0.000,6.541,6.541,0.188,0.157,0.215,25.129,694419
1782536692439,0,0,0.000,6.549,6.541,0.220,0.188,0.220,25.129,694452
1782536692478,0,0,0.000,6.533,6.541,0.157,0.157,0.306,25.129,694485
1782536692515,0,0,0.000,6.541,6.541,0.188,0.126,0.210,25.129,694518
1782536692537,0,0,0.012,6.541,6.524,0.188,0.157,0.226,25.129,694551
1782536692574,0,0,0.006,6.541,6.516,0.188,0.188,0.333,25.043,694584
1782536692605,0,0,0.000,6.549,6.524,0.188,0.126,0.215,25.129,694617
1782536692637,0,0,0.000,6.541,6.541,0.188,0.157,0.199,25.129,694650
1782536692680,0,0,0.000,6.549,6.533,0.126,0.188,0.220,25.129,694683
1782536692703,0,0,0.000,6.533,6.533,0.157,0.157,0.296,25.129,694716
1782536692739,0,0,0.006,6.541,6.533,0.188,0.157,0.210,25.129,694749
1782536692769,0,0,0.000,6.533,6.524,0.157,0.157,0.333,25.129,694782
1782536692807,0,0,0.000,6.549,6.533,0.188,0.157,0.204,25.215,694815
1782536692836,0,0,0.000,6.533,6.533,0.157,0.157,0.323,25.043,694848
1782536692868,0,0,0.000,6.541,6.541,0.188,0.157,0.199,25.129,694881
1782536692901,0,0,0.000,6.541,6.533,0.220,0.157,0.204,25.129,694914
1782536692933,0,0,0.000,6.549,6.541,0.220,0.157,0.204,25.129,694947
1782536692967,0,0,0.000,6.541,6.541,0.188,0.220,0.360,25.129,694980
1782536693005,0,0,0.000,6.549,6.533,0.157,0.188,0.199,25.129,695013
1782536693037,0,0,0.000,6.533,6.533,0.188,0.157,0.296,25.129,695046
1782536693066,0,0,0.000,6.541,6.541,0.188,0.157,0.199,25.129,695079
1782536693098,0,0,0.000,6.541,6.541,0.188,0.126,0.199,25.129,695112
1782536693132,0,0,0.000,6.533,6.533,0.188,0.157,0.344,25.129,695145
1782536693164,0,0,0.000,6.549,6.533,0.188,0.188,0.204,25.129,695178
1782536693201,0,0,0.000,6.533,6.524,0.188,0.157,0.258,25.129,695211
1782536693237,0,0,0.000,6.533,6.524,0.188,0.157,0.317,25.129,695244
1782536693264,0,0,0.000,6.541,6.549,0.188,0.188,0.204,25.043,695277
1782536693310,0,0,0.000,6.541,6.541,0.188,0.157,0.204,25.129,695310
1782536693330,0,0,0.000,6.533,6.533,0.157,0.251,0.328,25.129,695343
1782536693370,0,0,0.000,6.541,6.549,0.188,0.188,0.247,25.129,695376
1782536693398,0,0,0.000,6.549,6.524,0.188,0.157,0.301,25.129,695409
1782536693431,0,0,0.000,6.541,6.541,0.126,0.157,0.215,25.129,695442
1782536693462,0,0,0.000,6.541,6.524,0.220,0.157,0.210,25.129,695475
1782536693507,0,0,0.012,6.541,6.533,0.220,0.094,0.204,25.129,695508
1782536693532,0,0,0.000,6.541,6.524,0.157,0.157,0.328,25.129,695541
1782536693569,0,0,0.000,6.533,6.549,0.188,0.157,0.226,25.129,695574
1782536693598,0,0,0.000,6.541,6.516,0.188,0.157,0.355,25.129,695607
1782536693627,0,0,0.000,6.549,6.533,0.188,0.157,0.247,25.129,695640
1782536693662,0,0,0.000,6.533,6.533,0.188,0.157,0.344,25.129,695673
1782536693694,0,0,0.000,6.549,6.541,0.188,0.188,0.220,25.129,695706
1782536693726,0,0,0.000,6.541,6.549,0.157,0.188,0.360,25.129,695739
1782536693759,0,0,0.006,6.549,6.541,0.188,0.188,0.247,25.129,695772
1782536693797,0,0,0.000,6.533,6.533,0.126,0.188,0.263,25.129,695805
1782536693825,0,0,0.000,6.541,6.541,0.157,0.157,0.210,25.129,695838
1782536693868,0,0,0.006,6.541,6.541,0.188,0.157,0.204,25.129,695871
1782536693894,0,0,0.000,6.541,6.524,0.157,0.126,0.441,25.129,695904
1782536693925,0,0,0.000,6.541,6.533,0.188,0.157,0.194,25.129,695937
1782536693964,0,0,0.006,6.541,6.533,0.157,0.157,0.306,25.129,695970
1782536693993,0,0,0.000,6.541,6.524,0.126,0.188,0.269,25.043,696003
1782536694031,0,0,0.000,6.541,6.524,0.188,0.126,0.296,25.129,696036
1782536694058,0,0,0.000,6.549,6.541,0.188,0.157,0.215,25.129,696069
1782536694092,0,0,0.000,6.541,6.533,0.251,0.126,0.263,25.129,696102
1782536694126,0,0,0.000,6.541,6.541,0.188,0.126,0.204,25.129,696135
1782536694159,0,0,0.000,6.541,6.533,0.188,0.126,0.220,25.129,696168
1782536694192,0,0,0.000,6.541,6.541,0.188,0.157,0.204,25.129,696201
1782536694225,0,0,0.000,6.549,6.524,0.188,0.157,0.290,25.129,696234
1782536694260,0,0,0.000,6.549,6.541,0.188,0.157,0.231,25.129,696267
1782536694291,0,0,0.000,6.541,6.541,0.157,0.157,0.204,25.129,696300
1782536694326,0,0,0.000,6.541,6.533,0.188,0.188,0.204,25.129,696333
1782536694357,0,0,0.000,6.549,6.549,0.188,0.157,0.204,25.129,696366
1782536694391,0,0,0.000,6.533,6.524,0.188,0.157,0.452,25.129,696399
1782536694424,0,0,0.000,6.541,6.541,0.157,0.188,0.247,25.129,696432
1782536694457,0,0,0.000,6.541,6.541,0.188,0.157,0.204,25.129,696465
1782536694492,0,0,0.000,6.533,6.533,0.188,0.157,0.349,25.215,696498
1782536694524,0,0,0.000,6.541,6.549,0.188,0.157,0.247,25.129,696531
1782536694557,0,0,0.000,6.541,6.524,0.188,0.126,0.237,25.129,696564
1782536694590,0,0,0.000,6.524,6.541,0.220,0.188,0.258,25.129,696597
1782536694626,0,0,0.006,6.524,6.533,0.157,0.157,0.220,25.129,696630
1782536694660,0,0,0.000,6.541,6.533,0.188,0.157,0.280,25.129,696663
1782536694699,0,0,0.000,6.541,6.541,0.157,0.157,0.215,25.043,696696
1782536694731,0,0,0.000,6.549,6.541,0.188,0.188,0.231,25.043,696729
1782536694756,0,0,0.000,6.541,6.533,0.188,0.157,0.247,25.129,696762
1782536694790,0,0,0.000,6.533,6.533,0.126,0.157,0.446,25.129,696795
1782536694822,0,0,0.000,6.541,6.524,0.188,0.157,0.215,25.129,696828
1782536694856,0,0,0.000,6.533,6.533,0.157,0.157,0.360,25.129,696861
1782536694889,0,0,0.000,6.541,6.524,0.188,0.157,0.231,25.129,696894
1782536694923,0,0,0.000,6.549,6.524,0.126,0.188,0.306,25.129,696927
1782536694965,0,0,0.000,6.533,6.541,0.220,0.157,0.204,25.129,696960
1782536694989,0,0,0.000,6.541,6.541,0.188,0.157,0.204,25.129,696993
1782536695023,0,0,0.000,6.541,6.549,0.157,0.188,0.210,25.129,697026
1782536695056,0,0,0.000,6.533,6.524,0.188,0.188,0.258,25.129,697059
1782536695089,0,0,0.000,6.557,6.549,0.188,0.126,0.204,25.129,697092
1782536695125,0,0,0.000,6.533,6.549,0.188,0.157,0.199,25.129,697125
1782536695156,0,0,0.000,6.541,6.541,0.188,0.126,0.237,25.129,697158
1782536695189,0,0,0.000,6.541,6.533,0.188,0.126,0.204,25.129,697191
1782536695223,0,0,0.000,6.549,6.533,0.188,0.157,0.226,25.043,697224
1782536695255,0,0,0.000,6.541,6.541,0.188,0.157,0.226,25.129,697257
1782536695290,0,0,0.000,6.541,6.541,0.220,0.188,0.204,25.129,697290
1782536695326,0,0,0.000,6.533,6.533,0.157,0.157,0.237,25.129,697323
1782536695360,0,0,0.000,6.541,6.524,0.188,0.126,0.231,25.129,697356
1782536695388,0,0,0.006,6.549,6.533,0.157,0.157,0.204,25.043,697389
1782536695421,0,0,0.006,6.541,6.524,0.188,0.188,0.204,25.043,697422
1782536695456,0,0,0.000,6.541,6.533,0.188,0.157,0.226,25.129,697455
1782536695488,0,0,0.012,6.549,6.541,0.220,0.157,0.204,25.129,697488
1782536695523,0,0,0.000,6.541,6.533,0.188,0.126,0.204,25.215,697521
1782536695554,0,0,0.000,6.549,6.524,0.188,0.157,0.366,25.129,697554
1782536695588,0,0,0.000,6.549,6.541,0.188,0.157,0.199,25.129,697587
1782536695621,0,0,0.000,6.533,6.541,0.188,0.157,0.349,25.129,697620
1782536695653,0,0,0.000,6.533,6.533,0.188,0.188,0.237,25.129,697653
1782536695688,0,0,0.000,6.541,6.533,0.157,0.157,0.274,25.129,697686
1782536695722,0,0,0.000,6.541,6.533,0.188,0.188,0.215,25.043,697719
1782536695755,0,0,0.000,6.541,6.541,0.188,0.157,0.237,25.043,697752
1782536695788,0,0,0.006,6.541,6.541,0.157,0.126,0.204,25.129,697785
1782536695821,0,0,0.000,6.549,6.549,0.188,0.157,0.237,25.129,697818
1782536695855,0,0,0.000,6.541,6.541,0.188,0.157,0.220,25.129,697851
1782536695888,0,0,0.006,6.541,6.533,0.188,0.157,0.333,25.129,697884
1782536695920,0,0,0.000,6.549,6.541,0.188,0.157,0.199,25.129,697917
1782536695957,0,0,0.000,6.541,6.541,0.188,0.157,0.226,25.129,697950
1782536695990,0,0,0.000,6.541,6.541,0.188,0.126,0.226,25.129,697983
1782536696019,0,0,0.000,6.549,6.549,0.157,0.157,0.210,25.129,698016
1782536696059,0,0,0.000,6.541,6.541,0.188,0.126,0.215,25.043,698049
1782536696086,0,0,0.000,6.541,6.541,0.188,0.188,0.215,25.043,698082
1782536696120,0,0,0.000,6.541,6.549,0.157,0.188,0.210,25.129,698115
1782536696152,0,0,0.006,6.549,6.533,0.188,0.126,0.210,25.129,698148
1782536696185,0,0,0.000,6.541,6.541,0.188,0.157,0.210,25.129,698181
1782536696219,0,0,0.000,6.541,6.533,0.188,0.157,0.237,25.129,698214
1782536696254,0,0,0.000,6.533,6.533,0.188,0.188,0.344,25.129,698247
1782536696286,0,0,0.000,6.549,6.541,0.188,0.157,0.204,25.043,698280
1782536696319,0,0,0.000,6.533,6.524,0.188,0.157,0.349,25.129,698313
1782536696363,0,0,0.000,6.533,6.541,0.188,0.157,0.204,25.129,698346
1782536696385,0,0,0.000,6.541,6.541,0.188,0.157,0.220,25.129,698379
1782536696419,0,0,0.000,6.541,6.533,0.188,0.188,0.210,25.129,698412
1782536696457,0,0,0.006,6.533,6.533,0.251,0.157,0.226,25.129,698445
1782536696486,0,0,0.006,6.549,6.549,0.251,0.188,0.210,25.129,698478
1782536696521,0,0,0.000,6.533,6.541,0.157,0.157,0.215,25.129,698511
1782536696553,0,0,0.006,6.533,6.541,0.188,0.126,0.215,25.129,698544
1782536696586,0,0,0.000,6.541,6.541,0.188,0.188,0.220,25.129,698577
1782536696621,0,0,0.000,6.533,6.541,0.188,0.157,0.204,25.043,698610
1782536696652,0,0,0.000,6.557,6.541,0.188,0.126,0.210,25.129,698643
1782536696686,0,0,0.000,6.541,6.541,0.188,0.157,0.215,25.043,698676
1782536696718,0,0,0.000,6.533,6.533,0.188,0.157,0.328,25.129,698709
1782536696751,0,0,0.006,6.549,6.541,0.220,0.157,0.210,25.129,698742
1782536696784,0,0,0.000,6.549,6.541,0.188,0.126,0.247,25.129,698775
1782536696818,0,0,0.000,6.541,6.533,0.157,0.188,0.328,25.043,698808
1782536696854,0,0,0.006,6.549,6.533,0.220,0.188,0.215,25.129,698841
1782536696896,0,0,0.000,6.533,6.541,0.188,0.157,0.215,25.129,698874
1782536696918,0,0,0.000,6.549,6.533,0.188,0.126,0.210,25.043,698907
1782536696961,0,0,0.000,6.541,6.541,0.188,0.157,0.210,25.129,698940
1782536696992,0,0,0.000,6.557,6.541,0.188,0.126,0.215,25.129,698973
1782536697026,0,0,0.000,6.533,6.524,0.188,0.188,0.317,25.129,699006
1782536697060,0,0,0.000,6.541,6.541,0.220,0.188,0.210,25.129,699039
1782536697092,0,0,0.000,6.541,6.533,0.126,0.126,0.237,25.129,699072
1782536697124,0,0,0.000,6.541,6.533,0.188,0.157,0.247,25.043,699105
1782536697157,0,0,0.000,6.541,6.541,0.188,0.188,0.237,25.129,699138
1782536697190,0,0,0.000,6.541,6.549,0.126,0.220,0.231,25.129,699171
1782536697228,0,0,0.000,6.549,6.541,0.188,0.157,0.199,25.129,699204
1782536697256,0,0,0.000,6.541,6.533,0.188,0.126,0.355,25.215,699237
1782536697296,0,0,0.000,6.541,6.541,0.157,0.157,0.210,25.129,699270
1782536697324,0,0,0.000,6.533,6.524,0.188,0.126,0.387,25.129,699303
1782536697369,0,0,0.000,6.541,6.533,0.188,0.157,0.220,25.129,699336
1782536697398,0,0,0.000,6.541,6.533,0.188,0.157,0.274,25.043,699369
1782536697423,0,0,0.000,6.541,6.541,0.188,0.157,0.215,25.129,699402
1782536697456,0,0,0.006,6.524,6.524,0.188,0.094,0.376,25.129,699435
1782536697494,0,0,0.000,6.557,6.541,0.157,0.188,0.204,25.129,699468
1782536697525,0,0,0.000,6.541,6.533,0.188,0.188,0.280,25.129,699501
1782536697554,0,0,0.000,6.541,6.541,0.188,0.126,0.199,25.043,699534
1782536697599,0,0,0.000,6.549,6.533,0.188,0.126,0.247,25.129,699567
1782536697620,0,0,0.000,6.549,6.541,0.188,0.157,0.220,25.129,699600
1782536697653,0,0,0.000,6.541,6.533,0.188,0.157,0.210,25.129,699633
1782536697695,0,0,0.006,6.549,6.541,0.157,0.157,0.204,25.129,699666
1782536697721,0,0,0.006,6.541,6.533,0.188,0.157,0.215,25.129,699699
1782536697751,0,0,0.000,6.541,6.541,0.188,0.126,0.215,25.129,699732
1782536697786,0,0,0.012,6.533,6.541,0.220,0.157,0.210,25.129,699765
1782536697819,0,0,0.000,6.549,6.541,0.188,0.157,0.210,25.129,699798
1782536697850,0,0,0.000,6.541,6.541,0.188,0.220,0.210,25.129,699831
1782536697883,0,0,0.000,6.557,6.533,0.188,0.157,0.215,25.129,699864
1782536697917,0,0,0.000,6.533,6.524,0.188,0.157,0.349,25.129,699897
1782536697953,0,0,0.000,6.533,6.533,0.188,0.157,0.215,25.129,699930
1782536697985,0,0,0.000,6.533,6.524,0.188,0.126,0.371,25.129,699963
1782536698017,0,0,0.000,6.549,6.533,0.126,0.157,0.210,25.129,699996
1782536698049,0,0,0.000,6.541,6.524,0.157,0.157,0.333,25.129,700029
1782536698082,0,0,0.000,6.533,6.541,0.220,0.220,0.226,25.129,700062
1782536698114,0,0,0.000,6.541,6.541,0.188,0.157,0.231,25.129,700095
1782536698158,0,0,0.006,6.541,6.524,0.220,0.157,0.215,25.043,700128
1782536698193,0,0,0.000,6.524,6.524,0.188,0.157,0.344,25.129,700161
1782536698215,0,0,0.000,6.541,6.541,0.157,0.126,0.215,25.129,700194
1782536698250,0,0,0.000,6.541,6.533,0.188,0.157,0.226,25.129,700227
1782536698281,0,0,0.006,6.541,6.533,0.220,0.157,0.199,25.129,700260
1782536698319,0,0,0.012,6.541,6.541,0.188,0.157,0.210,25.129,700293
1782536698347,0,0,0.000,6.541,6.541,0.188,0.157,0.269,25.129,700326
1782536698381,0,0,0.000,6.549,6.541,0.157,0.188,0.199,25.129,700359
1782536698421,0,0,0.000,6.541,6.541,0.188,0.157,0.215,25.129,700392
1782536698448,0,0,0.000,6.541,6.541,0.188,0.126,0.237,25.129,700425
1782536698482,0,0,0.000,6.533,6.541,0.188,0.157,0.204,25.215,700458
1782536698515,0,0,0.000,6.541,6.541,0.188,0.157,0.317,25.129,700491
1782536698550,0,0,0.006,6.541,6.533,0.157,0.126,0.253,25.129,700524
1782536698582,0,0,0.000,6.533,6.524,0.188,0.157,0.333,25.129,700557
1782536698619,0,0,0.000,6.541,6.533,0.188,0.188,0.258,25.129,700590
1782536698646,0,0,0.000,6.541,6.524,0.188,0.157,0.366,25.043,700623
1782536698681,0,0,0.000,6.541,6.541,0.188,0.157,0.215,25.129,700656
1782536698713,0,0,0.000,6.541,6.549,0.220,0.126,0.333,25.129,700689
1782536698746,0,0,0.000,6.541,6.533,0.188,0.157,0.215,25.129,700722
1782536698779,0,0,0.000,6.549,6.533,0.188,0.188,0.328,25.129,700755
1782536698814,0,0,0.000,6.541,6.533,0.188,0.157,0.226,25.129,700788
1782536698846,0,0,0.000,6.549,6.533,0.157,0.157,0.323,25.129,700821
1782536698878,0,0,0.000,6.541,6.549,0.188,0.157,0.215,25.215,700854
1782536698916,0,0,0.000,6.516,6.524,0.157,0.188,0.462,25.129,700887
1782536698945,0,0,0.000,6.549,6.541,0.126,0.126,0.215,25.129,700920
1782536698987,0,0,0.000,6.549,6.541,0.188,0.157,0.210,25.129,700953
1782536699013,0,0,0.000,6.533,6.533,0.188,0.157,0.339,25.129,700986
1782536699046,0,0,0.000,6.541,6.533,0.188,0.157,0.285,25.043,701019
1782536699078,0,0,0.000,6.549,6.524,0.188,0.188,0.231,25.043,701052
1782536699111,0,0,0.000,6.533,6.533,0.157,0.157,0.220,25.129,701085
1782536699148,0,0,0.000,6.541,6.533,0.157,0.126,0.220,25.043,701118
1782536699179,0,0,0.000,6.541,6.524,0.157,0.188,0.220,25.215,701151
1782536699212,0,0,0.000,6.541,6.533,0.188,0.126,0.215,25.129,701184
1782536699246,0,0,0.000,6.541,6.533,0.126,0.157,0.237,25.129,701217
1782536699278,0,0,0.000,6.541,6.533,0.188,0.157,0.323,25.129,701250
1782536699311,0,0,0.000,6.541,6.549,0.220,0.188,0.242,25.129,701283
1782536699348,0,0,0.006,6.541,6.533,0.188,0.126,0.215,25.129,701316
1782536699378,0,0,0.000,6.541,6.541,0.188,0.157,0.237,25.043,701349
1782536699411,0,0,0.000,6.541,6.541,0.188,0.126,0.231,25.129,701382
1782536699445,0,0,0.000,6.541,6.533,0.188,0.157,0.253,25.129,701415
1782536699478,0,0,0.000,6.549,6.541,0.126,0.157,0.199,25.129,701448
1782536699512,0,0,0.000,6.541,6.533,0.220,0.157,0.220,25.129,701481
1782536699544,0,0,0.000,6.541,6.541,0.157,0.157,0.231,25.129,701514
1782536699613,0,0,0.000,6.541,6.549,0.188,0.157,0.215,25.043,701547
1782536699644,0,0,0.000,6.549,6.541,0.188,0.126,0.215,25.129,701580
1782536699707,0,0,0.000,6.541,6.533,0.188,0.157,0.226,25.129,701613
1782536699707,0,0,0.000,6.549,6.533,0.188,0.157,0.204,25.129,701646
1782536699732,0,0,0.000,6.533,6.541,0.188,0.157,0.210,25.129,701679
1782536699749,0,0,0.000,6.549,6.524,0.157,0.188,0.199,25.129,701712
1782536699779,0,0,0.006,6.557,6.533,0.188,0.157,0.253,25.129,701745
1782536699820,0,0,0.000,6.549,6.524,0.220,0.126,0.226,25.129,701778
1782536699883,0,0,0.000,6.541,6.541,0.251,0.188,0.215,25.129,701811
1782536699891,0,0,0.000,6.533,6.541,0.188,0.157,0.215,25.129,701844
1782536699910,0,0,0.000,6.524,6.516,0.188,0.157,0.312,25.129,701877
1782536699946,0,0,0.006,6.549,6.541,0.126,0.220,0.210,25.129,701910
1782536699983,0,0,0.000,6.557,6.533,0.188,0.157,0.242,25.043,701943
1782536700010,0,0,0.006,6.533,6.541,0.188,0.188,0.220,25.129,701976
1782536700044,0,0,0.000,6.541,6.541,0.188,0.157,0.220,25.129,702009
1782536700076,0,0,0.000,6.549,6.541,0.188,0.157,0.210,25.129,702042
1782536700110,0,0,0.000,6.541,6.541,0.126,0.157,0.210,25.129,702075
1782536700144,0,0,0.000,6.549,6.541,0.188,0.157,0.237,25.129,702108
1782536700175,0,0,0.000,6.541,6.541,0.188,0.157,0.226,25.129,702141
1782536700210,0,0,0.000,6.541,6.533,0.188,0.157,0.210,25.043,702174
1782536700243,0,0,0.000,6.549,6.541,0.157,0.157,0.231,25.129,702207
1782536700276,0,0,0.000,6.533,6.541,0.188,0.157,0.220,25.129,702240
1782536700310,0,0,0.000,6.541,6.541,0.188,0.188,0.210,25.129,702273
1782536700342,0,0,0.000,6.541,6.533,0.188,0.157,0.226,25.129,702306
1782536700376,0,0,0.000,6.541,6.541,0.220,0.188,0.231,25.129,702339
1782536700409,0,0,0.000,6.541,6.541,0.188,0.188,0.237,25.129,702372
1782536700442,0,0,0.000,6.549,6.533,0.188,0.157,0.231,25.129,702405
1782536700475,0,0,0.000,6.533,6.533,0.188,0.157,0.220,25.129,702438
1782536700508,0,0,0.000,6.541,6.541,0.220,0.188,0.215,25.129,702471
1782536700542,0,0,0.000,6.541,6.524,0.188,0.157,0.317,25.129,702504
1782536700575,0,0,0.006,6.541,6.533,0.157,0.126,0.220,25.129,702537
1782536700608,0,0,0.006,6.541,6.524,0.188,0.157,0.237,25.129,702570
1782536700642,0,0,0.000,6.541,6.524,0.188,0.157,0.226,25.043,702603
1782536700677,0,0,0.000,6.541,6.541,0.188,0.157,0.242,25.129,702636
1782536700707,0,0,0.000,6.549,6.541,0.157,0.157,0.204,25.129,702669
1782536700741,0,0,0.000,6.541,6.533,0.220,0.157,0.220,25.129,702702
1782536700774,0,0,0.006,6.541,6.533,0.188,0.126,0.220,25.129,702735
1782536700808,0,0,0.000,6.533,6.524,0.188,0.157,0.285,25.215,702768
1782536700841,0,0,0.000,6.549,6.541,0.157,0.157,0.226,25.129,702801
1782536700875,0,0,0.000,6.549,6.533,0.126,0.188,0.328,25.129,702834
1782536700914,0,0,0.000,6.533,6.524,0.188,0.157,0.231,25.129,702867
1782536700945,0,0,0.000,6.533,6.524,0.157,0.157,0.323,25.129,702900
1782536700977,0,0,0.000,6.541,6.541,0.126,0.126,0.242,25.129,702933
1782536701010,0,0,0.000,6.541,6.524,0.188,0.157,0.237,25.129,702966
1782536701041,0,0,0.006,6.557,6.533,0.188,0.157,0.210,25.129,702999
1782536701077,0,0,0.000,6.541,6.541,0.188,0.188,0.231,25.129,703032
1782536701110,0,0,0.000,6.541,6.533,0.157,0.157,0.220,25.129,703065
1782536701140,0,0,0.000,6.541,6.524,0.188,0.157,0.215,25.129,703098
1782536701179,0,0,0.000,6.533,6.541,0.157,0.157,0.210,25.129,703131
1782536701206,0,0,0.000,6.541,6.541,0.188,0.188,0.301,25.043,703164
1782536701240,0,0,0.000,6.541,6.541,0.157,0.157,0.226,25.043,703197
1782536701289,0,0,0.006,6.541,6.541,0.188,0.188,0.210,25.129,703230
1782536701307,0,0,0.000,6.541,6.524,0.157,0.157,0.312,25.129,703263
1782536701348,0,0,0.000,6.541,6.541,0.220,0.220,0.220,25.129,703296
1782536701385,0,0,0.000,6.541,6.533,0.126,0.126,0.220,25.129,703329
1782536701417,0,0,0.000,6.549,6.541,0.188,0.157,0.210,25.129,703362
1782536701448,0,0,0.006,6.557,6.533,0.188,0.157,0.210,25.043,703395
1782536701490,0,0,0.000,6.533,6.541,0.188,0.157,0.226,25.129,703428
1782536701513,0,0,0.000,6.557,6.524,0.188,0.126,0.220,25.129,703461
1782536701546,0,0,0.000,6.541,6.541,0.157,0.157,0.247,25.129,703494
1782536701579,0,0,0.000,6.541,6.541,0.188,0.157,0.231,25.129,703527
1782536701613,0,0,0.000,6.566,6.541,0.188,0.126,0.210,25.129,703560
1782536701645,0,0,0.000,6.533,6.541,0.220,0.188,0.215,25.129,703593
1782536701678,0,0,0.000,6.541,6.533,0.188,0.188,0.215,25.215,703626
1782536701712,0,0,0.000,6.541,6.541,0.188,0.157,0.215,25.129,703659
1782536701745,0,0,0.000,6.549,6.533,0.188,0.157,0.210,25.129,703692
1782536701779,0,0,0.000,6.541,6.533,0.188,0.126,0.215,25.215,703725
1782536701810,0,0,0.000,6.541,6.541,0.188,0.157,0.220,25.129,703758
1782536701844,0,0,0.000,6.541,6.541,0.220,0.188,0.210,25.129,703791
1782536701877,0,0,0.000,6.549,6.541,0.188,0.188,0.220,25.129,703824
1782536701910,0,0,0.000,6.541,6.541,0.188,0.157,0.215,25.129,703857
1782536701943,0,0,0.000,6.549,6.541,0.157,0.188,0.204,25.129,703890
1782536701975,0,0,0.000,6.541,6.524,0.220,0.188,0.204,25.129,703923
1782536702008,0,0,0.000,6.541,6.533,0.157,0.188,0.285,25.043,703956
1782536702041,0,0,0.000,6.541,6.541,0.188,0.126,0.199,25.129,703989
1782536702081,0,0,0.000,6.541,6.541,0.188,0.126,0.258,25.129,704022
1782536702116,0,0,0.000,6.533,6.524,0.157,0.157,0.382,25.129,704055
1782536702142,0,0,0.000,6.541,6.549,0.188,0.094,0.215,25.129,704088
1782536702173,0,0,0.000,6.541,6.533,0.220,0.157,0.220,25.129,704121
1782536702210,0,0,0.000,6.541,6.533,0.157,0.126,0.215,25.129,704154
1782536702239,0,0,0.000,6.533,6.541,0.188,0.188,0.210,25.129,704187
1782536702273,0,0,0.000,6.541,6.541,0.157,0.126,0.226,25.129,704220
1782536702319,0,0,0.000,6.541,6.533,0.188,0.157,0.269,25.129,704253
1782536702341,0,0,0.000,6.541,6.524,0.126,0.188,0.441,25.129,704286
1782536702372,0,0,0.000,6.541,6.533,0.188,0.126,0.210,25.129,704319
1782536702408,0,0,0.000,6.533,6.524,0.188,0.157,0.425,25.129,704352
1782536702441,0,0,0.000,6.549,6.533,0.157,0.126,0.258,25.043,704385
1782536702471,0,0,0.000,6.533,6.524,0.188,0.126,0.435,25.129,704418
1782536702507,0,0,0.006,6.541,6.541,0.188,0.157,0.204,25.215,704451
1782536702538,0,0,0.000,6.549,6.533,0.157,0.126,0.226,25.129,704484
1782536702570,0,0,0.006,6.541,6.533,0.157,0.220,0.457,25.129,704517
1782536702603,0,0,0.000,6.541,6.541,0.188,0.157,0.215,25.129,704550
1782536702637,0,0,0.000,6.549,6.541,0.188,0.188,0.215,25.129,704583
1782536702669,0,0,0.000,6.541,6.541,0.157,0.126,0.210,25.129,704616
1782536702704,0,0,0.000,6.549,6.533,0.157,0.188,0.215,25.129,704649
1782536702744,0,0,0.000,6.541,6.541,0.188,0.126,0.204,25.129,704682
1782536702770,0,0,0.000,6.524,6.524,0.188,0.157,0.452,25.129,704715
1782536702807,0,0,0.000,6.533,6.533,0.188,0.157,0.247,25.129,704748
1782536702837,0,0,0.000,6.541,6.549,0.157,0.157,0.215,25.129,704781
1782536702877,0,0,0.000,6.533,6.541,0.188,0.157,0.215,25.129,704814
1782536702904,0,0,0.000,6.533,6.533,0.188,0.188,0.328,25.129,704847
1782536702945,0,0,0.000,6.533,6.541,0.251,0.126,0.274,25.129,704880
1782536702968,0,0,0.000,6.533,6.524,0.157,0.126,0.301,25.129,704913
1782536703002,0,0,0.000,6.541,6.524,0.220,0.188,0.215,25.129,704946
1782536703035,0,0,0.000,6.533,6.524,0.188,0.157,0.328,25.129,704979
1782536703068,0,0,0.000,6.541,6.533,0.188,0.188,0.285,25.215,705012
1782536703101,0,0,0.000,6.541,6.533,0.188,0.157,0.226,25.129,705045
1782536703143,0,0,0.000,6.533,6.541,0.220,0.157,0.220,25.129,705078
1782536703168,0,0,0.000,6.533,6.524,0.220,0.188,0.366,25.129,705111
1782536703202,0,0,0.000,6.541,6.533,0.188,0.157,0.242,25.129,705144
1782536703235,0,0,0.000,6.549,6.524,0.188,0.188,0.344,25.129,705177
1782536703267,0,0,0.006,6.541,6.541,0.188,0.220,0.210,25.129,705210
1782536703306,0,0,0.000,6.533,6.541,0.188,0.126,0.253,25.129,705243
1782536703334,0,0,0.000,6.541,6.549,0.157,0.157,0.328,25.215,705276
1782536703368,0,0,0.000,6.533,6.541,0.188,0.157,0.237,25.129,705309
1782536703402,0,0,0.000,6.541,6.549,0.188,0.126,0.215,25.129,705342
1782536703434,0,0,0.000,6.541,6.533,0.188,0.188,0.220,25.129,705375
1782536703469,0,0,0.000,6.541,6.533,0.188,0.157,0.226,25.129,705408
1782536703501,0,0,0.000,6.541,6.533,0.188,0.157,0.349,25.129,705441
1782536703540,0,0,0.000,6.549,6.541,0.188,0.157,0.215,25.129,705474
1782536703568,0,0,0.000,6.533,6.524,0.220,0.188,0.317,25.129,705507
1782536703602,0,0,0.006,6.541,6.557,0.157,0.157,0.231,25.129,705540
1782536703638,0,0,0.000,6.549,6.541,0.188,0.188,0.220,25.215,705573
1782536703670,0,0,0.000,6.549,6.541,0.188,0.188,0.220,25.129,705606
1782536703701,0,0,0.000,6.549,6.533,0.188,0.188,0.226,25.129,705639
1782536703739,0,0,0.000,6.541,6.541,0.188,0.126,0.215,25.129,705672
1782536703766,0,0,0.000,6.541,6.524,0.188,0.157,0.242,25.129,705705
1782536703801,0,0,0.006,6.549,6.533,0.126,0.157,0.215,25.129,705738
1782536703838,0,0,0.000,6.541,6.541,0.220,0.157,0.226,25.129,705771
1782536703866,0,0,0.000,6.524,6.541,0.188,0.157,0.215,25.129,705804
1782536703902,0,0,0.000,6.549,6.533,0.188,0.188,0.204,25.129,705837
1782536703934,0,0,0.000,6.541,6.533,0.188,0.157,0.215,25.129,705870
1782536703968,0,0,0.000,6.549,6.541,0.188,0.126,0.220,25.129,705903
1782536703999,0,0,0.000,6.541,6.549,0.188,0.188,0.204,25.129,705936
1782536704037,0,0,0.000,6.541,6.533,0.188,0.126,0.328,25.129,705969
1782536704066,0,0,0.000,6.541,6.541,0.188,0.157,0.210,25.129,706002
1782536704098,0,0,0.000,6.541,6.533,0.220,0.157,0.210,25.129,706035
1782536704133,0,0,0.000,6.557,6.541,0.188,0.126,0.242,25.129,706068
1782536704167,0,0,0.000,6.541,6.549,0.188,0.157,0.226,25.129,706101
1782536704200,0,0,0.000,6.541,6.541,0.188,0.157,0.210,25.129,706134
1782536704232,0,0,0.006,6.541,6.541,0.157,0.157,0.226,25.129,706167
1782536704266,0,0,0.000,6.541,6.541,0.157,0.220,0.210,25.129,706200
1782536704299,0,0,0.000,6.549,6.541,0.188,0.157,0.210,25.129,706233
1782536704332,0,0,0.000,6.541,6.533,0.188,0.157,0.220,25.129,706266
1782536704366,0,0,0.000,6.549,6.541,0.188,0.157,0.226,25.129,706299
1782536704399,0,0,0.000,6.541,6.533,0.157,0.188,0.237,25.043,706332
1782536704431,0,0,0.006,6.533,6.541,0.126,0.157,0.220,25.215,706365
1782536704465,0,0,0.000,6.541,6.541,0.126,0.094,0.247,25.129,706398
1782536704499,0,0,0.006,6.541,6.541,0.188,0.157,0.237,25.129,706431
1782536704532,0,0,0.000,6.541,6.549,0.188,0.157,0.210,25.129,706464
1782536704569,0,0,0.000,6.541,6.541,0.188,0.157,0.231,25.215,706497
1782536704598,0,0,0.000,6.557,6.524,0.188,0.157,0.210,25.129,706530
1782536704631,0,0,0.006,6.541,6.533,0.188,0.126,0.220,25.129,706563
1782536704665,0,0,0.000,6.541,6.533,0.188,0.188,0.215,25.129,706596
1782536704702,0,0,0.000,6.524,6.533,0.188,0.157,0.290,25.129,706629
1782536704735,0,0,0.006,6.541,6.549,0.126,0.220,0.231,25.215,706662
1782536704780,0,0,0.000,6.541,6.533,0.220,0.188,0.290,25.129,706695
1782536704799,0,0,0.006,6.541,6.549,0.188,0.188,0.215,25.129,706728
1782536704837,0,0,0.000,6.541,6.549,0.188,0.188,0.210,25.129,706761
1782536704868,0,0,0.000,6.524,6.524,0.157,0.157,0.242,25.129,706794
1782536704904,0,0,0.000,6.541,6.549,0.157,0.220,0.231,25.043,706827
1782536704931,0,0,0.000,6.541,6.533,0.188,0.157,0.242,25.129,706860
1782536704968,0,0,0.000,6.549,6.524,0.188,0.157,0.220,25.043,706893
1782536705002,0,0,0.006,6.541,6.541,0.157,0.188,0.210,25.129,706926
1782536705030,0,0,0.006,6.541,6.533,0.188,0.157,0.344,25.129,706959
1782536705067,0,0,0.000,6.541,6.533,0.188,0.188,0.231,25.129,706992
1782536705097,0,0,0.006,6.541,6.533,0.220,0.157,0.237,25.129,707025
1782536705132,0,0,0.000,6.541,6.549,0.157,0.157,0.237,25.129,707058
1782536705169,0,0,0.000,6.549,6.541,0.188,0.126,0.210,25.129,707091
1782536705197,0,0,0.012,6.549,6.541,0.188,0.188,0.220,25.129,707124
1782536705229,0,0,0.000,6.533,6.524,0.188,0.188,0.210,25.129,707157
1782536705264,0,0,0.000,6.533,6.541,0.188,0.157,0.215,25.129,707190
1782536705299,0,0,0.000,6.541,6.541,0.188,0.157,0.210,25.129,707223
1782536705329,0,0,0.006,6.541,6.533,0.188,0.157,0.323,25.129,707256
1782536705364,0,0,0.000,6.541,6.533,0.188,0.157,0.226,25.129,707289
1782536705397,0,0,0.000,6.533,6.549,0.188,0.157,0.210,25.129,707322
1782536705429,0,0,0.000,6.549,6.541,0.188,0.157,0.237,25.043,707355
1782536705463,0,0,0.000,6.541,6.541,0.188,0.157,0.226,25.129,707388
1782536705495,0,0,0.000,6.549,6.533,0.188,0.157,0.237,25.043,707421
1782536705528,0,0,0.012,6.549,6.557,0.188,0.157,0.215,25.129,707454
1782536705567,0,0,0.000,6.533,6.533,0.220,0.157,0.231,25.129,707487
1782536705602,0,0,0.000,6.541,6.533,0.188,0.157,0.215,25.129,707520
1782536705629,0,0,0.000,6.549,6.541,0.188,0.157,0.215,25.129,707553
1782536705663,0,0,0.006,6.541,6.541,0.188,0.157,0.215,25.129,707586
1782536705710,0,0,0.000,6.533,6.541,0.188,0.126,0.226,25.129,707619
1782536705739,0,0,0.006,6.541,6.533,0.188,0.188,0.355,25.129,707652
1782536705770,0,0,0.000,6.541,6.541,0.220,0.157,0.220,25.129,707685
1782536705804,0,0,0.000,6.541,6.541,0.157,0.157,0.231,25.129,707718
1782536705837,0,0,0.000,6.541,6.541,0.188,0.188,0.210,25.043,707751
1782536705869,0,0,0.000,6.541,6.533,0.188,0.157,0.242,25.129,707784
1782536705904,0,0,0.000,6.549,6.533,0.188,0.188,0.258,25.129,707817
1782536705936,0,0,0.000,6.541,6.533,0.188,0.157,0.215,25.129,707850
1782536705968,0,0,0.000,6.541,6.533,0.188,0.157,0.220,25.129,707883
1782536706004,0,0,0.000,6.541,6.541,0.157,0.188,0.210,25.129,707916
1782536706034,0,0,0.000,6.557,6.533,0.188,0.157,0.204,25.129,707949
1782536706067,0,0,0.000,6.541,6.541,0.188,0.157,0.215,25.043,707982
1782536706102,0,0,0.000,6.541,6.541,0.188,0.157,0.199,25.043,708015
1782536706133,0,0,0.006,6.541,6.533,0.188,0.157,0.274,25.129,708048
1782536706167,0,0,0.006,6.541,6.533,0.220,0.126,0.215,25.129,708081
1782536706206,0,0,0.006,6.541,6.533,0.157,0.157,0.274,25.129,708114
1782536706232,0,0,0.000,6.533,6.533,0.157,0.188,0.333,25.129,708147
1782536706266,0,0,0.000,6.541,6.533,0.188,0.157,0.204,25.129,708180
1782536706301,0,0,0.000,6.541,6.533,0.188,0.188,0.258,25.129,708213
1782536706334,0,0,0.000,6.541,6.541,0.157,0.188,0.226,25.129,708246
1782536706366,0,0,0.000,6.549,6.541,0.157,0.157,0.220,25.043,708279
1782536706403,0,0,0.000,6.541,6.524,0.188,0.157,0.263,25.043,708312
1782536706434,0,0,0.000,6.541,6.533,0.188,0.188,0.269,25.129,708345
1782536706465,0,0,0.000,6.541,6.533,0.188,0.188,0.237,25.129,708378
1782536706505,0,0,0.000,6.549,6.549,0.157,0.126,0.199,25.129,708411
1782536706529,0,0,0.006,6.549,6.541,0.157,0.126,0.215,25.129,708444
1782536706564,0,0,0.000,6.541,6.541,0.188,0.157,0.215,25.129,708477
1782536706609,0,0,0.000,6.541,6.533,0.188,0.220,0.210,25.129,708510
1782536706628,0,0,0.000,6.524,6.524,0.188,0.157,0.398,25.129,708543
1782536706670,0,0,0.000,6.533,6.541,0.157,0.157,0.210,25.215,708576
1782536706695,0,0,0.000,6.533,6.524,0.188,0.157,0.333,25.129,708609
1782536706729,0,0,0.000,6.549,6.533,0.188,0.188,0.215,25.129,708642
1782536706763,0,0,0.000,6.541,6.533,0.188,0.157,0.339,25.129,708675
1782536706794,0,0,0.000,6.541,6.549,0.188,0.188,0.210,25.129,708708
1782536706828,0,0,0.006,6.541,6.524,0.188,0.188,0.312,25.129,708741
1782536706860,0,0,0.000,6.541,6.541,0.188,0.157,0.199,25.129,708774
1782536706892,0,0,0.000,6.549,6.541,0.188,0.157,0.226,25.129,708807
1782536706926,0,0,0.000,6.541,6.524,0.188,0.157,0.194,25.129,708840
1782536706959,0,0,0.000,6.541,6.541,0.188,0.188,0.215,25.129,708873
1782536706991,0,0,0.006,6.533,6.533,0.188,0.157,0.301,25.129,708906
1782536707025,0,0,0.000,6.549,6.541,0.126,0.220,0.204,25.129,708939
1782536707060,0,0,0.000,6.557,6.549,0.188,0.188,0.215,25.129,708972
1782536707094,0,0,0.000,6.533,6.533,0.126,0.157,0.296,25.129,709005
1782536707126,0,0,0.006,6.549,6.533,0.157,0.126,0.204,25.129,709038
1782536707158,0,0,0.006,6.533,6.541,0.188,0.157,0.360,25.043,709071
1782536707191,0,0,0.000,6.541,6.541,0.157,0.157,0.204,25.215,709104
1782536707226,0,0,0.006,6.557,6.541,0.157,0.188,0.210,25.129,709137
1782536707257,0,0,0.006,6.549,6.541,0.188,0.157,0.204,25.043,709170
1782536707291,0,0,0.006,6.533,6.524,0.188,0.157,0.355,25.129,709203
1782536707326,0,0,0.000,6.541,6.533,0.220,0.126,0.204,25.215,709236
1782536707358,0,0,0.000,6.541,6.524,0.188,0.157,0.339,25.129,709269
1782536707392,0,0,0.000,6.541,6.541,0.188,0.157,0.199,25.043,709302
1782536707428,0,0,0.000,6.541,6.541,0.188,0.157,0.204,25.129,709335
1782536707471,0,0,0.000,6.533,6.533,0.188,0.157,0.204,25.043,709368
1782536707493,0,0,0.000,6.541,6.541,0.157,0.157,0.210,25.043,709401
1782536707536,0,0,0.000,6.541,6.541,0.188,0.126,0.199,25.129,709434
1782536707560,0,0,0.000,6.541,6.524,0.188,0.126,0.199,25.129,709467
1782536707590,0,0,0.000,6.541,6.541,0.188,0.157,0.215,25.129,709500
1782536707627,0,0,0.000,6.549,6.533,0.157,0.188,0.199,25.129,709533
1782536707663,0,0,0.000,6.533,6.533,0.188,0.157,0.339,25.129,709566
1782536707690,0,0,0.000,6.557,6.549,0.188,0.188,0.204,25.129,709599
1782536707735,0,0,0.000,6.541,6.541,0.188,0.157,0.226,25.129,709632
1782536707757,0,0,0.000,6.533,6.524,0.157,0.157,0.323,25.129,709665
1782536707790,0,0,0.000,6.541,6.541,0.188,0.157,0.204,25.129,709698
1782536707823,0,0,0.000,6.541,6.533,0.188,0.157,0.220,25.129,709731
1782536707859,0,0,0.006,6.541,6.533,0.188,0.188,0.226,25.043,709764
1782536707895,0,0,0.000,6.541,6.541,0.188,0.157,0.215,25.129,709797
1782536707925,0,0,0.000,6.541,6.549,0.188,0.157,0.323,25.129,709830
1782536707957,0,0,0.000,6.557,6.541,0.188,0.188,0.199,25.129,709863
1782536707990,0,0,0.000,6.541,6.524,0.188,0.157,0.360,25.129,709896
1782536708023,0,0,0.000,6.541,6.533,0.188,0.188,0.269,25.129,709929
1782536708056,0,0,0.000,6.533,6.541,0.157,0.157,0.306,25.129,709962
1782536708088,0,0,0.000,6.541,6.533,0.188,0.157,0.280,25.129,709995
1782536708123,0,0,0.000,6.524,6.516,0.188,0.188,0.435,25.215,710028
1782536708155,0,0,0.000,6.541,6.533,0.188,0.157,0.237,25.129,710061
1782536708189,0,0,0.000,6.533,6.533,0.157,0.126,0.290,25.043,710094
1782536708223,0,0,0.000,6.541,6.533,0.188,0.157,0.210,25.129,710127
1782536708255,0,0,0.006,6.541,6.524,0.188,0.126,0.231,25.129,710160
1782536708289,0,0,0.000,6.541,6.541,0.220,0.188,0.226,25.215,710193
1782536708322,0,0,0.000,6.549,6.533,0.188,0.157,0.226,25.129,710226
1782536708355,0,0,0.000,6.557,6.524,0.251,0.157,0.285,25.129,710259
1782536708388,0,0,0.000,6.541,6.533,0.188,0.157,0.204,25.129,710292
1782536708422,0,0,0.000,6.541,6.533,0.188,0.157,0.215,25.129,710325
1782536708457,0,0,0.000,6.541,6.541,0.157,0.157,0.220,25.129,710358
1782536708488,0,0,0.000,6.557,6.549,0.188,0.157,0.215,25.129,710391
1782536708522,0,0,0.000,6.549,6.541,0.188,0.188,0.204,25.129,710424
1782536708558,0,0,0.000,6.549,6.541,0.251,0.157,0.215,25.129,710457
1782536708588,0,0,0.000,6.533,6.533,0.188,0.157,0.323,25.129,710490
1782536708633,0,0,0.000,6.533,6.533,0.157,0.188,0.220,25.129,710523
1782536708656,0,0,0.000,6.549,6.524,0.188,0.157,0.204,25.129,710556
1782536708689,0,0,0.000,6.541,6.541,0.188,0.157,0.231,25.129,710589
1782536708721,0,0,0.006,6.533,6.541,0.188,0.157,0.237,25.129,710622
1782536708758,0,0,0.000,6.541,6.557,0.188,0.220,0.247,25.129,710655
1782536708789,0,0,0.000,6.541,6.533,0.188,0.157,0.237,25.043,710688
1782536708820,0,0,0.000,6.533,6.549,0.251,0.157,0.231,25.129,710721
1782536708860,0,0,0.000,6.557,6.533,0.188,0.188,0.247,25.129,710754
1782536708888,0,0,0.000,6.533,6.524,0.188,0.157,0.220,25.129,710787
1782536708919,0,0,0.000,6.549,6.541,0.126,0.157,0.204,25.215,710820
1782536708953,0,0,0.000,6.541,6.541,0.157,0.157,0.199,25.129,710853
1782536708988,0,0,0.000,6.541,6.541,0.220,0.157,0.204,25.129,710886
1782536709020,0,0,0.006,6.541,6.524,0.188,0.188,0.237,25.129,710919
1782536709060,0,0,0.006,6.533,6.541,0.188,0.126,0.215,25.129,710952
1782536709090,0,0,0.000,6.541,6.541,0.157,0.126,0.194,25.129,710985
1782536709120,0,0,0.000,6.557,6.533,0.157,0.126,0.199,25.129,711018
1782536709155,0,0,0.000,6.533,6.541,0.220,0.157,0.242,25.129,711051
1782536709192,0,0,0.000,6.549,6.541,0.220,0.126,0.204,25.043,711084
1782536709221,0,0,0.000,6.541,6.533,0.188,0.157,0.312,25.129,711117
1782536709253,0,0,0.006,6.541,6.533,0.220,0.157,0.199,25.129,711150
1782536709286,0,0,0.000,6.557,6.541,0.188,0.157,0.242,25.129,711183
1782536709319,0,0,0.000,6.541,6.524,0.157,0.126,0.328,25.043,711216
1782536709353,0,0,0.000,6.541,6.533,0.188,0.157,0.226,25.129,711249
1782536709386,0,0,0.000,6.541,6.549,0.188,0.157,0.215,25.129,711282
1782536709431,0,0,0.000,6.541,6.549,0.251,0.157,0.237,25.129,711315
1782536709453,0,0,0.000,6.533,6.549,0.188,0.126,0.204,25.129,711348
1782536709498,0,0,0.000,6.541,6.533,0.188,0.188,0.215,25.129,711381
1782536709520,0,0,0.000,6.549,6.549,0.220,0.157,0.210,25.129,711414
1782536709553,0,0,0.000,6.557,6.533,0.188,0.157,0.215,25.129,711447
1782536709585,0,0,0.000,6.533,6.533,0.157,0.157,0.231,25.043,711480
1782536709619,0,0,0.000,6.541,6.541,0.157,0.188,0.215,25.129,711513
1782536709653,0,0,0.000,6.541,6.541,0.251,0.188,0.215,25.129,711546
1782536709685,0,0,0.000,6.541,6.541,0.188,0.157,0.210,25.129,711579
1782536709720,0,0,0.000,6.541,6.541,0.188,0.126,0.199,25.129,711612
1782536709752,0,0,0.000,6.541,6.541,0.188,0.157,0.339,25.129,711645
1782536709785,0,0,0.000,6.541,6.533,0.188,0.157,0.226,25.129,711678
1782536709818,0,0,0.000,6.541,6.533,0.188,0.157,0.215,25.215,711711
1782536709851,0,0,0.000,6.557,6.533,0.157,0.188,0.210,25.129,711744
1782536709886,0,0,0.000,6.541,6.541,0.188,0.188,0.237,25.129,711777
1782536709927,0,0,0.006,6.533,6.541,0.126,0.157,0.237,25.129,711810
1782536709951,0,0,0.006,6.533,6.533,0.188,0.188,0.333,25.129,711843
1782536709989,0,0,0.000,6.541,6.533,0.188,0.157,0.215,25.129,711876
1782536710025,0,0,0.000,6.541,6.541,0.188,0.157,0.226,25.215,711909
1782536710051,0,0,0.000,6.541,6.533,0.188,0.157,0.220,25.129,711942
1782536710094,0,0,0.000,6.533,6.533,0.188,0.188,0.328,25.129,711975
1782536710127,0,0,0.000,6.541,6.541,0.188,0.220,0.210,25.129,712008
1782536710159,0,0,0.000,6.533,6.533,0.188,0.157,0.237,25.129,712041
1782536710193,0,0,0.000,6.541,6.541,0.188,0.157,0.231,25.129,712074
1782536710226,0,0,0.000,6.549,6.533,0.126,0.126,0.242,25.129,712107
1782536710262,0,0,0.000,6.541,6.541,0.188,0.188,0.226,25.129,712140
1782536710294,0,0,0.000,6.541,6.541,0.220,0.188,0.194,25.129,712173
1782536710326,0,0,0.000,6.533,6.533,0.220,0.157,0.204,25.129,712206
1782536710357,0,0,0.006,6.541,6.541,0.188,0.157,0.210,25.129,712239
1782536710395,0,0,0.000,6.541,6.541,0.126,0.188,0.204,25.129,712272
1782536710435,0,0,0.000,6.541,6.541,0.188,0.157,0.210,25.129,712305
1782536710456,0,0,0.006,6.541,6.533,0.220,0.126,0.226,25.129,712338
1782536710489,0,0,0.000,6.541,6.549,0.188,0.126,0.199,25.129,712371
1782536710522,0,0,0.000,6.541,6.541,0.251,0.157,0.215,25.129,712404
1782536710556,0,0,0.000,6.549,6.541,0.188,0.126,0.199,25.129,712437
1782536710598,0,0,0.000,6.541,6.541,0.188,0.157,0.199,25.129,712470
1782536710622,0,0,0.000,6.549,6.533,0.126,0.157,0.360,25.129,712503
1782536710656,0,0,0.000,6.541,6.541,0.188,0.188,0.199,25.129,712536
1782536710694,0,0,0.000,6.533,6.533,0.188,0.157,0.210,25.129,712569
1782536710720,0,0,0.000,6.541,6.533,0.220,0.157,0.349,25.043,712602
1782536710753,0,0,0.000,6.541,6.541,0.188,0.188,0.199,25.129,712635
1782536710787,0,0,0.000,6.541,6.533,0.157,0.157,0.194,25.129,712668
1782536710821,0,0,0.000,6.533,6.516,0.188,0.157,0.285,25.129,712701
1782536710852,0,0,0.000,6.541,6.533,0.188,0.157,0.210,25.129,712734
1782536710885,0,0,0.000,6.533,6.533,0.126,0.188,0.344,25.043,712767
1782536710919,0,0,0.000,6.549,6.533,0.126,0.126,0.204,25.129,712800
1782536710953,0,0,0.000,6.533,6.533,0.188,0.157,0.220,25.129,712833
1782536710986,0,0,0.000,6.549,6.533,0.157,0.188,0.204,25.129,712866
1782536711019,0,0,0.000,6.541,6.533,0.188,0.157,0.366,25.129,712899
1782536711052,0,0,0.000,6.549,6.524,0.157,0.126,0.210,25.129,712932
1782536711086,0,0,0.006,6.541,6.541,0.188,0.157,0.210,25.129,712965
1782536711120,0,0,0.000,6.541,6.541,0.188,0.157,0.231,25.129,712998
1782536711150,0,0,0.006,6.541,6.533,0.188,0.157,0.237,25.129,713031
1782536711183,0,0,0.000,6.541,6.541,0.188,0.157,0.215,25.129,713064
1782536711216,0,0,0.000,6.533,6.541,0.188,0.157,0.452,25.129,713097
1782536711249,0,0,0.000,6.549,6.533,0.188,0.157,0.274,25.129,713130
1782536711283,0,0,0.000,6.549,6.541,0.188,0.157,0.290,25.043,713163
1782536711318,0,0,0.000,6.549,6.541,0.188,0.157,0.204,25.129,713196
1782536711358,0,0,0.000,6.541,6.549,0.220,0.157,0.210,25.129,713229
1782536711386,0,0,0.000,6.533,6.524,0.188,0.157,0.392,25.129,713262
1782536711419,0,0,0.000,6.557,6.541,0.188,0.157,0.215,25.129,713295
1782536711453,0,0,0.000,6.549,6.541,0.157,0.188,0.199,25.129,713328
1782536711481,0,0,0.000,6.549,6.541,0.188,0.188,0.215,25.129,713361
1782536711518,0,0,0.000,6.549,6.541,0.188,0.157,0.204,25.129,713394
1782536711554,0,0,0.006,6.533,6.524,0.188,0.157,0.290,25.129,713427
1782536711581,0,0,0.006,6.533,6.524,0.220,0.157,0.409,25.043,713460
1782536711626,0,0,0.000,6.541,6.524,0.188,0.157,0.215,25.129,713493
1782536711647,0,0,0.006,6.533,6.524,0.188,0.157,0.430,25.129,713526
1782536711681,0,0,0.006,6.541,6.533,0.188,0.157,0.280,25.129,713559
1782536711716,0,0,0.000,6.549,6.524,0.188,0.188,0.323,25.129,713592
1782536711747,0,0,0.000,6.541,6.541,0.188,0.157,0.258,25.043,713625
1782536711781,0,0,0.000,6.541,6.516,0.188,0.157,0.435,25.129,713658
1782536711814,0,0,0.006,6.541,6.549,0.188,0.188,0.210,25.129,713691
1782536711847,0,0,0.000,6.533,6.533,0.188,0.126,0.355,25.129,713724
1782536711881,0,0,0.000,6.541,6.533,0.188,0.157,0.215,25.129,713757
1782536711914,0,0,0.000,6.533,6.524,0.188,0.157,0.360,25.129,713790
1782536711947,0,0,0.000,6.524,6.533,0.188,0.157,0.215,25.129,713823
1782536711980,0,0,0.000,6.541,6.524,0.188,0.157,0.349,25.129,713856
1782536712012,0,0,0.000,6.541,6.541,0.188,0.157,0.215,25.043,713889
1782536712047,0,0,0.000,6.541,6.524,0.188,0.157,0.366,25.043,713922
1782536712082,0,0,0.000,6.549,6.533,0.188,0.157,0.226,25.129,713955
1782536712113,0,0,0.000,6.524,6.524,0.220,0.188,0.323,25.129,713988
1782536712147,0,0,0.000,6.533,6.533,0.251,0.126,0.360,25.129,714021
1782536712183,0,0,0.000,6.549,6.541,0.188,0.188,0.269,25.215,714054
1782536712213,0,0,0.006,6.541,6.541,0.188,0.188,0.231,25.215,714087
1782536712246,0,0,0.000,6.549,6.533,0.188,0.126,0.237,25.129,714120
1782536712279,0,0,0.000,6.533,6.541,0.188,0.157,0.237,25.215,714153
1782536712312,0,0,0.000,6.541,6.524,0.188,0.157,0.280,25.129,714186
1782536712345,0,0,0.000,6.541,6.533,0.188,0.157,0.220,25.043,714219
1782536712380,0,0,0.000,6.541,6.533,0.188,0.157,0.323,25.215,714252
1782536712412,0,0,0.000,6.549,6.549,0.188,0.188,0.242,25.129,714285
1782536712447,0,0,0.000,6.524,6.516,0.188,0.157,0.452,25.129,714318
1782536712480,0,0,0.000,6.541,6.541,0.188,0.157,0.258,25.129,714351
1782536712515,0,0,0.000,6.541,6.541,0.188,0.157,0.220,25.129,714384
1782536712548,0,0,0.006,6.541,6.557,0.188,0.220,0.226,25.129,714417
1782536712579,0,0,0.000,6.533,6.524,0.157,0.157,0.344,25.129,714450
1782536712612,0,0,0.000,6.541,6.541,0.188,0.157,0.226,25.129,714483
1782536712649,0,0,0.000,6.541,6.524,0.188,0.157,0.231,25.043,714516
1782536712682,0,0,0.000,6.541,6.541,0.188,0.126,0.215,25.129,714549
1782536712732,0,0,0.000,6.549,6.549,0.126,0.157,0.220,25.129,714582
1782536712758,0,0,0.000,6.549,6.533,0.188,0.157,0.215,25.129,714615
1782536712783,0,0,0.000,6.541,6.541,0.157,0.220,0.210,25.129,714648
1782536712811,0,0,0.000,6.541,6.541,0.157,0.157,0.237,25.129,714681
1782536712849,0,0,0.000,6.541,6.541,0.188,0.157,0.301,25.129,714714
1782536712877,0,0,0.006,6.541,6.541,0.188,0.126,0.220,25.129,714747
1782536712910,0,0,0.006,6.549,6.541,0.220,0.157,0.242,25.043,714780
1782536712963,0,0,0.006,6.557,6.549,0.157,0.126,0.215,25.129,714813
1782536712977,0,0,0.000,6.557,6.541,0.188,0.157,0.215,25.129,714846
1782536713011,0,0,0.000,6.549,6.533,0.220,0.157,0.312,25.129,714879
1782536713044,0,0,0.006,6.541,6.533,0.188,0.126,0.263,25.129,714912
1782536713079,0,0,0.000,6.541,6.541,0.188,0.188,0.220,25.043,714945
1782536713111,0,0,0.000,6.541,6.541,0.126,0.188,0.220,25.129,714978
1782536713144,0,0,0.000,6.533,6.533,0.157,0.188,0.231,25.129,715011
1782536713177,0,0,0.000,6.549,6.533,0.157,0.157,0.237,25.129,715044
1782536713210,0,0,0.000,6.549,6.533,0.188,0.157,0.231,25.129,715077
1782536713244,0,0,0.000,6.549,6.541,0.188,0.157,0.237,25.129,715110
1782536713279,0,0,0.000,6.541,6.533,0.188,0.220,0.215,25.129,715143
1782536713310,0,0,0.000,6.541,6.541,0.188,0.157,0.215,25.129,715176
1782536713344,0,0,0.000,6.541,6.541,0.188,0.126,0.210,25.043,715209
1782536713376,0,0,0.000,6.541,6.541,0.157,0.126,0.312,25.129,715242
1782536713410,0,0,0.000,6.541,6.533,0.188,0.126,0.242,25.129,715275
1782536713446,0,0,0.006,6.557,6.524,0.188,0.157,0.317,25.129,715308
1782536713476,0,0,0.000,6.549,6.549,0.188,0.126,0.253,25.129,715341
1782536713513,0,0,0.000,6.541,6.541,0.126,0.157,0.226,25.129,715374
1782536713548,0,0,0.000,6.541,6.549,0.188,0.157,0.231,25.129,715407
1782536713575,0,0,0.000,6.533,6.541,0.188,0.157,0.231,25.215,715440
1782536713616,0,0,0.000,6.541,6.541,0.188,0.157,0.226,25.129,715473
1782536713642,0,0,0.000,6.533,6.524,0.157,0.188,0.247,25.129,715506
1782536713676,0,0,0.000,6.541,6.541,0.188,0.157,0.215,25.129,715539
1782536713708,0,0,0.000,6.533,6.541,0.157,0.157,0.226,25.043,715572
1782536713745,0,0,0.000,6.541,6.541,0.188,0.157,0.204,25.043,715605
1782536713776,0,0,0.000,6.541,6.533,0.220,0.188,0.301,25.129,715638
1782536713808,0,0,0.006,6.541,6.533,0.188,0.157,0.237,25.129,715671
1782536713842,0,0,0.000,6.549,6.533,0.188,0.157,0.237,25.129,715704
1782536713878,0,0,0.000,6.541,6.533,0.157,0.157,0.242,25.129,715737
1782536713910,0,0,0.000,6.557,6.533,0.188,0.220,0.242,25.043,715770
1782536713942,0,0,0.000,6.541,6.533,0.188,0.157,0.237,25.215,715803
1782536713980,0,0,0.000,6.541,6.541,0.188,0.157,0.226,25.129,715836
1782536714020,0,0,0.006,6.541,6.533,0.188,0.126,0.210,25.129,715869
1782536714056,0,0,0.000,6.541,6.533,0.157,0.188,0.215,25.129,715902
1782536714078,0,0,0.006,6.549,6.533,0.126,0.157,0.210,25.129,715935
1782536714107,0,0,0.000,6.533,6.541,0.188,0.157,0.258,25.129,715968
1782536714141,0,0,0.000,6.541,6.533,0.188,0.188,0.210,25.129,716001
1782536714174,0,0,0.000,6.533,6.524,0.188,0.157,0.317,25.043,716034
1782536714210,0,0,0.000,6.549,6.541,0.188,0.188,0.210,25.043,716067
1782536714241,0,0,0.000,6.541,6.541,0.188,0.157,0.215,25.129,716100
1782536714274,0,0,0.006,6.541,6.533,0.220,0.157,0.220,25.129,716133
1782536714316,0,0,0.000,6.541,6.541,0.157,0.157,0.215,25.043,716166
1782536714342,0,0,0.006,6.533,6.533,0.188,0.157,0.339,25.129,716199
1782536714374,0,0,0.000,6.541,6.524,0.157,0.157,0.242,25.129,716232
1782536714407,0,0,0.000,6.549,6.541,0.188,0.157,0.210,25.129,716265
1782536714450,0,0,0.006,6.549,6.524,0.188,0.188,0.226,25.129,716298
1782536714491,0,0,0.000,6.549,6.541,0.188,0.157,0.226,25.129,716331
1782536714516,0,0,0.006,6.533,6.524,0.188,0.126,0.441,25.043,716364
1782536714549,0,0,0.000,6.541,6.541,0.157,0.157,0.242,25.129,716397
1782536714599,0,0,0.000,6.541,6.533,0.157,0.157,0.215,25.129,716430
1782536714614,0,0,0.000,6.541,6.549,0.188,0.157,0.215,25.043,716463
1782536714647,0,0,0.000,6.524,6.533,0.157,0.157,0.247,25.129,716496
1782536714682,0,0,0.000,6.549,6.549,0.188,0.157,0.226,25.129,716529
1782536714714,0,0,0.000,6.533,6.541,0.126,0.126,0.215,25.129,716562
1782536714746,0,0,0.000,6.549,6.541,0.188,0.157,0.220,25.129,716595
1782536714780,0,0,0.006,6.541,6.541,0.188,0.157,0.204,25.129,716628
1782536714812,0,0,0.000,6.549,6.541,0.220,0.157,0.210,25.129,716661
1782536714845,0,0,0.000,6.549,6.533,0.188,0.157,0.199,25.129,716694
1782536714879,0,0,0.000,6.541,6.541,0.188,0.157,0.215,25.129,716727
1782536714911,0,0,0.000,6.541,6.533,0.157,0.126,0.210,25.043,716760
1782536714958,0,0,0.000,6.541,6.541,0.157,0.188,0.210,25.043,716793
1782536714978,0,0,0.000,6.533,6.533,0.188,0.157,0.306,25.129,716826
1782536715010,0,0,0.000,6.541,6.533,0.157,0.157,0.210,25.129,716859
1782536715044,0,0,0.000,6.541,6.533,0.188,0.157,0.204,25.129,716892
1782536715076,0,0,0.000,6.541,6.533,0.188,0.126,0.210,25.129,716925
1782536715109,0,0,0.000,6.541,6.533,0.157,0.220,0.199,25.129,716958
1782536715148,0,0,0.000,6.541,6.541,0.126,0.157,0.210,25.129,716991
1782536715177,0,0,0.006,6.541,6.533,0.188,0.157,0.280,25.129,717024
1782536715209,0,0,0.000,6.557,6.549,0.188,0.157,0.215,25.129,717057
1782536715242,0,0,0.000,6.541,6.524,0.188,0.157,0.199,25.129,717090
1782536715275,0,0,0.000,6.541,6.533,0.188,0.188,0.301,25.129,717123
1782536715313,0,0,0.000,6.549,6.541,0.188,0.126,0.215,25.129,717156
1782536715347,0,0,0.000,6.541,6.533,0.188,0.157,0.349,25.129,717189
1782536715380,0,0,0.000,6.541,6.549,0.188,0.157,0.242,25.129,717222
1782536715428,0,0,0.000,6.533,6.516,0.157,0.188,0.312,25.215,717255
1782536715440,0,0,0.000,6.541,6.533,0.220,0.188,0.280,25.129,717288
1782536715473,0,0,0.000,6.541,6.533,0.251,0.188,0.409,25.129,717321
1782536715521,0,0,0.000,6.533,6.533,0.188,0.126,0.280,25.129,717354
1782536715539,0,0,0.000,6.524,6.524,0.157,0.157,0.280,25.129,717387
1782536715571,0,0,0.000,6.541,6.533,0.188,0.157,0.226,25.129,717420
1782536715605,0,0,0.000,6.533,6.533,0.157,0.126,0.366,25.129,717453
1782536715639,0,0,0.000,6.541,6.541,0.157,0.157,0.210,25.215,717486
1782536715676,0,0,0.006,6.541,6.549,0.188,0.188,0.220,25.129,717519
1782536715703,0,0,0.000,6.549,6.533,0.188,0.188,0.210,25.215,717552
1782536715738,0,0,0.000,6.549,6.541,0.157,0.157,0.204,25.129,717585
1782536715770,0,0,0.000,6.541,6.533,0.094,0.188,0.296,25.129,717618
1782536715804,0,0,0.000,6.541,6.541,0.220,0.157,0.199,25.129,717651
1782536715842,0,0,0.000,6.541,6.524,0.188,0.157,0.280,25.043,717684
1782536715871,0,0,0.000,6.533,6.533,0.157,0.157,0.215,25.215,717717
1782536715904,0,0,0.000,6.533,6.533,0.188,0.157,0.215,25.043,717750
1782536715938,0,0,0.006,6.549,6.524,0.188,0.157,0.366,25.129,717783
1782536715970,0,0,0.000,6.541,6.533,0.157,0.157,0.242,25.129,717816
1782536716005,0,0,0.006,6.541,6.524,0.157,0.126,0.301,25.129,717849
1782536716047,0,0,0.000,6.541,6.549,0.188,0.188,0.220,25.129,717882
1782536716071,0,0,0.000,6.533,6.516,0.188,0.157,0.425,25.129,717915
1782536716105,0,0,0.000,6.549,6.541,0.157,0.188,0.210,25.129,717948
1782536716139,0,0,0.000,6.541,6.524,0.188,0.157,0.290,25.129,717981
1782536716170,0,0,0.000,6.533,6.533,0.188,0.157,0.290,25.129,718014
1782536716207,0,0,0.000,6.533,6.533,0.188,0.157,0.237,25.043,718047
1782536716236,0,0,0.000,6.541,6.541,0.188,0.188,0.215,25.129,718080
1782536716270,0,0,0.000,6.541,6.524,0.188,0.188,0.280,25.129,718113
1782536716302,0,0,0.000,6.541,6.524,0.188,0.157,0.226,25.129,718146
1782536716338,0,0,0.000,6.541,6.524,0.188,0.157,0.355,25.129,718179
1782536716369,0,0,0.000,6.549,6.541,0.188,0.126,0.226,25.043,718212
1782536716403,0,0,0.000,6.541,6.541,0.188,0.157,0.231,25.129,718245
1782536716438,0,0,0.000,6.549,6.533,0.157,0.126,0.333,25.129,718278
1782536716471,0,0,0.000,6.549,6.541,0.188,0.157,0.226,25.215,718311
1782536716503,0,0,0.000,6.524,6.541,0.188,0.157,0.247,25.129,718344
1782536716539,0,0,0.000,6.541,6.541,0.157,0.157,0.333,25.129,718377
1782536716572,0,0,0.000,6.557,6.541,0.157,0.126,0.226,25.129,718410
1782536716603,0,0,0.000,6.541,6.541,0.220,0.188,0.231,25.129,718443
1782536716642,0,0,0.000,6.533,6.524,0.188,0.157,0.435,25.129,718476
1782536716668,0,0,0.000,6.541,6.524,0.188,0.157,0.215,25.129,718509
1782536716704,0,0,0.000,6.557,6.533,0.188,0.157,0.253,25.129,718542
1782536716740,0,0,0.000,6.541,6.541,0.220,0.157,0.220,25.129,718575
1782536716769,0,0,0.006,6.541,6.533,0.188,0.157,0.204,25.129,718608
1782536716803,0,0,0.000,6.549,6.541,0.188,0.188,0.215,25.129,718641
1782536716836,0,0,0.000,6.533,6.533,0.188,0.126,0.462,25.129,718674
1782536716868,0,0,0.000,6.541,6.541,0.157,0.188,0.226,25.129,718707
1782536716901,0,0,0.000,6.533,6.524,0.188,0.157,0.220,25.129,718740
1782536716935,0,0,0.000,6.557,6.541,0.157,0.157,0.215,25.215,718773
1782536716967,0,0,0.000,6.549,6.533,0.188,0.157,0.204,25.043,718806
1782536717002,0,0,0.006,6.549,6.533,0.157,0.126,0.215,25.129,718839
1782536717035,0,0,0.000,6.541,6.541,0.126,0.126,0.226,25.043,718872
1782536717068,0,0,0.000,6.533,6.549,0.188,0.157,0.210,25.129,718905
1782536717101,0,0,0.000,6.541,6.533,0.157,0.157,0.220,25.215,718938
1782536717135,0,0,0.000,6.541,6.533,0.157,0.157,0.242,25.129,718971
1782536717167,0,0,0.006,6.541,6.533,0.126,0.157,0.323,25.129,719004
1782536717200,0,0,0.000,6.549,6.541,0.188,0.126,0.220,25.129,719037
1782536717235,0,0,0.000,6.541,6.524,0.188,0.157,0.237,25.129,719070
1782536717268,0,0,0.000,6.541,6.533,0.188,0.188,0.226,25.043,719103
1782536717308,0,0,0.006,6.541,6.541,0.157,0.157,0.231,25.129,719136
1782536717335,0,0,0.006,6.541,6.541,0.220,0.157,0.220,25.129,719169
1782536717368,0,0,0.000,6.541,6.533,0.188,0.188,0.220,25.129,719202
1782536717401,0,0,0.000,6.541,6.533,0.157,0.157,0.215,25.129,719235
1782536717443,0,0,0.006,6.549,6.541,0.188,0.126,0.220,25.129,719268
1782536717468,0,0,0.000,6.533,6.533,0.157,0.157,0.263,25.129,719301
1782536717501,0,0,0.006,6.549,6.533,0.157,0.188,0.237,25.129,719334
1782536717535,0,0,0.000,6.549,6.533,0.188,0.157,0.215,25.129,719367
1782536717566,0,0,0.006,6.533,6.533,0.188,0.157,0.215,25.129,719400
1782536717608,0,0,0.000,6.541,6.533,0.157,0.157,0.237,25.129,719433
1782536717634,0,0,0.000,6.541,6.533,0.157,0.157,0.280,25.129,719466
1782536717707,0,0,0.000,6.541,6.541,0.188,0.157,0.220,25.129,719499
1782536717723,0,0,0.000,6.541,6.541,0.157,0.188,0.215,25.043,719532
1782536717734,0,0,0.000,6.541,6.549,0.188,0.188,0.301,25.129,719565
1782536717769,0,0,0.000,6.541,6.541,0.220,0.157,0.215,25.129,719598
1782536717802,0,0,0.000,6.549,6.524,0.251,0.157,0.231,25.129,719631
1782536717833,0,0,0.000,6.541,6.541,0.188,0.157,0.226,25.129,719664
1782536717893,0,0,0.000,6.541,6.541,0.188,0.126,0.226,25.129,719697
1782536717905,0,0,0.000,6.541,6.533,0.188,0.220,0.220,25.043,719730
1782536717938,0,0,0.000,6.541,6.541,0.157,0.157,0.226,25.129,719763
1782536717969,0,0,0.000,6.549,6.533,0.157,0.157,0.215,25.129,719796
1782536717998,0,0,0.000,6.557,6.533,0.220,0.220,0.253,25.129,719829
1782536718032,0,0,0.000,6.541,6.541,0.157,0.157,0.269,25.129,719862
1782536718065,0,0,0.000,6.533,6.533,0.188,0.157,0.312,25.129,719895
1782536718098,0,0,0.000,6.541,6.549,0.188,0.157,0.215,25.129,719928
1782536718132,0,0,0.006,6.549,6.533,0.220,0.157,0.215,25.129,719961
1782536718166,0,0,0.000,6.541,6.541,0.188,0.126,0.215,25.129,719994
1782536718200,0,0,0.000,6.549,6.533,0.188,0.157,0.210,25.129,720027
1782536718233,0,0,0.000,6.549,6.541,0.188,0.157,0.220,25.129,720060
1782536718265,0,0,0.000,6.541,6.533,0.126,0.157,0.215,25.215,720093
1782536718298,0,0,0.000,6.541,6.533,0.188,0.188,0.215,25.129,720126
1782536718332,0,0,0.006,6.541,6.541,0.188,0.157,0.215,25.129,720159
1782536718365,0,0,0.000,6.541,6.541,0.157,0.157,0.215,25.129,720192
1782536718400,0,0,0.000,6.541,6.533,0.126,0.126,0.237,25.129,720225
1782536718431,0,0,0.000,6.549,6.541,0.188,0.157,0.247,25.129,720258
1782536718464,0,0,0.000,6.541,6.541,0.188,0.157,0.231,25.215,720291
1782536718498,0,0,0.000,6.541,6.541,0.188,0.157,0.226,25.129,720324
1782536718532,0,0,0.000,6.549,6.541,0.188,0.188,0.215,25.129,720357
1782536718564,0,0,0.006,6.541,6.533,0.188,0.157,0.263,25.129,720390
1782536718597,0,0,0.000,6.541,6.533,0.220,0.188,0.328,25.129,720423
1782536718633,0,0,0.006,6.541,6.541,0.157,0.157,0.226,25.129,720456
1782536718670,0,0,0.000,6.541,6.541,0.188,0.157,0.220,25.129,720489
1782536718697,0,0,0.000,6.541,6.533,0.188,0.157,0.226,25.129,720522
1782536718739,0,0,0.000,6.541,6.541,0.188,0.157,0.220,25.129,720555
1782536718776,0,0,0.000,6.541,6.533,0.188,0.126,0.237,25.129,720588
1782536718805,0,0,0.006,6.541,6.541,0.188,0.220,0.231,25.129,720621
1782536718838,0,0,0.000,6.533,6.541,0.220,0.157,0.237,25.129,720654
1782536718871,0,0,0.000,6.541,6.541,0.188,0.157,0.215,25.129,720687
1782536718904,0,0,0.000,6.541,6.541,0.188,0.188,0.231,25.129,720720
1782536718938,0,0,0.000,6.541,6.541,0.157,0.188,0.237,25.129,720753
1782536718979,0,0,0.000,6.541,6.541,0.188,0.188,0.215,25.129,720786
1782536719004,0,0,0.000,6.557,6.549,0.157,0.157,0.317,25.043,720819
1782536719037,0,0,0.000,6.541,6.533,0.188,0.157,0.215,25.129,720852
1782536719070,0,0,0.000,6.533,6.541,0.126,0.157,0.215,25.215,720885
1782536719112,0,0,0.000,6.541,6.533,0.220,0.157,0.215,25.129,720918
1782536719136,0,0,0.000,6.541,6.541,0.188,0.157,0.220,25.129,720951
1782536719168,0,0,0.000,6.549,6.541,0.188,0.157,0.210,25.129,720984
1782536719206,0,0,0.000,6.557,6.549,0.188,0.157,0.210,25.129,721017
1782536719244,0,0,0.000,6.557,6.541,0.188,0.188,0.215,25.129,721050
1782536719268,0,0,0.000,6.533,6.541,0.220,0.157,0.355,25.129,721083
1782536719304,0,0,0.006,6.549,6.541,0.188,0.157,0.204,25.129,721116
1782536719337,0,0,0.000,6.533,6.541,0.188,0.157,0.258,25.129,721149
1782536719367,0,0,0.000,6.541,6.541,0.188,0.126,0.274,25.129,721182
1782536719407,0,0,0.000,6.541,6.541,0.188,0.126,0.215,25.129,721215
1782536719433,0,0,0.000,6.541,6.541,0.188,0.157,0.220,25.215,721248
1782536719465,0,0,0.000,6.541,6.541,0.188,0.157,0.306,25.129,721281
1782536719513,0,0,0.000,6.541,6.541,0.157,0.188,0.215,25.129,721314
1782536719532,0,0,0.000,6.533,6.541,0.157,0.126,0.226,25.129,721347
1782536719567,0,0,0.000,6.549,6.549,0.220,0.157,0.220,25.129,721380
1782536719598,0,0,0.000,6.533,6.541,0.188,0.157,0.226,25.043,721413
1782536719640,0,0,0.000,6.557,6.541,0.220,0.220,0.210,25.129,721446
1782536719663,0,0,0.000,6.533,6.533,0.220,0.157,0.360,25.129,721479
1782536719697,0,0,0.000,6.541,6.541,0.157,0.157,0.215,25.129,721512
1782536719731,0,0,0.006,6.541,6.533,0.188,0.220,0.339,25.129,721545
1782536719770,0,0,0.000,6.541,6.541,0.188,0.188,0.215,25.129,721578
1782536719796,0,0,0.006,6.533,6.524,0.126,0.126,0.328,25.129,721611
1782536719835,0,0,0.000,6.524,6.541,0.188,0.220,0.301,25.043,721644
1782536719862,0,0,0.006,6.524,6.533,0.157,0.220,0.242,25.129,721677
1782536719896,0,0,0.000,6.549,6.533,0.126,0.157,0.210,25.129,721710
1782536719928,0,0,0.000,6.533,6.533,0.157,0.126,0.269,25.129,721743
1782536719960,0,0,0.000,6.541,6.541,0.188,0.157,0.253,25.129,721776
1782536719997,0,0,0.000,6.533,6.524,0.188,0.157,0.328,25.129,721809
1782536720027,0,0,0.000,6.541,6.541,0.157,0.188,0.215,25.129,721842
1782536720060,0,0,0.000,6.549,6.524,0.126,0.157,0.231,25.129,721875
1782536720094,0,0,0.000,6.549,6.541,0.157,0.126,0.204,25.129,721908
1782536720129,0,0,0.000,6.541,6.533,0.188,0.126,0.215,25.129,721941
1782536720161,0,0,0.000,6.541,6.541,0.188,0.157,0.204,25.129,721974
1782536720193,0,0,0.000,6.549,6.541,0.188,0.188,0.210,25.129,722007
1782536720227,0,0,0.006,6.541,6.541,0.188,0.157,0.215,25.129,722040
1782536720261,0,0,0.000,6.541,6.524,0.188,0.157,0.199,25.129,722073
1782536720293,0,0,0.000,6.541,6.524,0.188,0.126,0.258,25.129,722106
1782536720329,0,0,0.000,6.549,6.533,0.157,0.157,0.210,25.129,722139
1782536720361,0,0,0.000,6.541,6.541,0.188,0.157,0.210,25.129,722172
1782536720393,0,0,0.000,6.541,6.533,0.188,0.157,0.312,25.129,722205
1782536720430,0,0,0.000,6.541,6.541,0.188,0.157,0.210,25.043,722238
1782536720463,0,0,0.000,6.541,6.533,0.157,0.157,0.355,25.129,722271
1782536720492,0,0,0.000,6.541,6.541,0.188,0.157,0.215,25.215,722304
1782536720529,0,0,0.006,6.541,6.541,0.157,0.157,0.215,25.129,722337
1782536720567,0,0,0.000,6.533,6.524,0.188,0.157,0.242,25.129,722370
1782536720597,0,0,0.000,6.557,6.533,0.188,0.126,0.226,25.129,722403
1782536720627,0,0,0.000,6.541,6.524,0.188,0.126,0.220,25.129,722436
1782536720658,0,0,0.000,6.549,6.541,0.188,0.126,0.220,25.129,722469
1782536720699,0,0,0.000,6.541,6.541,0.188,0.157,0.210,25.043,722502
1782536720725,0,0,0.006,6.541,6.524,0.188,0.126,0.349,25.129,722535
1782536720758,0,0,0.006,6.541,6.541,0.188,0.188,0.210,25.215,722568
1782536720791,0,0,0.006,6.557,6.533,0.157,0.157,0.237,25.129,722601
1782536720824,0,0,0.006,6.533,6.549,0.188,0.188,0.323,25.129,722634
1782536720866,0,0,0.000,6.541,6.541,0.157,0.157,0.204,25.043,722667
1782536720891,0,0,0.000,6.541,6.541,0.157,0.126,0.237,25.129,722700
1782536720924,0,0,0.000,6.541,6.541,0.188,0.157,0.215,25.129,722733
1782536720961,0,0,0.006,6.549,6.541,0.188,0.157,0.204,25.129,722766
1782536721005,0,0,0.000,6.533,6.533,0.188,0.126,0.237,25.129,722799
1782536721024,0,0,0.000,6.549,6.541,0.188,0.157,0.210,25.129,722832
1782536721061,0,0,0.000,6.541,6.533,0.188,0.157,0.349,25.129,722865
1782536721091,0,0,0.000,6.541,6.541,0.188,0.157,0.274,25.043,722898
1782536721133,0,0,0.000,6.541,6.533,0.188,0.157,0.387,25.129,722931
1782536721157,0,0,0.000,6.549,6.541,0.188,0.188,0.210,25.129,722964
1782536721193,0,0,0.000,6.541,6.533,0.188,0.157,0.226,25.129,722997
1782536721224,0,0,0.000,6.533,6.533,0.188,0.157,0.215,25.129,723030
1782536721257,0,0,0.000,6.533,6.541,0.220,0.188,0.242,25.129,723063
1782536721292,0,0,0.000,6.549,6.533,0.188,0.157,0.220,25.129,723096
1782536721325,0,0,0.000,6.541,6.533,0.188,0.157,0.215,25.129,723129
1782536721357,0,0,0.000,6.541,6.541,0.188,0.157,0.231,25.043,723162
1782536721390,0,0,0.000,6.541,6.541,0.188,0.188,0.210,25.129,723195
1782536721423,0,0,0.000,6.541,6.541,0.188,0.126,0.204,25.043,723228
1782536721460,0,0,0.000,6.541,6.541,0.157,0.157,0.220,25.129,723261
1782536721491,0,0,0.000,6.541,6.541,0.157,0.157,0.199,25.129,723294
1782536721523,0,0,0.000,6.541,6.541,0.251,0.126,0.237,25.043,723327
1782536721560,0,0,0.000,6.533,6.549,0.157,0.157,0.237,25.129,723360
1782536721591,0,0,0.000,6.549,6.533,0.126,0.157,0.285,25.129,723393
1782536721623,0,0,0.000,6.541,6.533,0.157,0.188,0.317,25.129,723426
1782536721663,0,0,0.000,6.541,6.533,0.157,0.126,0.215,25.129,723459
1782536721693,0,0,0.006,6.524,6.541,0.188,0.188,0.344,25.043,723492
1782536721722,0,0,0.000,6.541,6.533,0.157,0.126,0.204,25.129,723525
1782536721762,0,0,0.000,6.541,6.524,0.188,0.188,0.349,25.043,723558
1782536721789,0,0,0.000,6.557,6.549,0.188,0.126,0.215,25.129,723591
1782536721822,0,0,0.000,6.541,6.541,0.188,0.157,0.220,25.043,723624
1782536721855,0,0,0.000,6.541,6.541,0.188,0.188,0.226,25.129,723657
1782536721888,0,0,0.000,6.541,6.533,0.157,0.126,0.290,25.043,723690
1782536721925,0,0,0.000,6.549,6.533,0.157,0.126,0.237,25.129,723723
1782536721956,0,0,0.000,6.541,6.541,0.188,0.157,0.204,25.129,723756
1782536721990,0,0,0.000,6.549,6.533,0.157,0.157,0.199,25.129,723789
1782536722022,0,0,0.000,6.549,6.557,0.188,0.157,0.210,25.129,723822
1782536722055,0,0,0.000,6.549,6.541,0.188,0.157,0.199,25.129,723855
1782536722088,0,0,0.000,6.541,6.541,0.220,0.157,0.204,25.129,723888
1782536722124,0,0,0.000,6.541,6.541,0.188,0.157,0.220,25.129,723921
1782536722155,0,0,0.006,6.524,6.524,0.188,0.188,0.462,25.129,723954
1782536722187,0,0,0.000,6.549,6.533,0.188,0.157,0.204,25.129,723987
1782536722227,0,0,0.000,6.549,6.541,0.188,0.157,0.215,25.129,724020
1782536722256,0,0,0.000,6.541,6.533,0.188,0.188,0.306,25.129,724053
1782536722289,0,0,0.000,6.549,6.533,0.188,0.157,0.215,25.129,724086
1782536722321,0,0,0.000,6.541,6.541,0.157,0.157,0.210,25.129,724119
1782536722355,0,0,0.000,6.533,6.541,0.188,0.157,0.242,25.129,724152
1782536722389,0,0,0.000,6.549,6.541,0.157,0.157,0.231,25.129,724185
1782536722421,0,0,0.000,6.549,6.541,0.188,0.188,0.210,25.129,724218
1782536722454,0,0,0.000,6.541,6.541,0.188,0.157,0.220,25.129,724251
1782536722487,0,0,0.000,6.549,6.541,0.188,0.126,0.215,25.043,724284
1782536722521,0,0,0.000,6.549,6.524,0.188,0.157,0.215,25.215,724317
1782536722571,0,0,0.000,6.557,6.533,0.188,0.157,0.199,25.043,724350
1782536722595,0,0,0.006,6.541,6.533,0.188,0.157,0.204,25.129,724383
1782536722622,0,0,0.000,6.541,6.533,0.126,0.157,0.290,25.129,724416
1782536722653,0,0,0.000,6.541,6.533,0.188,0.157,0.210,25.129,724449
1782536722687,0,0,0.000,6.533,6.524,0.188,0.157,0.323,25.129,724482
1782536722729,0,0,0.000,6.549,6.524,0.188,0.157,0.215,25.043,724515
1782536722754,0,0,0.006,6.533,6.524,0.188,0.157,0.392,25.129,724548
1782536722806,0,0,0.000,6.541,6.541,0.188,0.157,0.210,25.129,724581
1782536722820,0,0,0.000,6.549,6.541,0.188,0.157,0.210,25.129,724614
1782536722854,0,0,0.000,6.549,6.524,0.188,0.157,0.339,25.129,724647
1782536722890,0,0,0.000,6.541,6.541,0.188,0.157,0.226,25.129,724680
1782536722922,0,0,0.000,6.541,6.549,0.188,0.188,0.237,25.129,724713
1782536722953,0,0,0.000,6.541,6.541,0.188,0.126,0.312,25.129,724746
1782536722990,0,0,0.000,6.549,6.533,0.188,0.126,0.220,25.129,724779
1782536723023,0,0,0.000,6.557,6.549,0.188,0.157,0.210,25.129,724812
1782536723054,0,0,0.006,6.541,6.541,0.220,0.157,0.199,25.129,724845
1782536723093,0,0,0.012,6.557,6.541,0.188,0.188,0.231,25.129,724878
1782536723134,0,0,0.006,6.541,6.533,0.188,0.126,0.242,25.129,724911
1782536723152,0,0,0.000,6.549,6.533,0.188,0.157,0.339,25.129,724944
1782536723204,0,0,0.000,6.541,6.541,0.220,0.157,0.220,25.129,724977
1782536723229,0,0,0.000,6.541,6.549,0.188,0.157,0.215,25.129,725010
1782536723262,0,0,0.000,6.549,6.541,0.188,0.157,0.199,25.129,725043
1782536723295,0,0,0.000,6.549,6.541,0.220,0.157,0.204,25.129,725076
1782536723337,0,0,0.000,6.549,6.549,0.157,0.157,0.210,25.129,725109
1782536723360,0,0,0.000,6.533,6.524,0.188,0.157,0.323,25.043,725142
1782536723401,0,0,0.006,6.541,6.549,0.188,0.157,0.231,25.129,725175
1782536723426,0,0,0.000,6.541,6.533,0.220,0.188,0.312,25.129,725208
1782536723466,0,0,0.000,6.541,6.533,0.188,0.157,0.199,25.129,725241
1782536723494,0,0,0.000,6.549,6.524,0.157,0.157,0.349,25.043,725274
1782536723532,0,0,0.000,6.541,6.541,0.126,0.126,0.226,25.129,725307
1782536723559,0,0,0.000,6.533,6.533,0.188,0.157,0.349,25.129,725340
1782536723597,0,0,0.000,6.541,6.541,0.220,0.157,0.210,25.215,725373
1782536723623,0,0,0.000,6.549,6.533,0.157,0.157,0.215,25.129,725406
1782536723657,0,0,0.000,6.549,6.541,0.188,0.188,0.210,25.129,725439
1782536723691,0,0,0.000,6.541,6.541,0.220,0.251,0.204,25.129,725472
1782536723723,0,0,0.000,6.541,6.533,0.188,0.157,0.301,25.129,725505
1782536723757,0,0,0.000,6.541,6.549,0.188,0.126,0.204,25.129,725538
1782536723788,0,0,0.000,6.541,6.533,0.251,0.157,0.199,25.129,725571
1782536723822,0,0,0.000,6.541,6.541,0.251,0.188,0.226,25.129,725604
1782536723855,0,0,0.000,6.541,6.533,0.157,0.157,0.204,25.129,725637
1782536723899,0,0,0.000,6.549,6.549,0.188,0.157,0.210,25.129,725670
1782536723920,0,0,0.000,6.541,6.533,0.188,0.188,0.215,25.129,725703
1782536723956,0,0,0.006,6.549,6.541,0.157,0.157,0.215,25.129,725736
1782536723988,0,0,0.000,6.557,6.541,0.188,0.157,0.226,25.129,725769
1782536724021,0,0,0.006,6.549,6.541,0.126,0.188,0.210,25.129,725802
1782536724056,0,0,0.000,6.524,6.541,0.157,0.126,0.204,25.129,725835
1782536724086,0,0,0.000,6.557,6.533,0.188,0.157,0.204,25.129,725868
1782536724119,0,0,0.000,6.549,6.541,0.157,0.157,0.199,25.129,725901
1782536724172,0,0,0.000,6.541,6.533,0.126,0.157,0.210,25.129,725934
1782536724190,0,0,0.006,6.549,6.541,0.188,0.157,0.204,25.129,725967
1782536724221,0,0,0.000,6.541,6.541,0.188,0.220,0.210,25.043,726000
1782536724253,0,0,0.006,6.541,6.541,0.220,0.126,0.210,25.129,726033
1782536724285,0,0,0.000,6.549,6.541,0.157,0.126,0.204,25.129,726066
1782536724322,0,0,0.006,6.533,6.524,0.188,0.220,0.328,25.129,726099
1782536724366,0,0,0.000,6.549,6.533,0.188,0.157,0.269,25.129,726132
1782536724383,0,0,0.000,6.533,6.524,0.188,0.157,0.435,25.129,726165
1782536724416,0,0,0.006,6.549,6.533,0.188,0.126,0.199,25.129,726198
1782536724463,0,0,0.000,6.541,6.533,0.157,0.157,0.306,25.129,726231
1782536724486,0,0,0.006,6.549,6.541,0.188,0.157,0.210,25.129,726264
1782536724516,0,0,0.006,6.557,6.541,0.157,0.157,0.210,25.129,726297
1782536724549,0,0,0.000,6.541,6.524,0.188,0.157,0.285,25.129,726330
1782536724582,0,0,0.000,6.557,6.533,0.126,0.157,0.194,25.129,726363
1782536724617,0,0,0.000,6.541,6.533,0.188,0.157,0.204,25.129,726396
1782536724648,0,0,0.000,6.549,6.533,0.188,0.157,0.194,25.129,726429
1782536724682,0,0,0.006,6.541,6.541,0.220,0.188,0.204,25.129,726462
1782536724720,0,0,0.006,6.541,6.524,0.188,0.157,0.210,25.129,726495
1782536724751,0,0,0.000,6.541,6.524,0.188,0.126,0.312,25.129,726528
1782536724792,0,0,0.000,6.541,6.541,0.126,0.126,0.210,25.129,726561
1782536724814,0,0,0.000,6.541,6.524,0.126,0.157,0.344,25.215,726594
1782536724850,0,0,0.000,6.541,6.541,0.188,0.126,0.210,25.129,726627
1782536724881,0,0,0.006,6.533,6.533,0.188,0.157,0.430,25.043,726660
1782536724914,0,0,0.000,6.533,6.549,0.188,0.126,0.306,25.129,726693
1782536724947,0,0,0.000,6.533,6.533,0.157,0.094,0.344,25.129,726726
1782536724982,0,0,0.000,6.541,6.533,0.188,0.157,0.258,25.129,726759
1782536725014,0,0,0.000,6.541,6.533,0.188,0.157,0.441,25.129,726792
1782536725047,0,0,0.006,6.541,6.524,0.157,0.188,0.269,25.129,726825
1782536725081,0,0,0.000,6.541,6.533,0.157,0.126,0.263,25.129,726858
1782536725113,0,0,0.000,6.533,6.541,0.188,0.157,0.231,25.129,726891
1782536725147,0,0,0.000,6.541,6.533,0.188,0.157,0.237,25.129,726924
1782536725183,0,0,0.000,6.541,6.533,0.188,0.157,0.231,25.129,726957
1782536725214,0,0,0.000,6.541,6.541,0.188,0.157,0.226,25.129,726990
1782536725247,0,0,0.000,6.541,6.533,0.188,0.157,0.215,25.129,727023
1782536725280,0,0,0.006,6.533,6.524,0.188,0.157,0.333,25.215,727056
1782536725314,0,0,0.000,6.541,6.541,0.188,0.157,0.215,25.215,727089
1782536725348,0,0,0.000,6.541,6.541,0.157,0.188,0.204,25.129,727122
1782536725380,0,0,0.006,6.541,6.524,0.188,0.157,0.323,25.043,727155
1782536725413,0,0,0.000,6.541,6.541,0.157,0.126,0.231,25.129,727188
1782536725449,0,0,0.000,6.541,6.533,0.188,0.157,0.226,25.129,727221
1782536725482,0,0,0.000,6.541,6.533,0.188,0.157,0.220,25.129,727254
1782536725526,0,0,0.000,6.541,6.533,0.157,0.157,0.306,25.129,727287
1782536725562,0,0,0.006,6.557,6.541,0.126,0.126,0.215,25.043,727320
1782536725584,0,0,0.000,6.541,6.533,0.157,0.157,0.204,25.129,727353
1782536725614,0,0,0.000,6.541,6.541,0.126,0.188,0.226,25.129,727386
1782536725649,0,0,0.000,6.533,6.541,0.251,0.157,0.220,25.129,727419
1782536725680,0,0,0.000,6.541,6.541,0.188,0.157,0.231,25.129,727452
1782536725712,0,0,0.000,6.541,6.533,0.188,0.126,0.231,25.129,727485
1782536725747,0,0,0.006,6.541,6.541,0.251,0.188,0.220,25.129,727518
1782536725801,0,0,0.000,6.549,6.541,0.188,0.157,0.210,25.129,727551
1782536725813,0,0,0.000,6.549,6.533,0.251,0.126,0.204,25.129,727584
1782536725846,0,0,0.006,6.549,6.533,0.188,0.188,0.215,25.129,727617
1782536725894,0,0,0.000,6.541,6.533,0.157,0.126,0.210,25.129,727650
1782536725912,0,0,0.000,6.541,6.541,0.188,0.157,0.215,25.129,727683
1782536725950,0,0,0.012,6.541,6.524,0.188,0.157,0.215,25.043,727716
1782536726015,0,0,0.000,6.541,6.557,0.188,0.157,0.210,25.129,727749
1782536726016,0,0,0.000,6.541,6.541,0.157,0.157,0.269,25.129,727782
1782536726046,0,0,0.000,6.541,6.533,0.188,0.188,0.237,25.129,727815
1782536726078,0,0,0.000,6.541,6.541,0.157,0.188,0.237,25.129,727848
1782536726115,0,0,0.000,6.549,6.541,0.188,0.157,0.215,25.129,727881
1782536726145,0,0,0.000,6.549,6.533,0.188,0.188,0.220,25.129,727914
1782536726180,0,0,0.000,6.541,6.541,0.188,0.126,0.215,25.129,727947
1782536726212,0,0,0.000,6.541,6.541,0.188,0.157,0.237,25.129,727980
1782536726245,0,0,0.000,6.541,6.533,0.157,0.126,0.237,25.129,728013
1782536726279,0,0,0.000,6.541,6.533,0.188,0.157,0.290,25.129,728046
1782536726313,0,0,0.000,6.541,6.533,0.188,0.188,0.210,25.043,728079
1782536726345,0,0,0.000,6.541,6.549,0.188,0.157,0.231,25.129,728112
1782536726377,0,0,0.000,6.541,6.533,0.157,0.157,0.215,25.129,728145
1782536726410,0,0,0.006,6.557,6.541,0.188,0.157,0.226,25.129,728178
1782536726445,0,0,0.000,6.541,6.524,0.157,0.157,0.226,25.129,728211
1782536726477,0,0,0.000,6.549,6.541,0.157,0.157,0.237,25.129,728244
1782536726510,0,0,0.000,6.541,6.533,0.251,0.126,0.220,25.129,728277
1782536726544,0,0,0.000,6.549,6.541,0.188,0.188,0.215,25.129,728310
1782536726578,0,0,0.000,6.541,6.524,0.220,0.157,0.226,25.129,728343
1782536726619,0,0,0.000,6.541,6.533,0.220,0.188,0.215,25.129,728376
1782536726647,0,0,0.000,6.541,6.541,0.188,0.126,0.263,25.129,728409
1782536726677,0,0,0.000,6.541,6.541,0.220,0.157,0.220,25.129,728442
1782536726717,0,0,0.000,6.541,6.541,0.188,0.157,0.215,25.043,728475
1782536726744,0,0,0.000,6.533,6.533,0.188,0.157,0.242,25.129,728508
1782536726777,0,0,0.000,6.549,6.541,0.188,0.157,0.220,25.129,728541
1782536726813,0,0,0.000,6.549,6.541,0.157,0.157,0.210,25.043,728574
1782536726845,0,0,0.006,6.541,6.533,0.126,0.157,0.253,25.129,728607
1782536726877,0,0,0.000,6.541,6.549,0.157,0.126,0.237,25.129,728640
1782536726910,0,0,0.006,6.541,6.533,0.157,0.157,0.231,25.129,728673
1782536726944,0,0,0.000,6.541,6.541,0.188,0.188,0.204,25.043,728706
1782536726979,0,0,0.000,6.557,6.549,0.188,0.157,0.215,25.129,728739
1782536727010,0,0,0.000,6.541,6.541,0.220,0.157,0.231,25.129,728772
1782536727043,0,0,0.000,6.541,6.524,0.157,0.157,0.237,25.043,728805
1782536727077,0,0,0.000,6.557,6.541,0.220,0.126,0.215,25.129,728838
1782536727109,0,0,0.000,6.541,6.549,0.188,0.126,0.220,25.043,728871
1782536727147,0,0,0.000,6.541,6.533,0.188,0.157,0.210,25.129,728904
1782536727181,0,0,0.000,6.541,6.541,0.188,0.157,0.210,25.129,728937
1782536727211,0,0,0.000,6.541,6.541,0.157,0.126,0.204,25.129,728970
1782536727243,0,0,0.006,6.557,6.533,0.126,0.157,0.237,25.129,729003
1782536727276,0,0,0.012,6.557,6.524,0.188,0.157,0.237,25.129,729036
1782536727309,0,0,0.000,6.549,6.541,0.188,0.157,0.215,25.129,729069
1782536727342,0,0,0.000,6.541,6.533,0.188,0.126,0.215,25.129,729102
1782536727375,0,0,0.000,6.557,6.533,0.126,0.188,0.247,25.129,729135
1782536727409,0,0,0.000,6.541,6.533,0.188,0.157,0.242,25.129,729168
1782536727444,0,0,0.000,6.549,6.533,0.157,0.188,0.231,25.129,729201
1782536727492,0,0,0.000,6.549,6.541,0.188,0.157,0.220,25.129,729234
1782536727508,0,0,0.000,6.524,6.524,0.157,0.157,0.382,25.129,729267
1782536727542,0,0,0.000,6.533,6.533,0.188,0.157,0.215,25.129,729300
1782536727585,0,0,0.000,6.557,6.541,0.188,0.157,0.242,25.129,729333
1782536727652,0,0,0.000,6.533,6.524,0.188,0.157,0.349,25.129,729366
1782536727660,0,0,0.000,6.549,6.541,0.157,0.157,0.215,25.129,729399
1782536727684,0,0,0.000,6.549,6.533,0.157,0.188,0.280,25.129,729432
1782536727715,0,0,0.000,6.557,6.541,0.188,0.157,0.210,25.129,729465
1782536727749,0,0,0.000,6.541,6.533,0.220,0.157,0.226,25.129,729498
1782536727782,0,0,0.000,6.541,6.533,0.157,0.188,0.210,25.129,729531
1782536727816,0,0,0.000,6.533,6.541,0.157,0.157,0.344,25.129,729564
1782536727847,0,0,0.000,6.549,6.533,0.188,0.157,0.215,25.129,729597
1782536727881,0,0,0.000,6.541,6.533,0.188,0.157,0.220,25.129,729630
1782536727913,0,0,0.000,6.541,6.549,0.188,0.126,0.210,25.129,729663
1782536727947,0,0,0.000,6.541,6.549,0.157,0.157,0.210,25.129,729696
1782536727980,0,0,0.000,6.549,6.541,0.188,0.188,0.210,25.129,729729
1782536728012,0,0,0.000,6.541,6.541,0.188,0.126,0.210,25.129,729762
1782536728046,0,0,0.000,6.541,6.541,0.188,0.157,0.215,25.129,729795
1782536728079,0,0,0.000,6.533,6.533,0.188,0.157,0.199,25.043,729828
1782536728116,0,0,0.000,6.541,6.541,0.126,0.126,0.204,25.129,729861
1782536728146,0,0,0.000,6.524,6.533,0.188,0.188,0.344,25.129,729894
1782536728179,0,0,0.006,6.524,6.533,0.157,0.157,0.296,25.129,729927
1782536728211,0,0,0.000,6.541,6.524,0.188,0.188,0.210,25.129,729960
1782536728246,0,0,0.000,6.541,6.524,0.157,0.188,0.349,25.129,729993
1782536728277,0,0,0.000,6.549,6.533,0.188,0.188,0.312,25.129,730026
1782536728311,0,0,0.000,6.541,6.524,0.188,0.126,0.210,25.129,730059
1782536728343,0,0,0.000,6.541,6.533,0.157,0.157,0.215,25.129,730092
1782536728377,0,0,0.000,6.549,6.549,0.188,0.157,0.210,25.129,730125
1782536728419,0,0,0.000,6.557,6.541,0.188,0.188,0.204,25.043,730158
1782536728441,0,0,0.000,6.541,6.541,0.220,0.157,0.220,25.129,730191
1782536728474,0,0,0.000,6.533,6.533,0.220,0.188,0.344,25.129,730224
1782536728507,0,0,0.000,6.541,6.533,0.251,0.157,0.215,25.129,730257
1782536728541,0,0,0.000,6.541,6.557,0.188,0.157,0.215,25.129,730290
1782536728578,0,0,0.000,6.541,6.533,0.220,0.157,0.215,25.129,730323
1782536728606,0,0,0.000,6.541,6.541,0.188,0.126,0.296,25.129,730356
1782536728639,0,0,0.000,6.549,6.541,0.188,0.126,0.247,25.129,730389
1782536728674,0,0,0.006,6.541,6.541,0.188,0.157,0.344,25.043,730422
1782536728706,0,0,0.000,6.541,6.524,0.157,0.157,0.258,25.129,730455
1782536728741,0,0,0.000,6.533,6.541,0.220,0.126,0.237,25.129,730488
1782536728783,0,0,0.000,6.549,6.541,0.188,0.157,0.210,25.129,730521
1782536728809,0,0,0.006,6.533,6.549,0.188,0.157,0.210,25.129,730554
1782536728838,0,0,0.000,6.541,6.524,0.188,0.188,0.306,25.129,730587
1782536728876,0,0,0.000,6.557,6.549,0.157,0.188,0.215,25.129,730620
1782536728906,0,0,0.000,6.541,6.533,0.188,0.157,0.285,25.129,730653
1782536728940,0,0,0.000,6.549,6.541,0.188,0.126,0.204,25.129,730686
1782536728972,0,0,0.006,6.549,6.541,0.188,0.157,0.210,25.129,730719
1782536729013,0,0,0.000,6.541,6.541,0.157,0.157,0.204,25.129,730752
1782536729037,0,0,0.000,6.541,6.533,0.157,0.126,0.274,25.129,730785
1782536729107,0,0,0.000,6.533,6.524,0.188,0.157,0.280,25.129,730818
1782536729124,0,0,0.006,6.541,6.533,0.220,0.126,0.280,25.129,730851
1782536729148,0,0,0.000,6.541,6.533,0.188,0.157,0.312,25.129,730884
1782536729172,0,0,0.000,6.549,6.541,0.157,0.188,0.215,25.129,730917
1782536729206,0,0,0.000,6.541,6.533,0.126,0.188,0.242,25.129,730950
1782536729240,0,0,0.000,6.533,6.541,0.188,0.188,0.355,25.129,730983
1782536729274,0,0,0.000,6.549,6.541,0.188,0.157,0.204,25.129,731016
1782536729323,0,0,0.000,6.541,6.549,0.188,0.157,0.215,25.129,731049
1782536729339,0,0,0.006,6.541,6.524,0.157,0.157,0.215,25.129,731082
1782536729372,0,0,0.000,6.541,6.541,0.220,0.157,0.317,25.129,731115
1782536729403,0,0,0.000,6.557,6.541,0.157,0.188,0.220,25.043,731148
1782536729439,0,0,0.000,6.533,6.524,0.188,0.126,0.344,25.129,731181
1782536729474,0,0,0.000,6.541,6.533,0.188,0.157,0.210,25.129,731214
1782536729503,0,0,0.006,6.541,6.533,0.188,0.094,0.333,25.129,731247
1782536729537,0,0,0.000,6.549,6.549,0.188,0.157,0.242,25.043,731280
1782536729570,0,0,0.000,6.541,6.533,0.188,0.157,0.280,25.129,731313
1782536729603,0,0,0.000,6.533,6.549,0.188,0.157,0.349,25.215,731346
1782536729636,0,0,0.006,6.549,6.541,0.126,0.188,0.220,25.129,731379
1782536729669,0,0,0.000,6.533,6.533,0.157,0.126,0.220,25.129,731412
1782536729702,0,0,0.000,6.541,6.541,0.188,0.157,0.226,25.129,731445
1782536729739,0,0,0.000,6.541,6.524,0.157,0.126,0.204,25.129,731478
1782536729771,0,0,0.000,6.557,6.533,0.188,0.157,0.210,25.129,731511
1782536729802,0,0,0.000,6.541,6.533,0.188,0.157,0.360,25.129,731544
1782536729836,0,0,0.000,6.541,6.533,0.188,0.157,0.226,25.129,731577
1782536729869,0,0,0.000,6.541,6.533,0.157,0.157,0.237,25.129,731610
1782536729904,0,0,0.000,6.541,6.557,0.188,0.157,0.215,25.129,731643
1782536729935,0,0,0.000,6.524,6.533,0.188,0.157,0.457,25.129,731676
1782536729970,0,0,0.000,6.541,6.524,0.157,0.188,0.253,25.129,731709
1782536730002,0,0,0.000,6.541,6.533,0.188,0.157,0.220,25.129,731742
1782536730039,0,0,0.000,6.549,6.533,0.188,0.157,0.226,25.043,731775
1782536730068,0,0,0.006,6.557,6.541,0.188,0.157,0.237,25.129,731808
1782536730103,0,0,0.000,6.541,6.541,0.188,0.220,0.220,25.129,731841
1782536730135,0,0,0.000,6.541,6.541,0.188,0.157,0.226,25.129,731874
1782536730169,0,0,0.000,6.541,6.541,0.188,0.157,0.220,25.129,731907
1782536730201,0,0,0.000,6.541,6.541,0.220,0.157,0.220,25.129,731940
1782536730235,0,0,0.000,6.541,6.533,0.188,0.188,0.220,25.129,731973
1782536730269,0,0,0.000,6.541,6.541,0.188,0.157,0.226,25.129,732006
1782536730301,0,0,0.006,6.541,6.541,0.157,0.157,0.210,25.129,732039
1782536730336,0,0,0.000,6.549,6.541,0.188,0.188,0.237,25.129,732072
1782536730367,0,0,0.000,6.541,6.533,0.188,0.157,0.328,25.129,732105
1782536730416,0,0,0.000,6.557,6.541,0.188,0.157,0.226,25.129,732138
1782536730441,0,0,0.006,6.549,6.533,0.157,0.188,0.215,25.129,732171
1782536730481,0,0,0.000,6.533,6.524,0.157,0.188,0.333,25.129,732204
1782536730501,0,0,0.000,6.541,6.541,0.220,0.126,0.215,25.129,732237
1782536730540,0,0,0.000,6.541,6.549,0.188,0.157,0.220,25.129,732270
1782536730570,0,0,0.012,6.541,6.533,0.157,0.126,0.349,25.129,732303
1782536730602,0,0,0.000,6.549,6.541,0.157,0.126,0.237,25.129,732336
1782536730635,0,0,0.000,6.541,6.533,0.188,0.188,0.220,25.129,732369
1782536730670,0,0,0.000,6.533,6.541,0.188,0.157,0.231,25.129,732402
1782536730733,0,0,0.000,6.541,6.541,0.188,0.126,0.237,25.129,732435
1782536730741,0,0,0.006,6.533,6.541,0.188,0.188,0.204,25.129,732468
1782536730766,0,0,0.000,6.541,6.533,0.188,0.188,0.328,25.129,732501
1782536730800,0,0,0.006,6.549,6.541,0.188,0.157,0.242,25.129,732534
1782536730833,0,0,0.000,6.533,6.541,0.188,0.220,0.344,25.043,732567
1782536730867,0,0,0.000,6.541,6.541,0.188,0.157,0.231,25.129,732600
1782536730921,0,0,0.000,6.541,6.541,0.188,0.157,0.220,25.215,732633
1782536730933,0,0,0.000,6.533,6.533,0.157,0.220,0.204,25.129,732666
1782536730967,0,0,0.000,6.541,6.541,0.188,0.188,0.306,25.129,732699
1782536730999,0,0,0.000,6.549,6.549,0.220,0.157,0.237,25.129,732732
1782536731033,0,0,0.000,6.541,6.541,0.157,0.157,0.215,25.129,732765
1782536731066,0,0,0.000,6.541,6.541,0.188,0.157,0.210,25.129,732798
1782536731101,0,0,0.000,6.533,6.541,0.188,0.157,0.274,25.129,732831
1782536731132,0,0,0.000,6.541,6.541,0.157,0.188,0.199,25.129,732864
1782536731167,0,0,0.000,6.541,6.541,0.188,0.126,0.242,25.129,732897
1782536731199,0,0,0.000,6.549,6.541,0.157,0.157,0.210,25.129,732930
1782536731231,0,0,0.000,6.541,6.533,0.188,0.157,0.355,25.043,732963
1782536731265,0,0,0.000,6.541,6.549,0.220,0.157,0.210,25.043,732996
1782536731298,0,0,0.000,6.549,6.549,0.188,0.157,0.226,25.129,733029
1782536731332,0,0,0.000,6.541,6.524,0.157,0.126,0.333,25.129,733062
1782536731366,0,0,0.000,6.541,6.541,0.188,0.157,0.226,25.129,733095
1782536731399,0,0,0.000,6.541,6.541,0.188,0.126,0.220,25.129,733128
1782536731431,0,0,0.000,6.541,6.541,0.188,0.157,0.237,25.129,733161
1782536731465,0,0,0.000,6.549,6.541,0.157,0.188,0.220,25.129,733194
1782536731498,0,0,0.000,6.524,6.557,0.220,0.157,0.226,25.129,733227
1782536731530,0,0,0.000,6.557,6.541,0.188,0.157,0.237,25.129,733260
1782536731564,0,0,0.000,6.541,6.541,0.157,0.188,0.258,25.129,733293
1782536731598,0,0,0.000,6.541,6.541,0.188,0.188,0.247,25.129,733326
1782536731632,0,0,0.000,6.549,6.541,0.157,0.157,0.220,25.129,733359
1782536731664,0,0,0.000,6.524,6.541,0.188,0.126,0.247,25.129,733392
1782536731705,0,0,0.000,6.541,6.533,0.188,0.157,0.220,25.215,733425
1782536731733,0,0,0.000,6.541,6.549,0.157,0.157,0.226,25.129,733458
1782536731773,0,0,0.000,6.541,6.541,0.188,0.157,0.220,25.129,733491
1782536731797,0,0,0.000,6.541,6.533,0.157,0.188,0.226,25.129,733524
1782536731831,0,0,0.000,6.541,6.541,0.188,0.157,0.220,25.129,733557
1782536731865,0,0,0.000,6.533,6.541,0.220,0.157,0.231,25.215,733590
1782536731900,0,0,0.000,6.533,6.524,0.188,0.157,0.344,25.129,733623
1782536731939,0,0,0.006,6.541,6.541,0.157,0.157,0.237,25.215,733656
1782536731978,0,0,0.000,6.549,6.541,0.188,0.126,0.220,25.129,733689
1782536732005,0,0,0.000,6.541,6.533,0.188,0.188,0.344,25.129,733722
1782536732038,0,0,0.000,6.541,6.549,0.188,0.157,0.210,25.129,733755
1782536732076,0,0,0.000,6.549,6.549,0.188,0.188,0.215,25.129,733788
1782536732107,0,0,0.006,6.533,6.533,0.157,0.157,0.312,25.129,733821
1782536732140,0,0,0.006,6.533,6.541,0.188,0.157,0.226,25.129,733854
1782536732172,0,0,0.000,6.541,6.541,0.188,0.126,0.280,25.129,733887
1782536732204,0,0,0.000,6.549,6.524,0.188,0.188,0.231,25.129,733920
1782536732240,0,0,0.000,6.541,6.541,0.188,0.157,0.215,25.129,733953
1782536732269,0,0,0.000,6.541,6.541,0.188,0.157,0.215,25.129,733986
1782536732304,0,0,0.000,6.549,6.541,0.188,0.157,0.215,25.043,734019
1782536732336,0,0,0.000,6.549,6.541,0.188,0.157,0.237,25.043,734052
1782536732370,0,0,0.000,6.541,6.533,0.157,0.188,0.220,25.129,734085
1782536732402,0,0,0.000,6.541,6.541,0.188,0.157,0.220,25.129,734118
1782536732434,0,0,0.000,6.549,6.533,0.188,0.188,0.226,25.129,734151
1782536732468,0,0,0.000,6.549,6.541,0.188,0.188,0.204,25.129,734184
1782536732502,0,0,0.000,6.541,6.524,0.220,0.157,0.317,25.129,734217
1782536732533,0,0,0.000,6.541,6.533,0.251,0.126,0.215,25.129,734250
1782536732567,0,0,0.000,6.549,6.541,0.188,0.157,0.210,25.129,734283
1782536732604,0,0,0.000,6.549,6.541,0.188,0.188,0.204,25.043,734316
1782536732634,0,0,0.006,6.541,6.533,0.188,0.157,0.220,25.129,734349
1782536732666,0,0,0.000,6.541,6.541,0.157,0.157,0.215,25.129,734382
1782536732699,0,0,0.000,6.533,6.549,0.188,0.157,0.204,25.129,734415
1782536732731,0,0,0.000,6.549,6.541,0.188,0.126,0.215,25.129,734448
1782536732764,0,0,0.000,6.566,6.541,0.188,0.157,0.210,25.129,734481
1782536732798,0,0,0.000,6.541,6.524,0.188,0.157,0.253,25.129,734514
1782536732833,0,0,0.006,6.524,6.533,0.188,0.157,0.366,25.129,734547
1782536732864,0,0,0.000,6.549,6.549,0.188,0.157,0.215,25.043,734580
1782536732898,0,0,0.006,6.533,6.541,0.188,0.157,0.274,25.129,734613
1782536732929,0,0,0.000,6.541,6.541,0.188,0.188,0.204,25.129,734646
1782536732962,0,0,0.000,6.549,6.541,0.188,0.188,0.210,25.129,734679
1782536732999,0,0,0.000,6.557,6.533,0.188,0.157,0.215,25.129,734712
1782536733028,0,0,0.000,6.549,6.549,0.188,0.157,0.220,25.129,734745
1782536733068,0,0,0.000,6.541,6.533,0.188,0.157,0.285,25.129,734778
1782536733095,0,0,0.000,6.541,6.533,0.188,0.157,0.253,25.129,734811
1782536733129,0,0,0.000,6.541,6.533,0.188,0.157,0.258,25.129,734844
1782536733161,0,0,0.000,6.533,6.533,0.157,0.157,0.349,25.129,734877
1782536733195,0,0,0.000,6.549,6.541,0.157,0.157,0.210,25.129,734910
1782536733227,0,0,0.000,6.524,6.524,0.188,0.157,0.344,25.129,734943
1782536733273,0,0,0.000,6.549,6.541,0.188,0.157,0.215,25.129,734976
1782536733296,0,0,0.000,6.533,6.524,0.188,0.157,0.355,25.129,735009
1782536733328,0,0,0.006,6.541,6.541,0.188,0.157,0.210,25.129,735042
1782536733362,0,0,0.000,6.541,6.541,0.220,0.126,0.290,25.129,735075
1782536733402,0,0,0.000,6.541,6.533,0.157,0.157,0.226,25.129,735108
1782536733427,0,0,0.000,6.541,6.533,0.188,0.157,0.220,25.129,735141
1782536733460,0,0,0.006,6.541,6.541,0.188,0.126,0.220,25.129,735174
1782536733492,0,0,0.000,6.549,6.541,0.251,0.220,0.215,25.129,735207
1782536733530,0,0,0.006,6.541,6.549,0.157,0.157,0.210,25.129,735240
1782536733564,0,0,0.000,6.549,6.541,0.188,0.126,0.199,25.043,735273
1782536733596,0,0,0.000,6.541,6.541,0.157,0.157,0.210,25.129,735306
1782536733626,0,0,0.006,6.533,6.524,0.157,0.157,0.344,25.129,735339
1782536733659,0,0,0.000,6.541,6.533,0.157,0.126,0.253,25.215,735372
1782536733692,0,0,0.000,6.549,6.541,0.157,0.188,0.285,25.129,735405
1782536733726,0,0,0.000,6.557,6.524,0.188,0.157,0.210,25.129,735438
1782536733760,0,0,0.000,6.541,6.541,0.157,0.157,0.349,25.129,735471
1782536733793,0,0,0.000,6.541,6.541,0.220,0.157,0.231,25.129,735504
1782536733827,0,0,0.000,6.557,6.541,0.157,0.126,0.237,25.129,735537
1782536733859,0,0,0.000,6.533,6.549,0.188,0.157,0.333,25.129,735570
1782536733892,0,0,0.000,6.541,6.541,0.188,0.157,0.210,25.129,735603
1782536733925,0,0,0.000,6.533,6.533,0.188,0.188,0.333,25.215,735636
1782536733960,0,0,0.000,6.541,6.541,0.157,0.157,0.231,25.129,735669
1782536733991,0,0,0.000,6.541,6.549,0.188,0.157,0.215,25.129,735702
1782536734043,0,0,0.000,6.557,6.541,0.220,0.157,0.215,25.129,735735
1782536734058,0,0,0.000,6.524,6.533,0.188,0.157,0.312,25.129,735768
1782536734091,0,0,0.000,6.541,6.533,0.188,0.157,0.242,25.129,735801
1782536734135,0,0,0.006,6.549,6.541,0.157,0.157,0.247,25.043,735834
1782536734176,0,0,0.000,6.541,6.541,0.157,0.157,0.220,25.129,735867
1782536734199,0,0,0.000,6.533,6.533,0.188,0.157,0.220,25.129,735900
1782536734224,0,0,0.000,6.541,6.541,0.157,0.157,0.258,25.129,735933
1782536734257,0,0,0.006,6.541,6.541,0.188,0.188,0.247,25.129,735966
1782536734294,0,0,0.000,6.541,6.541,0.220,0.157,0.237,25.129,735999
1782536734326,0,0,0.006,6.524,6.533,0.188,0.157,0.328,25.129,736032
1782536734360,0,0,0.006,6.557,6.541,0.188,0.157,0.210,25.129,736065
1782536734391,0,0,0.000,6.549,6.541,0.157,0.157,0.215,25.043,736098
1782536734425,0,0,0.000,6.549,6.533,0.188,0.126,0.242,25.129,736131
1782536734457,0,0,0.000,6.533,6.541,0.188,0.157,0.247,25.129,736164
1782536734493,0,0,0.000,6.541,6.541,0.188,0.157,0.237,25.215,736197
1782536734525,0,0,0.000,6.533,6.541,0.188,0.188,0.226,25.043,736230
1782536734559,0,0,0.000,6.549,6.533,0.188,0.188,0.215,25.129,736263
1782536734591,0,0,0.000,6.541,6.533,0.188,0.157,0.333,25.129,736296
1782536734623,0,0,0.000,6.549,6.541,0.188,0.126,0.226,25.129,736329
1782536734657,0,0,0.006,6.541,6.533,0.188,0.188,0.339,25.129,736362
1782536734689,0,0,0.000,6.541,6.541,0.188,0.157,0.210,25.129,736395
1782536734725,0,0,0.000,6.541,6.533,0.220,0.157,0.355,25.129,736428
1782536734768,0,0,0.000,6.541,6.541,0.126,0.188,0.210,25.129,736461
1782536734790,0,0,0.000,6.541,6.533,0.188,0.157,0.355,25.129,736494
1782536734823,0,0,0.000,6.541,6.541,0.188,0.188,0.215,25.129,736527
1782536734857,0,0,0.000,6.549,6.549,0.188,0.220,0.247,25.129,736560
1782536734889,0,0,0.000,6.549,6.533,0.220,0.157,0.220,25.129,736593
1782536734922,0,0,0.006,6.541,6.533,0.220,0.157,0.215,25.129,736626
1782536734956,0,0,0.000,6.541,6.541,0.188,0.157,0.210,25.043,736659
1782536734994,0,0,0.000,6.541,6.541,0.188,0.157,0.220,25.129,736692
1782536735026,0,0,0.000,6.541,6.549,0.188,0.157,0.226,25.215,736725
1782536735055,0,0,0.006,6.549,6.533,0.188,0.126,0.215,25.043,736758
1782536735089,0,0,0.000,6.541,6.533,0.157,0.188,0.339,25.129,736791
1782536735122,0,0,0.006,6.541,6.541,0.126,0.157,0.242,25.129,736824
1782536735156,0,0,0.000,6.541,6.533,0.188,0.157,0.231,25.129,736857
1782536735190,0,0,0.000,6.549,6.533,0.188,0.157,0.220,25.129,736890
1782536735222,0,0,0.000,6.541,6.533,0.188,0.126,0.237,25.129,736923
1782536735255,0,0,0.006,6.541,6.541,0.220,0.126,0.231,25.129,736956
1782536735289,0,0,0.000,6.541,6.549,0.220,0.188,0.215,25.129,736989
1782536735321,0,0,0.000,6.541,6.541,0.188,0.188,0.215,25.129,737022
1782536735355,0,0,0.000,6.541,6.541,0.188,0.157,0.253,25.129,737055
1782536735393,0,0,0.006,6.541,6.533,0.188,0.157,0.231,25.129,737088
1782536735421,0,0,0.000,6.541,6.541,0.188,0.157,0.237,25.129,737121
1782536735463,0,0,0.000,6.533,6.557,0.188,0.126,0.210,25.129,737154
1782536735488,0,0,0.000,6.533,6.541,0.220,0.188,0.258,25.043,737187
1782536735520,0,0,0.000,6.549,6.541,0.188,0.188,0.220,25.043,737220
1782536735555,0,0,0.000,6.549,6.549,0.188,0.188,0.215,25.043,737253
1782536735587,0,0,0.006,6.541,6.541,0.188,0.188,0.226,25.129,737286
1782536735628,0,0,0.006,6.541,6.533,0.188,0.157,0.237,25.215,737319
1782536735655,0,0,0.000,6.541,6.557,0.188,0.157,0.215,25.129,737352
1782536735688,0,0,0.000,6.541,6.541,0.188,0.126,0.220,25.129,737385
1782536735722,0,0,0.000,6.549,6.533,0.157,0.126,0.231,25.129,737418
1782536735755,0,0,0.006,6.541,6.541,0.188,0.188,0.226,25.129,737451
1782536735788,0,0,0.000,6.533,6.541,0.188,0.188,0.220,25.129,737484
1782536735828,0,0,0.000,6.549,6.533,0.157,0.126,0.247,25.129,737517
1782536735854,0,0,0.000,6.533,6.533,0.188,0.157,0.247,25.129,737550
1782536735887,0,0,0.000,6.549,6.533,0.157,0.157,0.215,25.215,737583
1782536735920,0,0,0.000,6.524,6.541,0.188,0.157,0.210,25.129,737616
1782536735953,0,0,0.000,6.541,6.541,0.188,0.157,0.215,25.129,737649
1782536735988,0,0,0.000,6.549,6.541,0.188,0.157,0.237,25.129,737682
1782536736020,0,0,0.000,6.541,6.541,0.188,0.157,0.220,25.129,737715
1782536736054,0,0,0.006,6.541,6.541,0.188,0.157,0.204,25.043,737748
1782536736086,0,0,0.006,6.541,6.541,0.188,0.157,0.215,25.129,737781
1782536736120,0,0,0.000,6.541,6.533,0.188,0.188,0.231,25.129,737814
1782536736153,0,0,0.000,6.549,6.541,0.188,0.157,0.210,25.043,737847
1782536736187,0,0,0.000,6.541,6.549,0.188,0.157,0.231,25.129,737880
1782536736219,0,0,0.000,6.549,6.549,0.188,0.126,0.199,25.129,737913
1782536736254,0,0,0.006,6.533,6.533,0.188,0.157,0.226,25.129,737946
1782536736286,0,0,0.000,6.541,6.549,0.188,0.157,0.199,25.129,737979
1782536736319,0,0,0.000,6.533,6.533,0.188,0.157,0.349,25.129,738012
1782536736352,0,0,0.000,6.549,6.541,0.157,0.126,0.210,25.129,738045
1782536736394,0,0,0.000,6.541,6.533,0.188,0.157,0.210,25.129,738078
1782536736427,0,0,0.000,6.549,6.533,0.157,0.157,0.199,25.129,738111
1782536736461,0,0,0.006,6.549,6.541,0.188,0.157,0.215,25.129,738144
1782536736495,0,0,0.000,6.541,6.524,0.157,0.157,0.301,25.129,738177
1782536736526,0,0,0.000,6.541,6.541,0.188,0.188,0.226,25.129,738210
1782536736561,0,0,0.000,6.549,6.541,0.188,0.188,0.237,25.129,738243
1782536736593,0,0,0.000,6.541,6.549,0.188,0.157,0.204,25.043,738276
1782536736626,0,0,0.000,6.541,6.541,0.220,0.157,0.220,25.129,738309
1782536736659,0,0,0.006,6.541,6.541,0.157,0.126,0.237,25.129,738342
1782536736706,0,0,0.000,6.541,6.541,0.188,0.157,0.226,25.129,738375
1782536736731,0,0,0.000,6.541,6.541,0.188,0.157,0.215,25.129,738408
1782536736758,0,0,0.000,6.541,6.533,0.188,0.157,0.220,25.129,738441
1782536736790,0,0,0.000,6.541,6.541,0.188,0.188,0.226,25.129,738474
1782536736823,0,0,0.000,6.549,6.533,0.188,0.157,0.210,25.129,738507
1782536736858,0,0,0.000,6.541,6.524,0.188,0.157,0.376,25.129,738540
1782536736895,0,0,0.000,6.541,6.541,0.188,0.157,0.231,25.129,738573
1782536736922,0,0,0.000,6.533,6.533,0.188,0.188,0.360,25.129,738606
1782536736958,0,0,0.000,6.549,6.533,0.188,0.126,0.199,25.129,738639
1782536736988,0,0,0.000,6.541,6.541,0.188,0.157,0.220,25.129,738672
1782536737027,0,0,0.000,6.541,6.533,0.126,0.220,0.220,25.129,738705
1782536737056,0,0,0.000,6.541,6.541,0.157,0.157,0.194,25.129,738738
1782536737087,0,0,0.000,6.549,6.533,0.188,0.188,0.215,25.129,738771
1782536737121,0,0,0.000,6.533,6.541,0.188,0.126,0.306,25.129,738804
1782536737154,0,0,0.000,6.549,6.541,0.188,0.157,0.199,25.129,738837
1782536737187,0,0,0.000,6.549,6.541,0.220,0.157,0.204,25.129,738870
1782536737220,0,0,0.000,6.541,6.549,0.188,0.188,0.194,25.129,738903
1782536737252,0,0,0.000,6.549,6.541,0.188,0.157,0.194,25.129,738936
1782536737285,0,0,0.006,6.541,6.541,0.188,0.188,0.194,25.129,738969
1782536737319,0,0,0.000,6.541,6.541,0.188,0.157,0.339,25.129,739002
1782536737351,0,0,0.000,6.541,6.541,0.188,0.157,0.247,25.129,739035
1782536737384,0,0,0.000,6.557,6.533,0.188,0.126,0.263,25.043,739068
1782536737418,0,0,0.000,6.557,6.533,0.188,0.157,0.199,25.043,739101
1782536737451,0,0,0.000,6.533,6.541,0.188,0.157,0.419,25.043,739134
1782536737483,0,0,0.000,6.549,6.541,0.188,0.188,0.210,25.129,739167
1782536737517,0,0,0.000,6.557,6.533,0.188,0.157,0.263,25.043,739200
1782536737556,0,0,0.000,6.533,6.549,0.157,0.220,0.242,25.043,739233
1782536737583,0,0,0.006,6.541,6.533,0.126,0.157,0.290,25.129,739266
1782536737622,0,0,0.012,6.541,6.541,0.188,0.157,0.258,25.129,739299
1782536737649,0,0,0.000,6.557,6.541,0.157,0.126,0.269,25.129,739332
1782536737682,0,0,0.006,6.541,6.533,0.157,0.157,0.247,25.129,739365
1782536737717,0,0,0.000,6.524,6.533,0.188,0.157,0.398,25.129,739398
1782536737749,0,0,0.000,6.541,6.541,0.157,0.157,0.258,25.129,739431
1782536737782,0,0,0.006,6.541,6.541,0.220,0.188,0.280,25.129,739464
1782536737815,0,0,0.000,6.533,6.541,0.188,0.157,0.204,25.129,739497
1782536737851,0,0,0.000,6.541,6.533,0.188,0.126,0.204,25.043,739530
1782536737882,0,0,0.000,6.533,6.541,0.188,0.188,0.199,25.043,739563
1782536737915,0,0,0.000,6.541,6.541,0.188,0.157,0.210,25.129,739596
1782536737948,0,0,0.000,6.541,6.541,0.188,0.157,0.194,25.129,739629
1782536737982,0,0,0.006,6.533,6.533,0.188,0.157,0.409,25.129,739662
1782536738014,0,0,0.006,6.557,6.557,0.188,0.157,0.194,25.129,739695
1782536738052,0,0,0.000,6.541,6.541,0.188,0.188,0.194,25.043,739728
