t_unix_ms,l,r,v_cell_1,v_bat,v_q,i_esc_1,i_esc_2,i_sys,temp_c,uptime_ms
1782536749695,0,0,0.000,6.557,6.533,0.188,0.157,0.199,25.129,751278
1782536749727,0,0,0.006,6.566,6.557,0.157,0.157,0.194,25.129,751311
1782536749760,0,0,0.000,6.557,6.549,0.157,0.126,0.194,25.129,751344
1782536749792,0,0,0.000,6.557,6.549,0.188,0.126,0.177,25.129,751377
1782536749825,0,0,0.000,6.557,6.549,0.188,0.157,0.199,25.129,751410
1782536749860,0,0,0.000,6.566,6.549,0.126,0.220,0.172,25.129,751443
1782536749891,0,0,0.000,6.557,6.549,0.188,0.188,0.156,25.129,751476
1782536749925,0,0,0.000,6.557,6.549,0.188,0.188,0.172,25.129,751509
1782536749959,0,0,0.000,6.557,6.549,0.188,0.157,0.199,25.129,751542
1782536749991,0,0,0.000,6.557,6.549,0.157,0.157,0.172,25.129,751575
1782536750024,0,0,0.000,6.557,6.557,0.188,0.126,0.172,25.129,751608
1782536750058,0,0,0.000,6.549,6.549,0.188,0.157,0.194,25.129,751641
1782536750091,0,0,0.000,6.557,6.549,0.188,0.126,0.183,25.129,751674
1782536750130,0,0,0.000,6.557,6.549,0.251,0.126,0.167,25.129,751707
1782536750159,0,0,0.000,6.557,6.549,0.188,0.157,0.172,25.129,751740
1782536750188,0,0,0.000,6.557,6.541,0.157,0.188,0.134,25.129,751773
1782536750222,0,0,0.000,6.541,6.557,0.188,0.157,0.161,25.129,751806
1782536750255,0,0,0.000,6.557,6.541,0.188,0.157,0.210,25.129,751839
1782536750288,0,0,0.000,6.557,6.541,0.188,0.126,0.215,25.129,751872
1782536750321,0,0,0.000,6.557,6.549,0.188,0.126,0.215,25.129,751905
1782536750353,0,0,0.000,6.549,6.549,0.188,0.126,0.210,25.043,751938
1782536750389,0,0,0.000,6.541,6.549,0.157,0.157,0.210,25.129,751971
1782536750420,0,0,0.000,6.541,6.533,0.188,0.157,0.210,25.043,752004
1782536750452,0,0,0.000,6.549,6.541,0.157,0.157,0.210,25.129,752037
1782536750486,0,0,0.000,6.549,6.541,0.188,0.126,0.226,25.129,752070
1782536750519,0,0,0.000,6.541,6.541,0.157,0.188,0.210,25.129,752103
1782536750551,0,0,0.000,6.549,6.533,0.188,0.188,0.215,25.129,752136
1782536750586,0,0,0.000,6.549,6.549,0.188,0.157,0.204,25.129,752169
1782536750617,0,0,0.000,6.549,6.549,0.188,0.126,0.210,25.129,752202
1782536750650,0,0,0.000,6.549,6.549,0.126,0.188,0.226,25.043,752235
1782536750683,0,0,0.006,6.557,6.541,0.126,0.157,0.215,25.129,752268
1782536750717,0,0,0.000,6.549,6.541,0.157,0.126,0.226,25.129,752301
1782536750749,0,0,0.000,6.549,6.549,0.188,0.157,0.215,25.129,752334
1782536750783,0,0,0.000,6.557,6.541,0.157,0.188,0.199,25.043,752367
1782536750816,0,0,0.000,6.533,6.541,0.188,0.157,0.317,25.129,752400
1782536750848,0,0,0.006,6.549,6.549,0.188,0.157,0.204,25.129,752433
1782536750881,0,0,0.000,6.549,6.549,0.157,0.157,0.215,25.129,752466
1782536750915,0,0,0.000,6.533,6.533,0.157,0.157,0.355,25.129,752499
1782536750948,0,0,0.000,6.549,6.541,0.188,0.157,0.215,25.215,752532
1782536750982,0,0,0.000,6.549,6.541,0.188,0.157,0.210,25.129,752565
1782536751017,0,0,0.000,6.549,6.541,0.188,0.157,0.215,25.215,752598
1782536751051,0,0,0.000,6.541,6.533,0.157,0.126,0.312,25.043,752631
1782536751082,0,0,0.000,6.541,6.541,0.188,0.157,0.210,25.129,752664
1782536751114,0,0,0.000,6.549,6.541,0.188,0.157,0.210,25.129,752697
1782536751149,0,0,0.000,6.541,6.541,0.188,0.157,0.306,25.129,752730
1782536751184,0,0,0.000,6.557,6.541,0.157,0.157,0.215,25.129,752763
1782536751214,0,0,0.000,6.541,6.533,0.126,0.157,0.344,25.043,752796
1782536751247,0,0,0.000,6.549,6.541,0.220,0.157,0.210,25.129,752829
1782536751281,0,0,0.000,6.533,6.533,0.188,0.157,0.344,25.129,752862
1782536751314,0,0,0.000,6.549,6.541,0.157,0.188,0.210,25.043,752895
1782536751347,0,0,0.000,6.549,6.533,0.188,0.157,0.344,25.129,752928
1782536751381,0,0,0.000,6.541,6.541,0.157,0.188,0.263,25.215,752961
1782536751413,0,0,0.000,6.549,6.549,0.188,0.188,0.226,25.129,752994
1782536751446,0,0,0.000,6.541,6.541,0.188,0.157,0.226,25.129,753027
1782536751480,0,0,0.006,6.541,6.541,0.220,0.157,0.263,25.129,753060
1782536751523,0,0,0.000,6.549,6.541,0.188,0.157,0.215,25.129,753093
1782536751548,0,0,0.000,6.524,6.524,0.188,0.126,0.387,25.043,753126
1782536751579,0,0,0.000,6.541,6.533,0.188,0.157,0.274,25.129,753159
1782536751614,0,0,0.000,6.541,6.541,0.188,0.157,0.419,25.215,753192
1782536751646,0,0,0.000,6.541,6.549,0.220,0.188,0.226,25.129,753225
1782536751679,0,0,0.000,6.549,6.533,0.157,0.157,0.301,25.129,753258
1782536751713,0,0,0.006,6.549,6.541,0.188,0.220,0.237,25.129,753291
1782536751747,0,0,0.000,6.549,6.541,0.251,0.188,0.220,25.129,753324
1782536751779,0,0,0.000,6.533,6.524,0.188,0.157,0.441,25.043,753357
1782536751813,0,0,0.000,6.549,6.549,0.126,0.157,0.215,25.129,753390
1782536751846,0,0,0.000,6.549,6.541,0.220,0.188,0.220,25.129,753423
1782536751878,0,0,0.000,6.549,6.541,0.188,0.157,0.237,25.129,753456
1782536751912,0,0,0.000,6.541,6.541,0.188,0.157,0.237,25.129,753489
1782536751945,0,0,0.000,6.549,6.541,0.188,0.188,0.220,25.129,753522
1782536751978,0,0,0.000,6.557,6.549,0.188,0.157,0.220,25.129,753555
1782536752044,0,0,0.006,6.541,6.541,0.188,0.157,0.242,25.129,753588
1782536752049,0,0,0.000,6.541,6.533,0.188,0.126,0.323,25.129,753621
1782536752102,0,0,0.000,6.549,6.549,0.188,0.188,0.210,25.129,753654
1782536752112,0,0,0.000,6.541,6.541,0.126,0.126,0.220,25.129,753687
1782536752145,0,0,0.000,6.541,6.541,0.188,0.157,0.210,25.129,753720
1782536752183,0,0,0.000,6.549,6.533,0.220,0.157,0.242,25.129,753753
1782536752213,0,0,0.000,6.549,6.549,0.126,0.188,0.210,25.043,753786
1782536752246,0,0,0.000,6.557,6.533,0.157,0.188,0.210,25.129,753819
1782536752278,0,0,0.000,6.541,6.541,0.188,0.157,0.226,25.129,753852
1782536752313,0,0,0.006,6.541,6.541,0.188,0.188,0.215,25.129,753885
1782536752345,0,0,0.000,6.549,6.541,0.188,0.157,0.215,25.129,753918
1782536752377,0,0,0.006,6.557,6.549,0.157,0.188,0.210,25.215,753951
1782536752413,0,0,0.000,6.549,6.533,0.188,0.220,0.220,25.129,753984
1782536752444,0,0,0.000,6.549,6.549,0.157,0.157,0.237,25.129,754017
1782536752478,0,0,0.000,6.541,6.541,0.188,0.188,0.258,25.129,754050
1782536752516,0,0,0.000,6.541,6.557,0.188,0.157,0.215,25.129,754083
1782536752544,0,0,0.000,6.541,6.549,0.188,0.126,0.210,25.129,754116
1782536752577,0,0,0.006,6.541,6.533,0.188,0.126,0.215,25.129,754149
1782536752611,0,0,0.000,6.533,6.524,0.188,0.157,0.312,25.129,754182
1782536752647,0,0,0.000,6.541,6.541,0.188,0.157,0.220,25.129,754215
1782536752683,0,0,0.000,6.549,6.541,0.157,0.157,0.237,25.129,754248
1782536752710,0,0,0.000,6.549,6.533,0.188,0.157,0.237,25.129,754281
1782536752743,0,0,0.000,6.549,6.541,0.188,0.157,0.204,25.043,754314
1782536752776,0,0,0.000,6.549,6.541,0.157,0.157,0.215,25.129,754347
1782536752810,0,0,0.006,6.533,6.541,0.188,0.188,0.226,25.043,754380
1782536752845,0,0,0.000,6.541,6.541,0.188,0.157,0.226,25.129,754413
1782536752877,0,0,0.000,6.549,6.557,0.126,0.188,0.210,25.129,754446
1782536752910,0,0,0.012,6.541,6.533,0.220,0.157,0.226,25.129,754479
1782536752944,0,0,0.000,6.541,6.541,0.188,0.157,0.210,25.129,754512
1782536752976,0,0,0.000,6.541,6.541,0.188,0.157,0.237,25.129,754545
1782536753013,0,0,0.012,6.549,6.541,0.157,0.157,0.231,25.129,754578
1782536753045,0,0,0.000,6.566,6.541,0.188,0.126,0.226,25.129,754611
1782536753075,0,0,0.000,6.541,6.541,0.157,0.157,0.360,25.129,754644
1782536753109,0,0,0.000,6.541,6.533,0.157,0.157,0.210,25.129,754677
1782536753143,0,0,0.000,6.549,6.557,0.157,0.157,0.231,25.129,754710
1782536753176,0,0,0.006,6.549,6.541,0.188,0.157,0.199,25.129,754743
1782536753208,0,0,0.006,6.549,6.557,0.157,0.157,0.220,25.043,754776
1782536753242,0,0,0.006,6.541,6.533,0.157,0.126,0.269,25.215,754809
1782536753276,0,0,0.000,6.549,6.541,0.188,0.157,0.231,25.129,754842
1782536753308,0,0,0.000,6.549,6.541,0.157,0.157,0.242,25.129,754875
1782536753341,0,0,0.000,6.541,6.541,0.188,0.157,0.220,25.129,754908
1782536753384,0,0,0.000,6.541,6.541,0.188,0.157,0.280,25.043,754941
1782536753408,0,0,0.000,6.541,6.533,0.220,0.157,0.274,25.129,754974
1782536753441,0,0,0.000,6.541,6.533,0.157,0.188,0.312,25.129,755007
1782536753475,0,0,0.000,6.549,6.541,0.188,0.157,0.237,25.129,755040
1782536753508,0,0,0.000,6.549,6.541,0.188,0.157,0.210,25.129,755073
1782536753541,0,0,0.000,6.557,6.541,0.188,0.157,0.215,25.129,755106
1782536753575,0,0,0.000,6.549,6.541,0.157,0.157,0.220,25.215,755139
1782536753607,0,0,0.000,6.541,6.541,0.157,0.157,0.210,25.129,755172
1782536753650,0,0,0.000,6.533,6.533,0.157,0.126,0.247,25.129,755205
1782536753701,0,0,0.000,6.549,6.549,0.188,0.157,0.215,25.215,755238
1782536753707,0,0,0.000,6.549,6.549,0.157,0.157,0.215,25.129,755271
1782536753744,0,0,0.000,6.549,6.541,0.188,0.157,0.204,25.129,755304
1782536753774,0,0,0.000,6.549,6.541,0.188,0.157,0.220,25.043,755337
1782536753807,0,0,0.000,6.549,6.541,0.126,0.188,0.210,25.129,755370
1782536753840,0,0,0.000,6.549,6.549,0.188,0.126,0.247,25.129,755403
1782536753876,0,0,0.000,6.549,6.541,0.157,0.188,0.210,25.129,755436
1782536753909,0,0,0.000,6.549,6.541,0.126,0.188,0.242,25.043,755469
1782536753945,0,0,0.000,6.549,6.541,0.157,0.126,0.215,25.129,755502
1782536753973,0,0,0.000,6.549,6.541,0.188,0.157,0.210,25.129,755535
1782536754009,0,0,0.000,6.541,6.541,0.188,0.188,0.231,25.129,755568
1782536754040,0,0,0.006,6.541,6.541,0.188,0.157,0.215,25.129,755601
1782536754083,0,0,0.000,6.541,6.549,0.126,0.188,0.215,25.129,755634
1782536754116,0,0,0.000,6.549,6.541,0.188,0.157,0.226,25.129,755667
1782536754149,0,0,0.000,6.549,6.541,0.188,0.157,0.247,25.129,755700
1782536754182,0,0,0.000,6.549,6.541,0.188,0.157,0.237,25.043,755733
1782536754215,0,0,0.000,6.541,6.549,0.126,0.157,0.237,25.043,755766
1782536754248,0,0,0.000,6.549,6.549,0.188,0.126,0.231,25.129,755799
1782536754281,0,0,0.000,6.541,6.549,0.188,0.157,0.220,25.129,755832
1782536754314,0,0,0.000,6.549,6.549,0.157,0.188,0.242,25.129,755865
1782536754348,0,0,0.000,6.549,6.541,0.188,0.157,0.215,25.129,755898
1782536754380,0,0,0.000,6.549,6.541,0.188,0.094,0.215,25.129,755931
1782536754412,0,0,0.006,6.549,6.541,0.188,0.157,0.226,25.129,755964
1782536754446,0,0,0.000,6.557,6.541,0.157,0.157,0.210,25.129,755997
1782536754479,0,0,0.006,6.549,6.541,0.188,0.188,0.220,25.043,756030
1782536754512,0,0,0.000,6.557,6.549,0.188,0.157,0.215,25.129,756063
1782536754546,0,0,0.006,6.549,6.541,0.188,0.157,0.204,25.129,756096
1782536754578,0,0,0.000,6.549,6.533,0.188,0.157,0.231,25.129,756129
1782536754611,0,0,0.000,6.549,6.541,0.188,0.126,0.210,25.129,756162
1782536754657,0,0,0.000,6.557,6.541,0.188,0.188,0.204,25.129,756195
1782536754686,0,0,0.006,6.541,6.541,0.188,0.157,0.204,25.129,756228
1782536754709,0,0,0.000,6.549,6.541,0.188,0.157,0.204,25.129,756261
1782536754742,0,0,0.000,6.549,6.549,0.188,0.157,0.194,25.129,756294
1782536754775,0,0,0.000,6.549,6.533,0.188,0.126,0.204,25.129,756327
1782536754809,0,0,0.000,6.541,6.541,0.220,0.188,0.258,25.129,756360
1782536754847,0,0,0.000,6.557,6.541,0.188,0.126,0.199,25.129,756393
1782536754877,0,0,0.000,6.541,6.533,0.220,0.188,0.301,25.129,756426
1782536754907,0,0,0.000,6.549,6.541,0.188,0.157,0.204,25.129,756459
1782536754941,0,0,0.000,6.557,6.541,0.188,0.157,0.199,25.129,756492
1782536754984,0,0,0.006,6.549,6.541,0.188,0.188,0.204,25.129,756525
1782536755013,0,0,0.006,6.549,6.549,0.157,0.157,0.204,25.129,756558
1782536755049,0,0,0.000,6.533,6.541,0.220,0.157,0.231,25.215,756591
1782536755081,0,0,0.000,6.557,6.541,0.188,0.157,0.199,25.129,756624
1782536755105,0,0,0.000,6.533,6.524,0.188,0.188,0.430,25.129,756657
1782536755148,0,0,0.000,6.541,6.541,0.157,0.188,0.296,25.043,756690
1782536755171,0,0,0.000,6.541,6.524,0.188,0.157,0.296,25.129,756723
1782536755204,0,0,0.000,6.533,6.541,0.157,0.188,0.253,25.129,756756
1782536755239,0,0,0.000,6.541,6.533,0.188,0.157,0.253,25.129,756789
1782536755273,0,0,0.000,6.549,6.541,0.188,0.188,0.199,25.129,756822
1782536755312,0,0,0.000,6.549,6.541,0.126,0.157,0.215,25.129,756855
1782536755340,0,0,0.000,6.541,6.541,0.251,0.157,0.258,25.043,756888
1782536755370,0,0,0.000,6.541,6.541,0.157,0.188,0.263,25.129,756921
1782536755403,0,0,0.000,6.549,6.549,0.220,0.157,0.194,25.129,756954
1782536755441,0,0,0.000,6.557,6.549,0.188,0.126,0.215,25.043,756987
1782536755469,0,0,0.006,6.549,6.533,0.188,0.157,0.194,25.129,757020
1782536755509,0,0,0.000,6.549,6.524,0.220,0.126,0.204,25.129,757053
1782536755537,0,0,0.000,6.541,6.541,0.188,0.157,0.204,25.129,757086
1782536755569,0,0,0.000,6.549,6.541,0.188,0.157,0.210,25.129,757119
1782536755603,0,0,0.006,6.557,6.541,0.157,0.126,0.226,25.129,757152
1782536755636,0,0,0.000,6.549,6.541,0.188,0.188,0.199,25.129,757185
1782536755669,0,0,0.000,6.549,6.541,0.188,0.157,0.269,25.129,757218
1782536755713,0,0,0.000,6.549,6.533,0.188,0.157,0.226,25.129,757251
1782536755736,0,0,0.000,6.549,6.541,0.188,0.157,0.247,25.129,757284
1782536755768,0,0,0.000,6.533,6.549,0.188,0.157,0.247,25.129,757317
1782536755801,0,0,0.000,6.541,6.541,0.188,0.157,0.220,25.129,757350
1782536755836,0,0,0.006,6.541,6.524,0.157,0.126,0.425,25.129,757383
1782536755869,0,0,0.000,6.541,6.541,0.188,0.157,0.258,25.129,757416
1782536755902,0,0,0.000,6.533,6.533,0.126,0.188,0.312,25.129,757449
1782536755937,0,0,0.000,6.549,6.541,0.220,0.157,0.199,25.129,757482
1782536755968,0,0,0.000,6.541,6.541,0.126,0.188,0.425,25.129,757515
1782536756007,0,0,0.000,6.549,6.524,0.188,0.188,0.274,25.043,757548
1782536756038,0,0,0.000,6.533,6.533,0.157,0.157,0.339,25.129,757581
1782536756070,0,0,0.000,6.549,6.541,0.188,0.157,0.231,25.215,757614
1782536756101,0,0,0.000,6.541,6.533,0.188,0.188,0.344,25.129,757647
1782536756134,0,0,0.000,6.541,6.541,0.220,0.157,0.210,25.129,757680
1782536756169,0,0,0.000,6.549,6.541,0.220,0.220,0.220,25.129,757713
1782536756202,0,0,0.000,6.533,6.524,0.188,0.157,0.441,25.129,757746
1782536756234,0,0,0.000,6.549,6.541,0.188,0.157,0.210,25.129,757779
1782536756270,0,0,0.000,6.557,6.549,0.188,0.188,0.215,25.129,757812
1782536756304,0,0,0.000,6.541,6.541,0.188,0.126,0.306,25.129,757845
1782536756334,0,0,0.000,6.541,6.533,0.220,0.157,0.204,25.129,757878
1782536756369,0,0,0.000,6.541,6.533,0.188,0.157,0.220,25.129,757911
1782536756400,0,0,0.006,6.549,6.533,0.157,0.157,0.231,25.129,757944
1782536756434,0,0,0.000,6.549,6.524,0.188,0.188,0.237,25.129,757977
1782536756467,0,0,0.000,6.549,6.541,0.157,0.126,0.210,25.129,758010
1782536756502,0,0,0.000,6.549,6.541,0.220,0.157,0.204,25.129,758043
1782536756533,0,0,0.000,6.541,6.541,0.188,0.220,0.215,25.043,758076
1782536756569,0,0,0.000,6.549,6.541,0.188,0.157,0.242,25.129,758109
1782536756601,0,0,0.000,6.549,6.541,0.188,0.157,0.210,25.129,758142
1782536756634,0,0,0.000,6.549,6.541,0.188,0.220,0.204,25.129,758175
1782536756667,0,0,0.000,6.541,6.549,0.188,0.157,0.210,25.129,758208
1782536756700,0,0,0.000,6.541,6.541,0.188,0.157,0.231,25.129,758241
1782536756734,0,0,0.006,6.557,6.549,0.157,0.157,0.204,25.129,758274
1782536756765,0,0,0.006,6.557,6.541,0.188,0.157,0.215,25.129,758307
1782536756800,0,0,0.000,6.541,6.541,0.188,0.157,0.210,25.129,758340
1782536756832,0,0,0.000,6.541,6.533,0.157,0.157,0.210,25.129,758373
1782536756866,0,0,0.000,6.549,6.541,0.188,0.126,0.226,25.129,758406
1782536756899,0,0,0.000,6.541,6.541,0.188,0.157,0.231,25.129,758439
1782536756931,0,0,0.000,6.541,6.541,0.188,0.188,0.215,25.129,758472
1782536756966,0,0,0.006,6.549,6.541,0.188,0.126,0.231,25.129,758505
1782536756998,0,0,0.000,6.549,6.541,0.188,0.157,0.204,25.129,758538
1782536757033,0,0,0.000,6.557,6.541,0.188,0.094,0.215,25.129,758571
1782536757065,0,0,0.000,6.549,6.541,0.157,0.157,0.215,25.129,758604
1782536757099,0,0,0.000,6.549,6.541,0.188,0.126,0.220,25.129,758637
1782536757134,0,0,0.000,6.549,6.541,0.188,0.157,0.204,25.129,758670
1782536757165,0,0,0.000,6.541,6.549,0.188,0.157,0.323,25.129,758703
1782536757208,0,0,0.000,6.549,6.541,0.157,0.157,0.204,25.129,758736
1782536757231,0,0,0.012,6.541,6.533,0.188,0.188,0.312,25.215,758769
1782536757266,0,0,0.006,6.541,6.541,0.157,0.157,0.226,25.129,758802
1782536757299,0,0,0.000,6.549,6.541,0.188,0.188,0.220,25.129,758835
1782536757331,0,0,0.000,6.549,6.549,0.188,0.157,0.231,25.129,758868
1782536757364,0,0,0.006,6.549,6.541,0.157,0.157,0.220,25.129,758901
1782536757398,0,0,0.000,6.549,6.541,0.188,0.157,0.215,25.043,758934
1782536757432,0,0,0.000,6.541,6.533,0.188,0.157,0.312,25.043,758967
1782536757466,0,0,0.000,6.541,6.541,0.220,0.157,0.220,25.129,759000
1782536757498,0,0,0.000,6.533,6.533,0.188,0.188,0.312,25.129,759033
1782536757533,0,0,0.006,6.541,6.549,0.188,0.157,0.226,25.129,759066
1782536757567,0,0,0.000,6.541,6.541,0.188,0.157,0.280,25.215,759099
1782536757599,0,0,0.006,6.557,6.533,0.157,0.188,0.215,25.129,759132
1782536757631,0,0,0.000,6.549,6.541,0.220,0.188,0.204,25.129,759165
1782536757666,0,0,0.000,6.541,6.533,0.188,0.157,0.296,25.129,759198
1782536757698,0,0,0.000,6.541,6.533,0.188,0.157,0.430,25.129,759231
1782536757730,0,0,0.000,6.557,6.533,0.188,0.126,0.237,25.129,759264
1782536757764,0,0,0.000,6.541,6.541,0.188,0.157,0.220,25.129,759297
1782536757797,0,0,0.000,6.541,6.541,0.157,0.157,0.210,25.129,759330
1782536757830,0,0,0.000,6.541,6.541,0.188,0.157,0.210,25.129,759363
1782536757863,0,0,0.000,6.541,6.541,0.126,0.157,0.258,25.129,759396
1782536757897,0,0,0.000,6.541,6.533,0.188,0.188,0.301,25.129,759429
1782536757930,0,0,0.000,6.541,6.541,0.188,0.157,0.215,25.129,759462
1782536757968,0,0,0.000,6.541,6.541,0.188,0.188,0.237,25.129,759495
1782536758001,0,0,0.000,6.541,6.541,0.188,0.157,0.231,25.129,759528
1782536758030,0,0,0.000,6.541,6.541,0.157,0.126,0.226,25.129,759561
1782536758063,0,0,0.000,6.566,6.541,0.188,0.188,0.220,25.043,759594
1782536758096,0,0,0.000,6.549,6.541,0.188,0.157,0.220,25.129,759627
1782536758129,0,0,0.006,6.541,6.533,0.157,0.220,0.199,25.129,759660
1782536758164,0,0,0.000,6.549,6.557,0.126,0.157,0.204,25.129,759693
1782536758198,0,0,0.006,6.557,6.533,0.188,0.188,0.210,25.129,759726
1782536758230,0,0,0.006,6.549,6.541,0.157,0.157,0.226,25.129,759759
1782536758263,0,0,0.000,6.557,6.533,0.188,0.157,0.226,25.129,759792
1782536758296,0,0,0.000,6.541,6.541,0.188,0.157,0.210,25.129,759825
1782536758329,0,0,0.000,6.557,6.549,0.188,0.157,0.226,25.129,759858
1782536758362,0,0,0.000,6.541,6.541,0.157,0.126,0.210,25.129,759891
1782536758396,0,0,0.000,6.541,6.541,0.126,0.157,0.220,25.043,759924
1782536758429,0,0,0.000,6.541,6.541,0.157,0.157,0.242,25.129,759957
1782536758472,0,0,0.000,6.549,6.533,0.188,0.157,0.258,25.129,759990
1782536758496,0,0,0.000,6.549,6.541,0.157,0.157,0.226,25.129,760023
1782536758537,0,0,0.006,6.541,6.549,0.220,0.157,0.215,25.043,760056
1782536758570,0,0,0.000,6.549,6.533,0.157,0.188,0.226,25.129,760089
1782536758615,0,0,0.000,6.541,6.541,0.188,0.188,0.226,25.129,760122
1782536758642,0,0,0.000,6.533,6.541,0.157,0.157,0.215,25.129,760155
1782536758670,0,0,0.000,6.541,6.524,0.188,0.157,0.210,25.129,760188
1782536758710,0,0,0.000,6.541,6.541,0.157,0.157,0.237,25.129,760221
1782536758735,0,0,0.012,6.541,6.533,0.188,0.157,0.355,25.129,760254
1782536758769,0,0,0.000,6.541,6.541,0.157,0.157,0.210,25.129,760287
1782536758809,0,0,0.006,6.541,6.533,0.126,0.157,0.215,25.129,760320
1782536758853,0,0,0.000,6.557,6.524,0.188,0.157,0.237,25.043,760353
1782536758869,0,0,0.000,6.549,6.524,0.188,0.157,0.237,25.129,760386
1782536758900,0,0,0.000,6.549,6.541,0.188,0.157,0.220,25.129,760419
1782536758933,0,0,0.000,6.549,6.541,0.188,0.157,0.210,25.129,760452
1782536758968,0,0,0.006,6.549,6.533,0.188,0.188,0.215,25.043,760485
1782536759000,0,0,0.000,6.549,6.541,0.126,0.157,0.285,25.129,760518
1782536759032,0,0,0.000,6.541,6.541,0.157,0.157,0.215,25.043,760551
1782536759068,0,0,0.000,6.541,6.541,0.157,0.157,0.210,25.129,760584
1782536759098,0,0,0.006,6.541,6.533,0.188,0.126,0.285,25.129,760617
1782536759136,0,0,0.000,6.541,6.533,0.188,0.188,0.280,25.129,760650
1782536759164,0,0,0.006,6.533,6.516,0.157,0.157,0.344,25.129,760683
1782536759200,0,0,0.000,6.549,6.541,0.188,0.157,0.215,25.129,760716
1782536759236,0,0,0.006,6.541,6.541,0.188,0.126,0.237,25.129,760749
1782536759263,0,0,0.000,6.549,6.541,0.188,0.157,0.204,25.129,760782
1782536759297,0,0,0.000,6.549,6.541,0.188,0.188,0.204,25.129,760815
1782536759342,0,0,0.000,6.541,6.541,0.188,0.157,0.204,25.129,760848
1782536759362,0,0,0.000,6.541,6.541,0.220,0.157,0.210,25.129,760881
1782536759396,0,0,0.000,6.541,6.533,0.188,0.126,0.220,25.129,760914
1782536759429,0,0,0.000,6.557,6.533,0.188,0.188,0.215,25.129,760947
1782536759462,0,0,0.000,6.541,6.541,0.188,0.157,0.269,25.043,760980
1782536759495,0,0,0.000,6.549,6.549,0.188,0.188,0.199,25.129,761013
1782536759528,0,0,0.000,6.541,6.541,0.157,0.157,0.204,25.129,761046
1782536759560,0,0,0.006,6.549,6.549,0.188,0.157,0.296,25.129,761079
1782536759593,0,0,0.000,6.549,6.541,0.188,0.188,0.215,25.129,761112
1782536759627,0,0,0.000,6.541,6.533,0.188,0.157,0.323,25.129,761145
1782536759659,0,0,0.000,6.541,6.541,0.157,0.126,0.210,25.129,761178
1782536759694,0,0,0.000,6.541,6.541,0.188,0.188,0.344,25.129,761211
1782536759734,0,0,0.000,6.549,6.524,0.188,0.157,0.253,25.215,761244
1782536759758,0,0,0.000,6.541,6.533,0.157,0.157,0.344,25.129,761277
1782536759792,0,0,0.000,6.541,6.541,0.188,0.157,0.258,25.129,761310
1782536759825,0,0,0.000,6.533,6.524,0.220,0.188,0.392,25.129,761343
1782536759858,0,0,0.006,6.549,6.541,0.157,0.157,0.215,25.129,761376
1782536759891,0,0,0.000,6.533,6.524,0.157,0.188,0.419,25.129,761409
1782536759924,0,0,0.000,6.541,6.533,0.188,0.157,0.210,25.129,761442
1782536759964,0,0,0.000,6.549,6.549,0.220,0.157,0.204,25.129,761475
1782536759991,0,0,0.006,6.541,6.541,0.188,0.126,0.204,25.129,761508
1782536760025,0,0,0.000,6.549,6.541,0.157,0.188,0.210,25.129,761541
1782536760058,0,0,0.000,6.557,6.557,0.188,0.157,0.199,25.129,761574
1782536760096,0,0,0.000,6.549,6.549,0.188,0.157,0.204,25.129,761607
1782536760124,0,0,0.000,6.541,6.533,0.157,0.188,0.253,25.129,761640
1782536760160,0,0,0.000,6.549,6.533,0.157,0.126,0.290,25.129,761673
1782536760191,0,0,0.000,6.541,6.541,0.188,0.157,0.215,25.129,761706
1782536760223,0,0,0.006,6.541,6.549,0.251,0.157,0.210,25.129,761739
1782536760260,0,0,0.000,6.549,6.533,0.157,0.188,0.360,25.129,761772
1782536760301,0,0,0.000,6.541,6.541,0.157,0.188,0.263,25.129,761805
1782536760323,0,0,0.006,6.549,6.541,0.188,0.157,0.339,25.129,761838
1782536760360,0,0,0.012,6.541,6.541,0.188,0.157,0.220,25.129,761871
1782536760390,0,0,0.000,6.541,6.533,0.220,0.157,0.247,25.043,761904
1782536760424,0,0,0.000,6.541,6.549,0.188,0.157,0.204,25.129,761937
1782536760457,0,0,0.000,6.541,6.533,0.188,0.157,0.237,25.129,761970
1782536760490,0,0,0.000,6.549,6.549,0.188,0.157,0.215,25.129,762003
1782536760523,0,0,0.000,6.541,6.541,0.188,0.126,0.220,25.129,762036
1782536760557,0,0,0.000,6.549,6.541,0.188,0.188,0.215,25.129,762069
1782536760589,0,0,0.000,6.541,6.533,0.188,0.188,0.462,25.129,762102
1782536760630,0,0,0.000,6.549,6.533,0.188,0.157,0.258,25.215,762135
1782536760657,0,0,0.000,6.533,6.524,0.126,0.157,0.430,25.129,762168
1782536760690,0,0,0.006,6.541,6.549,0.157,0.157,0.226,25.129,762201
1782536760723,0,0,0.000,6.549,6.541,0.188,0.157,0.226,25.129,762234
1782536760756,0,0,0.000,6.566,6.533,0.188,0.157,0.215,25.129,762267
1782536760793,0,0,0.000,6.541,6.541,0.188,0.188,0.226,25.129,762300
1782536760823,0,0,0.000,6.549,6.533,0.157,0.188,0.247,25.129,762333
1782536760856,0,0,0.000,6.533,6.541,0.188,0.157,0.247,25.129,762366
1782536760889,0,0,0.000,6.557,6.533,0.188,0.157,0.226,25.129,762399
1782536760923,0,0,0.000,6.549,6.549,0.188,0.157,0.237,25.129,762432
1782536760958,0,0,0.000,6.533,6.541,0.188,0.157,0.199,25.129,762465
1782536760991,0,0,0.006,6.541,6.541,0.157,0.188,0.237,25.129,762498
1782536761023,0,0,0.006,6.533,6.549,0.188,0.188,0.312,25.129,762531
1782536761055,0,0,0.000,6.541,6.524,0.188,0.157,0.215,25.129,762564
1782536761089,0,0,0.000,6.541,6.541,0.188,0.188,0.210,25.129,762597
1782536761126,0,0,0.000,6.541,6.541,0.188,0.157,0.210,25.129,762630
1782536761158,0,0,0.000,6.541,6.533,0.188,0.157,0.333,25.215,762663
1782536761213,0,0,0.000,6.541,6.541,0.188,0.157,0.215,25.129,762696
1782536761222,0,0,0.000,6.541,6.541,0.157,0.188,0.215,25.129,762729
1782536761256,0,0,0.000,6.541,6.541,0.157,0.157,0.237,25.129,762762
1782536761289,0,0,0.012,6.541,6.541,0.188,0.126,0.220,25.043,762795
1782536761322,0,0,0.000,6.541,6.541,0.188,0.157,0.210,25.129,762828
1782536761355,0,0,0.000,6.541,6.541,0.188,0.188,0.199,25.129,762861
1782536761392,0,0,0.006,6.549,6.533,0.220,0.126,0.253,25.129,762894
1782536761424,0,0,0.000,6.541,6.541,0.188,0.157,0.237,25.129,762927
1782536761454,0,0,0.000,6.541,6.541,0.188,0.157,0.215,25.129,762960
1782536761487,0,0,0.000,6.533,6.524,0.188,0.157,0.301,25.129,762993
1782536761521,0,0,0.000,6.533,6.533,0.188,0.188,0.210,25.129,763026
1782536761554,0,0,0.000,6.541,6.524,0.220,0.126,0.242,25.129,763059
1782536761587,0,0,0.000,6.541,6.549,0.188,0.126,0.237,25.129,763092
1782536761621,0,0,0.000,6.549,6.541,0.188,0.157,0.226,25.129,763125
1782536761653,0,0,0.000,6.541,6.541,0.188,0.188,0.215,25.129,763158
1782536761687,0,0,0.000,6.533,6.533,0.126,0.157,0.237,25.129,763191
1782536761723,0,0,0.000,6.541,6.541,0.188,0.157,0.215,25.129,763224
1782536761756,0,0,0.000,6.541,6.541,0.157,0.188,0.285,25.215,763257
1782536761787,0,0,0.006,6.557,6.533,0.157,0.094,0.306,25.129,763290
1782536761820,0,0,0.000,6.557,6.541,0.157,0.157,0.220,25.129,763323
1782536761863,0,0,0.000,6.541,6.541,0.188,0.157,0.237,25.043,763356
1782536761890,0,0,0.000,6.549,6.549,0.188,0.157,0.210,25.129,763389
1782536761920,0,0,0.000,6.549,6.533,0.188,0.157,0.242,25.129,763422
1782536761954,0,0,0.006,6.541,6.541,0.188,0.188,0.247,25.043,763455
1782536761987,0,0,0.000,6.541,6.541,0.126,0.188,0.215,25.129,763488
1782536762029,0,0,0.006,6.541,6.549,0.188,0.188,0.231,25.129,763521
1782536762078,0,0,0.000,6.541,6.541,0.126,0.126,0.210,25.129,763554
1782536762096,0,0,0.000,6.549,6.549,0.188,0.188,0.204,25.129,763587
1782536762119,0,0,0.000,6.541,6.541,0.188,0.188,0.215,25.043,763620
1782536762153,0,0,0.000,6.541,6.549,0.188,0.188,0.220,25.129,763653
1782536762186,0,0,0.000,6.549,6.533,0.188,0.157,0.253,25.215,763686
1782536762219,0,0,0.000,6.541,6.541,0.188,0.126,0.237,25.129,763719
1782536762252,0,0,0.000,6.541,6.541,0.188,0.157,0.210,25.129,763752
1782536762287,0,0,0.000,6.549,6.533,0.188,0.188,0.478,25.129,763785
1782536762319,0,0,0.000,6.557,6.541,0.157,0.157,0.220,25.129,763818
1782536762351,0,0,0.000,6.524,6.533,0.220,0.157,0.290,25.129,763851
1782536762387,0,0,0.000,6.541,6.533,0.220,0.157,0.355,25.129,763884
1782536762419,0,0,0.000,6.541,6.541,0.188,0.188,0.237,25.129,763917
1782536762452,0,0,0.000,6.533,6.541,0.188,0.157,0.274,25.129,763950
1782536762486,0,0,0.000,6.549,6.541,0.157,0.157,0.220,25.215,763983
1782536762518,0,0,0.000,6.541,6.541,0.188,0.157,0.210,25.129,764016
1782536762552,0,0,0.000,6.549,6.524,0.188,0.188,0.247,25.043,764049
1782536762585,0,0,0.000,6.533,6.541,0.188,0.157,0.215,25.043,764082
1782536762620,0,0,0.006,6.549,6.533,0.188,0.157,0.253,25.129,764115
1782536762652,0,0,0.006,6.541,6.541,0.157,0.188,0.215,25.129,764148
1782536762685,0,0,0.000,6.549,6.533,0.188,0.157,0.220,25.129,764181
1782536762718,0,0,0.000,6.549,6.524,0.188,0.157,0.237,25.129,764214
1782536762751,0,0,0.000,6.541,6.541,0.251,0.126,0.237,25.129,764247
1782536762788,0,0,0.000,6.541,6.541,0.188,0.188,0.210,25.129,764280
1782536762829,0,0,0.000,6.541,6.541,0.188,0.126,0.204,25.129,764313
1782536762851,0,0,0.000,6.541,6.524,0.188,0.157,0.231,25.043,764346
1782536762883,0,0,0.006,6.549,6.541,0.188,0.157,0.247,25.129,764379
1782536762936,0,0,0.000,6.541,6.533,0.188,0.157,0.247,25.129,764412
1782536762960,0,0,0.000,6.549,6.533,0.188,0.157,0.220,25.129,764445
1782536762996,0,0,0.000,6.549,6.541,0.188,0.157,0.210,25.129,764478
1782536763026,0,0,0.006,6.541,6.541,0.188,0.126,0.220,25.129,764511
1782536763058,0,0,0.000,6.541,6.533,0.188,0.157,0.237,25.129,764544
1782536763091,0,0,0.006,6.533,6.533,0.188,0.126,0.339,25.129,764577
1782536763124,0,0,0.000,6.541,6.524,0.188,0.157,0.242,25.129,764610
1782536763158,0,0,0.000,6.541,6.541,0.126,0.188,0.226,25.129,764643
1782536763203,0,0,0.000,6.549,6.541,0.157,0.188,0.210,25.129,764676
1782536763223,0,0,0.000,6.549,6.541,0.188,0.157,0.204,25.129,764709
1782536763256,0,0,0.000,6.541,6.541,0.251,0.126,0.220,25.129,764742
1782536763291,0,0,0.000,6.549,6.541,0.220,0.126,0.204,25.129,764775
1782536763323,0,0,0.000,6.541,6.524,0.188,0.188,0.210,25.129,764808
1782536763357,0,0,0.000,6.541,6.549,0.188,0.157,0.215,25.129,764841
1782536763389,0,0,0.000,6.533,6.541,0.126,0.157,0.204,25.129,764874
1782536763421,0,0,0.000,6.541,6.541,0.157,0.157,0.204,25.129,764907
1782536763454,0,0,0.000,6.557,6.549,0.188,0.126,0.355,25.129,764940
1782536763487,0,0,0.000,6.549,6.541,0.157,0.157,0.204,25.129,764973
1782536763525,0,0,0.000,6.549,6.533,0.126,0.157,0.344,25.043,765006
1782536763554,0,0,0.000,6.549,6.541,0.188,0.157,0.231,25.129,765039
1782536763588,0,0,0.000,6.541,6.524,0.251,0.157,0.312,25.043,765072
1782536763620,0,0,0.000,6.549,6.541,0.188,0.188,0.210,25.129,765105
1782536763652,0,0,0.006,6.541,6.533,0.188,0.188,0.349,25.129,765138
1782536763685,0,0,0.000,6.549,6.524,0.220,0.157,0.215,25.129,765171
1782536763727,0,0,0.006,6.524,6.533,0.188,0.220,0.376,25.129,765204
1782536763752,0,0,0.000,6.549,6.541,0.188,0.157,0.210,25.129,765237
1782536763788,0,0,0.000,6.541,6.533,0.188,0.157,0.226,25.129,765270
1782536763821,0,0,0.000,6.549,6.541,0.188,0.157,0.204,25.129,765303
1782536763851,0,0,0.000,6.557,6.549,0.157,0.126,0.242,25.129,765336
1782536763883,0,0,0.000,6.533,6.533,0.188,0.157,0.349,25.129,765369
1782536763916,0,0,0.000,6.533,6.533,0.188,0.157,0.312,25.129,765402
1782536763954,0,0,0.000,6.541,6.541,0.188,0.157,0.204,25.129,765435
1782536763984,0,0,0.006,6.533,6.549,0.188,0.157,0.199,25.129,765468
1782536764015,0,0,0.000,6.533,6.533,0.188,0.188,0.425,25.129,765501
1782536764053,0,0,0.006,6.549,6.541,0.220,0.126,0.226,25.043,765534
1782536764082,0,0,0.000,6.549,6.541,0.188,0.157,0.333,25.129,765567
1782536764114,0,0,0.000,6.549,6.541,0.157,0.157,0.226,25.129,765600
1782536764147,0,0,0.000,6.541,6.533,0.188,0.126,0.317,25.129,765633
1782536764181,0,0,0.000,6.541,6.541,0.157,0.188,0.285,25.129,765666
1782536764214,0,0,0.000,6.541,6.533,0.188,0.188,0.226,25.129,765699
1782536764249,0,0,0.000,6.549,6.541,0.157,0.188,0.253,25.129,765732
1782536764281,0,0,0.006,6.541,6.533,0.188,0.188,0.349,25.129,765765
1782536764314,0,0,0.000,6.533,6.541,0.188,0.157,0.215,25.215,765798
1782536764349,0,0,0.000,6.541,6.533,0.220,0.188,0.226,25.129,765831
1782536764381,0,0,0.012,6.549,6.541,0.188,0.157,0.242,25.129,765864
1782536764414,0,0,0.000,6.549,6.533,0.188,0.157,0.349,25.129,765897
1782536764448,0,0,0.000,6.557,6.541,0.188,0.157,0.215,25.129,765930
1782536764502,0,0,0.000,6.557,6.541,0.220,0.157,0.220,25.129,765963
1782536764534,0,0,0.006,6.541,6.541,0.157,0.157,0.204,25.129,765996
1782536764548,0,0,0.000,6.541,6.541,0.157,0.157,0.220,25.129,766029
1782536764580,0,0,0.000,6.541,6.524,0.188,0.157,0.306,25.129,766062
1782536764616,0,0,0.012,6.549,6.549,0.188,0.157,0.210,25.043,766095
1782536764647,0,0,0.000,6.566,6.549,0.157,0.126,0.210,25.129,766128
1782536764686,0,0,0.000,6.549,6.541,0.188,0.157,0.210,25.129,766161
1782536764713,0,0,0.000,6.541,6.549,0.220,0.157,0.231,25.129,766194
1782536764747,0,0,0.006,6.541,6.533,0.188,0.188,0.306,25.129,766227
1782536764779,0,0,0.000,6.533,6.524,0.188,0.157,0.409,25.129,766260
1782536764817,0,0,0.000,6.549,6.533,0.188,0.157,0.306,25.043,766293
1782536764845,0,0,0.006,6.549,6.541,0.220,0.157,0.210,25.129,766326
1782536764879,0,0,0.006,6.549,6.541,0.188,0.157,0.220,25.129,766359
1782536764912,0,0,0.000,6.541,6.541,0.188,0.157,0.274,25.129,766392
1782536764945,0,0,0.000,6.557,6.541,0.220,0.188,0.210,25.215,766425
1782536764982,0,0,0.000,6.541,6.524,0.188,0.157,0.452,25.129,766458
1782536765012,0,0,0.000,6.541,6.533,0.188,0.157,0.306,25.129,766491
1782536765045,0,0,0.000,6.541,6.541,0.126,0.157,0.231,25.129,766524
1782536765079,0,0,0.000,6.549,6.549,0.188,0.188,0.231,25.043,766557
1782536765115,0,0,0.000,6.541,6.541,0.188,0.157,0.210,25.043,766590
1782536765153,0,0,0.000,6.533,6.557,0.157,0.126,0.210,25.043,766623
1782536765180,0,0,0.000,6.541,6.541,0.188,0.157,0.242,25.129,766656
1782536765213,0,0,0.000,6.541,6.533,0.188,0.157,0.317,25.129,766689
1782536765245,0,0,0.000,6.541,6.541,0.188,0.094,0.215,25.129,766722
1782536765277,0,0,0.000,6.533,6.541,0.188,0.220,0.226,25.129,766755
1782536765316,0,0,0.000,6.549,6.541,0.188,0.157,0.231,25.129,766788
1782536765344,0,0,0.006,6.524,6.533,0.188,0.157,0.339,25.129,766821
1782536765378,0,0,0.000,6.541,6.541,0.188,0.157,0.215,25.129,766854
1782536765412,0,0,0.000,6.541,6.541,0.126,0.188,0.220,25.129,766887
1782536765444,0,0,0.000,6.533,6.549,0.188,0.157,0.263,25.129,766920
1782536765477,0,0,0.000,6.541,6.533,0.220,0.188,0.215,25.129,766953
1782536765512,0,0,0.000,6.541,6.541,0.188,0.157,0.226,25.129,766986
1782536765545,0,0,0.000,6.549,6.541,0.188,0.157,0.210,25.043,767019
1782536765577,0,0,0.000,6.549,6.541,0.188,0.157,0.204,25.129,767052
1782536765611,0,0,0.000,6.549,6.541,0.188,0.188,0.226,25.129,767085
1782536765646,0,0,0.000,6.541,6.541,0.157,0.157,0.237,25.129,767118
1782536765677,0,0,0.000,6.541,6.541,0.157,0.157,0.220,25.129,767151
1782536765712,0,0,0.000,6.533,6.533,0.188,0.188,0.237,25.129,767184
1782536765743,0,0,0.000,6.541,6.533,0.188,0.157,0.220,25.129,767217
1782536765780,0,0,0.000,6.541,6.524,0.251,0.157,0.247,25.215,767250
1782536765810,0,0,0.000,6.549,6.549,0.220,0.157,0.204,25.129,767283
1782536765843,0,0,0.000,6.557,6.541,0.188,0.157,0.226,25.129,767316
1782536765876,0,0,0.000,6.549,6.541,0.220,0.157,0.231,25.129,767349
1782536765909,0,0,0.000,6.549,6.541,0.188,0.157,0.220,25.129,767382
1782536765943,0,0,0.000,6.549,6.541,0.157,0.157,0.204,25.129,767415
1782536765978,0,0,0.000,6.541,6.541,0.188,0.157,0.215,25.129,767448
1782536766010,0,0,0.000,6.541,6.541,0.188,0.157,0.220,25.043,767481
1782536766042,0,0,0.000,6.541,6.541,0.188,0.157,0.237,25.129,767514
1782536766076,0,0,0.000,6.549,6.549,0.157,0.126,0.231,25.043,767547
1782536766110,0,0,0.000,6.541,6.541,0.157,0.157,0.210,25.129,767580
1782536766142,0,0,0.000,6.541,6.541,0.157,0.157,0.204,25.129,767613
1782536766175,0,0,0.000,6.549,6.541,0.188,0.188,0.226,25.129,767646
1782536766209,0,0,0.000,6.541,6.524,0.220,0.188,0.210,25.129,767679
1782536766242,0,0,0.000,6.541,6.541,0.188,0.157,0.237,25.129,767712
1782536766275,0,0,0.000,6.557,6.541,0.188,0.188,0.226,25.043,767745
1782536766308,0,0,0.000,6.557,6.541,0.188,0.157,0.253,25.129,767778
1782536766343,0,0,0.000,6.549,6.541,0.188,0.157,0.349,25.129,767811
1782536766376,0,0,0.000,6.541,6.541,0.157,0.157,0.220,25.129,767844
1782536766410,0,0,0.006,6.541,6.541,0.157,0.157,0.215,25.129,767877
1782536766442,0,0,0.000,6.541,6.541,0.188,0.157,0.231,25.129,767910
1782536766475,0,0,0.000,6.541,6.533,0.157,0.220,0.242,25.129,767943
1782536766510,0,0,0.000,6.549,6.533,0.188,0.126,0.220,25.129,767976
1782536766544,0,0,0.000,6.549,6.549,0.157,0.188,0.210,25.129,768009
1782536766575,0,0,0.000,6.541,6.524,0.157,0.126,0.215,25.129,768042
1782536766608,0,0,0.000,6.533,6.541,0.157,0.157,0.210,25.129,768075
1782536766641,0,0,0.000,6.533,6.533,0.188,0.157,0.247,25.129,768108
1782536766674,0,0,0.000,6.541,6.541,0.188,0.157,0.220,25.129,768141
1782536766708,0,0,0.006,6.557,6.541,0.251,0.157,0.242,25.129,768174
1782536766758,0,0,0.000,6.566,6.549,0.188,0.157,0.215,25.129,768207
1782536766783,0,0,0.006,6.541,6.541,0.157,0.188,0.210,25.129,768240
1782536766808,0,0,0.000,6.541,6.541,0.188,0.157,0.210,25.043,768273
1782536766841,0,0,0.000,6.541,6.541,0.220,0.157,0.210,25.129,768306
1782536766876,0,0,0.000,6.549,6.524,0.188,0.157,0.323,25.129,768339
1782536766907,0,0,0.000,6.549,6.533,0.157,0.157,0.231,25.129,768372
1782536766940,0,0,0.000,6.541,6.541,0.188,0.157,0.237,25.129,768405
1782536766977,0,0,0.006,6.549,6.524,0.157,0.188,0.199,25.129,768438
1782536767009,0,0,0.000,6.541,6.533,0.188,0.157,0.215,25.129,768471
1782536767041,0,0,0.000,6.541,6.533,0.188,0.126,0.226,25.129,768504
1782536767074,0,0,0.000,6.541,6.541,0.188,0.126,0.210,25.129,768537
1782536767106,0,0,0.000,6.541,6.533,0.157,0.157,0.296,25.129,768570
1782536767140,0,0,0.000,6.541,6.533,0.188,0.157,0.226,25.129,768603
1782536767172,0,0,0.000,6.541,6.541,0.157,0.157,0.237,25.043,768636
1782536767206,0,0,0.000,6.541,6.549,0.188,0.188,0.220,25.129,768669
1782536767239,0,0,0.006,6.533,6.541,0.157,0.188,0.210,25.043,768702
1782536767274,0,0,0.006,6.549,6.541,0.157,0.157,0.215,25.129,768735
1782536767306,0,0,0.006,6.541,6.541,0.188,0.157,0.220,25.129,768768
1782536767351,0,0,0.000,6.549,6.541,0.188,0.157,0.237,25.215,768801
1782536767381,0,0,0.000,6.549,6.541,0.188,0.188,0.220,25.129,768834
1782536767414,0,0,0.000,6.549,6.541,0.188,0.188,0.215,25.129,768867
1782536767447,0,0,0.000,6.549,6.541,0.188,0.094,0.226,25.129,768900
1782536767480,0,0,0.000,6.533,6.533,0.157,0.157,0.242,25.129,768933
1782536767514,0,0,0.000,6.541,6.541,0.188,0.157,0.226,25.129,768966
1782536767546,0,0,0.000,6.541,6.533,0.188,0.157,0.210,25.129,768999
1782536767580,0,0,0.000,6.541,6.533,0.188,0.157,0.215,25.129,769032
1782536767612,0,0,0.000,6.541,6.533,0.188,0.157,0.349,25.215,769065
1782536767646,0,0,0.000,6.549,6.533,0.188,0.188,0.204,25.129,769098
1782536767678,0,0,0.000,6.549,6.541,0.188,0.157,0.242,25.129,769131
1782536767716,0,0,0.000,6.541,6.541,0.188,0.126,0.215,25.129,769164
1782536767744,0,0,0.000,6.557,6.549,0.220,0.094,0.199,25.129,769197
1782536767783,0,0,0.000,6.549,6.541,0.157,0.157,0.220,25.129,769230
1782536767811,0,0,0.000,6.524,6.533,0.157,0.157,0.446,25.215,769263
1782536767849,0,0,0.000,6.541,6.541,0.220,0.157,0.215,25.129,769296
1782536767877,0,0,0.012,6.541,6.541,0.157,0.188,0.274,25.129,769329
1782536767915,0,0,0.000,6.549,6.533,0.188,0.157,0.204,25.129,769362
1782536767944,0,0,0.000,6.533,6.533,0.188,0.157,0.339,25.129,769395
1782536767978,0,0,0.000,6.549,6.541,0.188,0.157,0.204,25.043,769428
1782536768008,0,0,0.000,6.541,6.541,0.188,0.157,0.247,25.043,769461
1782536768042,0,0,0.000,6.549,6.541,0.188,0.188,0.210,25.129,769494
1782536768075,0,0,0.000,6.541,6.541,0.188,0.157,0.323,25.129,769527
1782536768107,0,0,0.006,6.541,6.541,0.157,0.157,0.210,25.129,769560
1782536768176,0,0,0.000,6.524,6.541,0.157,0.157,0.355,25.129,769593
1782536768195,0,0,0.000,6.549,6.549,0.188,0.188,0.210,25.129,769626
1782536768206,0,0,0.000,6.541,6.541,0.126,0.157,0.226,25.129,769659
1782536768249,0,0,0.000,6.541,6.549,0.188,0.157,0.210,25.129,769692
1782536768272,0,0,0.000,6.541,6.533,0.188,0.157,0.349,25.129,769725
1782536768306,0,0,0.000,6.533,6.533,0.188,0.157,0.204,25.129,769758
1782536768345,0,0,0.000,6.541,6.541,0.188,0.157,0.204,25.129,769791
1782536768372,0,0,0.000,6.533,6.524,0.126,0.220,0.344,25.129,769824
1782536768406,0,0,0.000,6.549,6.533,0.188,0.251,0.215,25.129,769857
1782536768438,0,0,0.000,6.549,6.541,0.126,0.157,0.231,25.129,769890
1782536768471,0,0,0.000,6.541,6.533,0.188,0.157,0.312,25.129,769923
1782536768503,0,0,0.000,6.549,6.541,0.188,0.157,0.220,25.129,769956
1782536768545,0,0,0.000,6.541,6.549,0.188,0.157,0.226,25.129,769989
1782536768572,0,0,0.000,6.533,6.533,0.126,0.157,0.349,25.129,770022
1782536768606,0,0,0.000,6.541,6.549,0.188,0.157,0.215,25.129,770055
1782536768636,0,0,0.000,6.549,6.533,0.188,0.157,0.199,25.129,770088
1782536768669,0,0,0.000,6.541,6.533,0.188,0.126,0.355,25.129,770121
1782536768712,0,0,0.000,6.549,6.549,0.188,0.188,0.258,25.129,770154
1782536768736,0,0,0.000,6.541,6.533,0.188,0.157,0.226,25.129,770187
1782536768770,0,0,0.000,6.557,6.524,0.157,0.157,0.242,25.129,770220
1782536768802,0,0,0.006,6.549,6.541,0.126,0.188,0.215,25.129,770253
1782536768835,0,0,0.006,6.541,6.541,0.126,0.157,0.204,25.129,770286
1782536768870,0,0,0.000,6.541,6.541,0.188,0.188,0.237,25.129,770319
1782536768902,0,0,0.006,6.549,6.541,0.188,0.188,0.204,25.129,770352
1782536768935,0,0,0.000,6.533,6.541,0.188,0.157,0.231,25.129,770385
1782536768968,0,0,0.000,6.541,6.533,0.188,0.188,0.204,25.129,770418
1782536769002,0,0,0.000,6.541,6.533,0.220,0.126,0.344,25.129,770451
1782536769035,0,0,0.000,6.549,6.541,0.188,0.126,0.199,25.129,770484
1782536769069,0,0,0.000,6.549,6.541,0.188,0.157,0.204,25.129,770517
1782536769104,0,0,0.000,6.541,6.533,0.188,0.157,0.312,25.129,770550
1782536769134,0,0,0.000,6.549,6.541,0.157,0.188,0.204,25.043,770583
1782536769170,0,0,0.000,6.541,6.533,0.220,0.188,0.323,25.129,770616
1782536769236,0,0,0.000,6.549,6.541,0.188,0.157,0.204,25.129,770649
1782536769243,0,0,0.000,6.533,6.533,0.188,0.188,0.215,25.129,770682
1782536769285,0,0,0.000,6.533,6.533,0.188,0.188,0.328,25.129,770715
1782536769303,0,0,0.000,6.541,6.524,0.220,0.188,0.199,25.129,770748
1782536769334,0,0,0.000,6.541,6.541,0.157,0.157,0.349,25.129,770781
1782536769375,0,0,0.000,6.549,6.541,0.251,0.188,0.199,25.129,770814
1782536769400,0,0,0.000,6.541,6.533,0.188,0.188,0.226,25.129,770847
1782536769462,0,0,0.000,6.557,6.533,0.188,0.157,0.210,25.129,770880
1782536769476,0,0,0.000,6.533,6.533,0.188,0.157,0.425,25.129,770913
1782536769500,0,0,0.000,6.541,6.533,0.157,0.157,0.280,25.129,770946
1782536769534,0,0,0.000,6.541,6.524,0.157,0.157,0.317,25.129,770979
1782536769566,0,0,0.006,6.541,6.541,0.188,0.126,0.231,25.129,771012
1782536769601,0,0,0.000,6.549,6.541,0.157,0.157,0.215,25.129,771045
1782536769633,0,0,0.000,6.557,6.541,0.188,0.157,0.204,25.129,771078
1782536769667,0,0,0.000,6.541,6.533,0.188,0.188,0.339,25.129,771111
1782536769701,0,0,0.000,6.541,6.549,0.188,0.188,0.231,25.129,771144
1782536769733,0,0,0.000,6.549,6.541,0.094,0.188,0.215,25.129,771177
1782536769766,0,0,0.000,6.541,6.549,0.188,0.188,0.210,25.129,771210
1782536769799,0,0,0.000,6.541,6.541,0.188,0.157,0.269,25.129,771243
1782536769834,0,0,0.000,6.549,6.533,0.220,0.157,0.242,25.129,771276
1782536769866,0,0,0.000,6.541,6.541,0.188,0.157,0.220,25.215,771309
1782536769900,0,0,0.000,6.549,6.533,0.126,0.157,0.199,25.129,771342
1782536769933,0,0,0.000,6.541,6.541,0.157,0.157,0.226,25.129,771375
1782536769965,0,0,0.000,6.541,6.541,0.188,0.157,0.231,25.129,771408
1782536769999,0,0,0.006,6.541,6.541,0.188,0.157,0.215,25.129,771441
1782536770041,0,0,0.000,6.549,6.541,0.188,0.157,0.237,25.129,771474
1782536770066,0,0,0.000,6.541,6.541,0.188,0.126,0.253,25.129,771507
1782536770098,0,0,0.000,6.541,6.541,0.157,0.157,0.215,25.129,771540
1782536770134,0,0,0.000,6.541,6.533,0.188,0.126,0.285,25.129,771573
1782536770165,0,0,0.006,6.541,6.541,0.157,0.157,0.220,25.129,771606
1782536770200,0,0,0.006,6.541,6.541,0.188,0.157,0.204,25.129,771639
1782536770233,0,0,0.000,6.549,6.549,0.126,0.188,0.237,25.129,771672
1782536770265,0,0,0.000,6.541,6.533,0.188,0.157,0.215,25.129,771705
1782536770303,0,0,0.000,6.549,6.541,0.188,0.157,0.204,25.129,771738
1782536770333,0,0,0.000,6.541,6.549,0.188,0.157,0.220,25.129,771771
1782536770365,0,0,0.000,6.549,6.541,0.188,0.157,0.226,25.129,771804
1782536770398,0,0,0.000,6.541,6.541,0.157,0.157,0.231,25.129,771837
1782536770432,0,0,0.000,6.524,6.541,0.188,0.188,0.226,25.129,771870
1782536770467,0,0,0.000,6.549,6.541,0.188,0.220,0.210,25.129,771903
1782536770498,0,0,0.000,6.549,6.541,0.157,0.188,0.231,25.129,771936
1782536770531,0,0,0.006,6.549,6.541,0.188,0.157,0.226,25.129,771969
1782536770564,0,0,0.006,6.541,6.557,0.126,0.157,0.199,25.129,772002
1782536770599,0,0,0.000,6.549,6.541,0.157,0.188,0.210,25.129,772035
1782536770631,0,0,0.000,6.549,6.541,0.157,0.157,0.204,25.129,772068
1782536770666,0,0,0.000,6.549,6.541,0.188,0.157,0.204,25.215,772101
1782536770698,0,0,0.000,6.541,6.549,0.188,0.188,0.215,25.129,772134
1782536770731,0,0,0.006,6.541,6.533,0.188,0.157,0.344,25.129,772167
1782536770764,0,0,0.006,6.549,6.541,0.188,0.157,0.204,25.129,772200
1782536770797,0,0,0.000,6.549,6.541,0.188,0.126,0.199,25.129,772233
1782536770831,0,0,0.000,6.549,6.541,0.220,0.157,0.220,25.129,772266
1782536770880,0,0,0.000,6.549,6.549,0.188,0.188,0.204,25.129,772299
1782536770897,0,0,0.006,6.541,6.524,0.188,0.157,0.425,25.129,772332
1782536770937,0,0,0.000,6.549,6.541,0.157,0.157,0.204,25.043,772365
1782536770964,0,0,0.000,6.541,6.549,0.188,0.188,0.226,25.129,772398
1782536771000,0,0,0.000,6.549,6.533,0.188,0.157,0.194,25.129,772431
1782536771030,0,0,0.000,6.541,6.524,0.251,0.188,0.301,25.129,772464
1782536771067,0,0,0.000,6.549,6.541,0.188,0.157,0.204,25.129,772497
1782536771098,0,0,0.000,6.541,6.541,0.188,0.188,0.317,25.129,772530
1782536771139,0,0,0.006,6.541,6.549,0.188,0.157,0.231,25.129,772563
1782536771162,0,0,0.000,6.541,6.533,0.188,0.157,0.242,25.129,772596
1782536771197,0,0,0.000,6.557,6.541,0.188,0.126,0.226,25.129,772629
1782536771230,0,0,0.000,6.541,6.524,0.157,0.157,0.290,25.129,772662
1782536771263,0,0,0.000,6.549,6.541,0.188,0.126,0.210,25.129,772695
1782536771296,0,0,0.000,6.541,6.541,0.188,0.157,0.204,25.129,772728
1782536771330,0,0,0.000,6.541,6.541,0.188,0.157,0.204,25.129,772761
1782536771365,0,0,0.000,6.557,6.541,0.157,0.157,0.237,25.129,772794
1782536771395,0,0,0.000,6.549,6.533,0.188,0.188,0.231,25.129,772827
1782536771430,0,0,0.000,6.541,6.533,0.188,0.157,0.231,25.129,772860
1782536771464,0,0,0.000,6.549,6.541,0.188,0.157,0.220,25.129,772893
1782536771496,0,0,0.000,6.557,6.541,0.157,0.157,0.199,25.129,772926
1782536771535,0,0,0.006,6.549,6.541,0.188,0.126,0.231,25.129,772959
1782536771563,0,0,0.006,6.549,6.541,0.188,0.157,0.204,25.129,772992
1782536771595,0,0,0.000,6.549,6.533,0.188,0.126,0.210,25.129,773025
1782536771629,0,0,0.000,6.541,6.533,0.157,0.157,0.328,25.129,773058
1782536771665,0,0,0.006,6.549,6.524,0.188,0.157,0.215,25.129,773091
1782536771694,0,0,0.000,6.549,6.541,0.251,0.126,0.215,25.129,773124
1782536771738,0,0,0.000,6.541,6.541,0.188,0.188,0.355,25.129,773157
1782536771771,0,0,0.000,6.541,6.541,0.188,0.157,0.210,25.129,773190
1782536771804,0,0,0.000,6.541,6.541,0.188,0.157,0.215,25.129,773223
1782536771840,0,0,0.000,6.549,6.533,0.188,0.157,0.204,25.129,773256
1782536771870,0,0,0.000,6.533,6.533,0.188,0.126,0.274,25.129,773289
1782536771902,0,0,0.006,6.549,6.549,0.188,0.157,0.220,25.129,773322
1782536771935,0,0,0.000,6.549,6.524,0.188,0.126,0.215,25.129,773355
1782536771978,0,0,0.000,6.533,6.541,0.188,0.157,0.204,25.129,773388
1782536772003,0,0,0.000,6.541,6.549,0.188,0.157,0.215,25.043,773421
1782536772034,0,0,0.000,6.541,6.541,0.157,0.157,0.204,25.129,773454
1782536772077,0,0,0.000,6.541,6.524,0.188,0.188,0.253,25.129,773487
1782536772103,0,0,0.000,6.533,6.541,0.220,0.157,0.220,25.129,773520
1782536772134,0,0,0.000,6.541,6.541,0.188,0.157,0.204,25.129,773553
1782536772167,0,0,0.000,6.533,6.549,0.188,0.157,0.199,25.043,773586
1782536772199,0,0,0.006,6.533,6.549,0.188,0.157,0.199,25.129,773619
1782536772232,0,0,0.000,6.541,6.541,0.157,0.157,0.199,25.129,773652
1782536772271,0,0,0.000,6.549,6.533,0.157,0.126,0.199,25.129,773685
1782536772300,0,0,0.006,6.533,6.533,0.188,0.157,0.419,25.129,773718
1782536772332,0,0,0.000,6.549,6.549,0.157,0.188,0.199,25.129,773751
1782536772367,0,0,0.000,6.541,6.533,0.157,0.126,0.226,25.129,773784
1782536772398,0,0,0.000,6.549,6.541,0.157,0.157,0.199,25.129,773817
1782536772430,0,0,0.000,6.541,6.549,0.188,0.188,0.194,25.129,773850
1782536772463,0,0,0.000,6.541,6.541,0.188,0.157,0.204,25.129,773883
1782536772527,0,0,0.000,6.541,6.533,0.188,0.157,0.446,25.129,773916
1782536772535,0,0,0.006,6.549,6.541,0.126,0.157,0.204,25.129,773949
1782536772562,0,0,0.000,6.541,6.524,0.157,0.157,0.366,25.129,773982
1782536772601,0,0,0.000,6.557,6.533,0.188,0.157,0.215,25.129,774015
1782536772628,0,0,0.000,6.549,6.541,0.188,0.157,0.269,25.129,774048
1782536772661,0,0,0.000,6.541,6.549,0.220,0.157,0.204,25.129,774081
1782536772696,0,0,0.006,6.549,6.541,0.220,0.188,0.226,25.129,774114
1782536772731,0,0,0.000,6.549,6.541,0.188,0.188,0.215,25.129,774147
1782536772761,0,0,0.000,6.541,6.541,0.220,0.157,0.231,25.215,774180
1782536772794,0,0,0.000,6.549,6.533,0.188,0.157,0.199,25.129,774213
1782536772826,0,0,0.000,6.549,6.533,0.188,0.157,0.204,25.129,774246
1782536772859,0,0,0.006,6.549,6.541,0.157,0.126,0.204,25.129,774279
1782536772894,0,0,0.000,6.549,6.541,0.188,0.188,0.210,25.129,774312
1782536772936,0,0,0.000,6.541,6.541,0.220,0.188,0.194,25.043,774345
1782536772958,0,0,0.000,6.541,6.533,0.188,0.188,0.312,25.215,774378
1782536773002,0,0,0.006,6.549,6.524,0.188,0.157,0.204,25.129,774411
1782536773026,0,0,0.000,6.541,6.533,0.188,0.157,0.344,25.129,774444
1782536773060,0,0,0.000,6.541,6.533,0.220,0.126,0.312,25.129,774477
1782536773092,0,0,0.000,6.541,6.541,0.188,0.157,0.263,25.129,774510
1782536773125,0,0,0.006,6.557,6.524,0.157,0.126,0.263,25.215,774543
1782536773158,0,0,0.000,6.549,6.541,0.126,0.188,0.204,25.129,774576
1782536773191,0,0,0.006,6.541,6.533,0.188,0.157,0.349,25.129,774609
1782536773225,0,0,0.000,6.549,6.541,0.157,0.157,0.237,25.129,774642
1782536773258,0,0,0.000,6.541,6.541,0.188,0.220,0.258,25.129,774675
1782536773292,0,0,0.000,6.541,6.549,0.188,0.188,0.242,25.129,774708
1782536773324,0,0,0.000,6.541,6.533,0.188,0.157,0.317,25.129,774741
1782536773366,0,0,0.000,6.541,6.533,0.157,0.157,0.296,25.129,774774
1782536773391,0,0,0.006,6.549,6.524,0.157,0.157,0.382,25.129,774807
1782536773424,0,0,0.000,6.541,6.541,0.188,0.157,0.269,25.129,774840
1782536773457,0,0,0.006,6.541,6.541,0.188,0.157,0.344,25.129,774873
1782536773493,-15,15,0.000,6.557,6.541,0.188,0.157,0.210,25.215,774906
1782536773524,-30,30,0.000,6.541,6.533,0.188,0.157,0.317,25.129,774939
1782536773564,-60,60,0.000,6.549,6.541,0.188,0.188,0.231,25.129,774972
1782536773590,-90,90,0.000,6.541,6.524,0.188,0.157,0.280,25.129,775005
1782536773624,-105,105,0.000,6.541,6.524,0.157,0.157,0.306,25.129,775038
1782536773656,-135,135,0.000,6.541,6.533,0.188,0.126,0.242,25.129,775071
1782536773690,-165,165,0.000,6.557,6.541,0.188,0.126,0.220,25.129,775104
1782536773726,-180,180,0.000,6.533,6.524,0.251,0.188,0.215,25.129,775137
1782536773760,-210,210,0.000,6.466,6.450,0.879,0.314,0.355,25.129,775170
1782536773790,-240,240,0.000,6.367,6.350,1.632,0.910,0.323,25.129,775203
1782536773823,-255,255,0.000,6.359,6.334,1.663,1.035,0.301,25.215,775236
1782536773858,-285,285,0.000,6.334,6.309,2.071,1.130,0.242,25.129,775269
1782536773889,-315,315,0.000,6.367,6.350,1.443,0.941,0.242,25.129,775302
1782536773925,-330,330,0.000,6.342,6.326,1.475,1.035,0.220,25.129,775335
1782536773955,-360,360,0.000,6.326,6.309,1.694,1.067,0.360,25.129,775368
1782536773992,-390,390,0.000,6.309,6.292,1.883,1.192,0.247,25.129,775401
1782536774022,-405,405,0.000,6.268,6.235,2.228,1.318,0.226,25.129,775434
1782536774057,-435,435,0.000,6.235,6.218,2.385,1.663,0.226,25.215,775467
1782536774089,-465,465,0.006,6.218,6.177,2.259,1.883,0.237,25.129,775500
1782536774124,-480,480,0.000,6.185,6.160,2.604,2.071,0.247,25.129,775533
1782536774167,-500,500,0.000,6.185,6.160,2.730,1.883,0.258,25.129,775566
1782536774189,-500,500,0.006,6.168,6.135,2.447,2.228,0.220,25.129,775599
1782536774224,-500,500,0.000,6.094,6.061,2.949,2.604,0.231,25.129,775632
1782536774255,-500,500,0.006,6.127,6.085,2.824,2.416,0.242,25.129,775665
1782536774290,-500,500,0.006,6.119,6.094,2.918,2.196,0.231,25.129,775698
1782536774321,-500,500,0.000,6.143,6.110,2.792,2.165,0.269,25.129,775731
1782536774355,-500,500,0.000,6.119,6.102,2.698,2.134,0.220,25.129,775764
1782536774389,-500,500,0.000,6.135,6.102,2.604,2.039,0.317,25.129,775797
1782536774424,-500,500,0.012,6.135,6.102,2.667,2.071,0.226,25.129,775830
1782536774456,-500,500,0.000,6.152,6.127,2.667,2.039,0.263,25.129,775863
1782536774488,-500,500,0.000,6.135,6.102,2.730,2.134,0.215,25.129,775896
1782536774521,-500,500,0.000,6.127,6.102,2.792,1.977,0.215,25.129,775929
1782536774554,-500,500,0.000,6.127,6.094,3.075,2.071,0.220,25.043,775962
1782536774590,-500,500,0.006,6.085,6.044,2.887,2.698,0.253,25.129,775995
1782536774621,-500,500,0.006,6.110,6.077,3.326,2.102,0.242,25.129,776028
1782536774655,-500,500,0.000,6.094,6.061,2.887,2.165,0.366,25.129,776061
1782536774690,-500,500,0.000,6.127,6.094,3.106,1.851,0.253,25.129,776094
1782536774721,-500,500,0.000,6.127,6.085,2.855,1.977,0.237,25.129,776127
1782536774755,-500,500,0.000,6.135,6.094,2.887,1.883,0.387,25.129,776160
1782536774787,-500,500,0.000,6.143,6.094,2.824,2.039,0.285,25.129,776193
1782536774821,-500,500,0.000,6.127,6.102,2.698,1.945,0.237,25.129,776226
1782536774853,-500,500,0.006,6.135,6.102,2.730,1.977,0.220,25.129,776259
1782536774887,-500,500,0.000,6.119,6.077,2.824,2.071,0.387,25.129,776292
1782536774921,-500,500,0.000,6.127,6.094,3.012,1.883,0.237,25.129,776325
1782536774954,-500,500,0.000,6.110,6.094,2.949,1.945,0.226,25.129,776358
1782536774987,-500,500,0.000,6.127,6.094,2.824,2.008,0.226,25.129,776391
1782536775020,-500,500,0.000,6.127,6.094,2.698,2.008,0.242,25.215,776424
1782536775053,-500,500,0.000,6.110,6.077,2.573,2.165,0.231,25.215,776457
1782536775097,-500,500,0.000,6.127,6.094,2.792,2.008,0.242,25.129,776490
1782536775122,-500,500,0.006,6.152,6.094,2.824,1.851,0.220,25.129,776523
1782536775154,-500,500,0.000,6.127,6.085,2.792,2.039,0.231,25.129,776556
1782536775187,-500,500,0.000,6.119,6.085,2.949,1.820,0.231,25.129,776589
1782536775222,-500,500,0.000,6.127,6.094,2.949,1.820,0.269,25.129,776622
1782536775253,-500,500,0.000,6.127,6.094,2.761,1.883,0.247,25.129,776655
1782536775286,-500,500,0.006,6.102,6.069,3.043,1.945,0.333,25.129,776688
1782536775322,-500,500,0.000,6.119,6.085,2.761,1.945,0.237,25.129,776721
1782536775353,-500,500,0.000,6.102,6.094,3.043,1.883,0.258,25.215,776754
1782536775387,-500,500,0.006,6.085,6.044,3.702,1.851,0.269,25.129,776787
1782536775420,-500,500,0.000,6.110,6.094,2.949,2.008,0.242,25.215,776820
1782536775453,-500,500,0.000,6.110,6.077,3.169,1.883,0.263,25.129,776853
1782536775486,-500,500,0.000,6.119,6.077,2.792,1.883,0.242,25.215,776886
1782536775518,-500,500,0.000,6.094,6.069,2.855,2.102,0.237,25.129,776919
1782536775556,-500,500,0.012,6.102,6.061,2.761,2.008,0.247,25.215,776952
1782536775586,-480,480,0.012,6.119,6.085,2.792,1.945,0.226,25.215,776985
1782536775618,-440,440,0.000,6.110,6.077,2.887,1.914,0.258,25.129,777018
1782536775652,-400,400,0.000,6.119,6.085,2.698,2.039,0.231,25.129,777051
1782536775684,-380,380,0.000,6.201,6.177,2.071,1.412,0.242,25.215,777084
1782536775718,-340,340,0.000,6.268,6.235,1.757,1.067,0.231,25.215,777117
1782536775751,-300,300,0.006,6.243,6.226,1.757,1.130,0.344,25.129,777150
1782536775797,-260,260,0.000,6.309,6.292,1.255,0.816,0.215,25.215,777183
1782536775827,-240,240,0.000,6.367,6.334,0.910,0.596,0.220,25.129,777216
1782536775852,-200,200,0.000,6.350,6.334,0.941,0.596,0.387,25.215,777249
1782536775884,-180,180,0.000,6.408,6.392,0.628,0.377,0.220,25.215,777282
1782536775917,-140,140,0.000,6.425,6.417,0.345,0.282,0.231,25.215,777315
1782536775951,-100,100,0.000,6.433,6.433,0.345,0.251,0.226,25.215,777348
1782536775986,-80,80,0.000,6.458,6.442,0.251,0.188,0.242,25.215,777381
1782536776018,-40,40,0.000,6.475,6.466,0.157,0.188,0.220,25.215,777414
1782536776051,0,0,0.000,6.475,6.466,0.188,0.157,0.242,25.215,777447
1782536776093,0,0,0.000,6.475,6.466,0.188,0.157,0.215,25.129,777480
1782536776126,0,0,0.000,6.483,6.466,0.157,0.188,0.215,25.301,777513
1782536776150,0,0,0.000,6.475,6.475,0.126,0.188,0.215,25.215,777546
1782536776192,0,0,0.000,6.466,6.475,0.188,0.188,0.237,25.215,777579
1782536776232,0,0,0.000,6.475,6.475,0.157,0.157,0.215,25.215,777612
1782536776258,0,0,0.000,6.483,6.475,0.126,0.188,0.237,25.129,777645
1782536776291,30,-30,0.006,6.483,6.491,0.220,0.157,0.258,25.215,777678
1782536776324,45,-45,0.000,6.483,6.483,0.188,0.126,0.242,25.215,777711
1782536776357,75,-75,0.000,6.475,6.475,0.157,0.188,0.237,25.215,777744
1782536776391,105,-105,0.000,6.491,6.475,0.220,0.157,0.237,25.215,777777
1782536776424,120,-120,0.000,6.491,6.475,0.157,0.126,0.210,25.215,777810
1782536776456,150,-150,0.000,6.483,6.491,0.157,0.188,0.215,25.301,777843
1782536776489,165,-165,0.000,6.491,6.475,0.188,0.157,0.204,25.215,777876
1782536776522,195,-195,0.000,6.475,6.475,0.188,0.251,0.220,25.215,777909
1782536776555,225,-225,0.000,6.433,6.433,0.377,0.314,0.215,25.215,777942
1782536776589,240,-240,0.000,6.442,6.442,0.314,0.565,0.215,25.215,777975
1782536776622,270,-270,0.000,6.400,6.392,0.565,0.816,0.215,25.301,778008
1782536776655,300,-300,0.006,6.350,6.334,1.130,0.784,0.204,25.215,778041
1782536776706,330,-330,0.012,6.326,6.317,1.098,0.910,0.285,25.215,778074
1782536776729,345,-345,0.000,6.334,6.301,1.098,0.941,0.355,25.215,778107
1782536776755,375,-375,0.006,6.309,6.292,1.349,1.067,0.204,25.301,778140
1782536776797,405,-405,0.000,6.259,6.243,1.537,1.318,0.220,25.215,778173
1782536776819,420,-420,0.000,6.259,6.226,1.726,1.381,0.339,25.301,778206
1782536776861,450,-450,0.000,6.218,6.193,2.071,1.632,0.226,25.215,778239
1782536776887,465,-465,0.000,6.160,6.135,2.353,1.883,0.285,25.215,778272
1782536776919,495,-495,0.000,6.168,6.135,2.322,2.008,0.226,25.301,778305
1782536776953,500,-500,0.000,6.119,6.085,2.698,2.102,0.301,25.301,778338
1782536776984,500,-500,0.006,6.077,6.044,2.887,2.573,0.215,25.215,778371
1782536777017,500,-500,0.012,6.094,6.069,2.698,2.416,0.247,25.215,778404
1782536777050,500,-500,0.006,6.085,6.061,2.698,2.259,0.258,25.215,778437
1782536777086,500,-500,0.012,6.127,6.077,2.447,2.259,0.237,25.215,778470
1782536777116,500,-500,0.000,6.119,6.077,2.667,2.196,0.237,25.215,778503
1782536777149,500,-500,0.000,6.102,6.069,2.824,2.228,0.355,25.215,778536
1782536777183,500,-500,0.000,6.127,6.094,2.604,2.039,0.237,25.215,778569
1782536777215,500,-500,0.000,6.110,6.077,2.573,2.165,0.226,25.301,778602
1782536777248,500,-500,0.006,6.110,6.077,2.636,2.165,0.215,25.301,778635
1782536777281,500,-500,0.000,6.119,6.094,2.510,2.039,0.258,25.215,778668
1782536777314,500,-500,0.000,6.119,6.085,2.541,2.134,0.220,25.215,778701
1782536777347,500,-500,0.006,6.102,6.069,2.510,2.636,0.226,25.301,778734
1782536777380,500,-500,0.000,6.110,6.077,2.604,2.039,0.387,25.301,778767
1782536777415,500,-500,0.006,6.119,6.094,2.479,2.008,0.220,25.301,778800
1782536777447,500,-500,0.000,6.127,6.102,2.510,1.914,0.220,25.301,778833
1782536777480,500,-500,0.000,6.119,6.094,2.636,2.039,0.220,25.301,778866
1782536777514,500,-500,0.000,6.127,6.094,2.385,2.196,0.231,25.301,778899
1782536777547,500,-500,0.000,6.127,6.077,2.510,2.228,0.220,25.301,778932
1782536777615,500,-500,0.000,6.127,6.094,2.447,2.071,0.242,25.301,778965
1782536777620,500,-500,0.000,6.110,6.085,2.385,2.071,0.296,25.301,778998
1782536777651,500,-500,0.018,6.119,6.085,2.447,2.039,0.344,25.301,779031
1782536777688,500,-500,0.000,6.127,6.077,2.573,1.945,0.306,25.215,779064
1782536777713,500,-500,0.006,6.102,6.069,2.604,2.259,0.237,25.301,779097
1782536777746,500,-500,0.012,6.094,6.052,2.887,2.196,0.263,25.301,779130
1782536777779,500,-500,0.000,6.094,6.061,2.479,2.134,0.392,25.301,779163
1782536777814,500,-500,0.000,6.094,6.061,2.353,2.322,0.258,25.301,779196
1782536777850,500,-500,0.000,6.102,6.094,2.353,2.039,0.387,25.301,779229
1782536777879,500,-500,0.000,6.119,6.085,2.636,2.134,0.231,25.301,779262
1782536777912,500,-500,0.000,6.127,6.102,2.228,2.039,0.253,25.301,779295
1782536777945,500,-500,0.000,6.127,6.094,2.196,2.134,0.220,25.301,779328
1782536777982,500,-500,0.000,6.102,6.069,2.416,2.228,0.242,25.301,779361
1782536778015,500,-500,0.012,6.110,6.069,2.479,2.102,0.220,25.301,779394
1782536778046,500,-500,0.006,6.094,6.061,2.667,2.134,0.366,25.301,779427
1782536778080,500,-500,0.000,6.119,6.069,2.667,2.039,0.258,25.301,779460
1782536778115,500,-500,0.000,6.102,6.061,2.698,2.071,0.258,25.301,779493
1782536778145,500,-500,0.000,6.110,6.085,2.479,2.134,0.210,25.301,779526
1782536778180,500,-500,0.000,6.102,6.069,2.416,2.165,0.355,25.301,779559
1782536778212,500,-500,0.000,6.119,6.085,2.416,1.977,0.242,25.301,779592
1782536778247,500,-500,0.000,6.102,6.061,2.447,2.165,0.333,25.301,779625
1782536778278,500,-500,0.000,6.094,6.061,2.730,2.071,0.258,25.387,779658
1782536778311,500,-500,0.000,6.110,6.077,2.479,2.008,0.231,25.301,779691
1782536778345,500,-500,0.006,6.085,6.069,2.698,2.039,0.215,25.301,779724
1782536778378,500,-500,0.000,6.094,6.052,2.698,2.196,0.242,25.301,779757
1782536778411,500,-500,0.006,6.110,6.069,2.447,2.196,0.237,25.301,779790
1782536778446,500,-500,0.000,6.085,6.069,2.698,2.134,0.242,25.301,779823
1782536778477,500,-500,0.000,6.102,6.077,2.416,2.165,0.237,25.301,779856
1782536778511,500,-500,0.000,6.094,6.061,2.385,2.259,0.237,25.301,779889
1782536778545,500,-500,0.000,6.102,6.077,2.353,2.196,0.247,25.301,779922
1782536778577,500,-500,0.000,6.077,6.052,2.636,2.259,0.237,25.301,779955
1782536778611,500,-500,0.012,6.110,6.061,2.322,2.102,0.360,25.301,779988
1782536778644,500,-500,0.000,6.110,6.077,2.353,2.259,0.242,25.387,780021
1782536778678,500,-500,0.012,6.110,6.077,2.447,2.102,0.242,25.301,780054
1782536778710,500,-500,0.012,6.102,6.077,2.573,1.883,0.253,25.301,780087
1782536778744,500,-500,0.000,6.110,6.077,2.385,2.196,0.247,25.301,780120
1782536778776,500,-500,0.000,6.102,6.085,2.196,2.165,0.247,25.301,780153
1782536778811,500,-500,0.000,6.127,6.069,2.479,2.039,0.242,25.301,780186
1782536778843,500,-500,0.000,6.085,6.069,2.510,2.228,0.253,25.387,780219
1782536778877,500,-500,0.000,6.085,6.069,2.541,2.102,0.242,25.387,780252
1782536778909,500,-500,0.000,6.094,6.069,2.447,2.008,0.253,25.301,780285
1782536778944,500,-500,0.000,6.094,6.069,2.636,1.945,0.371,25.301,780318
1782536778976,500,-500,0.006,6.094,6.069,2.447,2.196,0.242,25.301,780351
1782536779009,500,-500,0.000,6.119,6.069,2.385,2.008,0.220,25.387,780384
1782536779056,500,-500,0.000,6.077,6.052,2.573,2.071,0.231,25.387,780417
1782536779076,500,-500,0.000,6.094,6.069,2.510,1.977,0.220,25.301,780450
1782536779110,500,-500,0.000,6.102,6.061,2.447,2.008,0.226,25.387,780483
1782536779142,500,-500,0.000,6.085,6.061,2.604,2.102,0.226,25.387,780516
1782536779176,500,-500,0.006,6.094,6.052,2.573,2.071,0.210,25.387,780549
1782536779210,480,-480,0.000,6.085,6.061,2.416,2.102,0.220,25.387,780582
1782536779252,440,-440,0.000,6.094,6.061,2.636,2.102,0.231,25.301,780615
1782536779275,400,-400,0.006,6.094,6.061,2.479,2.165,0.231,25.387,780648
1782536779339,340,-340,0.000,6.168,6.143,2.008,1.569,0.242,25.387,780681
1782536779345,340,-340,0.000,6.226,6.201,1.475,1.475,0.220,25.387,780714
1782536779377,300,-300,0.000,6.226,6.210,1.381,1.412,0.263,25.387,780747
1782536779413,280,-280,0.000,6.276,6.268,0.973,1.067,0.215,25.387,780780
1782536779442,240,-240,0.006,6.334,6.326,0.628,0.722,0.226,25.301,780813
1782536779476,200,-200,0.000,6.326,6.309,0.784,0.847,0.220,25.387,780846
1782536779512,180,-180,0.000,6.367,6.359,0.533,0.565,0.215,25.387,780879
1782536779544,140,-140,0.000,6.400,6.400,0.314,0.345,0.237,25.387,780912
1782536779575,100,-100,0.000,6.417,6.400,0.314,0.314,0.220,25.387,780945
1782536779618,60,-60,0.000,6.425,6.425,0.188,0.251,0.231,25.387,780978
1782536779641,40,-40,0.000,6.442,6.442,0.188,0.188,0.215,25.387,781011
1782536779676,0,0,0.000,6.450,6.458,0.157,0.188,0.220,25.387,781044
1782536779711,0,0,0.000,6.450,6.442,0.188,0.157,0.226,25.387,781077
1782536779740,0,0,0.006,6.450,6.450,0.188,0.188,0.220,25.387,781110
1782536779774,0,0,0.000,6.450,6.433,0.188,0.188,0.210,25.387,781143
1782536779808,0,0,0.000,6.450,6.450,0.188,0.157,0.247,25.387,781176
1782536779841,0,0,0.000,6.450,6.442,0.188,0.157,0.296,25.387,781209
1782536779874,0,0,0.000,6.442,6.442,0.126,0.188,0.349,25.387,781242
1782536779909,0,0,0.000,6.458,6.450,0.157,0.188,0.237,25.387,781275
1782536779940,0,0,0.000,6.458,6.458,0.188,0.126,0.220,25.387,781308
1782536779973,0,0,0.000,6.458,6.458,0.157,0.157,0.242,25.387,781341
1782536780011,0,0,0.000,6.458,6.458,0.188,0.157,0.215,25.473,781374
1782536780062,0,0,0.000,6.458,6.458,0.188,0.157,0.220,25.387,781407
1782536780077,0,0,0.006,6.466,6.458,0.188,0.157,0.215,25.387,781440
1782536780113,0,0,0.000,6.458,6.458,0.188,0.188,0.226,25.387,781473
1782536780140,0,0,0.006,6.458,6.458,0.188,0.094,0.242,25.387,781506
1782536780174,0,0,0.000,6.466,6.458,0.188,0.157,0.210,25.387,781539
1782536780210,0,0,0.000,6.458,6.458,0.220,0.157,0.242,25.387,781572
1782536780240,0,0,0.000,6.450,6.458,0.188,0.157,0.220,25.387,781605
1782536780274,0,0,0.000,6.458,6.458,0.188,0.157,0.237,25.387,781638
1782536780307,0,0,0.000,6.466,6.466,0.188,0.126,0.226,25.387,781671
1782536780339,0,0,0.000,6.466,6.458,0.188,0.157,0.215,25.387,781704
1782536780373,0,0,0.000,6.466,6.458,0.188,0.126,0.253,25.473,781737
1782536780406,0,0,0.000,6.466,6.450,0.126,0.188,0.269,25.387,781770
1782536780451,15,15,0.000,6.466,6.466,0.157,0.157,0.204,25.387,781803
1782536780473,30,30,0.006,6.466,6.450,0.188,0.188,0.242,25.387,781836
1782536780506,60,60,0.012,6.466,6.458,0.188,0.157,0.242,25.473,781869
1782536780548,90,90,0.006,6.466,6.466,0.251,0.157,0.215,25.387,781902
1782536780581,120,120,0.000,6.475,6.466,0.188,0.157,0.215,25.387,781935
1782536780620,150,150,0.000,6.483,6.458,0.157,0.126,0.242,25.387,781968
1782536780647,165,165,0.000,6.466,6.466,0.188,0.157,0.263,25.387,782001
1782536780715,225,225,0.006,6.450,6.450,0.251,0.220,0.210,25.387,782034
1782536780716,225,225,0.000,6.425,6.425,0.377,0.377,0.226,25.387,782067
1782536780748,240,240,0.000,6.400,6.392,0.408,0.753,0.247,25.387,782100
1782536780780,270,270,0.000,6.384,6.359,0.659,0.879,0.220,25.387,782133
1782536780812,285,285,0.000,6.326,6.317,1.192,0.910,0.247,25.387,782166
1782536780851,315,315,0.000,6.317,6.292,1.600,0.816,0.237,25.387,782199
1782536780881,345,345,0.000,6.334,6.326,1.130,0.879,0.231,25.473,782232
1782536780912,360,360,0.000,6.284,6.276,1.506,0.847,0.237,25.473,782265
1782536780955,405,405,0.000,6.243,6.226,1.851,1.286,0.226,25.473,782298
1782536780978,420,420,0.000,6.243,6.235,1.788,1.035,0.231,25.387,782331
1782536781010,435,435,0.000,6.210,6.193,2.134,1.318,0.220,25.387,782364
1782536781047,465,465,0.000,6.168,6.143,2.667,1.537,0.237,25.387,782397
1782536781078,495,495,0.006,6.177,6.160,2.322,1.443,0.237,25.387,782430
1782536781118,500,500,0.006,6.143,6.110,2.604,1.757,0.215,25.387,782463
1782536781142,500,500,0.006,6.102,6.052,3.138,1.945,0.220,25.387,782496
1782536781175,500,500,0.006,6.119,6.094,2.730,1.914,0.220,25.387,782529
1782536781208,500,500,0.006,6.135,6.102,2.636,1.569,0.237,25.387,782562
1782536781246,500,500,0.000,6.135,6.102,2.824,1.569,0.226,25.387,782595
1782536781276,500,500,0.012,6.160,6.127,2.541,1.475,0.210,25.387,782628
1782536781308,500,500,0.000,6.160,6.135,2.573,1.443,0.226,25.387,782661
1782536781343,460,460,0.006,6.168,6.152,2.353,1.443,0.237,25.387,782694
1782536781374,440,440,0.000,6.177,6.127,2.573,1.286,0.231,25.387,782727
1782536781408,400,400,0.000,6.226,6.201,2.196,0.910,0.333,25.387,782760
1782536781445,360,360,0.000,6.301,6.284,1.475,0.471,0.237,25.387,782793
1782536781472,340,340,0.000,6.301,6.276,1.475,0.784,0.258,25.387,782826
1782536781505,300,300,0.000,6.359,6.342,1.004,0.439,0.215,25.387,782859
1782536781542,260,260,0.000,6.384,6.367,0.596,0.408,0.360,25.387,782892
1782536781579,225,225,0.000,6.392,6.367,0.565,0.439,0.215,25.473,782925
1782536781604,210,210,0.000,6.408,6.400,0.439,0.282,0.290,25.387,782958
1782536781649,180,180,0.000,6.417,6.408,0.408,0.314,0.220,25.387,782991
1782536781671,165,165,0.006,6.425,6.408,0.282,0.345,0.242,25.387,783024
1782536781703,135,135,0.000,6.450,6.442,0.220,0.220,0.210,25.473,783057
1782536781739,105,105,0.000,6.442,6.425,0.251,0.220,0.355,25.387,783090
1782536781778,75,75,0.000,6.450,6.450,0.220,0.188,0.204,25.387,783123
1782536781803,60,60,0.000,6.450,6.450,0.188,0.157,0.296,25.387,783156
1782536781836,30,30,0.000,6.466,6.458,0.188,0.157,0.199,25.387,783189
1782536781871,15,15,0.000,6.458,6.450,0.220,0.126,0.285,25.473,783222
1782536781906,-15,-15,0.000,6.466,6.458,0.220,0.188,0.215,25.387,783255
1782536781936,-45,-45,0.006,6.475,6.458,0.188,0.188,0.215,25.387,783288
1782536781974,-60,-60,0.000,6.475,6.466,0.157,0.126,0.204,25.387,783321
1782536782016,-105,-75,0.012,6.466,6.458,0.188,0.094,0.323,25.387,783354
1782536782086,-225,-75,0.000,6.475,6.466,0.188,0.188,0.204,25.387,783387
1782536782087,-225,-75,0.000,6.466,6.450,0.188,0.157,0.226,25.387,783420
1782536782105,-255,-75,0.000,6.458,6.466,0.188,0.314,0.210,25.387,783453
1782536782140,-315,-75,0.000,6.425,6.425,0.251,0.628,0.231,25.473,783486
1782536782167,-345,-75,0.000,6.400,6.367,0.126,1.192,0.210,25.473,783519
1782536782208,-405,-75,0.006,6.350,6.326,0.188,1.757,0.263,25.387,783552
1782536782236,-435,-75,0.000,6.367,6.350,0.188,1.412,0.301,25.387,783585
1782536782268,-425,-145,0.000,6.326,6.309,0.220,1.945,0.258,25.387,783618
1782536782304,-415,-215,0.000,6.268,6.251,0.188,2.667,0.242,25.473,783651
1782536782348,-405,-285,0.000,6.317,6.301,0.251,2.008,0.220,25.473,783684
1782536782367,-400,-320,0.000,6.251,6.226,1.130,1.694,0.392,25.387,783717
1782536782403,-390,-390,0.000,6.259,6.243,1.255,1.632,0.263,25.473,783750
1782536782435,-405,-405,0.000,6.259,6.235,1.318,1.506,0.371,25.473,783783
1782536782467,-435,-435,0.000,6.177,6.152,2.761,1.318,0.226,25.473,783816
1782536782536,-480,-480,0.000,6.160,6.143,2.259,1.443,0.366,25.473,783849
1782536782537,-480,-480,0.000,6.210,6.168,2.008,1.475,0.226,25.473,783882
1782536782567,-500,-500,0.000,6.143,6.110,2.604,1.788,0.435,25.387,783915
1782536782606,-460,-460,0.000,6.110,6.077,2.792,1.883,0.237,25.473,783948
1782536782634,-440,-440,0.000,6.119,6.094,2.761,1.694,0.263,25.473,783981
1782536782668,-400,-400,0.000,6.177,6.152,2.322,1.569,0.226,25.473,784014
1782536782699,-380,-380,0.012,6.235,6.210,2.008,1.098,0.226,25.387,784047
1782536782733,-340,-340,0.000,6.309,6.284,1.192,0.690,0.317,25.387,784080
1782536782766,-300,-300,0.006,6.367,6.367,0.753,0.628,0.226,25.473,784113
1782536782800,-245,-275,0.006,6.400,6.400,0.314,0.502,0.231,25.387,784146
1782536782833,-210,-270,0.000,6.392,6.375,0.533,0.502,0.473,25.387,784179
1782536782870,-140,-260,0.000,6.425,6.417,0.377,0.377,0.220,25.387,784212
1782536782899,-105,-255,0.006,6.425,6.408,0.471,0.157,0.215,25.473,784245
1782536782932,-70,-210,0.000,6.408,6.408,0.596,0.220,0.317,25.387,784278
1782536782968,-70,-130,0.000,6.433,6.417,0.565,0.157,0.215,25.473,784311
1782536782999,-70,-90,0.000,6.442,6.442,0.220,0.188,0.344,25.387,784344
1782536783032,-40,-40,0.000,6.458,6.458,0.220,0.157,0.215,25.473,784377
1782536783068,0,0,0.000,6.458,6.458,0.157,0.157,0.339,25.559,784410
1782536783101,0,0,0.000,6.483,6.475,0.157,0.188,0.231,25.559,784443
1782536783133,0,0,0.000,6.466,6.475,0.188,0.157,0.237,25.387,784476
1782536783166,0,0,0.000,6.475,6.466,0.188,0.126,0.199,25.473,784509
1782536783202,0,0,0.000,6.475,6.466,0.188,0.157,0.242,25.387,784542
1782536783235,0,0,0.000,6.475,6.466,0.188,0.126,0.220,25.387,784575
1782536783265,0,0,0.000,6.475,6.475,0.188,0.157,0.220,25.387,784608
1782536783311,0,0,0.000,6.466,6.475,0.188,0.126,0.220,25.387,784641
1782536783333,0,0,0.006,6.475,6.466,0.157,0.157,0.204,25.473,784674
1782536783365,0,0,0.000,6.475,6.466,0.157,0.157,0.231,25.387,784707
1782536783411,0,0,0.000,6.466,6.466,0.157,0.126,0.242,25.387,784740
1782536783431,15,-15,0.006,6.475,6.475,0.188,0.220,0.237,25.387,784773
1782536783465,45,-45,0.000,6.483,6.466,0.188,0.220,0.220,25.387,784806
1782536783499,60,-60,0.000,6.475,6.475,0.188,0.157,0.210,25.387,784839
1782536783531,90,-90,0.006,6.475,6.475,0.157,0.220,0.204,25.387,784872
1782536783567,120,-120,0.000,6.475,6.466,0.188,0.157,0.204,25.387,784905
1782536783599,135,-135,0.006,6.475,6.475,0.188,0.188,0.290,25.387,784938
1782536783649,180,-180,0.006,6.491,6.458,0.188,0.188,0.306,25.387,784971
1782536783667,195,-195,0.000,6.450,6.442,0.345,0.282,0.204,25.387,785004
1782536783749,255,-255,0.000,6.417,6.400,0.565,0.439,0.237,25.473,785037
1782536783752,255,-255,0.000,6.359,6.342,0.973,0.659,0.263,25.473,785070
1782536783766,270,-270,0.006,6.284,6.259,1.694,0.941,0.215,25.387,785103
1782536783797,285,-285,0.006,6.259,6.243,1.945,1.130,0.242,25.559,785136
1782536783830,280,-280,0.006,6.326,6.309,1.130,0.816,0.237,25.387,785169
1782536783864,240,-240,0.000,6.292,6.268,1.443,1.067,0.237,25.387,785202
1782536783897,220,-220,0.000,6.317,6.309,1.004,0.879,0.220,25.473,785235
1782536783931,180,-180,0.000,6.375,6.359,0.941,0.628,0.247,25.387,785268
1782536783965,140,-140,0.000,6.417,6.400,0.533,0.377,0.199,25.473,785301
1782536784001,120,-120,0.000,6.425,6.417,0.502,0.345,0.210,25.387,785334
1782536784031,80,-80,0.000,6.458,6.458,0.251,0.188,0.204,25.473,785367
1782536784063,40,-40,0.000,6.466,6.466,0.188,0.157,0.231,25.387,785400
1782536784097,5,-35,0.000,6.475,6.458,0.188,0.188,0.210,25.387,785433
1782536784131,-45,-45,0.000,6.466,6.466,0.188,0.157,0.199,25.387,785466
1782536784174,-75,-75,0.006,6.483,6.475,0.188,0.157,0.204,25.387,785499
1782536784207,-105,-105,0.000,6.466,6.466,0.157,0.157,0.360,25.387,785532
1782536784231,-120,-120,0.000,6.483,6.475,0.188,0.157,0.194,25.387,785565
1782536784264,-150,-150,0.000,6.475,6.475,0.188,0.188,0.199,25.387,785598
1782536784297,-165,-165,0.000,6.475,6.475,0.157,0.188,0.231,25.387,785631
1782536784329,-195,-195,0.000,6.458,6.450,0.220,0.188,0.220,25.387,785664
1782536784363,-225,-225,0.000,6.392,6.384,1.004,0.439,0.210,25.387,785697
1782536784396,-240,-240,0.000,6.384,6.359,1.004,0.471,0.226,25.387,785730
1782536784431,-270,-270,0.000,6.392,6.359,0.847,0.533,0.237,25.387,785763
1782536784465,-300,-300,0.006,6.342,6.326,1.130,0.879,0.323,25.387,785796
1782536784497,-315,-315,0.000,6.367,6.342,0.941,0.847,0.204,25.387,785829
1782536784533,-345,-345,0.000,6.334,6.334,1.035,0.722,0.220,25.473,785862
1782536784566,-375,-375,0.000,6.301,6.284,1.443,1.035,0.220,25.473,785895
1782536784596,-390,-390,0.012,6.292,6.268,1.537,1.035,0.253,25.387,785928
1782536784635,-420,-420,0.000,6.284,6.235,1.820,1.192,0.220,25.387,785961
1782536784662,-435,-435,0.000,6.251,6.226,1.914,1.381,0.253,25.387,785994
1782536784695,-435,-495,0.000,6.226,6.210,2.039,1.381,0.263,25.387,786027
1782536784728,-435,-500,0.006,6.168,6.152,2.353,1.757,0.258,25.473,786060
1782536784766,-410,-500,0.000,6.152,6.119,2.604,1.663,0.253,25.387,786093
1782536784796,-395,-500,0.006,6.152,6.094,3.075,1.286,0.220,25.387,786126
1782536784830,-365,-500,0.000,6.218,6.168,2.730,0.910,0.242,25.387,786159
1782536784862,-350,-500,0.006,6.235,6.201,2.604,0.659,0.220,25.387,786192
1782536784905,-410,-500,0.006,6.235,6.210,2.510,0.533,0.220,25.387,786225
1782536784952,-450,-500,0.000,6.243,6.235,2.447,0.565,0.237,25.387,786258
1782536784977,-470,-500,0.000,6.210,6.185,2.479,1.130,0.210,25.473,786291
1782536785004,-500,-500,0.000,6.210,6.160,2.573,1.098,0.220,25.387,786324
1782536785036,-500,-500,0.006,6.177,6.152,2.510,1.537,0.210,25.473,786357
1782536785070,-500,-500,0.012,6.127,6.110,2.541,1.945,0.220,25.387,786390
1782536785103,-500,-500,0.000,6.152,6.127,2.541,1.632,0.226,25.387,786423
1782536785138,-500,-500,0.000,6.160,6.127,2.510,1.506,0.253,25.387,786456
1782536785169,-500,-500,0.000,6.185,6.160,2.228,1.349,0.247,25.473,786489
1782536785206,-500,-500,0.000,6.185,6.160,2.134,1.443,0.242,25.387,786522
1782536785234,-500,-500,0.018,6.201,6.168,2.071,1.412,0.263,25.387,786555
1782536785267,-500,-500,0.000,6.201,6.177,2.447,1.318,0.220,25.387,786588
1782536785301,-500,-500,0.000,6.210,6.185,2.290,1.161,0.226,25.387,786621
1782536785367,-500,-500,0.000,6.185,6.152,2.510,1.381,0.231,25.387,786654
1782536785369,-500,-500,0.006,6.193,6.160,2.322,1.412,0.204,25.387,786687
1782536785400,-500,-500,0.000,6.193,6.160,2.385,1.286,0.237,25.387,786720
1782536785432,-460,-460,0.000,6.185,6.160,2.134,1.443,0.237,25.387,786753
1782536785466,-420,-420,0.006,6.177,6.160,2.259,1.506,0.204,25.559,786786
1782536785499,-400,-400,0.012,6.226,6.210,1.883,1.318,0.220,25.387,786819
1782536785532,-360,-360,0.000,6.301,6.292,1.192,0.816,0.220,25.473,786852
1782536785566,-320,-320,0.000,6.375,6.359,0.628,0.533,0.210,25.387,786885
1782536785597,-300,-300,0.000,6.359,6.342,0.784,0.596,0.215,25.473,786918
1782536785633,-260,-260,0.006,6.359,6.342,0.690,0.753,0.204,25.473,786951
1782536785664,-220,-220,0.000,6.433,6.417,0.251,0.220,0.204,25.387,786984
1782536785696,-200,-200,0.000,6.408,6.392,0.408,0.408,0.215,25.473,787017
1782536785731,-160,-160,0.000,6.425,6.433,0.314,0.314,0.349,25.473,787050
1782536785771,-120,-120,0.000,6.442,6.442,0.220,0.251,0.199,25.387,787083
1782536785796,-100,-100,0.000,6.425,6.417,0.282,0.282,0.290,25.387,787116
1782536785828,-60,-60,0.006,6.458,6.442,0.251,0.220,0.194,25.387,787149
1782536785865,-20,-20,0.000,6.458,6.458,0.126,0.157,0.220,25.387,787182
1782536785897,15,-15,0.006,6.466,6.458,0.188,0.126,0.210,25.387,787215
1782536785927,45,-45,0.000,6.466,6.475,0.220,0.157,0.199,25.387,787248
1782536785961,60,-60,0.000,6.458,6.466,0.188,0.157,0.199,25.387,787281
1782536785996,90,-90,0.000,6.475,6.442,0.157,0.157,0.210,25.387,787314
1782536786027,120,-120,0.000,6.475,6.466,0.157,0.157,0.237,25.387,787347
1782536786076,150,-150,0.000,6.483,6.475,0.188,0.188,0.210,25.387,787380
1782536786092,130,-130,0.000,6.466,6.466,0.220,0.188,0.215,25.387,787413
1782536786128,90,-90,0.000,6.442,6.433,0.282,0.282,0.220,25.387,787446
1782536786160,70,-70,0.006,6.433,6.433,0.314,0.188,0.339,25.473,787479
1782536786193,30,-30,0.000,6.458,6.442,0.251,0.220,0.247,25.473,787512
1782536786224,10,-10,0.000,6.458,6.475,0.188,0.126,0.301,25.387,787545
1782536786259,0,0,0.000,6.475,6.466,0.188,0.126,0.210,25.387,787578
1782536786292,0,0,0.000,6.475,6.458,0.188,0.157,0.312,25.387,787611
1782536786328,0,0,0.000,6.475,6.466,0.188,0.157,0.242,25.387,787644
1782536786357,0,0,0.000,6.475,6.475,0.188,0.157,0.210,25.387,787677
1782536786391,-30,-30,0.000,6.475,6.475,0.188,0.094,0.194,25.387,787710
1782536786429,-60,-60,0.006,6.475,6.475,0.220,0.157,0.204,25.387,787743
1782536786457,-75,-75,0.000,6.475,6.466,0.157,0.188,0.210,25.473,787776
1782536786496,-105,-105,0.000,6.483,6.475,0.188,0.126,0.215,25.387,787809
1782536786528,-135,-135,0.000,6.475,6.466,0.188,0.157,0.306,25.387,787842
1782536786559,-150,-150,0.000,6.475,6.475,0.188,0.188,0.210,25.559,787875
1782536786600,-180,-180,0.000,6.458,6.450,0.314,0.282,0.210,25.301,787908
1782536786625,-195,-195,0.000,6.425,6.425,0.408,0.314,0.333,25.387,787941
1782536786660,-225,-225,0.000,6.375,6.359,1.098,0.439,0.204,25.473,787974
1782536786689,-255,-255,0.006,6.326,6.317,1.318,0.722,0.247,25.473,788007
1782536786723,-270,-270,0.000,6.375,6.359,0.847,0.659,0.204,25.387,788040
1782536786756,-300,-300,0.000,6.342,6.309,1.255,0.816,0.258,25.387,788073
1782536786790,-330,-330,0.000,6.350,6.334,1.004,0.690,0.296,25.473,788106
1782536786825,-345,-345,0.000,6.309,6.292,1.475,1.067,0.226,25.387,788139
1782536786856,-375,-375,0.012,6.292,6.268,1.600,1.067,0.258,25.559,788172
1782536786890,-405,-405,0.000,6.284,6.259,1.632,1.067,0.220,25.473,788205
1782536786923,-420,-420,0.006,6.243,6.218,1.945,1.349,0.263,25.387,788238
1782536786990,-480,-480,0.000,6.218,6.177,2.039,1.381,0.231,25.473,788271
1782536786992,-480,-480,0.000,6.193,6.168,2.290,1.537,0.339,25.387,788304
1782536787025,-495,-495,0.000,6.135,6.119,2.636,1.788,0.231,25.473,788337
1782536787056,-500,-485,0.012,6.152,6.110,2.573,1.788,0.215,25.387,788370
1782536787093,-500,-415,0.000,6.077,6.044,3.075,2.102,0.355,25.387,788403
1782536787126,-495,-345,0.000,6.135,6.110,2.730,1.694,0.258,25.387,788436
1782536787157,-490,-310,0.006,6.226,6.201,1.381,1.757,0.258,25.473,788469
1782536787195,-480,-240,0.000,6.284,6.268,0.471,1.726,0.349,25.473,788502
1782536787222,-475,-205,0.000,6.359,6.342,0.188,1.569,0.263,25.387,788535
1782536787255,-430,-170,0.000,6.334,6.317,0.471,1.537,0.237,25.387,788568
1782536787303,-350,-170,0.006,6.334,6.317,0.251,1.663,0.339,25.387,788601
1782536787321,-310,-170,0.000,6.392,6.375,0.314,0.910,0.215,25.387,788634
1782536787355,-230,-170,0.006,6.392,6.384,0.188,0.847,0.226,25.387,788667
1782536787389,-160,-160,0.006,6.442,6.433,0.251,0.345,0.210,25.473,788700
1782536787421,-140,-140,0.000,6.433,6.433,0.251,0.439,0.220,25.473,788733
1782536787470,-80,-80,0.006,6.458,6.458,0.251,0.188,0.247,25.473,788766
1782536787494,-60,-60,0.000,6.475,6.466,0.188,0.157,0.220,25.387,788799
1782536787533,-20,-20,0.000,6.466,6.466,0.157,0.157,0.220,25.387,788832
1782536787554,0,0,0.006,6.466,6.458,0.188,0.157,0.231,25.473,788865
1782536787587,0,0,0.000,6.475,6.466,0.157,0.157,0.215,25.387,788898
1782536787622,0,0,0.006,6.466,6.466,0.188,0.157,0.247,25.387,788931
1782536787653,0,0,0.000,6.475,6.475,0.188,0.126,0.215,25.387,788964
1782536787690,0,0,0.000,6.475,6.466,0.188,0.157,0.220,25.387,788997
1782536787720,0,0,0.000,6.475,6.466,0.188,0.157,0.220,25.473,789030
1782536787754,0,0,0.006,6.475,6.458,0.220,0.157,0.231,25.387,789063
1782536787787,0,0,0.000,6.483,6.475,0.188,0.157,0.220,25.387,789096
1782536787821,0,0,0.000,6.483,6.475,0.157,0.157,0.242,25.387,789129
1782536787854,30,30,0.000,6.475,6.458,0.220,0.157,0.242,25.387,789162
1782536787886,45,45,0.000,6.483,6.491,0.188,0.157,0.242,25.387,789195
1782536787920,75,75,0.000,6.475,6.475,0.157,0.188,0.237,25.473,789228
1782536787953,105,105,0.000,6.483,6.458,0.188,0.157,0.237,25.473,789261
1782536787986,120,120,0.006,6.483,6.475,0.188,0.188,0.215,25.473,789294
1782536788019,150,150,0.000,6.483,6.475,0.188,0.157,0.226,25.387,789327
1782536788052,180,180,0.000,6.466,6.466,0.220,0.220,0.247,25.473,789360
1782536788092,210,210,0.000,6.400,6.384,0.690,0.628,0.269,25.473,789393
1782536788121,225,225,0.006,6.350,6.342,1.161,0.722,0.237,25.387,789426
1782536788164,255,255,0.000,6.384,6.392,0.816,0.533,0.220,25.387,789459
1782536788186,270,270,0.006,6.342,6.334,1.224,0.722,0.220,25.387,789492
1782536788221,300,300,0.000,6.367,6.359,0.879,0.690,0.210,25.473,789525
1782536788254,330,330,0.000,6.317,6.301,1.255,0.879,0.226,25.387,789558
1782536788286,345,345,0.000,6.342,6.326,1.255,0.753,0.220,25.387,789591
1782536788324,375,375,0.006,6.301,6.292,1.381,1.004,0.231,25.473,789624
1782536788351,405,405,0.000,6.243,6.210,1.977,1.224,0.220,25.387,789657
1782536788385,420,420,0.006,6.259,6.218,2.008,1.161,0.237,25.387,789690
1782536788420,450,450,0.000,6.226,6.201,2.165,1.286,0.242,25.473,789723
1782536788452,480,480,0.006,6.193,6.177,2.259,1.443,0.247,25.387,789756
1782536788485,495,495,0.000,6.143,6.110,2.855,1.694,0.253,25.473,789789
1782536788522,500,500,0.000,6.143,6.110,2.604,1.820,0.237,25.473,789822
1782536788573,500,500,0.000,6.127,6.077,2.824,1.977,0.231,25.387,789855
1782536788606,500,500,0.000,6.135,6.102,2.792,1.820,0.237,25.387,789888
1782536788619,500,500,0.000,6.127,6.110,2.761,1.663,0.226,25.387,789921
1782536788652,500,500,0.000,6.152,6.127,2.636,1.569,0.247,25.387,789954
1782536788684,500,500,0.000,6.160,6.135,2.604,1.506,0.237,25.473,789987
1782536788717,500,500,0.000,6.168,6.143,2.824,1.318,0.237,25.387,790020
1782536788752,500,500,0.000,6.185,6.152,2.385,1.381,0.220,25.473,790053
1782536788784,500,500,0.000,6.168,6.143,2.447,1.349,0.376,25.387,790086
1782536788818,500,500,0.000,6.193,6.152,2.228,1.286,0.253,25.387,790119
1782536788851,500,500,0.000,6.168,6.152,2.290,1.318,0.242,25.387,790152
1782536788896,500,500,0.000,6.177,6.152,2.573,1.286,0.242,25.387,790185
1782536788920,500,500,0.000,6.185,6.152,2.353,1.475,0.237,25.387,790218
1782536788951,485,500,0.000,6.185,6.168,2.322,1.286,0.231,25.559,790251
1782536788984,470,500,0.000,6.177,6.160,2.385,1.381,0.231,25.473,790284
1782536789017,440,500,0.006,6.193,6.168,2.353,1.349,0.226,25.387,790317
1782536789051,410,500,0.000,6.201,6.185,2.510,0.910,0.258,25.387,790350
1782536789085,395,500,0.006,6.218,6.193,2.541,0.847,0.247,25.387,790383
1782536789117,365,500,0.000,6.226,6.193,2.698,0.502,0.226,25.473,790416
1782536789150,335,500,0.000,6.218,6.193,2.636,0.565,0.231,25.387,790449
1782536789183,320,500,0.000,6.210,6.185,2.636,0.784,0.220,25.387,790482
1782536789217,360,500,0.000,6.235,6.218,2.604,0.282,0.253,25.387,790515
1782536789251,400,500,0.006,6.235,6.210,2.604,0.502,0.258,25.387,790548
1782536789283,420,500,0.000,6.218,6.193,2.510,0.690,0.253,25.473,790581
1782536789319,460,500,0.000,6.185,6.160,2.196,1.537,0.237,25.473,790614
1782536789366,500,500,0.000,6.177,6.160,2.573,1.286,0.226,25.387,790647
1782536789383,500,500,0.006,6.152,6.110,2.510,1.663,0.226,25.473,790680
1782536789425,500,500,0.000,6.077,6.036,2.887,2.698,0.253,25.387,790713
1782536789460,500,485,0.006,6.135,6.094,2.604,1.945,0.253,25.473,790746
1782536789492,500,455,0.000,6.127,6.094,2.761,1.632,0.376,25.473,790779
1782536789524,500,440,0.000,6.160,6.143,2.447,1.412,0.242,25.473,790812
1782536789557,500,410,0.000,6.193,6.177,1.945,1.632,0.242,25.473,790845
1782536789590,500,395,0.000,6.226,6.193,1.537,1.475,0.231,25.473,790878
1782536789624,500,365,0.000,6.226,6.218,1.569,1.475,0.247,25.387,790911
1782536789659,500,335,0.000,6.235,6.201,1.537,1.569,0.290,25.387,790944
1782536789691,500,305,0.000,6.276,6.259,0.502,1.820,0.215,25.473,790977
1782536789723,500,290,0.006,6.259,6.243,0.753,1.820,0.247,25.473,791010
1782536789757,500,260,0.000,6.276,6.259,0.628,1.757,0.306,25.473,791043
1782536789797,500,265,0.000,6.276,6.268,0.502,1.883,0.269,25.473,791076
1782536789830,500,285,0.000,6.276,6.251,0.502,2.008,0.215,25.387,791109
1782536789865,500,325,0.012,6.292,6.284,0.408,1.883,0.231,25.387,791142
1782536789887,500,345,0.000,6.243,6.226,0.784,2.102,0.226,25.473,791175
1782536789922,500,385,0.000,6.259,6.235,0.628,2.008,0.247,25.473,791208
1782536789961,500,425,0.000,6.251,6.235,0.816,2.008,0.237,25.473,791241
1782536789986,500,445,0.000,6.177,6.143,1.945,1.883,0.237,25.473,791274
1782536790019,500,485,0.000,6.160,6.135,1.945,2.008,0.215,25.473,791307
1782536790053,500,500,0.000,6.143,6.110,2.353,2.134,0.231,25.473,791340
1782536790085,500,485,0.000,6.085,6.052,2.887,2.228,0.242,25.473,791373
1782536790118,500,455,0.000,6.119,6.094,2.636,1.788,0.231,25.473,791406
1782536790154,500,425,0.006,6.127,6.094,2.510,1.820,0.204,25.473,791439
1782536790194,500,395,0.000,6.210,6.193,1.632,1.600,0.237,25.473,791472
1782536790218,500,380,0.006,6.210,6.201,1.506,1.475,0.441,25.559,791505
1782536790250,500,365,0.006,6.243,6.218,1.192,1.569,0.210,25.473,791538
1782536790291,500,355,0.000,6.259,6.226,1.004,1.475,0.215,25.473,791571
1782536790316,500,375,0.000,6.251,6.243,1.004,1.537,0.253,25.473,791604
1782536790349,500,395,0.000,6.259,6.243,0.690,1.883,0.215,25.473,791637
1782536790383,500,435,0.006,6.226,6.210,1.098,1.820,0.269,25.473,791670
1782536790416,500,475,0.000,6.218,6.193,1.318,1.820,0.215,25.473,791703
1782536790448,500,495,0.000,6.185,6.168,2.196,1.757,0.220,25.387,791736
1782536790482,500,500,0.000,6.110,6.085,2.416,1.851,0.382,25.473,791769
1782536790514,500,485,0.000,6.160,6.127,1.977,1.914,0.226,25.473,791802
1782536790549,500,470,0.000,6.127,6.094,2.416,2.039,0.366,25.387,791835
1782536790590,500,440,0.000,6.185,6.152,2.290,1.537,0.237,25.559,791868
1782536790613,500,410,0.000,6.177,6.143,2.228,1.412,0.366,25.387,791901
1782536790647,500,395,0.000,6.210,6.193,1.757,1.349,0.237,25.387,791934
1782536790681,500,400,0.006,6.251,6.226,1.004,1.412,0.355,25.473,791967
1782536790715,500,440,0.000,6.226,6.218,1.381,1.663,0.226,25.473,792000
1782536790747,500,460,0.006,6.226,6.193,1.349,1.663,0.376,25.473,792033
1782536790802,500,500,0.000,6.193,6.160,2.071,1.506,0.237,25.473,792066
1782536790815,500,500,0.025,6.168,6.135,2.071,1.883,0.215,25.473,792099
1782536790847,500,500,0.000,6.143,6.119,2.416,1.726,0.242,25.473,792132
1782536790884,480,480,0.000,6.143,6.102,2.385,1.537,0.376,25.559,792165
1782536790911,440,440,0.000,6.160,6.127,2.447,1.475,0.226,25.473,792198
1782536790950,420,420,0.006,6.152,6.119,2.510,1.632,0.210,25.473,792231
1782536790988,380,380,0.006,6.284,6.259,1.537,0.690,0.210,25.473,792264
1782536791018,340,340,0.000,6.292,6.276,1.569,0.784,0.231,25.473,792297
1782536791045,320,320,0.000,6.326,6.301,1.130,0.565,0.204,25.473,792330
1782536791079,280,280,0.000,6.367,6.367,0.596,0.314,0.210,25.473,792363
1782536791113,240,240,0.006,6.384,6.375,0.690,0.377,0.220,25.473,792396
1782536791145,220,220,0.000,6.375,6.367,0.565,0.471,0.231,25.473,792429
1782536791178,180,180,0.000,6.425,6.408,0.314,0.220,0.317,25.559,792462
1782536791216,140,140,0.000,6.392,6.392,0.439,0.408,0.220,25.473,792495
1782536791245,120,120,0.000,6.408,6.433,0.251,0.220,0.247,25.559,792528
1782536791279,80,80,0.012,6.433,6.433,0.314,0.251,0.237,25.473,792561
1782536791311,60,60,0.006,6.450,6.458,0.188,0.188,0.215,25.473,792594
1782536791344,20,20,0.000,6.450,6.442,0.188,0.157,0.215,25.473,792627
1782536791378,0,0,0.006,6.458,6.450,0.188,0.157,0.253,25.473,792660
1782536791437,0,0,0.006,6.450,6.450,0.188,0.126,0.215,25.387,792693
1782536791450,0,0,0.000,6.458,6.450,0.188,0.157,0.231,25.559,792726
1782536791500,0,0,0.000,6.458,6.458,0.188,0.157,0.290,25.473,792759
1782536791525,0,0,0.000,6.450,6.458,0.157,0.157,0.312,25.387,792792
1782536791546,0,0,0.000,6.466,6.458,0.157,0.126,0.290,25.387,792825
1782536791577,0,0,0.006,6.450,6.442,0.188,0.157,0.349,25.473,792858
1782536791611,0,0,0.000,6.458,6.466,0.188,0.157,0.215,25.473,792891
1782536791644,0,0,0.000,6.466,6.466,0.126,0.157,0.355,25.473,792924
1782536791677,0,0,0.012,6.466,6.450,0.188,0.157,0.226,25.473,792957
1782536791711,0,0,0.000,6.475,6.450,0.188,0.126,0.226,25.473,792990
1782536791743,0,0,0.000,6.466,6.458,0.188,0.157,0.226,25.473,793023
1782536791776,0,0,0.000,6.466,6.458,0.188,0.157,0.242,25.473,793056
1782536791809,0,0,0.000,6.466,6.466,0.157,0.126,0.215,25.473,793089
1782536791851,0,0,0.000,6.466,6.466,0.188,0.157,0.301,25.473,793122
1782536791896,0,0,0.000,6.458,6.450,0.157,0.157,0.349,25.473,793155
1782536791933,-15,-15,0.000,6.475,6.458,0.188,0.157,0.280,25.473,793188
1782536791945,-15,-15,0.000,6.466,6.475,0.188,0.126,0.210,25.473,793221
1782536791976,-45,-45,0.000,6.458,6.475,0.188,0.157,0.231,25.559,793254
1782536792011,-60,-60,0.000,6.475,6.458,0.188,0.157,0.226,25.473,793287
1782536792043,-90,-90,0.000,6.466,6.475,0.157,0.157,0.237,25.473,793320
1782536792077,-120,-120,0.006,6.466,6.475,0.188,0.188,0.215,25.473,793353
1782536792111,-135,-135,0.000,6.475,6.466,0.157,0.157,0.220,25.473,793386
1782536792180,-195,-195,0.000,6.466,6.466,0.188,0.188,0.215,25.473,793419
1782536792226,-225,-225,0.000,6.442,6.433,0.220,0.377,0.215,25.559,793452
1782536792234,-240,-240,0.006,6.384,6.367,0.628,0.879,0.215,25.473,793485
1782536792242,-240,-240,0.000,6.359,6.350,0.502,1.098,0.226,25.473,793518
1782536792275,-270,-270,0.000,6.375,6.367,0.408,0.941,0.220,25.473,793551
1782536792319,-300,-300,0.000,6.375,6.350,0.753,0.659,0.220,25.473,793584
1782536792357,-330,-330,0.006,6.326,6.309,1.161,1.098,0.344,25.473,793617
1782536792436,-390,-390,0.000,6.350,6.326,1.067,0.784,0.231,25.559,793650
1782536792436,-390,-390,0.000,6.326,6.301,1.098,1.004,0.215,25.473,793683
1782536792448,-390,-390,0.000,6.251,6.235,1.632,1.318,0.231,25.473,793716
1782536792475,-420,-420,0.000,6.243,6.226,1.569,1.381,0.215,25.473,793749
1782536792508,-435,-435,0.000,6.243,6.226,1.726,1.286,0.220,25.387,793782
1782536792541,-465,-465,0.000,6.177,6.152,2.134,1.726,0.226,25.473,793815
1782536792574,-495,-495,0.000,6.185,6.143,2.322,1.632,0.237,25.473,793848
1782536792608,-485,-500,0.000,6.119,6.085,2.761,1.757,0.242,25.473,793881
1782536792640,-455,-500,0.000,6.119,6.077,2.949,1.883,0.247,25.473,793914
1782536792674,-425,-500,0.000,6.160,6.135,2.573,1.537,0.258,25.473,793947
1782536792707,-410,-500,0.000,6.177,6.160,2.573,1.318,0.247,25.473,793980
1782536792742,-380,-500,0.000,6.210,6.193,2.510,0.879,0.247,25.473,794013
1782536792775,-385,-500,0.000,6.218,6.193,2.353,0.879,0.328,25.473,794046
1782536792809,-405,-500,0.012,6.235,6.201,2.510,0.690,0.226,25.473,794079
1782536792841,-445,-500,0.000,6.226,6.210,2.290,0.910,0.220,25.387,794112
1782536792874,-485,-500,0.006,6.226,6.218,2.134,0.784,0.237,25.559,794145
1782536792907,-500,-500,0.000,6.201,6.185,2.322,1.192,0.226,25.473,794178
1782536792943,-500,-500,0.006,6.177,6.135,2.039,1.757,0.237,25.559,794211
1782536792973,-500,-500,0.012,6.135,6.102,2.667,1.569,0.231,25.473,794244
1782536793007,-500,-500,0.000,6.168,6.127,2.322,1.820,0.231,25.559,794277
1782536793041,-500,-500,0.000,6.152,6.127,2.573,1.506,0.237,25.473,794310
1782536793075,-500,-500,0.000,6.177,6.152,2.228,1.349,0.226,25.559,794343
1782536793125,-500,-500,0.000,6.168,6.143,2.447,1.475,0.253,25.473,794376
1782536793141,-500,-500,0.000,6.177,6.152,2.447,1.506,0.226,25.473,794409
1782536793182,-500,-500,0.006,6.193,6.177,2.228,1.224,0.226,25.559,794442
1782536793206,-500,-500,0.000,6.185,6.160,2.134,1.192,0.468,25.473,794475
1782536793241,-500,-500,0.000,6.193,6.160,2.228,1.412,0.215,25.473,794508
1782536793274,-500,-500,0.006,6.201,6.168,2.385,1.255,0.237,25.473,794541
1782536793307,-500,-500,0.000,6.168,6.143,2.416,1.506,0.269,25.473,794574
1782536793340,-500,-500,0.000,6.185,6.160,2.259,1.255,0.220,25.473,794607
1782536793374,-500,-500,0.006,6.201,6.168,2.008,1.537,0.237,25.473,794640
1782536793407,-500,-500,0.000,6.201,6.177,2.290,1.098,0.242,25.473,794673
1782536793440,-500,-500,0.000,6.201,6.177,2.196,1.224,0.263,25.473,794706
1782536793475,-500,-500,0.000,6.185,6.152,2.196,1.506,0.237,25.473,794739
1782536793507,-500,-500,0.000,6.193,6.143,2.196,1.412,0.263,25.559,794772
1782536793548,-485,-500,0.000,6.177,6.160,2.196,1.475,0.237,25.559,794805
1782536793574,-470,-500,0.000,6.185,6.152,2.385,1.286,0.253,25.473,794838
1782536793607,-440,-500,0.006,6.193,6.168,2.228,1.349,0.237,25.473,794871
1782536793643,-410,-500,0.000,6.218,6.210,2.196,0.722,0.231,25.473,794904
1782536793673,-395,-500,0.000,6.226,6.210,2.416,0.722,0.258,25.473,794937
1782536793706,-435,-500,0.000,6.226,6.218,2.259,0.628,0.226,25.559,794970
1782536793739,-475,-500,0.000,6.201,6.168,2.196,1.035,0.220,25.559,795003
1782536793776,-500,-500,0.000,6.210,6.177,2.416,0.910,0.226,25.473,795036
1782536793814,-500,-500,0.000,6.160,6.127,2.259,1.663,0.220,25.387,795069
1782536793852,-500,-500,0.006,6.160,6.110,2.259,1.945,0.231,25.473,795102
1782536793885,-500,-500,0.000,6.143,6.127,2.322,1.663,0.237,25.473,795135
1782536793913,-500,-500,0.000,6.160,6.127,2.290,1.443,0.237,25.473,795168
1782536793950,-500,-500,0.000,6.168,6.135,2.353,1.381,0.339,25.473,795201
1782536793979,-500,-500,0.012,6.185,6.160,2.102,1.475,0.220,25.387,795234
1782536794017,-500,-500,0.000,6.185,6.143,2.134,1.443,0.253,25.473,795267
1782536794045,-500,-485,0.000,6.168,6.143,2.259,1.381,0.349,25.473,795300
1782536794079,-500,-455,0.000,6.185,6.160,2.353,1.192,0.253,25.473,795333
1782536794113,-500,-440,0.006,6.226,6.210,1.663,1.318,0.220,25.559,795366
1782536794144,-500,-410,0.000,6.218,6.218,1.600,1.318,0.220,25.559,795399
1782536794177,-500,-415,0.012,6.235,6.218,1.255,1.537,0.210,25.473,795432
1782536794212,-500,-435,0.000,6.243,6.226,1.192,1.537,0.247,25.473,795465
1782536794243,-500,-475,0.006,6.259,6.235,1.035,1.537,0.215,25.473,795498
1782536794276,-500,-500,0.000,6.226,6.210,1.098,1.726,0.231,25.473,795531
1782536794309,-500,-500,0.000,6.193,6.168,2.008,1.600,0.220,25.473,795564
1782536794343,-500,-500,0.000,6.135,6.110,2.541,1.632,0.258,25.473,795597
1782536794376,-500,-500,0.012,6.160,6.143,2.322,1.506,0.226,25.473,795630
1782536794409,-500,-500,0.006,6.168,6.135,2.228,1.537,0.226,25.559,795663
1782536794441,-500,-500,0.000,6.160,6.135,2.259,1.443,0.220,25.473,795696
1782536794474,-500,-500,0.000,6.168,6.152,2.290,1.318,0.328,25.559,795729
1782536794508,-500,-500,0.000,6.185,6.143,2.196,1.318,0.226,25.559,795762
1782536794540,-500,-500,0.000,6.177,6.152,2.353,1.318,0.237,25.559,795795
1782536794576,-480,-480,0.000,6.177,6.160,2.134,1.286,0.226,25.559,795828
1782536794606,-460,-460,0.000,6.177,6.143,2.165,1.381,0.333,25.559,795861
1782536794639,-420,-420,0.006,6.193,6.160,2.134,1.381,0.215,25.559,795894
1782536794672,-400,-400,0.000,6.201,6.177,1.788,1.412,0.269,25.559,795927
1782536794717,-340,-340,0.000,6.359,6.342,0.941,0.408,0.210,25.559,795960
1782536794753,-320,-320,0.000,6.317,6.292,0.941,0.690,0.360,25.559,795993
1782536794774,-300,-300,0.000,6.375,6.367,0.596,0.377,0.226,25.559,796026
1782536794806,-295,-295,0.006,6.392,6.375,0.439,0.502,0.247,25.559,796059
1782536794839,-325,-325,0.000,6.375,6.367,0.502,0.533,0.204,25.559,796092
1782536794879,-355,-355,0.000,6.359,6.350,0.879,0.596,0.210,25.559,796125
1782536794903,-370,-370,0.000,6.301,6.276,1.192,0.910,0.280,25.559,796158
1782536794942,-430,-370,0.000,6.301,6.284,1.255,0.753,0.231,25.559,796191
1782536794973,-460,-370,0.000,6.201,6.193,1.851,1.506,0.220,25.559,796224
1782536795002,-500,-370,0.000,6.185,6.160,1.506,2.290,0.349,25.559,796257
1782536795035,-500,-370,0.000,6.226,6.201,1.506,1.632,0.226,25.559,796290
1782536795069,-500,-370,0.000,6.168,6.160,1.318,2.290,0.376,25.559,796323
1782536795102,-500,-350,0.000,6.185,6.160,1.255,2.353,0.226,25.473,796356
1782536795140,-500,-390,0.000,6.193,6.168,1.130,2.102,0.366,25.473,796389
1782536795168,-500,-410,0.006,6.218,6.193,0.941,2.134,0.231,25.559,796422
1782536795201,-500,-430,0.000,6.218,6.201,0.941,1.977,0.376,25.473,796455
1782536795236,-450,-430,0.006,6.193,6.168,1.318,2.134,0.226,25.559,796488
1782536795268,-420,-420,0.006,6.168,6.135,1.757,1.977,0.215,25.473,796521
1782536795301,-380,-380,0.000,6.235,6.218,1.757,1.130,0.253,25.559,796554
1782536795335,-360,-360,0.012,6.243,6.243,1.286,1.255,0.306,25.473,796587
1782536795367,-320,-320,0.000,6.326,6.309,0.847,0.816,0.210,25.473,796620
1782536795414,-280,-280,0.000,6.384,6.375,0.596,0.377,0.296,25.473,796653
1782536795436,-270,-210,0.006,6.400,6.367,0.533,0.628,0.215,25.559,796686
1782536795469,-265,-175,0.000,6.392,6.392,0.377,0.408,0.215,25.559,796719
1782536795501,-255,-105,0.000,6.417,6.408,0.345,0.439,0.220,25.559,796752
1782536795534,-250,-70,0.006,6.417,6.400,0.251,0.471,0.204,25.473,796785
1782536795570,-240,0,0.000,6.425,6.425,0.220,0.377,0.290,25.473,796818
1782536795600,-195,35,0.006,6.417,6.417,0.188,0.408,0.220,25.559,796851
1782536795657,-75,35,0.000,6.408,6.400,0.188,0.659,0.237,25.559,796884
1782536795671,-75,35,0.006,6.425,6.417,0.157,0.533,0.226,25.473,796917
1782536795701,-15,15,0.000,6.458,6.442,0.188,0.126,0.226,25.559,796950
1782536795733,0,0,0.000,6.458,6.442,0.157,0.157,0.215,25.559,796983
1782536795767,0,0,0.000,6.450,6.442,0.188,0.157,0.247,25.473,797016
1782536795802,0,0,0.000,6.458,6.442,0.188,0.157,0.237,25.473,797049
1782536795833,0,0,0.000,6.450,6.442,0.188,0.188,0.333,25.473,797082
1782536795866,0,0,0.000,6.458,6.450,0.188,0.251,0.220,25.559,797115
1782536795901,0,0,0.006,6.466,6.442,0.126,0.157,0.317,25.559,797148
1782536795933,0,0,0.000,6.458,6.450,0.157,0.157,0.237,25.559,797181
1782536795966,0,0,0.000,6.450,6.450,0.220,0.157,0.312,25.559,797214
1782536796003,0,0,0.000,6.458,6.450,0.220,0.157,0.215,25.559,797247
1782536796039,0,0,0.000,6.466,6.458,0.188,0.188,0.210,25.559,797280
1782536796068,0,0,0.000,6.458,6.458,0.188,0.157,0.237,25.559,797313
1782536796103,0,0,0.000,6.475,6.450,0.188,0.126,0.220,25.559,797346
1782536796133,0,0,0.000,6.466,6.458,0.188,0.157,0.237,25.559,797379
1782536796166,0,0,0.006,6.466,6.458,0.157,0.126,0.215,25.559,797412
1782536796199,0,0,0.000,6.466,6.466,0.188,0.188,0.226,25.559,797445
1782536796233,0,0,0.000,6.466,6.458,0.126,0.126,0.226,25.559,797478
1782536796264,0,0,0.000,6.475,6.458,0.188,0.157,0.210,25.559,797511
1782536796298,0,0,0.000,6.475,6.458,0.188,0.126,0.226,25.559,797544
1782536796331,0,0,0.000,6.475,6.466,0.126,0.157,0.215,25.645,797577
1782536796368,0,0,0.000,6.466,6.458,0.157,0.157,0.215,25.473,797610
1782536796401,0,0,0.000,6.475,6.466,0.157,0.188,0.237,25.559,797643
1782536796441,0,0,0.000,6.475,6.466,0.188,0.157,0.215,25.559,797676
1782536796464,0,0,0.000,6.466,6.458,0.188,0.157,0.355,25.473,797709
1782536796497,0,0,0.000,6.466,6.466,0.126,0.157,0.237,25.559,797742
1782536796531,0,0,0.006,6.475,6.458,0.188,0.126,0.226,25.473,797775
1782536796564,0,0,0.000,6.491,6.466,0.188,0.188,0.215,25.559,797808
1782536796598,0,0,0.000,6.475,6.466,0.188,0.157,0.226,25.559,797841
1782536796631,0,0,0.000,6.475,6.458,0.157,0.126,0.237,25.559,797874
1782536796664,0,0,0.006,6.475,6.466,0.157,0.157,0.215,25.473,797907
1782536796697,0,0,0.000,6.458,6.458,0.188,0.157,0.226,25.559,797940
1782536796732,0,0,0.006,6.466,6.458,0.188,0.126,0.226,25.559,797973
1782536796764,0,0,0.000,6.475,6.466,0.157,0.188,0.247,25.559,798006
1782536796807,0,0,0.000,6.466,6.475,0.126,0.157,0.210,25.559,798039
1782536796830,0,0,0.000,6.475,6.475,0.188,0.157,0.215,25.559,798072
1782536796863,0,0,0.006,6.475,6.475,0.188,0.157,0.204,25.473,798105
1782536796897,0,0,0.000,6.483,6.466,0.188,0.126,0.242,25.645,798138
1782536796929,0,0,0.006,6.466,6.466,0.157,0.157,0.210,25.559,798171
1782536796963,0,0,0.000,6.466,6.475,0.188,0.157,0.231,25.559,798204
1782536796997,0,0,0.000,6.483,6.466,0.157,0.188,0.220,25.559,798237
1782536797030,0,0,0.000,6.475,6.475,0.157,0.126,0.215,25.559,798270
1782536797063,0,0,0.000,6.466,6.466,0.188,0.157,0.344,25.473,798303
1782536797097,0,0,0.000,6.475,6.475,0.188,0.188,0.204,25.559,798336
1782536797149,0,0,0.006,6.475,6.475,0.188,0.157,0.220,25.473,798369
1782536797163,0,0,0.000,6.475,6.475,0.188,0.157,0.306,25.559,798402
1782536797197,0,0,0.000,6.483,6.475,0.220,0.188,0.220,25.559,798435
1782536797232,0,0,0.000,6.483,6.475,0.188,0.157,0.231,25.559,798468
1782536797297,0,0,0.000,6.483,6.475,0.188,0.157,0.204,25.559,798501
1782536797305,0,0,0.000,6.475,6.483,0.188,0.188,0.215,25.559,798534
1782536797340,0,0,0.000,6.483,6.466,0.188,0.157,0.253,25.559,798567
1782536797367,0,0,0.000,6.466,6.466,0.188,0.188,0.403,25.559,798600
1782536797398,0,0,0.000,6.475,6.475,0.188,0.126,0.220,25.559,798633
1782536797436,0,0,0.000,6.491,6.475,0.220,0.126,0.220,25.473,798666
1782536797462,0,0,0.000,6.491,6.483,0.188,0.157,0.204,25.473,798699
1782536797496,0,0,0.000,6.475,6.475,0.157,0.126,0.237,25.559,798732
1782536797530,0,0,0.000,6.483,6.475,0.188,0.126,0.231,25.559,798765
1782536797565,0,0,0.000,6.483,6.475,0.157,0.188,0.226,25.473,798798
1782536797595,0,0,0.012,6.499,6.491,0.157,0.126,0.210,25.559,798831
1782536797629,0,0,0.000,6.483,6.475,0.188,0.188,0.210,25.559,798864
1782536797664,0,0,0.000,6.483,6.475,0.188,0.157,0.215,25.559,798897
1782536797696,0,0,0.006,6.483,6.475,0.188,0.157,0.204,25.559,798930
1782536797729,0,0,0.000,6.483,6.466,0.157,0.126,0.210,25.559,798963
1782536797761,0,0,0.000,6.491,6.483,0.188,0.157,0.215,25.559,798996
1782536797796,0,0,0.000,6.475,6.475,0.157,0.126,0.226,25.559,799029
1782536797828,0,0,0.000,6.491,6.483,0.188,0.157,0.204,25.559,799062
1782536797861,0,0,0.000,6.483,6.483,0.188,0.157,0.231,25.559,799095
1782536797895,0,0,0.000,6.483,6.483,0.188,0.157,0.204,25.559,799128
1782536797927,0,0,0.000,6.491,6.483,0.188,0.188,0.220,25.559,799161
1782536797963,0,0,0.000,6.483,6.483,0.157,0.157,0.226,25.473,799194
1782536797993,0,0,0.000,6.483,6.475,0.188,0.188,0.242,25.473,799227
1782536798027,0,0,0.000,6.483,6.475,0.188,0.157,0.226,25.559,799260
1782536798060,0,0,0.000,6.483,6.483,0.188,0.126,0.220,25.559,799293
1782536798096,0,0,0.000,6.491,6.491,0.188,0.157,0.210,25.473,799326
1782536798127,0,0,0.006,6.491,6.475,0.157,0.157,0.290,25.559,799359
1782536798161,0,0,0.006,6.491,6.483,0.188,0.094,0.237,25.559,799392
1782536798194,15,15,0.000,6.491,6.483,0.157,0.157,0.296,25.559,799425
1782536798226,45,45,0.000,6.491,6.491,0.188,0.157,0.210,25.559,799458
1782536798269,75,75,0.000,6.483,6.483,0.157,0.157,0.242,25.559,799491
1782536798307,105,105,0.000,6.491,6.491,0.188,0.157,0.237,25.559,799524
1782536798335,120,120,0.000,6.491,6.475,0.220,0.157,0.301,25.559,799557
1782536798369,150,150,0.000,6.491,6.483,0.188,0.157,0.215,25.473,799590
1782536798409,180,180,0.006,6.475,6.475,0.188,0.220,0.199,25.473,799623
1782536798436,195,195,0.000,6.458,6.425,0.565,0.282,0.220,25.473,799656
1782536798468,210,240,0.000,6.400,6.384,1.035,0.377,0.226,25.473,799689
1782536798502,210,300,0.006,6.392,6.375,1.192,0.408,0.210,25.559,799722
1782536798533,210,330,0.000,6.375,6.367,0.941,0.565,0.220,25.473,799755
1782536798566,210,390,0.000,6.326,6.317,1.883,0.377,0.226,25.473,799788
1782536798599,210,420,0.000,6.334,6.317,1.757,0.345,0.242,25.645,799821
1782536798634,210,480,0.000,6.276,6.276,2.259,0.408,0.204,25.473,799854
1782536798666,210,500,0.000,6.226,6.210,3.357,0.439,0.215,25.473,799887
1782536798700,210,500,0.000,6.226,6.210,3.263,0.251,0.220,25.473,799920
1782536798732,210,500,0.000,6.193,6.168,3.514,0.251,0.231,25.473,799953
1782536798767,245,500,0.000,6.226,6.210,3.232,0.282,0.220,25.473,799986
1782536798800,280,500,0.000,6.235,6.218,2.918,0.314,0.258,25.559,800019
1782536798832,350,500,0.006,6.251,6.218,2.824,0.377,0.199,25.559,800052
1782536798867,395,500,0.006,6.201,6.168,2.887,0.973,0.226,25.473,800085
1782536798910,415,500,0.000,6.193,6.185,2.730,0.941,0.210,25.473,800118
1782536798937,415,500,0.000,6.160,6.135,2.855,1.537,0.220,25.473,800151
1782536799002,380,380,0.000,6.119,6.085,2.824,2.165,0.226,25.473,800184
1782536799006,380,380,0.000,6.143,6.110,2.698,1.632,0.317,25.473,800217
1782536799030,360,360,0.000,6.210,6.177,2.573,1.224,0.226,25.473,800250
1782536799061,340,340,0.000,6.326,6.309,0.847,0.941,0.210,25.473,800283
1782536799094,300,300,0.006,6.334,6.326,1.192,0.628,0.204,25.473,800316
1782536799133,260,260,0.000,6.384,6.375,0.753,0.471,0.226,25.559,800349
1782536799160,240,240,0.000,6.417,6.408,0.565,0.282,0.242,25.473,800382
1782536799193,200,200,0.000,6.417,6.400,0.533,0.377,0.263,25.559,800415
1782536799226,160,160,0.000,6.433,6.417,0.345,0.282,0.344,25.473,800448
1782536799259,140,140,0.000,6.458,6.450,0.188,0.157,0.194,25.473,800481
1782536799292,100,100,0.000,6.458,6.442,0.251,0.220,0.226,25.473,800514
1782536799325,60,60,0.000,6.466,6.466,0.188,0.188,0.199,25.473,800547
1782536799359,40,40,0.006,6.483,6.466,0.188,0.126,0.210,25.473,800580
1782536799393,0,0,0.000,6.458,6.458,0.157,0.157,0.430,25.473,800613
1782536799425,0,0,0.000,6.475,6.483,0.188,0.126,0.237,25.559,800646
1782536799457,0,0,0.000,6.483,6.458,0.188,0.157,0.263,25.473,800679
1782536799497,0,0,0.000,6.475,6.475,0.188,0.157,0.220,25.473,800712
1782536799526,0,0,0.006,6.483,6.466,0.188,0.157,0.204,25.473,800745
1782536799557,0,0,0.006,6.483,6.475,0.188,0.188,0.237,25.473,800778
1782536799590,0,0,0.000,6.466,6.466,0.188,0.157,0.333,25.473,800811
1782536799623,0,0,0.000,6.475,6.475,0.188,0.126,0.269,25.473,800844
1782536799657,0,0,0.000,6.475,6.475,0.126,0.157,0.226,25.473,800877
1782536799690,0,0,0.000,6.483,6.491,0.188,0.157,0.237,25.473,800910
1782536799723,0,0,0.000,6.483,6.475,0.157,0.157,0.210,25.473,800943
1782536799757,0,0,0.006,6.483,6.483,0.188,0.126,0.242,25.473,800976
1782536799792,0,0,0.000,6.491,6.483,0.188,0.126,0.215,25.473,801009
1782536799825,0,0,0.006,6.483,6.475,0.188,0.157,0.194,25.473,801042
1782536799861,0,0,0.000,6.483,6.483,0.188,0.157,0.199,25.473,801075
1782536799893,0,0,0.000,6.483,6.483,0.188,0.157,0.210,25.473,801108
1782536799922,0,0,0.000,6.483,6.483,0.188,0.157,0.199,25.473,801141
1782536799955,0,0,0.000,6.499,6.475,0.157,0.157,0.210,25.473,801174
1782536799989,0,0,0.000,6.475,6.475,0.157,0.126,0.306,25.473,801207
1782536800023,0,0,0.000,6.483,6.483,0.188,0.157,0.204,25.559,801240
1782536800056,0,0,0.006,6.475,6.475,0.188,0.188,0.242,25.473,801273
1782536800091,0,0,0.006,6.475,6.475,0.188,0.157,0.306,25.473,801306
1782536800124,0,0,0.000,6.491,6.483,0.126,0.188,0.210,25.559,801339
1782536800157,0,0,0.000,6.483,6.475,0.220,0.157,0.226,25.473,801372
1782536800188,0,0,0.000,6.491,6.475,0.188,0.157,0.226,25.559,801405
1782536800224,0,0,0.000,6.491,6.475,0.188,0.188,0.258,25.473,801438
1782536800256,0,0,0.000,6.483,6.475,0.188,0.188,0.226,25.473,801471
1782536800288,0,0,0.000,6.475,6.466,0.220,0.157,0.452,25.473,801504
1782536800321,0,0,0.000,6.491,6.483,0.188,0.157,0.253,25.473,801537
1782536800355,0,0,0.000,6.483,6.475,0.188,0.157,0.323,25.473,801570
1782536800388,0,0,0.000,6.499,6.475,0.188,0.157,0.204,25.473,801603
1782536800421,0,0,0.000,6.491,6.491,0.157,0.188,0.215,25.473,801636
1782536800458,0,0,0.000,6.491,6.475,0.188,0.157,0.210,25.473,801669
1782536800488,0,0,0.000,6.491,6.483,0.188,0.188,0.215,25.473,801702
1782536800521,0,0,0.000,6.491,6.483,0.188,0.157,0.210,25.473,801735
1782536800562,0,0,0.000,6.491,6.491,0.188,0.126,0.204,25.473,801768
1782536800588,0,0,0.000,6.491,6.491,0.188,0.157,0.231,25.473,801801
1782536800621,0,0,0.000,6.491,6.491,0.188,0.157,0.226,25.473,801834
1782536800654,0,0,0.000,6.491,6.483,0.188,0.157,0.220,25.473,801867
1782536800687,0,0,0.000,6.491,6.491,0.188,0.157,0.323,25.473,801900
1782536800721,0,0,0.000,6.491,6.483,0.157,0.188,0.231,25.473,801933
1782536800755,0,0,0.000,6.491,6.483,0.220,0.188,0.220,25.473,801966
1782536800786,0,0,0.000,6.491,6.491,0.157,0.188,0.231,25.473,801999
1782536800823,0,0,0.006,6.491,6.491,0.188,0.157,0.220,25.559,802032
1782536800860,0,0,0.000,6.491,6.491,0.188,0.157,0.237,25.473,802065
1782536800886,0,0,0.000,6.491,6.491,0.188,0.157,0.210,25.559,802098
1782536800920,0,0,0.000,6.499,6.483,0.188,0.157,0.220,25.559,802131
1782536800953,0,0,0.000,6.491,6.491,0.188,0.126,0.210,25.559,802164
1782536800986,0,0,0.000,6.483,6.491,0.126,0.157,0.210,25.473,802197
1782536801019,0,0,0.000,6.499,6.483,0.188,0.157,0.210,25.473,802230
1782536801055,0,0,0.000,6.491,6.491,0.157,0.126,0.204,25.387,802263
1782536801086,0,0,0.000,6.508,6.499,0.188,0.157,0.215,25.559,802296
1782536801122,0,0,0.000,6.508,6.491,0.188,0.188,0.204,25.387,802329
1782536801155,0,0,0.000,6.491,6.491,0.157,0.157,0.237,25.473,802362
1782536801186,0,0,0.000,6.491,6.475,0.188,0.157,0.237,25.559,802395
1782536801223,0,0,0.000,6.499,6.499,0.188,0.157,0.204,25.473,802428
1782536801253,0,0,0.000,6.491,6.491,0.220,0.157,0.204,25.473,802461
1782536801287,0,0,0.000,6.499,6.491,0.188,0.188,0.220,25.473,802494
1782536801320,0,0,0.000,6.499,6.491,0.188,0.188,0.204,25.473,802527
1782536801355,0,0,0.000,6.499,6.491,0.251,0.126,0.220,25.473,802560
1782536801387,0,0,0.000,6.499,6.499,0.157,0.188,0.204,25.473,802593
1782536801434,0,0,0.000,6.499,6.491,0.188,0.157,0.247,25.473,802626
1782536801452,0,0,0.000,6.491,6.491,0.126,0.188,0.215,25.473,802659
1782536801487,0,0,0.000,6.499,6.499,0.220,0.188,0.215,25.473,802692
1782536801518,0,0,0.006,6.483,6.483,0.157,0.126,0.366,25.473,802725
1782536801552,0,0,0.000,6.499,6.483,0.188,0.188,0.210,25.473,802758
1782536801585,0,0,0.000,6.499,6.483,0.188,0.126,0.242,25.473,802791
1782536801618,0,0,0.000,6.491,6.499,0.188,0.188,0.199,25.387,802824
1782536801658,0,0,0.000,6.491,6.491,0.157,0.220,0.220,25.473,802857
1782536801690,0,0,0.000,6.491,6.483,0.188,0.220,0.355,25.473,802890
1782536801718,0,0,0.000,6.499,6.491,0.188,0.157,0.210,25.559,802923
1782536801751,0,0,0.006,6.508,6.491,0.188,0.157,0.220,25.559,802956
1782536801785,0,0,0.000,6.508,6.499,0.188,0.157,0.247,25.559,802989
1782536801817,0,0,0.000,6.491,6.483,0.157,0.188,0.344,25.473,803022
1782536801853,0,0,0.000,6.508,6.508,0.188,0.157,0.215,25.387,803055
1782536801884,0,0,0.000,6.499,6.491,0.188,0.157,0.242,25.559,803088
1782536801918,0,0,0.000,6.508,6.499,0.188,0.188,0.215,25.473,803121
1782536801953,0,0,0.000,6.491,6.483,0.157,0.157,0.344,25.387,803154
1782536801984,0,0,0.000,6.499,6.491,0.188,0.126,0.231,25.473,803187
1782536802032,0,0,0.000,6.491,6.491,0.188,0.157,0.226,25.473,803220
1782536802077,0,0,0.000,6.499,6.499,0.220,0.157,0.204,25.473,803253
1782536802092,0,0,0.000,6.499,6.491,0.188,0.157,0.215,25.473,803286
1782536802116,0,0,0.000,6.491,6.491,0.188,0.126,0.237,25.387,803319
1782536802152,0,0,0.000,6.491,6.491,0.157,0.188,0.215,25.473,803352
1782536802183,0,0,0.000,6.499,6.491,0.188,0.126,0.237,25.387,803385
1782536802216,0,0,0.000,6.508,6.499,0.188,0.157,0.215,25.473,803418
1782536802260,0,0,0.000,6.499,6.491,0.188,0.157,0.258,25.473,803451
1782536802283,0,0,0.000,6.508,6.491,0.251,0.157,0.220,25.473,803484
1782536802318,0,0,0.000,6.508,6.491,0.188,0.157,0.215,25.473,803517
1782536802352,0,0,0.000,6.499,6.508,0.188,0.157,0.210,25.387,803550
1782536802385,0,0,0.000,6.499,6.499,0.157,0.157,0.237,25.473,803583
1782536802416,0,0,0.000,6.499,6.499,0.157,0.157,0.247,25.473,803616
1782536802453,0,0,0.000,6.491,6.491,0.157,0.188,0.301,25.473,803649
1782536802482,0,0,0.000,6.499,6.499,0.157,0.220,0.237,25.473,803682
1782536802515,0,0,0.000,6.491,6.491,0.157,0.157,0.339,25.473,803715
1782536802549,0,0,0.000,6.499,6.499,0.188,0.157,0.231,25.473,803748
1782536802582,0,0,0.000,6.491,6.491,0.220,0.157,0.220,25.473,803781
1782536802626,0,0,0.000,6.491,6.483,0.188,0.157,0.269,25.473,803814
1782536802650,0,0,0.000,6.499,6.491,0.188,0.126,0.242,25.473,803847
1782536802692,0,0,0.000,6.508,6.499,0.126,0.188,0.215,25.473,803880
1782536802725,0,0,0.006,6.499,6.508,0.188,0.188,0.210,25.473,803913
1782536802762,0,0,0.000,6.508,6.491,0.157,0.126,0.231,25.473,803946
1782536802800,0,0,0.000,6.499,6.491,0.188,0.157,0.210,25.387,803979
1782536802824,0,0,0.006,6.508,6.499,0.157,0.188,0.231,25.473,804012
1782536802859,0,0,0.000,6.499,6.499,0.188,0.188,0.215,25.473,804045
1782536802890,0,0,0.000,6.508,6.499,0.188,0.126,0.215,25.473,804078
1782536802922,0,0,0.000,6.499,6.499,0.188,0.188,0.237,25.473,804111
1782536802955,0,0,0.000,6.499,6.508,0.188,0.157,0.215,25.473,804144
1782536803005,0,0,0.000,6.508,6.499,0.157,0.157,0.215,25.473,804177
1782536803021,0,0,0.000,6.499,6.499,0.188,0.188,0.226,25.387,804210
1782536803065,0,0,0.000,6.508,6.499,0.188,0.157,0.210,25.473,804243
1782536803087,0,0,0.000,6.499,6.508,0.188,0.157,0.253,25.473,804276
1782536803120,0,0,0.000,6.508,6.499,0.188,0.188,0.220,25.473,804309
1782536803153,0,0,0.006,6.516,6.508,0.188,0.157,0.215,25.473,804342
1782536803186,0,0,0.000,6.499,6.499,0.157,0.157,0.204,25.473,804375
1782536803220,0,0,0.000,6.508,6.499,0.188,0.157,0.220,25.473,804408
1782536803252,0,0,0.000,6.499,6.491,0.188,0.157,0.317,25.387,804441
1782536803293,0,0,0.000,6.508,6.499,0.220,0.157,0.215,25.473,804474
1782536803319,0,0,0.000,6.491,6.483,0.126,0.157,0.446,25.473,804507
1782536803352,0,0,0.000,6.508,6.499,0.188,0.188,0.199,25.387,804540
1782536803387,0,0,0.006,6.491,6.491,0.188,0.157,0.210,25.559,804573
1782536803418,0,0,0.000,6.499,6.499,0.188,0.157,0.237,25.473,804606
1782536803450,0,0,0.000,6.508,6.499,0.188,0.157,0.253,25.387,804639
1782536803483,0,0,0.000,6.508,6.499,0.188,0.157,0.210,25.387,804672
1782536803516,0,0,0.000,6.499,6.508,0.188,0.157,0.215,25.387,804705
1782536803550,0,0,0.000,6.516,6.499,0.157,0.157,0.215,25.473,804738
1782536803582,0,0,0.000,6.508,6.499,0.188,0.188,0.312,25.387,804771
1782536803624,0,0,0.000,6.508,6.499,0.188,0.126,0.194,25.473,804804
1782536803648,0,0,0.000,6.508,6.491,0.126,0.188,0.333,25.473,804837
1782536803682,0,0,0.000,6.508,6.508,0.188,0.188,0.210,25.473,804870
1782536803716,0,0,0.000,6.508,6.499,0.220,0.188,0.220,25.473,804903
1782536803747,0,0,0.000,6.491,6.491,0.188,0.157,0.462,25.387,804936
1782536803780,0,0,0.000,6.524,6.499,0.188,0.157,0.199,25.473,804969
1782536803817,0,0,0.000,6.508,6.499,0.188,0.157,0.215,25.473,805002
1782536803847,0,0,0.000,6.508,6.491,0.188,0.157,0.226,25.387,805035
1782536803879,0,0,0.000,6.508,6.499,0.188,0.188,0.210,25.473,805068
1782536803913,0,0,0.000,6.508,6.508,0.220,0.157,0.258,25.473,805101
1782536803946,0,0,0.000,6.499,6.499,0.220,0.188,0.210,25.387,805134
1782536803984,0,0,0.006,6.516,6.508,0.220,0.157,0.220,25.473,805167
1782536804011,0,0,0.000,6.508,6.499,0.188,0.157,0.290,25.387,805200
1782536804045,0,0,0.000,6.508,6.508,0.188,0.157,0.215,25.387,805233
1782536804078,0,0,0.000,6.508,6.499,0.188,0.157,0.237,25.387,805266
1782536804113,0,0,0.000,6.508,6.508,0.188,0.157,0.247,25.387,805299
1782536804145,0,0,0.000,6.516,6.499,0.188,0.157,0.237,25.387,805332
1782536804178,0,0,0.006,6.508,6.499,0.188,0.157,0.215,25.473,805365
1782536804211,0,0,0.000,6.491,6.491,0.188,0.188,0.462,25.387,805398
1782536804244,0,0,0.000,6.508,6.499,0.188,0.157,0.215,25.387,805431
1782536804278,0,0,0.000,6.491,6.491,0.157,0.157,0.258,25.473,805464
1782536804310,0,0,0.000,6.499,6.508,0.157,0.188,0.220,25.473,805497
1782536804346,0,0,0.000,6.499,6.491,0.126,0.188,0.306,25.387,805530
1782536804377,0,0,0.006,6.508,6.508,0.188,0.157,0.194,25.387,805563
1782536804410,0,0,0.000,6.491,6.508,0.188,0.157,0.204,25.387,805596
1782536804450,0,0,0.006,6.499,6.499,0.188,0.126,0.215,25.387,805629
1782536804477,0,0,0.006,6.491,6.499,0.188,0.157,0.323,25.473,805662
1782536804511,0,0,0.000,6.516,6.508,0.188,0.157,0.247,25.387,805695
1782536804543,0,0,0.000,6.508,6.508,0.188,0.126,0.220,25.387,805728
1782536804577,0,0,0.000,6.508,6.491,0.188,0.157,0.366,25.387,805761
1782536804611,0,0,0.000,6.499,6.508,0.157,0.126,0.231,25.387,805794
1782536804647,0,0,0.000,6.508,6.499,0.188,0.157,0.226,25.473,805827
1782536804686,0,0,0.000,6.508,6.491,0.188,0.157,0.333,25.473,805860
1782536804709,0,0,0.000,6.499,6.508,0.188,0.157,0.263,25.387,805893
1782536804744,0,0,0.000,6.499,6.499,0.126,0.157,0.280,25.387,805926
1782536804776,0,0,0.000,6.508,6.491,0.188,0.188,0.220,25.473,805959
1782536804810,0,0,0.000,6.508,6.499,0.188,0.188,0.237,25.473,805992
1782536804844,0,0,0.000,6.508,6.508,0.188,0.157,0.220,25.387,806025
1782536804877,0,0,0.000,6.499,6.491,0.188,0.188,0.323,25.473,806058
1782536804919,0,0,0.000,6.516,6.499,0.188,0.157,0.220,25.473,806091
1782536804944,0,0,0.000,6.499,6.499,0.188,0.251,0.328,25.387,806124
1782536804976,0,0,0.000,6.508,6.508,0.188,0.157,0.220,25.473,806157
1782536805013,0,0,0.000,6.508,6.508,0.188,0.157,0.237,25.473,806190
1782536805043,0,0,0.000,6.516,6.508,0.188,0.157,0.231,25.473,806223
1782536805076,0,0,0.000,6.524,6.499,0.188,0.157,0.237,25.387,806256
1782536805112,0,0,0.000,6.508,6.508,0.157,0.157,0.226,25.387,806289
1782536805142,0,0,0.000,6.508,6.499,0.188,0.157,0.242,25.387,806322
1782536805175,0,0,0.000,6.508,6.508,0.188,0.157,0.231,25.473,806355
1782536805208,0,0,0.000,6.499,6.499,0.188,0.188,0.220,25.301,806388
1782536805242,0,0,0.000,6.516,6.499,0.188,0.157,0.204,25.387,806421
1782536805275,0,0,0.000,6.508,6.499,0.188,0.188,0.215,25.387,806454
1782536805308,0,0,0.000,6.508,6.508,0.188,0.157,0.210,25.387,806487
1782536805341,0,0,0.012,6.508,6.508,0.157,0.188,0.210,25.387,806520
1782536805375,0,0,0.000,6.508,6.491,0.188,0.157,0.349,25.387,806553
1782536805408,0,0,0.000,6.508,6.491,0.188,0.157,0.312,25.387,806586
1782536805459,0,0,0.000,6.516,6.499,0.188,0.188,0.215,25.387,806619
1782536805485,0,0,0.000,6.516,6.499,0.188,0.157,0.237,25.387,806652
1782536805510,0,0,0.000,6.516,6.508,0.157,0.126,0.215,25.387,806685
1782536805540,0,0,0.000,6.516,6.491,0.188,0.188,0.210,25.387,806718
1782536805576,0,0,0.000,6.508,6.508,0.188,0.157,0.226,25.387,806751
1782536805607,0,0,0.000,6.499,6.524,0.220,0.188,0.237,25.387,806784
1782536805641,0,0,0.000,6.516,6.524,0.188,0.126,0.226,25.387,806817
1782536805674,0,0,0.000,6.508,6.508,0.188,0.157,0.237,25.473,806850
1782536805708,0,0,0.000,6.508,6.508,0.188,0.157,0.226,25.387,806883
1782536805744,0,0,0.000,6.499,6.499,0.157,0.157,0.323,25.387,806916
1782536805780,0,0,0.000,6.524,6.499,0.157,0.188,0.220,25.387,806949
1782536805807,0,0,0.006,6.508,6.499,0.188,0.157,0.226,25.387,806982
1782536805841,0,0,0.000,6.499,6.516,0.188,0.157,0.220,25.387,807015
1782536805874,0,0,0.000,6.516,6.524,0.188,0.157,0.220,25.473,807048
1782536805910,0,0,0.000,6.524,6.508,0.188,0.157,0.242,25.387,807081
1782536805940,0,0,0.000,6.516,6.499,0.188,0.157,0.317,25.387,807114
1782536805973,0,0,0.000,6.508,6.508,0.188,0.220,0.237,25.387,807147
1782536806008,0,0,0.000,6.508,6.516,0.188,0.188,0.226,25.387,807180
1782536806042,0,0,0.000,6.508,6.508,0.188,0.188,0.263,25.387,807213
1782536806078,0,0,0.000,6.508,6.508,0.188,0.188,0.237,25.387,807246
1782536806108,0,0,0.000,6.516,6.508,0.220,0.157,0.237,25.387,807279
1782536806141,0,0,0.000,6.524,6.508,0.188,0.188,0.215,25.387,807312
1782536806174,0,0,0.000,6.508,6.508,0.188,0.157,0.220,25.301,807345
1782536806206,0,0,0.000,6.508,6.508,0.188,0.157,0.242,25.473,807378
1782536806243,0,0,0.000,6.516,6.499,0.188,0.188,0.231,25.387,807411
1782536806275,0,0,0.000,6.516,6.499,0.188,0.188,0.210,25.473,807444
1782536806306,0,0,0.000,6.508,6.508,0.157,0.126,0.237,25.387,807477
1782536806344,0,0,0.000,6.516,6.499,0.188,0.157,0.226,25.387,807510
1782536806374,0,0,0.012,6.524,6.508,0.188,0.157,0.220,25.387,807543
1782536806405,0,0,0.000,6.508,6.508,0.188,0.126,0.215,25.387,807576
1782536806443,0,0,0.000,6.516,6.508,0.220,0.188,0.220,25.387,807609
1782536806473,0,0,0.000,6.516,6.491,0.188,0.157,0.237,25.387,807642
1782536806506,0,0,0.000,6.508,6.516,0.188,0.157,0.220,25.387,807675
1782536806540,0,0,0.000,6.508,6.508,0.188,0.157,0.204,25.387,807708
1782536806572,0,0,0.000,6.516,6.508,0.188,0.188,0.210,25.387,807741
1782536806605,0,0,0.006,6.516,6.508,0.220,0.157,0.215,25.387,807774
1782536806638,0,0,0.006,6.516,6.508,0.188,0.157,0.215,25.387,807807
1782536806671,0,0,0.000,6.516,6.508,0.188,0.157,0.226,25.387,807840
1782536806706,0,0,0.006,6.508,6.508,0.157,0.157,0.215,25.387,807873
1782536806737,0,0,0.000,6.508,6.524,0.188,0.157,0.210,25.387,807906
1782536806772,0,0,0.000,6.508,6.499,0.157,0.157,0.253,25.387,807939
1782536806805,0,0,0.000,6.524,6.516,0.157,0.157,0.247,25.473,807972
1782536806838,0,0,0.006,6.516,6.524,0.188,0.126,0.210,25.473,808005
1782536806890,0,0,0.000,6.516,6.508,0.157,0.126,0.269,25.301,808038
1782536806939,0,0,0.000,6.524,6.508,0.220,0.188,0.258,25.387,808071
1782536806942,0,0,0.000,6.508,6.516,0.188,0.126,0.328,25.387,808104
1782536806988,0,0,0.006,6.516,6.516,0.220,0.126,0.220,25.387,808137
1782536807007,0,0,0.000,6.516,6.516,0.220,0.188,0.220,25.387,808170
1782536807037,0,0,0.000,6.508,6.508,0.188,0.157,0.210,25.387,808203
1782536807083,0,0,0.000,6.508,6.508,0.157,0.220,0.210,25.387,808236
1782536807113,0,0,0.000,6.516,6.508,0.188,0.157,0.215,25.473,808269
1782536807148,0,0,0.000,6.524,6.508,0.188,0.188,0.215,25.387,808302
1782536807181,0,0,0.000,6.508,6.516,0.188,0.188,0.210,25.387,808335
1782536807213,0,0,0.000,6.516,6.508,0.188,0.157,0.204,25.387,808368
1782536807246,0,0,0.000,6.533,6.516,0.188,0.157,0.220,25.473,808401
1782536807279,0,0,0.000,6.508,6.508,0.188,0.157,0.215,25.387,808434
1782536807311,0,0,0.000,6.524,6.508,0.188,0.126,0.215,25.301,808467
1782536807345,0,0,0.000,6.516,6.508,0.220,0.157,0.210,25.387,808500
1782536807377,0,0,0.000,6.516,6.499,0.188,0.157,0.247,25.387,808533
1782536807412,0,0,0.000,6.508,6.508,0.188,0.126,0.247,25.387,808566
1782536807442,0,0,0.000,6.508,6.508,0.188,0.157,0.296,25.387,808599
1782536807477,0,0,0.000,6.516,6.508,0.157,0.188,0.210,25.473,808632
1782536807509,0,0,0.000,6.524,6.516,0.188,0.157,0.215,25.387,808665
1782536807542,0,0,0.000,6.516,6.508,0.220,0.157,0.215,25.387,808698
1782536807575,0,0,0.000,6.508,6.508,0.188,0.126,0.215,25.387,808731
1782536807614,0,0,0.000,6.516,6.508,0.188,0.220,0.280,25.387,808764
1782536807641,0,0,0.006,6.491,6.508,0.188,0.157,0.317,25.387,808797
1782536807683,0,0,0.000,6.516,6.508,0.188,0.157,0.210,25.301,808830
1782536807709,0,0,0.000,6.508,6.499,0.188,0.157,0.349,25.387,808863
1782536807740,0,0,0.000,6.524,6.524,0.188,0.157,0.220,25.387,808896
1782536807775,0,0,0.000,6.516,6.491,0.188,0.157,0.366,25.387,808929
1782536807811,0,0,0.000,6.516,6.524,0.220,0.126,0.215,25.387,808962
1782536807839,0,0,0.000,6.524,6.508,0.157,0.157,0.215,25.387,808995
1782536807872,0,0,0.000,6.516,6.516,0.188,0.126,0.215,25.387,809028
1782536807907,0,0,0.000,6.508,6.508,0.188,0.157,0.215,25.387,809061
1782536807942,0,0,0.006,6.524,6.499,0.188,0.157,0.215,25.387,809094
1782536807972,0,0,0.000,6.508,6.499,0.188,0.157,0.355,25.387,809127
1782536808005,0,0,0.000,6.516,6.516,0.188,0.188,0.210,25.387,809160
1782536808037,0,0,0.000,6.516,6.508,0.157,0.157,0.301,25.387,809193
1782536808071,0,0,0.000,6.524,6.499,0.157,0.188,0.199,25.387,809226
1782536808106,0,0,0.000,6.499,6.508,0.188,0.126,0.231,25.301,809259
1782536808136,0,0,0.006,6.516,6.516,0.157,0.126,0.210,25.387,809292
1782536808169,0,0,0.000,6.516,6.516,0.188,0.251,0.204,25.387,809325
1782536808203,0,0,0.000,6.508,6.508,0.188,0.188,0.285,25.387,809358
1782536808238,0,0,0.000,6.516,6.508,0.188,0.157,0.204,25.387,809391
1782536808277,0,0,0.000,6.516,6.516,0.157,0.188,0.215,25.387,809424
1782536808302,0,0,0.000,6.508,6.491,0.188,0.126,0.280,25.387,809457
1782536808337,0,0,0.000,6.508,6.508,0.188,0.157,0.269,25.387,809490
1782536808375,0,0,0.000,6.516,6.508,0.220,0.157,0.280,25.387,809523
1782536808400,0,0,0.000,6.508,6.499,0.188,0.157,0.366,25.387,809556
1782536808434,0,0,0.000,6.508,6.508,0.157,0.126,0.274,25.387,809589
1782536808466,0,0,0.000,6.516,6.508,0.157,0.157,0.263,25.473,809622
1782536808501,0,0,0.000,6.516,6.508,0.188,0.157,0.253,25.387,809655
1782536808541,0,0,0.000,6.516,6.516,0.126,0.157,0.333,25.387,809688
1782536808576,0,0,0.000,6.533,6.508,0.188,0.126,0.215,25.473,809721
1782536808603,0,0,0.000,6.508,6.499,0.157,0.188,0.376,25.301,809754
1782536808638,0,0,0.000,6.516,6.508,0.157,0.157,0.226,25.387,809787
1782536808668,0,0,0.006,6.516,6.516,0.126,0.126,0.274,25.387,809820
1782536808701,0,0,0.000,6.524,6.524,0.157,0.157,0.215,25.387,809853
1782536808734,0,0,0.000,6.516,6.508,0.157,0.126,0.237,25.387,809886
1782536808770,0,0,0.000,6.508,6.499,0.188,0.157,0.226,25.387,809919
1782536808803,0,0,0.000,6.524,6.516,0.188,0.157,0.215,25.301,809952
1782536808835,0,0,0.000,6.516,6.508,0.188,0.157,0.204,25.387,809985
1782536808867,0,0,0.000,6.516,6.508,0.188,0.157,0.280,25.387,810018
1782536808904,0,0,0.000,6.524,6.508,0.188,0.157,0.204,25.387,810051
1782536808932,0,0,0.000,6.533,6.508,0.188,0.157,0.237,25.387,810084
1782536808966,0,0,0.000,6.516,6.508,0.188,0.157,0.285,25.387,810117
1782536809003,0,0,0.000,6.516,6.499,0.188,0.157,0.344,25.387,810150
1782536809036,0,0,0.000,6.516,6.508,0.188,0.157,0.242,25.387,810183
1782536809065,0,0,0.000,6.516,6.516,0.188,0.188,0.237,25.387,810216
1782536809099,0,0,0.006,6.508,6.499,0.126,0.188,0.263,25.387,810249
1782536809133,0,0,0.006,6.516,6.508,0.188,0.157,0.215,25.473,810282
1782536809174,0,0,0.000,6.524,6.516,0.220,0.126,0.215,25.301,810315
1782536809200,0,0,0.000,6.508,6.499,0.157,0.188,0.333,25.387,810348
1782536809231,0,0,0.000,6.516,6.508,0.188,0.157,0.220,25.387,810381
1782536809266,0,0,0.000,6.508,6.491,0.251,0.126,0.333,25.387,810414
1782536809298,0,0,0.006,6.516,6.508,0.188,0.157,0.226,25.387,810447
1782536809333,0,0,0.000,6.516,6.516,0.188,0.126,0.215,25.387,810480
1782536809364,0,0,0.000,6.516,6.524,0.188,0.157,0.220,25.387,810513
1782536809400,0,0,0.000,6.516,6.508,0.188,0.157,0.226,25.387,810546
1782536809432,0,0,0.000,6.508,6.516,0.188,0.157,0.231,25.301,810579
1782536809478,0,0,0.006,6.516,6.516,0.220,0.157,0.215,25.387,810612
1782536809501,0,0,0.006,6.516,6.524,0.157,0.157,0.204,25.387,810645
1782536809543,0,0,0.000,6.508,6.508,0.157,0.157,0.215,25.387,810678
1782536809570,0,0,0.000,6.516,6.508,0.188,0.157,0.215,25.387,810711
1782536809597,0,0,0.000,6.508,6.524,0.188,0.157,0.210,25.387,810744
1782536809632,0,0,0.000,6.516,6.524,0.188,0.157,0.215,25.387,810777
1782536809664,0,0,0.000,6.516,6.516,0.157,0.188,0.220,25.387,810810
1782536809698,0,0,0.000,6.516,6.499,0.188,0.157,0.296,25.387,810843
1782536809731,0,0,0.000,6.516,6.516,0.157,0.157,0.290,25.387,810876
1782536809764,0,0,0.000,6.508,6.508,0.188,0.188,0.344,25.387,810909
1782536809798,0,0,0.000,6.516,6.516,0.157,0.126,0.242,25.301,810942
1782536809837,0,0,0.000,6.524,6.508,0.157,0.157,0.215,25.387,810975
1782536809866,0,0,0.000,6.516,6.508,0.188,0.157,0.242,25.387,811008
1782536809904,0,0,0.000,6.524,6.508,0.188,0.157,0.215,25.387,811041
1782536809939,0,0,0.000,6.516,6.516,0.188,0.157,0.220,25.387,811074
1782536809970,0,0,0.006,6.524,6.524,0.188,0.188,0.226,25.387,811107
1782536809999,0,0,0.000,6.508,6.499,0.188,0.157,0.349,25.387,811140
1782536810032,0,0,0.000,6.524,6.508,0.251,0.157,0.285,25.301,811173
1782536810065,0,0,0.000,6.508,6.508,0.188,0.157,0.333,25.387,811206
1782536810098,0,0,0.000,6.516,6.516,0.188,0.157,0.226,25.387,811239
1782536810130,0,0,0.000,6.516,6.499,0.188,0.157,0.274,25.387,811272
1782536810168,0,0,0.000,6.516,6.508,0.188,0.126,0.237,25.387,811305
1782536810197,0,0,0.000,6.524,6.516,0.188,0.157,0.242,25.387,811338
1782536810233,0,0,0.000,6.516,6.516,0.157,0.188,0.220,25.473,811371
1782536810263,0,0,0.000,6.516,6.516,0.188,0.157,0.247,25.387,811404
1782536810297,0,0,0.000,6.524,6.516,0.188,0.188,0.247,25.387,811437
1782536810330,0,0,0.000,6.524,6.516,0.188,0.157,0.226,25.387,811470
1782536810372,0,0,0.006,6.524,6.516,0.188,0.126,0.247,25.387,811503
1782536810407,0,0,0.006,6.516,6.516,0.220,0.188,0.312,25.387,811536
1782536810429,0,0,0.000,6.516,6.533,0.188,0.126,0.215,25.301,811569
1782536810462,0,0,0.000,6.524,6.508,0.126,0.157,0.220,25.387,811602
1782536810496,0,0,0.000,6.516,6.508,0.220,0.126,0.226,25.301,811635
1782536810529,0,0,0.000,6.524,6.516,0.188,0.188,0.237,25.387,811668
1782536810563,0,0,0.000,6.516,6.516,0.188,0.157,0.215,25.387,811701
1782536810596,0,0,0.000,6.524,6.516,0.188,0.157,0.237,25.387,811734
1782536810630,0,0,0.006,6.516,6.524,0.157,0.188,0.258,25.387,811767
1782536810662,0,0,0.000,6.516,6.508,0.188,0.126,0.215,25.387,811800
1782536810695,0,0,0.000,6.516,6.508,0.188,0.157,0.220,25.473,811833
1782536810728,0,0,0.000,6.524,6.524,0.188,0.126,0.220,25.387,811866
1782536810762,0,0,0.000,6.516,6.516,0.188,0.157,0.215,25.473,811899
1782536810794,0,0,0.006,6.516,6.516,0.188,0.126,0.215,25.387,811932
1782536810828,0,0,0.000,6.516,6.516,0.157,0.157,0.215,25.387,811965
1782536810862,0,0,0.006,6.516,6.516,0.188,0.188,0.247,25.387,811998
1782536810894,0,0,0.006,6.516,6.516,0.188,0.157,0.226,25.301,812031
1782536810932,0,0,0.006,6.524,6.516,0.220,0.157,0.220,25.301,812064
1782536810961,0,0,0.006,6.533,6.516,0.188,0.157,0.226,25.301,812097
1782536810995,0,0,0.006,6.524,6.516,0.188,0.157,0.215,25.387,812130
1782536811028,0,0,0.000,6.524,6.516,0.188,0.157,0.231,25.387,812163
1782536811061,0,0,0.000,6.533,6.508,0.188,0.157,0.210,25.387,812196
1782536811103,0,0,0.006,6.524,6.516,0.188,0.157,0.237,25.387,812229
1782536811136,0,0,0.006,6.516,6.524,0.188,0.157,0.220,25.387,812262
1782536811163,0,0,0.000,6.516,6.524,0.188,0.126,0.220,25.301,812295
1782536811207,0,0,0.000,6.524,6.508,0.188,0.157,0.199,25.387,812328
1782536811235,0,0,0.000,6.524,6.516,0.188,0.157,0.204,25.387,812361
1782536811275,0,0,0.000,6.516,6.508,0.126,0.157,0.220,25.387,812394
1782536811295,0,0,0.000,6.524,6.516,0.188,0.157,0.210,25.387,812427
1782536811332,0,0,0.000,6.524,6.516,0.188,0.157,0.226,25.387,812460
1782536811365,0,0,0.000,6.524,6.516,0.188,0.157,0.204,25.387,812493
1782536811397,0,0,0.006,6.524,6.524,0.188,0.157,0.349,25.387,812526
1782536811436,0,0,0.006,6.524,6.516,0.157,0.157,0.231,25.301,812559
1782536811468,0,0,0.006,6.508,6.508,0.220,0.126,0.215,25.387,812592
1782536811511,0,0,0.000,6.533,6.508,0.188,0.157,0.204,25.387,812625
1782536811538,0,0,0.000,6.516,6.516,0.157,0.157,0.215,25.301,812658
1782536811584,0,0,0.006,6.508,6.516,0.188,0.157,0.210,25.387,812691
1782536811602,0,0,0.000,6.524,6.516,0.188,0.188,0.204,25.301,812724
1782536811642,0,0,0.000,6.524,6.524,0.126,0.157,0.215,25.387,812757
1782536811670,0,0,0.000,6.541,6.508,0.188,0.188,0.290,25.301,812790
1782536811703,0,0,0.000,6.524,6.516,0.251,0.157,0.199,25.387,812823
1782536811732,0,0,0.000,6.516,6.508,0.126,0.157,0.215,25.301,812856
1782536811766,0,0,0.000,6.524,6.524,0.188,0.126,0.199,25.387,812889
1782536811800,0,0,0.000,6.516,6.516,0.188,0.157,0.220,25.387,812922
1782536811835,0,0,0.006,6.516,6.516,0.188,0.188,0.204,25.301,812955
1782536811874,0,0,0.006,6.508,6.524,0.188,0.157,0.204,25.387,812988
1782536811898,0,0,0.006,6.516,6.508,0.188,0.188,0.296,25.301,813021
1782536811931,0,0,0.000,6.524,6.508,0.157,0.157,0.194,25.387,813054
1782536811966,0,0,0.000,6.541,6.516,0.188,0.157,0.204,25.301,813087
1782536811999,0,0,0.006,6.524,6.516,0.188,0.157,0.220,25.301,813120
1782536812031,0,0,0.000,6.524,6.524,0.188,0.157,0.204,25.387,813153
1782536812064,0,0,0.006,6.516,6.516,0.188,0.157,0.194,25.301,813186
1782536812097,0,0,0.000,6.524,6.516,0.220,0.157,0.199,25.301,813219
1782536812129,0,0,0.000,6.524,6.533,0.188,0.188,0.204,25.301,813252
1782536812163,0,0,0.000,6.533,6.524,0.188,0.157,0.194,25.301,813285
1782536812201,0,0,0.000,6.524,6.516,0.157,0.126,0.339,25.301,813318
1782536812231,0,0,0.000,6.524,6.524,0.188,0.188,0.210,25.387,813351
1782536812263,0,0,0.006,6.516,6.524,0.188,0.157,0.204,25.301,813384
1782536812294,0,0,0.006,6.524,6.524,0.157,0.188,0.220,25.301,813417
1782536812327,0,0,0.000,6.516,6.508,0.188,0.157,0.263,25.301,813450
1782536812366,0,0,0.000,6.524,6.516,0.188,0.157,0.247,25.301,813483
1782536812393,0,0,0.000,6.524,6.508,0.188,0.188,0.269,25.301,813516
1782536812429,0,0,0.000,6.524,6.516,0.157,0.126,0.258,25.387,813549
1782536812463,0,0,0.000,6.524,6.516,0.157,0.157,0.215,25.301,813582
1782536812507,0,0,0.000,6.524,6.516,0.188,0.157,0.210,25.387,813615
1782536812528,0,0,0.000,6.524,6.516,0.188,0.157,0.269,25.387,813648
1782536812560,0,0,0.000,6.533,6.524,0.188,0.157,0.199,25.301,813681
1782536812598,0,0,0.000,6.524,6.516,0.157,0.157,0.199,25.301,813714
1782536812630,0,0,0.006,6.508,6.508,0.188,0.157,0.306,25.301,813747
1782536812657,0,0,0.000,6.516,6.516,0.188,0.157,0.199,25.387,813780
1782536812693,0,0,0.000,6.524,6.516,0.188,0.188,0.199,25.301,813813
1782536812730,0,0,0.000,6.533,6.508,0.188,0.157,0.204,25.301,813846
1782536812771,0,0,0.000,6.508,6.516,0.157,0.157,0.204,25.301,813879
1782536812806,0,0,0.006,6.516,6.508,0.188,0.188,0.312,25.301,813912
1782536812835,0,0,0.000,6.516,6.524,0.188,0.126,0.280,25.301,813945
1782536812859,0,0,0.012,6.516,6.508,0.188,0.188,0.274,25.301,813978
1782536812893,0,0,0.006,6.524,6.516,0.188,0.157,0.253,25.301,814011
1782536812924,0,0,0.000,6.516,6.508,0.188,0.157,0.344,25.387,814044
1782536812957,0,0,0.000,6.524,6.516,0.188,0.157,0.247,25.301,814077
1782536812990,0,0,0.000,6.524,6.516,0.251,0.157,0.210,25.301,814110
1782536813028,0,0,0.000,6.508,6.533,0.157,0.157,0.210,25.387,814143
1782536813056,0,0,0.000,6.524,6.516,0.220,0.188,0.215,25.301,814176
1782536813090,0,0,0.006,6.524,6.516,0.188,0.157,0.237,25.301,814209
1782536813124,0,0,0.006,6.533,6.508,0.188,0.157,0.301,25.301,814242
1782536813157,0,0,0.000,6.524,6.508,0.188,0.188,0.269,25.387,814275
1782536813190,0,0,0.000,6.524,6.516,0.220,0.188,0.226,25.301,814308
1782536813222,0,0,0.000,6.516,6.516,0.188,0.157,0.204,25.301,814341
1782536813256,0,0,0.000,6.524,6.499,0.188,0.157,0.452,25.301,814374
1782536813289,0,0,0.000,6.524,6.516,0.157,0.188,0.263,25.301,814407
1782536813323,0,0,0.000,6.516,6.508,0.188,0.188,0.419,25.301,814440
1782536813356,0,0,0.000,6.524,6.524,0.188,0.126,0.226,25.301,814473
1782536813401,0,0,0.000,6.516,6.508,0.188,0.157,0.215,25.473,814506
1782536813424,0,0,0.000,6.524,6.516,0.157,0.157,0.306,25.301,814539
1782536813461,0,0,0.006,6.524,6.524,0.188,0.188,0.226,25.301,814572
1782536813499,0,0,0.000,6.524,6.516,0.220,0.126,0.204,25.301,814605
1782536813522,0,0,0.000,6.524,6.524,0.188,0.157,0.220,25.301,814638
1782536813555,0,0,0.000,6.516,6.516,0.188,0.157,0.210,25.301,814671
1782536813596,0,0,0.000,6.524,6.533,0.126,0.188,0.204,25.301,814704
1782536813622,0,0,0.006,6.516,6.508,0.188,0.188,0.355,25.301,814737
1782536813663,0,0,0.006,6.516,6.516,0.188,0.157,0.215,25.301,814770
1782536813690,0,0,0.000,6.508,6.508,0.188,0.188,0.419,25.301,814803
1782536813731,0,0,0.000,6.524,6.516,0.188,0.157,0.210,25.387,814836
1782536813756,0,0,0.000,6.524,6.524,0.188,0.188,0.215,25.301,814869
1782536813793,0,0,0.000,6.524,6.508,0.188,0.157,0.204,25.301,814902
1782536813823,0,0,0.000,6.524,6.516,0.126,0.251,0.204,25.301,814935
1782536813857,0,0,0.006,6.508,6.508,0.188,0.126,0.242,25.301,814968
1782536813889,0,0,0.006,6.508,6.524,0.188,0.220,0.237,25.301,815001
1782536813925,0,0,0.000,6.516,6.524,0.188,0.157,0.220,25.387,815034
1782536813955,0,0,0.000,6.508,6.516,0.188,0.188,0.204,25.387,815067
1782536813990,0,0,0.000,6.524,6.516,0.251,0.157,0.333,25.473,815100
1782536814025,0,0,0.000,6.524,6.516,0.220,0.157,0.204,25.301,815133
1782536814066,0,0,0.000,6.516,6.508,0.157,0.188,0.290,25.301,815166
1782536814087,0,0,0.000,6.516,6.516,0.188,0.157,0.296,25.301,815199
1782536814126,0,0,0.000,6.524,6.524,0.188,0.126,0.204,25.301,815232
1782536814175,0,0,0.006,6.524,6.508,0.188,0.157,0.253,25.387,815265
1782536814189,0,0,0.000,6.516,6.508,0.157,0.126,0.339,25.301,815298
1782536814221,0,0,0.000,6.516,6.524,0.188,0.188,0.210,25.301,815331
1782536814258,0,0,0.000,6.524,6.524,0.188,0.157,0.210,25.301,815364
1782536814287,0,0,0.000,6.533,6.516,0.188,0.126,0.199,25.301,815397
1782536814321,0,0,0.000,6.524,6.508,0.188,0.157,0.204,25.301,815430
1782536814352,0,0,0.006,6.533,6.516,0.188,0.157,0.194,25.387,815463
1782536814396,0,0,0.000,6.524,6.524,0.188,0.157,0.204,25.301,815496
1782536814440,0,0,0.000,6.524,6.508,0.188,0.157,0.323,25.215,815529
1782536814454,0,0,0.000,6.524,6.516,0.188,0.126,0.296,25.215,815562
1782536814487,0,0,0.006,6.524,6.516,0.188,0.188,0.215,25.301,815595
1782536814519,0,0,0.000,6.508,6.516,0.188,0.157,0.204,25.387,815628
1782536814553,0,0,0.000,6.524,6.516,0.188,0.157,0.215,25.301,815661
1782536814587,0,0,0.000,6.524,6.516,0.188,0.126,0.220,25.301,815694
1782536814620,0,0,0.006,6.524,6.516,0.188,0.157,0.210,25.301,815727
1782536814653,0,0,0.000,6.524,6.516,0.188,0.157,0.199,25.301,815760
1782536814686,0,0,0.000,6.524,6.508,0.157,0.157,0.215,25.301,815793
1782536814718,0,0,0.000,6.533,6.516,0.188,0.157,0.226,25.301,815826
1782536814753,0,0,0.000,6.524,6.516,0.188,0.157,0.210,25.387,815859
1782536814792,0,0,0.000,6.516,6.499,0.188,0.157,0.285,25.301,815892
1782536814819,0,0,0.000,6.516,6.516,0.220,0.157,0.231,25.301,815925
1782536814854,0,0,0.000,6.524,6.516,0.188,0.157,0.231,25.387,815958
1782536814893,0,0,0.000,6.508,6.516,0.188,0.157,0.237,25.387,815991
1782536814919,0,0,0.000,6.524,6.524,0.188,0.157,0.419,25.387,816024
1782536814960,0,0,0.000,6.524,6.516,0.188,0.157,0.204,25.301,816057
1782536814989,0,0,0.000,6.524,6.516,0.188,0.157,0.210,25.301,816090
1782536815020,0,0,0.000,6.524,6.516,0.188,0.157,0.301,25.301,816123
1782536815054,0,0,0.000,6.541,6.524,0.188,0.157,0.199,25.301,816156
1782536815106,0,0,0.000,6.541,6.524,0.188,0.157,0.199,25.387,816189
1782536815118,0,0,0.000,6.524,6.516,0.188,0.220,0.204,25.301,816222
1782536815153,0,0,0.000,6.524,6.516,0.126,0.157,0.199,25.301,816255
1782536815188,0,0,0.000,6.524,6.524,0.188,0.220,0.220,25.387,816288
1782536815222,0,0,0.006,6.524,6.516,0.188,0.188,0.226,25.301,816321
1782536815257,0,0,0.000,6.524,6.516,0.157,0.126,0.339,25.301,816354
1782536815287,0,0,0.000,6.541,6.516,0.188,0.157,0.204,25.301,816387
1782536815320,0,0,0.000,6.524,6.516,0.251,0.188,0.199,25.301,816420
1782536815359,0,0,0.000,6.524,6.524,0.188,0.188,0.220,25.301,816453
1782536815392,0,0,0.000,6.533,6.508,0.157,0.157,0.204,25.301,816486
1782536815417,0,0,0.006,6.508,6.516,0.188,0.126,0.323,25.387,816519
1782536815458,0,0,0.000,6.524,6.524,0.188,0.157,0.231,25.387,816552
1782536815484,0,0,0.000,6.516,6.524,0.188,0.157,0.215,25.301,816585
1782536815518,0,0,0.000,6.524,6.499,0.157,0.188,0.328,25.301,816618
1782536815550,0,0,0.000,6.524,6.524,0.188,0.126,0.226,25.387,816651
1782536815587,0,0,0.000,6.516,6.508,0.188,0.157,0.210,25.301,816684
1782536815618,0,0,0.000,6.524,6.516,0.188,0.188,0.215,25.215,816717
1782536815670,0,0,0.000,6.541,6.524,0.188,0.188,0.274,25.301,816750
1782536815684,0,0,0.000,6.533,6.516,0.157,0.157,0.231,25.301,816783
1782536815717,0,0,0.000,6.524,6.524,0.126,0.157,0.215,25.301,816816
1782536815750,0,0,0.000,6.524,6.516,0.251,0.157,0.220,25.387,816849
1782536815783,0,0,0.000,6.533,6.524,0.188,0.188,0.237,25.301,816882
1782536815827,0,0,0.000,6.524,6.524,0.188,0.157,0.210,25.301,816915
1782536815858,0,0,0.000,6.533,6.508,0.188,0.126,0.220,25.301,816948
1782536815892,0,0,0.000,6.524,6.516,0.188,0.157,0.253,25.301,816981
1782536815925,0,0,0.000,6.533,6.508,0.188,0.126,0.215,25.301,817014
1782536815959,0,0,0.000,6.541,6.524,0.157,0.126,0.210,25.301,817047
1782536815993,0,0,0.000,6.533,6.516,0.157,0.126,0.231,25.387,817080
1782536816033,0,0,0.000,6.524,6.524,0.220,0.126,0.210,25.301,817113
1782536816059,0,0,0.000,6.524,6.524,0.188,0.188,0.237,25.387,817146
1782536816092,0,0,0.000,6.524,6.516,0.188,0.188,0.247,25.301,817179
1782536816130,0,0,0.000,6.533,6.508,0.188,0.157,0.220,25.301,817212
1782536816155,0,0,0.000,6.524,6.524,0.188,0.188,0.220,25.301,817245
1782536816189,0,0,0.000,6.533,6.524,0.126,0.126,0.220,25.301,817278
1782536816221,0,0,0.000,6.524,6.524,0.188,0.157,0.215,25.301,817311
1782536816255,0,0,0.000,6.524,6.516,0.188,0.157,0.210,25.301,817344
1782536816300,0,0,0.000,6.524,6.508,0.188,0.157,0.274,25.301,817377
1782536816321,0,0,0.000,6.524,6.516,0.220,0.157,0.280,25.301,817410
1782536816355,0,0,0.006,6.533,6.524,0.157,0.188,0.204,25.301,817443
1782536816386,0,0,0.000,6.516,6.508,0.188,0.157,0.226,25.301,817476
1782536816435,0,0,0.000,6.533,6.516,0.188,0.157,0.323,25.301,817509
1782536816457,0,0,0.000,6.524,6.524,0.157,0.220,0.226,25.301,817542
1782536816490,0,0,0.000,6.524,6.516,0.188,0.157,0.296,25.301,817575
1782536816529,0,0,0.000,6.533,6.524,0.188,0.157,0.215,25.301,817608
1782536816553,0,0,0.000,6.516,6.508,0.188,0.188,0.409,25.301,817641
1782536816600,0,0,0.000,6.533,6.516,0.220,0.126,0.215,25.301,817674
1782536816621,0,0,0.012,6.524,6.516,0.188,0.126,0.269,25.215,817707
1782536816652,0,0,0.000,6.524,6.524,0.188,0.157,0.215,25.387,817740
1782536816688,0,0,0.012,6.541,6.541,0.188,0.126,0.231,25.301,817773
1782536816720,0,0,0.000,6.524,6.524,0.220,0.157,0.220,25.301,817806
1782536816752,0,0,0.000,6.524,6.516,0.157,0.188,0.215,25.215,817839
1782536816786,0,0,0.000,6.524,6.524,0.188,0.157,0.215,25.301,817872
1782536816816,0,0,0.006,6.541,6.508,0.220,0.126,0.258,25.301,817905
1782536816860,0,0,0.000,6.533,6.524,0.157,0.157,0.220,25.215,817938
1782536816881,0,0,0.000,6.508,6.508,0.188,0.157,0.462,25.387,817971
1782536816926,0,0,0.000,6.533,6.524,0.188,0.126,0.210,25.301,818004
1782536816951,0,0,0.006,6.524,6.524,0.188,0.157,0.204,25.301,818037
1782536816987,0,0,0.006,6.516,6.524,0.188,0.188,0.328,25.387,818070
1782536817013,0,0,0.000,6.533,6.524,0.188,0.157,0.204,25.301,818103
1782536817051,0,0,0.000,6.524,6.516,0.188,0.157,0.312,25.301,818136
1782536817082,0,0,0.000,6.524,6.516,0.126,0.188,0.204,25.215,818169
1782536817113,0,0,0.000,6.524,6.524,0.188,0.126,0.253,25.301,818202
1782536817148,0,0,0.000,6.524,6.524,0.188,0.126,0.215,25.301,818235
1782536817180,0,0,0.000,6.524,6.524,0.157,0.157,0.204,25.301,818268
1782536817215,0,0,0.000,6.516,6.508,0.126,0.188,0.210,25.301,818301
1782536817248,0,0,0.006,6.524,6.516,0.188,0.157,0.215,25.301,818334
1782536817290,0,0,0.000,6.533,6.524,0.188,0.188,0.215,25.301,818367
1782536817317,0,0,0.000,6.533,6.516,0.188,0.157,0.210,25.301,818400
1782536817348,0,0,0.000,6.524,6.508,0.188,0.157,0.376,25.301,818433
1782536817385,0,0,0.000,6.524,6.508,0.157,0.157,0.306,25.301,818466
1782536817413,0,0,0.000,6.524,6.524,0.188,0.126,0.220,25.301,818499
1782536817447,0,0,0.000,6.541,6.516,0.188,0.157,0.210,25.301,818532
1782536817480,0,0,0.006,6.533,6.524,0.188,0.157,0.226,25.301,818565
1782536817514,0,0,0.006,6.524,6.524,0.157,0.126,0.215,25.387,818598
1782536817547,0,0,0.000,6.516,6.516,0.251,0.157,0.296,25.301,818631
1782536817578,0,0,0.012,6.533,6.524,0.188,0.188,0.242,25.301,818664
1782536817612,0,0,0.006,6.524,6.516,0.157,0.188,0.328,25.301,818697
1782536817644,0,0,0.000,6.533,6.516,0.188,0.157,0.210,25.301,818730
1782536817678,0,0,0.000,6.516,6.516,0.188,0.157,0.226,25.301,818763
1782536817712,0,0,0.000,6.516,6.516,0.126,0.188,0.333,25.301,818796
1782536817745,0,0,0.000,6.524,6.524,0.188,0.157,0.215,25.215,818829
1782536817778,0,0,0.000,6.524,6.533,0.188,0.094,0.215,25.301,818862
1782536817811,0,0,0.000,6.508,6.508,0.188,0.157,0.398,25.301,818895
1782536817847,0,0,0.006,6.533,6.524,0.157,0.220,0.215,25.301,818928
1782536817877,0,0,0.000,6.533,6.524,0.188,0.157,0.220,25.301,818961
1782536817915,0,0,0.000,6.533,6.524,0.188,0.157,0.237,25.301,818994
1782536817945,0,0,0.000,6.524,6.516,0.188,0.188,0.237,25.301,819027
1782536817976,0,0,0.006,6.524,6.516,0.188,0.188,0.215,25.301,819060
1782536818014,0,0,0.000,6.524,6.524,0.220,0.157,0.215,25.301,819093
1782536818043,0,0,0.000,6.524,6.524,0.188,0.157,0.231,25.301,819126
1782536818093,0,0,0.000,6.524,6.516,0.157,0.157,0.237,25.301,819159
1782536818141,0,0,0.000,6.533,6.533,0.188,0.157,0.258,25.301,819192
1782536818150,0,0,0.000,6.524,6.524,0.157,0.157,0.210,25.301,819225
1782536818177,0,0,0.000,6.524,6.516,0.188,0.157,0.220,25.301,819258
1782536818211,0,0,0.000,6.524,6.516,0.157,0.157,0.215,25.301,819291
1782536818243,0,0,0.000,6.524,6.516,0.188,0.188,0.210,25.301,819324
1782536818277,0,0,0.006,6.524,6.516,0.188,0.157,0.242,25.301,819357
1782536818309,0,0,0.000,6.541,6.524,0.126,0.157,0.215,25.301,819390
1782536818342,0,0,0.000,6.524,6.541,0.157,0.157,0.210,25.301,819423
1782536818376,0,0,0.000,6.524,6.533,0.157,0.157,0.215,25.301,819456
1782536818409,0,0,0.012,6.524,6.516,0.188,0.188,0.215,25.301,819489
1782536818450,0,0,0.000,6.524,6.524,0.188,0.157,0.242,25.387,819522
1782536818475,0,0,0.000,6.524,6.524,0.157,0.188,0.306,25.301,819555
1782536818511,0,0,0.000,6.524,6.524,0.188,0.188,0.226,25.301,819588
1782536818541,0,0,0.000,6.524,6.533,0.188,0.157,0.237,25.301,819621
1782536818575,0,0,0.000,6.516,6.516,0.188,0.157,0.344,25.301,819654
1782536818609,0,0,0.000,6.533,6.516,0.188,0.126,0.258,25.301,819687
1782536818660,0,0,0.000,6.533,6.524,0.157,0.126,0.226,25.301,819720
1782536818675,0,0,0.006,6.524,6.524,0.188,0.157,0.215,25.387,819753
1782536818709,0,0,0.000,6.524,6.508,0.157,0.188,0.317,25.301,819786
1782536818741,0,0,0.000,6.533,6.524,0.220,0.188,0.210,25.301,819819
1782536818775,0,0,0.000,6.524,6.524,0.188,0.157,0.226,25.301,819852
1782536818808,0,0,0.000,6.524,6.524,0.188,0.188,0.215,25.301,819885
1782536818841,0,0,0.000,6.524,6.524,0.188,0.220,0.231,25.301,819918
1782536818874,0,0,0.000,6.524,6.533,0.188,0.157,0.237,25.301,819951
1782536818908,0,0,0.000,6.524,6.524,0.157,0.157,0.226,25.301,819984
1782536818942,0,0,0.000,6.524,6.524,0.188,0.126,0.247,25.301,820017
1782536818976,0,0,0.000,6.541,6.508,0.220,0.220,0.231,25.301,820050
1782536819007,0,0,0.000,6.533,6.524,0.220,0.126,0.210,25.387,820083
1782536819043,0,0,0.000,6.533,6.508,0.188,0.157,0.323,25.387,820116
1782536819076,0,0,0.000,6.516,6.516,0.157,0.188,0.237,25.301,820149
1782536819107,0,0,0.000,6.524,6.524,0.188,0.157,0.231,25.301,820182
1782536819144,0,0,0.000,6.524,6.524,0.157,0.220,0.215,25.301,820215
1782536819173,0,0,0.000,6.524,6.524,0.157,0.157,0.210,25.301,820248
1782536819207,0,0,0.000,6.524,6.524,0.188,0.157,0.253,25.301,820281
1782536819246,0,0,0.000,6.524,6.524,0.188,0.157,0.220,25.301,820314
1782536819274,0,0,0.006,6.524,6.524,0.220,0.157,0.242,25.301,820347
1782536819310,0,0,0.006,6.524,6.524,0.188,0.157,0.306,25.301,820380
1782536819340,0,0,0.006,6.524,6.516,0.188,0.157,0.247,25.387,820413
1782536819373,0,0,0.006,6.533,6.524,0.220,0.157,0.215,25.301,820446
1782536819406,0,0,0.000,6.524,6.524,0.188,0.157,0.220,25.301,820479
1782536819451,0,0,0.000,6.541,6.524,0.188,0.157,0.253,25.301,820512
1782536819473,0,0,0.000,6.533,6.516,0.157,0.220,0.215,25.301,820545
1782536819508,0,0,0.006,6.524,6.533,0.157,0.126,0.226,25.301,820578
1782536819540,0,0,0.000,6.533,6.516,0.188,0.157,0.226,25.387,820611
1782536819574,0,0,0.000,6.524,6.524,0.188,0.220,0.210,25.301,820644
1782536819607,0,0,0.000,6.533,6.524,0.188,0.188,0.215,25.301,820677
1782536819641,0,0,0.000,6.533,6.524,0.188,0.157,0.210,25.301,820710
1782536819678,0,0,0.012,6.524,6.524,0.188,0.157,0.215,25.301,820743
1782536819713,0,0,0.006,6.533,6.508,0.157,0.157,0.220,25.301,820776
1782536819741,0,0,0.000,6.524,6.524,0.126,0.157,0.215,25.301,820809
1782536819772,0,0,0.000,6.533,6.524,0.188,0.157,0.237,25.301,820842
1782536819806,0,0,0.000,6.516,6.524,0.188,0.220,0.253,25.301,820875
1782536819846,0,0,0.000,6.524,6.524,0.126,0.126,0.215,25.387,820908
1782536819873,0,0,0.000,6.524,6.516,0.188,0.188,0.339,25.301,820941
1782536819906,0,0,0.000,6.533,6.524,0.157,0.188,0.237,25.301,820974
1782536819946,0,0,0.000,6.524,6.533,0.188,0.157,0.215,25.301,821007
1782536819973,0,0,0.000,6.533,6.533,0.188,0.188,0.220,25.301,821040
1782536820005,0,0,0.000,6.524,6.524,0.157,0.157,0.242,25.301,821073
1782536820039,0,0,0.000,6.524,6.524,0.188,0.157,0.204,25.301,821106
1782536820075,0,0,0.000,6.524,6.516,0.188,0.157,0.312,25.301,821139
1782536820110,0,0,0.000,6.533,6.524,0.157,0.188,0.231,25.301,821172
1782536820138,0,0,0.000,6.524,6.508,0.188,0.188,0.210,25.215,821205
1782536820178,0,0,0.000,6.524,6.524,0.188,0.157,0.204,25.301,821238
1782536820218,0,0,0.000,6.524,6.516,0.220,0.157,0.215,25.301,821271
1782536820240,0,0,0.000,6.524,6.524,0.157,0.188,0.210,25.301,821304
1782536820281,0,0,0.000,6.524,6.533,0.188,0.157,0.215,25.301,821337
1782536820315,0,0,0.006,6.533,6.524,0.157,0.157,0.226,25.301,821370
1782536820347,0,0,0.000,6.533,6.524,0.188,0.157,0.215,25.301,821403
1782536820381,0,0,0.000,6.524,6.516,0.188,0.188,0.204,25.301,821436
1782536820412,0,0,0.000,6.533,6.524,0.157,0.126,0.210,25.301,821469
1782536820452,0,0,0.000,6.524,6.533,0.188,0.157,0.226,25.301,821502
1782536820478,0,0,0.000,6.541,6.533,0.188,0.126,0.210,25.301,821535
1782536820511,0,0,0.000,6.524,6.524,0.157,0.157,0.242,25.301,821568
1782536820544,0,0,0.000,6.524,6.541,0.188,0.157,0.226,25.301,821601
1782536820579,0,0,0.000,6.524,6.524,0.188,0.157,0.215,25.301,821634
1782536820614,0,0,0.000,6.524,6.524,0.188,0.157,0.253,25.301,821667
1782536820645,0,0,0.006,6.516,6.524,0.157,0.188,0.204,25.301,821700
1782536820682,0,0,0.000,6.533,6.524,0.126,0.126,0.215,25.301,821733
1782536820710,0,0,0.000,6.533,6.524,0.188,0.188,0.210,25.301,821766
1782536820743,0,0,0.000,6.533,6.524,0.188,0.126,0.215,25.215,821799
1782536820793,0,0,0.000,6.524,6.541,0.220,0.157,0.226,25.301,821832
1782536820810,0,0,0.000,6.516,6.508,0.188,0.157,0.452,25.301,821865
1782536820841,0,0,0.000,6.524,6.524,0.188,0.157,0.231,25.215,821898
1782536820874,0,0,0.000,6.524,6.524,0.188,0.157,0.312,25.301,821931
1782536820912,0,0,0.000,6.533,6.524,0.157,0.157,0.215,25.301,821964
1782536820941,0,0,0.000,6.541,6.533,0.220,0.157,0.226,25.301,821997
1782536820993,0,0,0.006,6.524,6.524,0.188,0.157,0.215,25.301,822030
1782536821006,0,0,0.000,6.533,6.524,0.251,0.188,0.215,25.301,822063
1782536821052,0,0,0.000,6.533,6.524,0.188,0.157,0.210,25.215,822096
1782536821080,0,0,0.000,6.541,6.524,0.188,0.157,0.215,25.301,822129
1782536821117,0,0,0.000,6.524,6.516,0.157,0.157,0.312,25.301,822162
1782536821139,0,0,0.006,6.516,6.516,0.188,0.157,0.323,25.301,822195
1782536821181,0,0,0.000,6.533,6.516,0.188,0.157,0.215,25.387,822228
1782536821206,0,0,0.000,6.524,6.516,0.126,0.157,0.290,25.301,822261
1782536821238,0,0,0.006,6.516,6.524,0.188,0.157,0.215,25.387,822294
1782536821270,0,0,0.000,6.524,6.524,0.157,0.126,0.215,25.301,822327
1782536821306,0,0,0.000,6.533,6.524,0.157,0.157,0.204,25.301,822360
1782536821339,0,0,0.012,6.533,6.524,0.188,0.157,0.220,25.301,822393
1782536821373,0,0,0.006,6.516,6.508,0.157,0.188,0.317,25.301,822426
1782536821403,0,0,0.000,6.541,6.524,0.188,0.157,0.220,25.301,822459
1782536821443,0,0,0.000,6.524,6.524,0.188,0.157,0.306,25.301,822492
1782536821468,0,0,0.000,6.524,6.508,0.188,0.157,0.328,25.301,822525
1782536821501,0,0,0.000,6.524,6.524,0.188,0.188,0.210,25.301,822558
1782536821547,0,0,0.000,6.533,6.524,0.188,0.220,0.204,25.301,822591
1782536821569,0,0,0.000,6.516,6.508,0.220,0.157,0.446,25.301,822624
1782536821603,0,0,0.000,6.533,6.524,0.157,0.188,0.231,25.301,822657
1782536821635,0,0,0.000,6.516,6.516,0.188,0.188,0.382,25.301,822690
1782536821675,0,0,0.000,6.524,6.524,0.220,0.220,0.253,25.301,822723
1782536821711,0,0,0.006,6.516,6.516,0.157,0.157,0.296,25.301,822756
1782536821738,0,0,0.006,6.533,6.533,0.188,0.157,0.258,25.301,822789
1782536821767,0,0,0.000,6.508,6.499,0.157,0.157,0.323,25.301,822822
1782536821807,0,0,0.000,6.533,6.533,0.157,0.157,0.258,25.301,822855
1782536821834,0,0,0.000,6.524,6.524,0.188,0.157,0.323,25.301,822888
1782536821867,0,0,0.000,6.533,6.524,0.157,0.126,0.280,25.301,822921
1782536821910,0,0,0.000,6.541,6.508,0.188,0.157,0.215,25.301,822954
1782536821933,0,0,0.000,6.533,6.524,0.220,0.157,0.220,25.301,822987
1782536821967,0,0,0.000,6.524,6.524,0.188,0.157,0.215,25.215,823020
1782536822001,0,0,0.000,6.533,6.533,0.220,0.157,0.215,25.301,823053
1782536822034,0,0,0.006,6.524,6.516,0.188,0.157,0.387,25.301,823086
1782536822068,0,0,0.006,6.524,6.524,0.188,0.188,0.220,25.301,823119
1782536822099,0,0,0.006,6.533,6.524,0.220,0.157,0.215,25.301,823152
1782536822133,0,0,0.000,6.524,6.516,0.188,0.188,0.317,25.301,823185
1782536822166,0,0,0.000,6.524,6.508,0.188,0.157,0.237,25.301,823218
1782536822200,0,0,0.000,6.541,6.533,0.157,0.157,0.247,25.301,823251
1782536822235,0,0,0.000,6.524,6.508,0.251,0.126,0.355,25.301,823284
1782536822266,0,0,0.000,6.533,6.524,0.188,0.157,0.220,25.301,823317
1782536822299,0,0,0.000,6.524,6.524,0.157,0.220,0.247,25.215,823350
1782536822332,0,0,0.000,6.533,6.524,0.220,0.220,0.210,25.301,823383
1782536822366,0,0,0.000,6.524,6.524,0.188,0.157,0.215,25.301,823416
1782536822399,0,0,0.000,6.524,6.533,0.188,0.157,0.226,25.301,823449
1782536822432,0,0,0.000,6.533,6.524,0.188,0.220,0.237,25.301,823482
1782536822465,0,0,0.000,6.524,6.524,0.188,0.188,0.231,25.301,823515
1782536822499,0,0,0.000,6.524,6.524,0.188,0.126,0.226,25.301,823548
1782536822535,0,0,0.000,6.516,6.524,0.188,0.157,0.220,25.301,823581
1782536822577,0,0,0.000,6.533,6.524,0.157,0.157,0.215,25.301,823614
1782536822602,0,0,0.000,6.533,6.524,0.157,0.188,0.237,25.301,823647
1782536822632,0,0,0.006,6.524,6.541,0.188,0.157,0.226,25.301,823680
1782536822666,0,0,0.000,6.524,6.524,0.157,0.157,0.237,25.301,823713
1782536822698,0,0,0.000,6.541,6.524,0.188,0.126,0.231,25.301,823746
1782536822731,0,0,0.000,6.524,6.524,0.157,0.188,0.215,25.301,823779
1782536822764,0,0,0.006,6.533,6.524,0.157,0.188,0.242,25.387,823812
1782536822799,0,0,0.000,6.524,6.524,0.188,0.157,0.215,25.301,823845
1782536822832,0,0,0.000,6.533,6.524,0.220,0.188,0.237,25.301,823878
1782536822866,0,0,0.012,6.533,6.516,0.188,0.157,0.220,25.301,823911
1782536822897,0,0,0.000,6.533,6.516,0.188,0.126,0.333,25.301,823944
1782536822934,0,0,0.000,6.533,6.524,0.126,0.157,0.231,25.301,823977
1782536822978,0,0,0.000,6.524,6.524,0.157,0.126,0.263,25.301,824010
1782536823001,0,0,0.000,6.516,6.524,0.188,0.157,0.226,25.301,824043
1782536823032,0,0,0.006,6.533,6.524,0.188,0.188,0.220,25.301,824076
1782536823064,0,0,0.000,6.533,6.524,0.188,0.157,0.210,25.301,824109
1782536823097,0,0,0.000,6.524,6.541,0.220,0.126,0.258,25.301,824142
1782536823134,0,0,0.000,6.524,6.524,0.188,0.157,0.210,25.301,824175
1782536823163,0,0,0.000,6.533,6.516,0.188,0.126,0.237,25.301,824208
1782536823199,0,0,0.000,6.524,6.516,0.188,0.157,0.349,25.301,824241
1782536823230,0,0,0.006,6.524,6.524,0.157,0.126,0.290,25.301,824274
1782536823263,0,0,0.000,6.533,6.524,0.188,0.157,0.215,25.387,824307
1782536823296,0,0,0.000,6.524,6.524,0.188,0.157,0.215,25.301,824340
1782536823333,0,0,0.000,6.524,6.524,0.188,0.157,0.237,25.301,824373
1782536823364,0,0,0.000,6.524,6.533,0.188,0.157,0.210,25.301,824406
1782536823396,0,0,0.000,6.524,6.524,0.188,0.157,0.215,25.301,824439
1782536823430,0,0,0.000,6.524,6.524,0.188,0.157,0.237,25.301,824472
1782536823463,0,0,0.000,6.533,6.524,0.188,0.188,0.226,25.301,824505
1782536823498,0,0,0.000,6.524,6.516,0.188,0.157,0.344,25.301,824538
1782536823529,0,0,0.000,6.524,6.516,0.157,0.188,0.231,25.215,824571
1782536823575,0,0,0.000,6.533,6.524,0.188,0.188,0.237,25.301,824604
1782536823596,0,0,0.006,6.524,6.533,0.188,0.157,0.317,25.301,824637
1782536823629,0,0,0.000,6.533,6.524,0.188,0.188,0.231,25.387,824670
1782536823662,0,0,0.006,6.533,6.533,0.188,0.220,0.220,25.301,824703
1782536823696,0,0,0.000,6.524,6.516,0.188,0.126,0.344,25.301,824736
1782536823729,0,0,0.000,6.524,6.524,0.188,0.126,0.220,25.301,824769
1782536823763,0,0,0.000,6.524,6.524,0.157,0.126,0.269,25.301,824802
1782536823795,0,0,0.000,6.524,6.516,0.157,0.188,0.355,25.301,824835
1782536823829,0,0,0.000,6.533,6.533,0.188,0.126,0.226,25.215,824868
1782536823862,0,0,0.000,6.533,6.524,0.188,0.188,0.220,25.301,824901
1782536823896,0,0,0.000,6.533,6.524,0.220,0.157,0.226,25.215,824934
1782536823928,0,0,0.000,6.549,6.533,0.188,0.157,0.215,25.215,824967
1782536823962,0,0,0.000,6.533,6.524,0.188,0.157,0.226,25.301,825000
1782536823995,0,0,0.000,6.533,6.524,0.188,0.157,0.242,25.301,825033
1782536824029,0,0,0.000,6.524,6.533,0.188,0.188,0.226,25.301,825066
1782536824061,0,0,0.000,6.516,6.524,0.188,0.188,0.344,25.301,825099
1782536824097,0,0,0.000,6.533,6.524,0.188,0.157,0.215,25.301,825132
1782536824129,0,0,0.000,6.524,6.524,0.188,0.188,0.344,25.301,825165
1782536824163,0,0,0.000,6.541,6.524,0.157,0.188,0.242,25.301,825198
1782536824197,0,0,0.000,6.541,6.524,0.188,0.157,0.226,25.387,825231
1782536824227,0,0,0.000,6.533,6.524,0.126,0.188,0.204,25.301,825264
1782536824265,0,0,0.000,6.541,6.516,0.157,0.126,0.349,25.301,825297
1782536824294,0,0,0.000,6.524,6.516,0.188,0.188,0.204,25.301,825330
1782536824330,0,0,0.000,6.524,6.524,0.188,0.157,0.220,25.301,825363
1782536824371,0,0,0.000,6.533,6.524,0.188,0.188,0.215,25.301,825396
1782536824394,0,0,0.000,6.533,6.524,0.126,0.157,0.215,25.301,825429
1782536824432,0,0,0.000,6.524,6.524,0.188,0.188,0.247,25.301,825462
1782536824466,0,0,0.000,6.533,6.516,0.188,0.157,0.215,25.301,825495
1782536824500,0,0,0.000,6.524,6.533,0.188,0.188,0.210,25.301,825528
1782536824526,0,0,0.000,6.524,6.524,0.188,0.157,0.210,25.301,825561
1782536824562,0,0,0.000,6.533,6.533,0.188,0.157,0.247,25.301,825594
1782536824607,0,0,0.006,6.533,6.524,0.157,0.157,0.226,25.301,825627
1782536824639,0,0,0.000,6.524,6.524,0.188,0.157,0.210,25.301,825660
1782536824674,0,0,0.000,6.533,6.524,0.188,0.157,0.220,25.301,825693
1782536824701,0,0,0.000,6.533,6.524,0.188,0.157,0.220,25.301,825726
1782536824736,0,0,0.000,6.541,6.533,0.188,0.126,0.253,25.301,825759
1782536824768,0,0,0.000,6.533,6.524,0.220,0.157,0.242,25.301,825792
1782536824802,0,0,0.012,6.533,6.516,0.188,0.157,0.242,25.301,825825
1782536824835,0,0,0.000,6.524,6.533,0.188,0.188,0.237,25.301,825858
1782536824867,0,0,0.006,6.524,6.533,0.157,0.157,0.215,25.301,825891
1782536824904,0,0,0.000,6.533,6.524,0.188,0.157,0.237,25.301,825924
1782536824936,0,0,0.000,6.524,6.533,0.188,0.188,0.366,25.301,825957
1782536824966,0,0,0.000,6.524,6.524,0.188,0.157,0.215,25.387,825990
1782536824999,0,0,0.000,6.533,6.533,0.188,0.157,0.220,25.301,826023
1782536825032,0,0,0.000,6.516,6.541,0.157,0.126,0.215,25.301,826056
1782536825066,0,0,0.000,6.533,6.524,0.188,0.188,0.204,25.301,826089
1782536825098,0,0,0.000,6.533,6.516,0.220,0.157,0.210,25.301,826122
1782536825158,0,0,0.000,6.533,6.524,0.188,0.157,0.210,25.301,826155
1782536825186,0,0,0.000,6.524,6.524,0.188,0.157,0.210,25.301,826188
1782536825198,0,0,0.000,6.533,6.524,0.126,0.157,0.226,25.301,826221
1782536825230,0,0,0.000,6.524,6.524,0.188,0.188,0.220,25.301,826254
1782536825264,0,0,0.000,6.533,6.524,0.188,0.126,0.323,25.301,826287
1782536825296,0,0,0.000,6.533,6.524,0.157,0.126,0.210,25.301,826320
1782536825328,0,0,0.006,6.524,6.541,0.188,0.126,0.242,25.301,826353
1782536825366,0,0,0.000,6.533,6.524,0.157,0.157,0.210,25.301,826386
1782536825395,0,0,0.000,6.524,6.524,0.188,0.157,0.242,25.215,826419
1782536825428,0,0,0.000,6.541,6.524,0.188,0.157,0.199,25.301,826452
1782536825461,0,0,0.000,6.524,6.524,0.188,0.157,0.366,25.301,826485
1782536825494,0,0,0.000,6.533,6.524,0.157,0.157,0.199,25.301,826518
1782536825528,0,0,0.000,6.533,6.524,0.188,0.157,0.210,25.301,826551
1782536825563,0,0,0.006,6.533,6.524,0.157,0.157,0.215,25.301,826584
1782536825598,0,0,0.000,6.533,6.524,0.188,0.157,0.306,25.301,826617
1782536825629,0,0,0.006,6.541,6.524,0.188,0.126,0.253,25.301,826650
1782536825659,0,0,0.006,6.533,6.516,0.188,0.157,0.398,25.301,826683
1782536825709,0,0,0.000,6.524,6.533,0.188,0.157,0.215,25.215,826716
1782536825725,0,0,0.000,6.524,6.508,0.157,0.126,0.328,25.301,826749
1782536825758,0,0,0.012,6.524,6.533,0.188,0.157,0.215,25.301,826782
1782536825790,0,0,0.000,6.533,6.541,0.157,0.126,0.204,25.301,826815
1782536825824,0,0,0.000,6.533,6.524,0.220,0.157,0.247,25.301,826848
1782536825857,0,0,0.000,6.524,6.516,0.188,0.157,0.312,25.301,826881
1782536825897,0,0,0.000,6.533,6.533,0.188,0.188,0.204,25.301,826914
1782536825925,0,0,0.000,6.533,6.516,0.188,0.220,0.220,25.301,826947
1782536825956,0,0,0.000,6.533,6.524,0.157,0.157,0.204,25.301,826980
1782536826008,0,0,0.006,6.524,6.516,0.188,0.188,0.204,25.301,827013
1782536826026,0,0,0.000,6.533,6.533,0.188,0.157,0.333,25.301,827046
1782536826058,0,0,0.000,6.533,6.524,0.188,0.157,0.210,25.301,827079
1782536826090,0,0,0.000,6.533,6.524,0.188,0.157,0.247,25.387,827112
1782536826123,0,0,0.000,6.533,6.524,0.157,0.157,0.210,25.301,827145
1782536826156,0,0,0.000,6.524,6.524,0.188,0.126,0.323,25.301,827178
1782536826189,0,0,0.000,6.524,6.516,0.188,0.157,0.204,25.301,827211
1782536826223,0,0,0.000,6.533,6.516,0.188,0.126,0.323,25.301,827244
1782536826263,0,0,0.000,6.533,6.533,0.188,0.157,0.210,25.301,827277
1782536826291,0,0,0.000,6.524,6.524,0.188,0.157,0.280,25.301,827310
1782536826322,0,0,0.000,6.524,6.524,0.188,0.157,0.204,25.301,827343
1782536826357,0,0,0.000,6.524,6.533,0.126,0.157,0.323,25.301,827376
1782536826391,0,0,0.000,6.524,6.524,0.251,0.157,0.199,25.301,827409
1782536826422,0,0,0.000,6.524,6.524,0.188,0.157,0.226,25.301,827442
1782536826456,0,0,0.000,6.533,6.524,0.188,0.157,0.226,25.215,827475
1782536826488,0,0,0.000,6.533,6.516,0.188,0.126,0.242,25.301,827508
1782536826522,0,0,0.000,6.533,6.524,0.157,0.157,0.301,25.301,827541
1782536826556,0,0,0.000,6.533,6.541,0.188,0.157,0.220,25.215,827574
1782536826596,0,0,0.000,6.533,6.524,0.220,0.126,0.194,25.301,827607
1782536826628,0,0,0.000,6.533,6.524,0.126,0.094,0.306,25.215,827640
1782536826655,0,0,0.000,6.533,6.533,0.157,0.188,0.210,25.301,827673
1782536826688,0,0,0.006,6.524,6.533,0.188,0.157,0.215,25.301,827706
1782536826723,0,0,0.000,6.524,6.516,0.188,0.157,0.344,25.301,827739
1782536826756,0,0,0.006,6.524,6.533,0.188,0.157,0.226,25.387,827772
1782536826788,0,0,0.000,6.533,6.524,0.188,0.157,0.215,25.301,827805
1782536826839,0,0,0.000,6.516,6.533,0.188,0.157,0.210,25.387,827838
1782536826854,0,0,0.000,6.541,6.524,0.251,0.126,0.204,25.301,827871
1782536826888,0,0,0.000,6.524,6.524,0.188,0.157,0.274,25.301,827904
1782536826927,0,0,0.000,6.541,6.524,0.220,0.126,0.210,25.301,827937
1782536826954,0,0,0.000,6.533,6.524,0.188,0.188,0.204,25.301,827970
1782536826987,0,0,0.000,6.533,6.524,0.188,0.157,0.247,25.301,828003
1782536827020,0,0,0.000,6.524,6.533,0.188,0.126,0.226,25.301,828036
1782536827054,0,0,0.000,6.541,6.533,0.188,0.157,0.215,25.301,828069
1782536827087,0,0,0.000,6.524,6.533,0.188,0.220,0.199,25.301,828102
1782536827120,0,0,0.000,6.524,6.533,0.188,0.188,0.237,25.301,828135
1782536827153,0,0,0.000,6.524,6.516,0.188,0.157,0.210,25.215,828168
1782536827189,0,0,0.000,6.533,6.533,0.188,0.157,0.204,25.301,828201
1782536827221,0,0,0.000,6.533,6.524,0.188,0.157,0.220,25.301,828234
1782536827253,0,0,0.000,6.533,6.524,0.188,0.157,0.199,25.301,828267
1782536827286,0,0,0.000,6.541,6.524,0.157,0.126,0.258,25.215,828300
1782536827321,0,0,0.000,6.533,6.524,0.188,0.157,0.215,25.301,828333
1782536827353,0,0,0.000,6.541,6.516,0.188,0.188,0.263,25.215,828366
1782536827386,0,0,0.000,6.533,6.516,0.188,0.157,0.210,25.301,828399
1782536827420,0,0,0.000,6.533,6.524,0.188,0.157,0.220,25.301,828432
1782536827452,0,0,0.000,6.533,6.524,0.126,0.188,0.215,25.301,828465
1782536827496,0,0,0.000,6.533,6.524,0.188,0.157,0.215,25.215,828498
1782536827528,0,0,0.000,6.533,6.524,0.157,0.126,0.199,25.301,828531
1782536827553,0,0,0.000,6.533,6.524,0.188,0.157,0.199,25.301,828564
1782536827586,0,0,0.000,6.533,6.524,0.188,0.157,0.210,25.301,828597
1782536827620,0,0,0.000,6.533,6.541,0.188,0.157,0.231,25.301,828630
1782536827653,0,0,0.000,6.524,6.524,0.157,0.157,0.237,25.301,828663
1782536827686,0,0,0.000,6.524,6.524,0.188,0.188,0.226,25.301,828696
1782536827719,0,0,0.000,6.533,6.533,0.157,0.188,0.204,25.215,828729
1782536827753,0,0,0.006,6.533,6.524,0.188,0.157,0.226,25.301,828762
1782536827786,0,0,0.000,6.533,6.541,0.188,0.157,0.194,25.301,828795
1782536827820,0,0,0.006,6.533,6.508,0.188,0.157,0.323,25.301,828828
1782536827858,0,0,0.000,6.524,6.524,0.188,0.188,0.220,25.301,828861
1782536827887,0,0,0.000,6.541,6.524,0.188,0.157,0.220,25.301,828894
1782536827934,0,0,0.000,6.533,6.524,0.188,0.188,0.210,25.301,828927
1782536827951,0,0,0.000,6.524,6.541,0.220,0.157,0.215,25.301,828960
1782536827991,0,0,0.000,6.533,6.524,0.188,0.157,0.210,25.301,828993
1782536828018,0,0,0.000,6.533,6.516,0.188,0.188,0.306,25.301,829026
1782536828054,0,0,0.000,6.524,6.524,0.157,0.157,0.204,25.215,829059
1782536828087,0,0,0.006,6.533,6.524,0.188,0.157,0.204,25.301,829092
1782536828118,0,0,0.000,6.533,6.533,0.188,0.157,0.204,25.301,829125
1782536828158,0,0,0.000,6.533,6.524,0.188,0.126,0.220,25.301,829158
1782536828189,0,0,0.000,6.533,6.533,0.188,0.157,0.258,25.301,829191
1782536828227,0,0,0.000,6.524,6.516,0.188,0.157,0.323,25.301,829224
1782536828269,0,0,0.000,6.557,6.524,0.188,0.188,0.204,25.301,829257
1782536828306,0,0,0.000,6.533,6.533,0.188,0.157,0.194,25.301,829290
1782536828327,0,0,0.000,6.524,6.524,0.188,0.157,0.280,25.301,829323
1782536828370,0,0,0.000,6.549,6.533,0.126,0.157,0.204,25.301,829356
1782536828488,0,0,0.000,6.533,6.524,0.188,0.126,0.215,25.301,829389
1782536828541,0,0,0.006,6.524,6.533,0.157,0.126,0.204,25.301,829422
1782536828541,0,0,0.000,6.541,6.524,0.157,0.126,0.263,25.301,829455
1782536828541,0,0,0.000,6.541,6.524,0.188,0.188,0.247,25.301,829488
1782536828541,0,0,0.000,6.524,6.524,0.188,0.157,0.226,25.301,829521
1782536828553,0,0,0.000,6.533,6.524,0.188,0.126,0.312,25.301,829554
1782536828585,0,0,0.000,6.524,6.516,0.220,0.126,0.215,25.301,829587
1782536828617,0,0,0.006,6.524,6.541,0.220,0.220,0.204,25.301,829620
1782536828651,0,0,0.000,6.533,6.533,0.188,0.188,0.226,25.301,829653
1782536828691,0,0,0.000,6.533,6.524,0.188,0.157,0.199,25.301,829686
1782536828722,0,0,0.000,6.533,6.524,0.188,0.157,0.242,25.301,829719
1782536828750,0,0,0.000,6.524,6.541,0.157,0.157,0.231,25.301,829752
1782536828791,0,0,0.000,6.541,6.541,0.157,0.126,0.220,25.301,829785
1782536828832,0,0,0.006,6.524,6.524,0.126,0.157,0.231,25.301,829818
1782536828855,0,0,0.000,6.533,6.524,0.188,0.126,0.204,25.301,829851
1782536828890,0,0,0.000,6.533,6.533,0.188,0.188,0.231,25.301,829884
1782536828921,0,0,0.000,6.533,6.541,0.188,0.157,0.226,25.301,829917
1782536828951,0,0,0.000,6.533,6.524,0.220,0.157,0.226,25.301,829950
1782536828997,0,0,0.000,6.524,6.524,0.188,0.157,0.220,25.301,829983
1782536829017,0,0,0.000,6.533,6.516,0.188,0.157,0.215,25.301,830016
1782536829059,0,0,0.000,6.533,6.524,0.220,0.188,0.204,25.301,830049
1782536829098,0,0,0.000,6.533,6.524,0.220,0.126,0.290,25.301,830082
1782536829129,0,0,0.000,6.516,6.508,0.220,0.157,0.387,25.301,830115
1782536829168,0,0,0.000,6.541,6.533,0.188,0.157,0.199,25.301,830148
1782536829219,0,0,0.000,6.533,6.516,0.188,0.157,0.392,25.215,830181
1782536829242,0,0,0.000,6.541,6.533,0.188,0.220,0.204,25.215,830214
1782536829272,0,0,0.000,6.533,6.524,0.188,0.220,0.199,25.301,830247
1782536829289,0,0,0.000,6.533,6.524,0.188,0.188,0.199,25.301,830280
1782536829328,0,0,0.000,6.533,6.524,0.188,0.188,0.237,25.387,830313
1782536829357,0,0,0.000,6.541,6.533,0.157,0.126,0.220,25.301,830346
1782536829388,0,0,0.000,6.533,6.533,0.188,0.157,0.210,25.215,830379
1782536829422,0,0,0.000,6.533,6.524,0.188,0.157,0.215,25.301,830412
1782536829454,0,0,0.012,6.541,6.533,0.188,0.157,0.210,25.215,830445
1782536829488,0,0,0.000,6.524,6.524,0.157,0.157,0.387,25.301,830478
1782536829541,0,0,0.000,6.541,6.524,0.220,0.157,0.215,25.301,830511
1782536829553,0,0,0.000,6.549,6.524,0.188,0.157,0.204,25.301,830544
1782536829593,0,0,0.000,6.524,6.524,0.188,0.188,0.306,25.301,830577
1782536829627,0,0,0.006,6.541,6.533,0.188,0.126,0.210,25.301,830610
1782536829663,0,0,0.012,6.533,6.524,0.188,0.188,0.204,25.301,830643
1782536829694,0,0,0.000,6.533,6.533,0.188,0.126,0.269,25.301,830676
1782536829720,0,0,0.000,6.524,6.516,0.188,0.126,0.414,25.301,830709
1782536829753,0,0,0.000,6.541,6.533,0.188,0.157,0.210,25.301,830742
1782536829785,0,0,0.000,6.533,6.533,0.157,0.126,0.220,25.301,830775
1782536829922,0,0,0.006,6.533,6.533,0.157,0.188,0.210,25.301,830808
1782536829935,0,0,0.000,6.533,6.541,0.188,0.157,0.199,25.301,830841
1782536829942,0,0,0.000,6.533,6.524,0.157,0.157,0.274,25.301,830874
1782536829942,0,0,0.000,6.533,6.541,0.157,0.126,0.215,25.301,830907
1782536829956,0,0,0.006,6.524,6.524,0.157,0.157,0.274,25.301,830940
1782536829983,0,0,0.000,6.533,6.524,0.220,0.157,0.215,25.301,830973
1782536830016,0,0,0.000,6.524,6.524,0.220,0.188,0.269,25.215,831006
1782536830049,0,0,0.000,6.541,6.533,0.188,0.188,0.215,25.301,831039
1782536830090,0,0,0.012,6.541,6.541,0.220,0.126,0.215,25.301,831072
1782536830114,0,0,0.006,6.516,6.524,0.188,0.157,0.204,25.301,831105
1782536830153,0,0,0.000,6.533,6.524,0.157,0.188,0.204,25.301,831138
1782536830180,0,0,0.000,6.524,6.524,0.188,0.157,0.237,25.301,831171
1782536830213,0,0,0.000,6.533,6.524,0.126,0.126,0.204,25.301,831204
1782536830249,0,0,0.006,6.524,6.524,0.188,0.188,0.317,25.301,831237
1782536830282,0,0,0.000,6.533,6.533,0.188,0.188,0.210,25.301,831270
1782536830323,0,0,0.000,6.524,6.516,0.188,0.157,0.215,25.301,831303
1782536830346,0,0,0.000,6.533,6.516,0.188,0.126,0.204,25.301,831336
1782536830381,0,0,0.000,6.533,6.533,0.188,0.126,0.220,25.301,831369
1782536830416,0,0,0.000,6.533,6.524,0.188,0.157,0.215,25.301,831402
1782536830446,0,0,0.000,6.516,6.516,0.220,0.126,0.435,25.215,831435
1782536830480,0,0,0.006,6.533,6.524,0.157,0.157,0.210,25.301,831468
1782536830518,0,0,0.000,6.524,6.516,0.188,0.157,0.333,25.301,831501
1782536830564,0,0,0.000,6.524,6.524,0.188,0.157,0.323,25.301,831534
1782536830579,0,0,0.000,6.533,6.524,0.188,0.157,0.312,25.301,831567
1782536830618,0,0,0.000,6.524,6.533,0.157,0.188,0.226,25.301,831600
1782536830647,0,0,0.000,6.533,6.541,0.188,0.157,0.355,25.301,831633
1782536830689,0,0,0.000,6.541,6.524,0.157,0.157,0.258,25.301,831666
1782536830716,0,0,0.000,6.541,6.524,0.188,0.157,0.280,25.301,831699
1782536830744,0,0,0.000,6.524,6.524,0.188,0.157,0.215,25.215,831732
1782536830777,0,0,0.000,6.533,6.533,0.188,0.157,0.204,25.215,831765
1782536830817,0,0,0.000,6.508,6.508,0.188,0.188,0.344,25.301,831798
1782536830844,0,0,0.000,6.524,6.524,0.188,0.157,0.220,25.301,831831
1782536830899,0,0,0.000,6.541,6.524,0.188,0.157,0.210,25.301,831864
1782536830932,0,0,0.000,6.541,6.541,0.188,0.157,0.199,25.215,831897
1782536830947,0,0,0.000,6.524,6.524,0.220,0.157,0.274,25.301,831930
1782536830977,0,0,0.000,6.533,6.549,0.188,0.157,0.210,25.301,831963
1782536831012,0,0,0.000,6.533,6.524,0.188,0.157,0.210,25.301,831996
1782536831050,0,0,0.006,6.533,6.524,0.188,0.157,0.210,25.301,832029
1782536831082,0,0,0.000,6.533,6.524,0.157,0.157,0.215,25.301,832062
1782536831115,0,0,0.006,6.516,6.516,0.251,0.188,0.430,25.215,832095
1782536831143,0,0,0.006,6.533,6.533,0.188,0.157,0.317,25.301,832128
1782536831177,0,0,0.000,6.524,6.533,0.157,0.126,0.344,25.301,832161
1782536831212,0,0,0.006,6.541,6.533,0.157,0.251,0.220,25.301,832194
1782536831244,0,0,0.012,6.533,6.524,0.251,0.157,0.237,25.301,832227
1782536831277,0,0,0.000,6.533,6.524,0.157,0.157,0.226,25.301,832260
1782536831311,0,0,0.000,6.533,6.524,0.188,0.157,0.215,25.215,832293
1782536831345,0,0,0.000,6.541,6.524,0.157,0.157,0.220,25.301,832326
1782536831378,0,0,0.000,6.533,6.533,0.188,0.188,0.237,25.301,832359
1782536831410,0,0,0.000,6.533,6.524,0.188,0.188,0.237,25.301,832392
1782536831483,0,0,0.000,6.533,6.533,0.188,0.157,0.242,25.301,832425
1782536831484,0,0,0.006,6.533,6.524,0.251,0.220,0.215,25.301,832458
1782536831509,0,0,0.000,6.533,6.524,0.188,0.157,0.237,25.129,832491
1782536831563,0,0,0.006,6.533,6.524,0.126,0.126,0.204,25.301,832524
1782536831576,0,0,0.000,6.533,6.524,0.188,0.126,0.215,25.301,832557
1782536831608,0,0,0.000,6.524,6.516,0.188,0.157,0.280,25.301,832590
1782536831642,0,0,0.000,6.533,6.508,0.188,0.126,0.317,25.215,832623
1782536831718,0,0,0.000,6.549,6.524,0.251,0.157,0.215,25.301,832656
1782536831718,0,0,0.000,6.533,6.533,0.126,0.157,0.215,25.301,832689
1782536831768,0,0,0.000,6.524,6.516,0.157,0.126,0.360,25.215,832722
1782536831786,0,0,0.000,6.533,6.516,0.126,0.157,0.280,25.301,832755
1782536831809,0,0,0.000,6.524,6.524,0.157,0.157,0.269,25.301,832788
1782536831842,0,0,0.000,6.524,6.533,0.188,0.157,0.215,25.301,832821
1782536831877,0,0,0.000,6.533,6.533,0.157,0.188,0.210,25.301,832854
1782536831911,0,0,0.000,6.524,6.516,0.188,0.126,0.435,25.301,832887
1782536831945,0,0,0.000,6.533,6.524,0.157,0.157,0.215,25.301,832920
1782536831981,0,0,0.000,6.533,6.524,0.188,0.126,0.317,25.301,832953
1782536832010,0,0,0.006,6.533,6.533,0.188,0.157,0.210,25.301,832986
1782536832047,0,0,0.000,6.524,6.533,0.188,0.157,0.210,25.301,833019
1782536832075,0,0,0.000,6.533,6.541,0.188,0.220,0.253,25.301,833052
1782536832112,0,0,0.000,6.541,6.524,0.220,0.157,0.220,25.215,833085
1782536832140,0,0,0.000,6.533,6.524,0.188,0.157,0.204,25.301,833118
1782536832189,0,0,0.000,6.533,6.524,0.188,0.126,0.204,25.301,833151
1782536832206,0,0,0.000,6.533,6.524,0.188,0.157,0.210,25.301,833184
1782536832240,0,0,0.000,6.541,6.524,0.157,0.157,0.220,25.301,833217
1782536832276,0,0,0.000,6.524,6.524,0.220,0.157,0.220,25.301,833250
1782536832307,0,0,0.000,6.533,6.524,0.188,0.157,0.204,25.301,833283
1782536832346,0,0,0.000,6.533,6.524,0.188,0.157,0.237,25.301,833316
1782536832374,0,0,0.006,6.533,6.524,0.188,0.157,0.220,25.129,833349
1782536832409,0,0,0.006,6.533,6.524,0.188,0.157,0.247,25.301,833382
1782536832447,0,0,0.000,6.516,6.516,0.188,0.157,0.328,25.301,833415
1782536832475,0,0,0.000,6.533,6.524,0.188,0.157,0.220,25.301,833448
1782536832528,0,0,0.000,6.524,6.524,0.188,0.157,0.226,25.301,833481
1782536832563,0,0,0.000,6.533,6.524,0.188,0.157,0.210,25.301,833514
1782536832583,0,0,0.000,6.533,6.533,0.188,0.157,0.215,25.301,833547
1782536832609,0,0,0.000,6.533,6.524,0.188,0.188,0.253,25.301,833580
1782536832641,0,0,0.000,6.549,6.533,0.220,0.188,0.210,25.301,833613
1782536832673,0,0,0.000,6.533,6.524,0.157,0.157,0.210,25.301,833646
1782536832708,0,0,0.000,6.533,6.533,0.188,0.188,0.210,25.301,833679
1782536832740,0,0,0.000,6.533,6.524,0.188,0.157,0.210,25.301,833712
1782536832816,0,0,0.000,6.533,6.533,0.188,0.157,0.210,25.301,833745
1782536832817,0,0,0.000,6.533,6.524,0.188,0.157,0.204,25.215,833778
1782536832843,0,0,0.000,6.533,6.524,0.188,0.157,0.215,25.301,833811
1782536832872,0,0,0.006,6.533,6.524,0.157,0.157,0.263,25.301,833844
1782536832905,0,0,0.000,6.524,6.516,0.220,0.126,0.274,25.301,833877
1782536832938,0,0,0.000,6.541,6.533,0.188,0.157,0.210,25.301,833910
1782536832974,0,0,0.006,6.533,6.533,0.188,0.157,0.215,25.301,833943
1782536833012,0,0,0.000,6.524,6.533,0.251,0.126,0.215,25.301,833976
1782536833038,0,0,0.000,6.533,6.524,0.188,0.157,0.280,25.215,834009
1782536833073,0,0,0.000,6.524,6.533,0.188,0.188,0.210,25.215,834042
1782536833108,0,0,0.000,6.533,6.533,0.188,0.126,0.220,25.301,834075
1782536833143,0,0,0.000,6.533,6.524,0.126,0.188,0.226,25.301,834108
1782536833211,0,0,0.000,6.533,6.533,0.188,0.126,0.210,25.301,834141
1782536833220,0,0,0.006,6.533,6.524,0.188,0.157,0.220,25.301,834174
1782536833240,0,0,0.000,6.541,6.533,0.157,0.157,0.210,25.301,834207
1782536833281,0,0,0.000,6.533,6.524,0.157,0.157,0.210,25.301,834240
1782536833309,0,0,0.000,6.533,6.524,0.188,0.188,0.215,25.301,834273
1782536833339,0,0,0.000,6.549,6.524,0.188,0.157,0.220,25.215,834306
1782536833391,0,0,0.006,6.524,6.541,0.188,0.157,0.237,25.301,834339
1782536833412,0,0,0.000,6.533,6.541,0.188,0.126,0.226,25.301,834372
1782536833438,0,0,0.000,6.533,6.524,0.251,0.188,0.242,25.215,834405
1782536833472,0,0,0.006,6.524,6.541,0.188,0.157,0.220,25.301,834438
1782536833518,0,0,0.006,6.524,6.541,0.188,0.188,0.204,25.215,834471
1782536833558,0,0,0.000,6.524,6.524,0.188,0.157,0.258,25.301,834504
1782536833586,0,0,0.000,6.533,6.533,0.220,0.157,0.210,25.301,834537
1782536833612,0,0,0.012,6.533,6.516,0.157,0.157,0.215,25.215,834570
1782536833645,0,0,0.006,6.533,6.524,0.188,0.126,0.242,25.301,834603
1782536833679,0,0,0.000,6.533,6.533,0.220,0.126,0.247,25.301,834636
1782536833715,0,0,0.000,6.533,6.524,0.188,0.188,0.258,25.301,834669
1782536833744,0,0,0.000,6.533,6.524,0.251,0.157,0.215,25.301,834702
1782536833777,0,0,0.000,6.533,6.524,0.220,0.188,0.220,25.301,834735
1782536833813,0,0,0.000,6.524,6.516,0.188,0.157,0.226,25.301,834768
1782536833845,0,0,0.006,6.533,6.533,0.188,0.126,0.210,25.301,834801
1782536833877,0,0,0.000,6.524,6.524,0.188,0.157,0.210,25.301,834834
1782536833912,0,0,0.000,6.524,6.541,0.188,0.157,0.242,25.301,834867
1782536833942,0,0,0.006,6.533,6.533,0.157,0.157,0.204,25.301,834900
1782536833979,0,0,0.000,6.533,6.524,0.220,0.188,0.237,25.301,834933
1782536834008,0,0,0.000,6.533,6.524,0.157,0.126,0.215,25.301,834966
1782536834041,0,0,0.000,6.533,6.533,0.188,0.157,0.210,25.301,834999
1782536834076,0,0,0.000,6.541,6.516,0.157,0.157,0.199,25.301,835032
1782536834110,0,0,0.000,6.533,6.524,0.188,0.157,0.247,25.301,835065
1782536834140,0,0,0.000,6.533,6.524,0.188,0.157,0.231,25.301,835098
1782536834173,0,0,0.000,6.524,6.533,0.188,0.126,0.215,25.215,835131
1782536834206,0,0,0.006,6.533,6.524,0.220,0.157,0.204,25.301,835164
1782536834247,0,0,0.000,6.524,6.541,0.157,0.188,0.215,25.301,835197
1782536834276,0,0,0.006,6.533,6.524,0.188,0.126,0.199,25.301,835230
1782536834307,0,0,0.000,6.533,6.533,0.188,0.157,0.231,25.215,835263
1782536834340,0,0,0.000,6.541,6.541,0.188,0.157,0.204,25.215,835296
1782536834371,0,0,0.000,6.533,6.524,0.188,0.188,0.215,25.301,835329
1782536834405,0,0,0.000,6.524,6.524,0.188,0.157,0.360,25.301,835362
1782536834440,0,0,0.000,6.541,6.524,0.220,0.188,0.210,25.301,835395
1782536834470,0,0,0.000,6.533,6.541,0.188,0.157,0.204,25.215,835428
1782536834505,0,0,0.006,6.524,6.524,0.188,0.157,0.204,25.301,835461
1782536834547,0,0,0.006,6.533,6.524,0.251,0.126,0.220,25.301,835494
1782536834573,0,0,0.000,6.524,6.524,0.157,0.157,0.366,25.301,835527
1782536834606,0,0,0.000,6.533,6.524,0.188,0.157,0.263,25.301,835560
1782536834643,0,0,0.000,6.533,6.516,0.188,0.126,0.290,25.301,835593
1782536834669,0,0,0.000,6.533,6.533,0.188,0.157,0.258,25.215,835626
1782536834705,0,0,0.000,6.524,6.524,0.188,0.157,0.371,25.215,835659
1782536834761,0,0,0.006,6.533,6.524,0.157,0.157,0.290,25.301,835692
1782536834777,0,0,0.000,6.516,6.524,0.188,0.157,0.280,25.215,835725
1782536834826,0,0,0.000,6.524,6.524,0.188,0.157,0.274,25.301,835758
1782536834834,0,0,0.000,6.524,6.516,0.188,0.157,0.452,25.301,835791
1782536834867,0,0,0.000,6.533,6.541,0.188,0.188,0.220,25.215,835824
1782536834900,0,0,0.000,6.533,6.524,0.157,0.157,0.339,25.301,835857
1782536834933,0,0,0.000,6.533,6.533,0.188,0.157,0.220,25.301,835890
1782536834968,0,0,0.000,6.524,6.524,0.188,0.157,0.220,25.301,835923
1782536835000,0,0,0.000,6.533,6.533,0.188,0.157,0.199,25.301,835956
1782536835034,0,0,0.000,6.533,6.516,0.188,0.157,0.242,25.215,835989
1782536835068,0,0,0.006,6.524,6.524,0.157,0.157,0.199,25.301,836022
1782536835099,0,0,0.000,6.524,6.533,0.157,0.157,0.204,25.215,836055
1782536835143,0,0,0.000,6.549,6.541,0.188,0.188,0.199,25.301,836088
1782536835170,0,0,0.000,6.524,6.524,0.188,0.188,0.247,25.301,836121
1782536835199,0,0,0.000,6.524,6.533,0.188,0.157,0.215,25.301,836154
1782536835233,0,0,0.000,6.524,6.524,0.220,0.157,0.285,25.301,836187
1782536835266,0,0,0.000,6.524,6.533,0.157,0.157,0.312,25.215,836220
1782536835301,0,0,0.006,6.533,6.516,0.188,0.157,0.274,25.301,836253
1782536835332,0,0,0.000,6.533,6.533,0.157,0.220,0.247,25.301,836286
1782536835365,0,0,0.000,6.524,6.533,0.188,0.126,0.280,25.215,836319
1782536835399,0,0,0.000,6.533,6.508,0.188,0.188,0.452,25.301,836352
1782536835433,0,0,0.006,6.541,6.524,0.157,0.188,0.231,25.301,836385
1782536835465,0,0,0.000,6.533,6.524,0.188,0.157,0.237,25.215,836418
1782536835498,0,0,0.000,6.549,6.533,0.188,0.157,0.210,25.301,836451
1782536835532,0,0,0.000,6.524,6.516,0.188,0.188,0.328,25.301,836484
1782536835565,0,0,0.006,6.541,6.524,0.157,0.126,0.258,25.215,836517
1782536835600,0,0,0.000,6.533,6.508,0.188,0.126,0.462,25.301,836550
1782536835643,0,0,0.000,6.533,6.533,0.188,0.157,0.258,25.301,836583
1782536835672,0,0,0.006,6.524,6.533,0.220,0.220,0.215,25.215,836616
1782536835710,0,0,0.006,6.533,6.524,0.188,0.157,0.215,25.301,836649
1782536835735,0,0,0.000,6.533,6.524,0.188,0.157,0.215,25.215,836682
1782536835773,0,0,0.000,6.533,6.524,0.157,0.126,0.215,25.301,836715
1782536835800,0,0,0.000,6.533,6.516,0.188,0.157,0.323,25.215,836748
1782536835830,0,0,0.000,6.533,6.533,0.157,0.157,0.237,25.215,836781
1782536835864,0,0,0.000,6.541,6.524,0.188,0.157,0.231,25.301,836814
1782536835897,0,0,0.006,6.524,6.524,0.188,0.157,0.328,25.215,836847
1782536835934,0,0,0.000,6.533,6.533,0.126,0.126,0.204,25.215,836880
1782536835968,0,0,0.000,6.533,6.524,0.188,0.126,0.210,25.301,836913
1782536835998,0,0,0.000,6.533,6.524,0.157,0.157,0.355,25.301,836946
1782536836041,0,0,0.000,6.533,6.524,0.188,0.157,0.269,25.215,836979
1782536836063,0,0,0.000,6.533,6.524,0.188,0.188,0.215,25.301,837012
1782536836100,0,0,0.006,6.533,6.533,0.126,0.157,0.204,25.215,837045
1782536836131,0,0,0.000,6.524,6.533,0.157,0.157,0.323,25.215,837078
1782536836167,0,0,0.000,6.533,6.533,0.188,0.188,0.210,25.301,837111
1782536836198,0,0,0.000,6.533,6.516,0.188,0.157,0.215,25.301,837144
1782536836234,0,0,0.000,6.533,6.524,0.188,0.157,0.210,25.215,837177
1782536836264,0,0,0.000,6.524,6.524,0.188,0.126,0.253,25.215,837210
1782536836299,0,0,0.000,6.541,6.524,0.157,0.188,0.220,25.301,837243
1782536836330,0,0,0.000,6.533,6.516,0.220,0.126,0.237,25.215,837276
1782536836363,0,0,0.006,6.533,6.533,0.188,0.157,0.215,25.215,837309
1782536836417,0,0,0.000,6.524,6.524,0.188,0.157,0.274,25.301,837342
1782536836433,0,0,0.000,6.541,6.516,0.188,0.157,0.215,25.301,837375
1782536836466,0,0,0.000,6.541,6.533,0.157,0.188,0.237,25.215,837408
1782536836500,0,0,0.000,6.541,6.533,0.188,0.126,0.226,25.215,837441
1782536836530,0,0,0.000,6.524,6.516,0.126,0.126,0.333,25.215,837474
1782536836569,0,0,0.000,6.533,6.516,0.188,0.126,0.237,25.301,837507
1782536836602,0,0,0.000,6.549,6.524,0.251,0.157,0.210,25.301,837540
1782536836638,0,0,0.000,6.533,6.524,0.188,0.157,0.242,25.301,837573
1782536836662,0,0,0.000,6.533,6.541,0.157,0.157,0.204,25.215,837606
1782536836699,0,0,0.000,6.533,6.541,0.188,0.157,0.237,25.301,837639
1782536836730,0,0,0.000,6.533,6.524,0.157,0.188,0.253,25.301,837672
1782536836765,0,0,0.000,6.533,6.533,0.220,0.157,0.242,25.215,837705
1782536836795,0,0,0.000,6.533,6.524,0.188,0.157,0.231,25.301,837738
1782536836828,0,0,0.000,6.533,6.541,0.188,0.157,0.237,25.301,837771
1782536836864,0,0,0.000,6.533,6.524,0.188,0.188,0.247,25.215,837804
1782536836901,0,0,0.000,6.533,6.533,0.220,0.157,0.210,25.301,837837
1782536836928,0,0,0.000,6.533,6.524,0.188,0.157,0.210,25.301,837870
1782536836966,0,0,0.006,6.533,6.524,0.157,0.157,0.215,25.215,837903
1782536837001,0,0,0.000,6.524,6.524,0.126,0.188,0.258,25.301,837936
1782536837032,0,0,0.000,6.524,6.516,0.188,0.126,0.366,25.215,837969
1782536837079,0,0,0.000,6.533,6.533,0.188,0.188,0.296,25.215,838002
1782536837100,0,0,0.000,6.533,6.524,0.188,0.157,0.210,25.301,838035
1782536837129,0,0,0.000,6.541,6.533,0.157,0.157,0.215,25.301,838068
1782536837163,0,0,0.000,6.533,6.533,0.157,0.126,0.226,25.215,838101
1782536837194,0,0,0.000,6.533,6.524,0.188,0.157,0.237,25.301,838134
1782536837233,0,0,0.000,6.541,6.524,0.157,0.157,0.215,25.215,838167
1782536837260,0,0,0.000,6.524,6.508,0.251,0.126,0.344,25.215,838200
1782536837295,0,0,0.000,6.541,6.516,0.220,0.157,0.210,25.301,838233
1782536837328,0,0,0.000,6.533,6.524,0.188,0.157,0.210,25.301,838266
1782536837368,0,0,0.000,6.524,6.524,0.188,0.157,0.317,25.215,838299
1782536837399,0,0,0.000,6.533,6.524,0.188,0.188,0.231,25.301,838332
1782536837429,0,0,0.000,6.533,6.541,0.188,0.157,0.215,25.301,838365
1782536837478,0,0,0.000,6.541,6.533,0.188,0.188,0.215,25.215,838398
1782536837492,0,0,0.000,6.533,6.524,0.188,0.157,0.226,25.215,838431
1782536837529,0,0,0.000,6.533,6.524,0.126,0.157,0.247,25.215,838464
1782536837566,0,0,0.000,6.549,6.524,0.188,0.157,0.237,25.215,838497
1782536837593,0,0,0.000,6.533,6.533,0.188,0.188,0.215,25.215,838530
1782536837627,0,0,0.000,6.533,6.524,0.188,0.157,0.226,25.301,838563
1782536837663,0,0,0.000,6.533,6.524,0.188,0.157,0.242,25.301,838596
1782536837700,0,0,0.006,6.533,6.533,0.188,0.157,0.258,25.215,838629
1782536837726,0,0,0.000,6.533,6.524,0.220,0.157,0.231,25.301,838662
1782536837758,0,0,0.000,6.524,6.524,0.188,0.157,0.366,25.301,838695
1782536837795,0,0,0.006,6.541,6.533,0.188,0.157,0.215,25.215,838728
1782536837827,0,0,0.000,6.524,6.516,0.220,0.126,0.376,25.301,838761
1782536837858,0,0,0.000,6.541,6.533,0.220,0.157,0.210,25.215,838794
1782536837899,0,0,0.000,6.533,6.533,0.188,0.126,0.253,25.129,838827
1782536837925,0,0,0.000,6.524,6.533,0.220,0.157,0.215,25.215,838860
1782536837973,0,0,0.006,6.541,6.533,0.188,0.188,0.210,25.301,838893
1782536838004,0,0,0.000,6.533,6.541,0.157,0.126,0.231,25.215,838926
1782536838066,0,0,0.000,6.541,6.549,0.188,0.220,0.210,25.301,838959
1782536838068,0,0,0.000,6.541,6.533,0.188,0.157,0.220,25.215,838992
1782536838100,0,0,0.006,6.524,6.524,0.188,0.188,0.344,25.215,839025
1782536838137,0,0,0.000,6.541,6.524,0.188,0.157,0.231,25.215,839058
1782536838166,0,0,0.000,6.524,6.524,0.188,0.157,0.285,25.215,839091
1782536838205,0,0,0.000,6.533,6.533,0.220,0.157,0.237,25.215,839124
1782536838242,0,0,0.000,6.533,6.516,0.126,0.126,0.344,25.215,839157
1782536838268,0,0,0.012,6.541,6.524,0.157,0.126,0.204,25.215,839190
1782536838300,0,0,0.006,6.533,6.533,0.188,0.157,0.220,25.301,839223
1782536838342,0,0,0.000,6.541,6.533,0.188,0.157,0.226,25.215,839256
1782536838365,0,0,0.000,6.524,6.533,0.188,0.157,0.349,25.215,839289
1782536838398,0,0,0.000,6.533,6.533,0.188,0.157,0.210,25.215,839322
1782536838432,0,0,0.000,6.541,6.533,0.188,0.157,0.220,25.215,839355
1782536838475,0,0,0.000,6.541,6.533,0.188,0.157,0.220,25.301,839388
1782536838500,0,0,0.000,6.524,6.508,0.188,0.157,0.274,25.215,839421
1782536838531,0,0,0.006,6.541,6.533,0.188,0.157,0.210,25.301,839454
1782536838566,0,0,0.000,6.533,6.524,0.188,0.188,0.237,25.215,839487
1782536838603,0,0,0.000,6.533,6.541,0.188,0.157,0.204,25.301,839520
1782536838629,0,0,0.006,6.541,6.524,0.188,0.126,0.210,25.215,839553
1782536838664,0,0,0.000,6.533,6.533,0.188,0.157,0.210,25.301,839586
1782536838699,0,0,0.000,6.524,6.524,0.157,0.157,0.226,25.215,839619
1782536838727,0,0,0.000,6.533,6.516,0.188,0.157,0.317,25.301,839652
1782536838759,0,0,0.000,6.533,6.533,0.188,0.220,0.204,25.301,839685
1782536838793,0,0,0.000,6.533,6.533,0.188,0.157,0.210,25.215,839718
1782536838825,0,0,0.000,6.533,6.516,0.188,0.188,0.247,25.301,839751
1782536838858,0,0,0.000,6.541,6.533,0.157,0.126,0.210,25.215,839784
1782536838893,0,0,0.000,6.524,6.524,0.188,0.157,0.349,25.301,839817
1782536838946,0,0,0.000,6.533,6.533,0.188,0.188,0.199,25.215,839850
1782536838960,0,0,0.000,6.533,6.524,0.157,0.188,0.274,25.215,839883
1782536839002,0,0,0.000,6.541,6.533,0.157,0.220,0.204,25.301,839916
1782536839024,0,0,0.000,6.524,6.524,0.157,0.188,0.312,25.301,839949
1782536839058,0,0,0.000,6.541,6.533,0.188,0.157,0.210,25.215,839982
1782536839128,0,0,0.000,6.533,6.533,0.126,0.157,0.237,25.301,840015
1782536839139,0,0,0.000,6.533,6.524,0.157,0.157,0.226,25.215,840048
1782536839156,0,0,0.000,6.533,6.533,0.157,0.157,0.220,25.301,840081
1782536839190,0,0,0.000,6.541,6.524,0.188,0.157,0.339,25.301,840114
1782536839225,0,0,0.000,6.533,6.524,0.188,0.157,0.204,25.215,840147
1782536839257,0,0,0.000,6.541,6.524,0.157,0.157,0.237,25.215,840180
1782536839290,0,0,0.000,6.533,6.524,0.188,0.157,0.237,25.215,840213
1782536839323,0,0,0.000,6.533,6.533,0.188,0.157,0.328,25.215,840246
1782536839364,0,0,0.000,6.524,6.533,0.220,0.157,0.210,25.301,840279
1782536839391,0,0,0.006,6.533,6.541,0.188,0.126,0.204,25.215,840312
1782536839421,0,0,0.000,6.533,6.533,0.188,0.188,0.263,25.215,840345
1782536839458,0,0,0.000,6.533,6.533,0.157,0.126,0.210,25.215,840378
1782536839488,0,0,0.006,6.524,6.533,0.157,0.188,0.333,25.129,840411
1782536839526,0,0,0.000,6.533,6.524,0.188,0.157,0.301,25.215,840444
1782536839556,0,0,0.000,6.541,6.549,0.157,0.157,0.199,25.301,840477
1782536839588,0,0,0.006,6.541,6.524,0.188,0.126,0.204,25.215,840510
1782536839624,0,0,0.000,6.549,6.524,0.188,0.157,0.210,25.129,840543
1782536839697,0,0,0.000,6.533,6.524,0.157,0.157,0.349,25.301,840576
1782536839697,0,0,0.000,6.533,6.524,0.157,0.157,0.237,25.215,840609
1782536839738,0,0,0.000,6.541,6.524,0.157,0.157,0.285,25.215,840642
1782536839756,0,0,0.000,6.541,6.533,0.157,0.157,0.210,25.301,840675
1782536839787,0,0,0.000,6.541,6.533,0.157,0.188,0.215,25.215,840708
1782536839830,0,0,0.000,6.533,6.533,0.188,0.157,0.269,25.215,840741
1782536839856,0,0,0.000,6.549,6.541,0.188,0.126,0.199,25.215,840774
1782536839891,0,0,0.000,6.533,6.524,0.188,0.157,0.323,25.301,840807
1782536839938,0,0,0.000,6.533,6.533,0.126,0.188,0.301,25.301,840840
1782536839961,0,0,0.000,6.524,6.524,0.188,0.157,0.306,25.301,840873
1782536839987,0,0,0.000,6.533,6.533,0.188,0.157,0.220,25.215,840906
1782536840022,0,0,0.006,6.524,6.516,0.220,0.157,0.306,25.215,840939
1782536840056,0,0,0.000,6.549,6.533,0.188,0.157,0.204,25.215,840972
1782536840087,0,0,0.000,6.533,6.533,0.188,0.157,0.215,25.301,841005
1782536840121,0,0,0.000,6.533,6.533,0.188,0.157,0.210,25.215,841038
1782536840157,0,0,0.000,6.524,6.516,0.126,0.188,0.280,25.215,841071
1782536840187,0,0,0.000,6.533,6.516,0.157,0.157,0.328,25.215,841104
1782536840219,0,0,0.000,6.524,6.533,0.188,0.157,0.231,25.215,841137
1782536840255,0,0,0.006,6.533,6.533,0.188,0.157,0.231,25.215,841170
1782536840285,0,0,0.006,6.533,6.524,0.157,0.126,0.204,25.215,841203
1782536840321,0,0,0.000,6.533,6.541,0.188,0.188,0.199,25.215,841236
1782536840353,0,0,0.000,6.524,6.524,0.157,0.126,0.226,25.215,841269
1782536840387,0,0,0.000,6.524,6.524,0.157,0.157,0.258,25.215,841302
1782536840423,0,0,0.000,6.541,6.524,0.188,0.188,0.199,25.301,841335
1782536840454,0,0,0.000,6.533,6.533,0.188,0.188,0.199,25.215,841368
1782536840485,0,0,0.000,6.524,6.524,0.188,0.157,0.204,25.215,841401
1782536840520,0,0,0.000,6.533,6.533,0.188,0.126,0.204,25.215,841434
1782536840553,0,0,0.000,6.533,6.524,0.157,0.188,0.210,25.215,841467
1782536840586,0,0,0.006,6.533,6.516,0.188,0.157,0.328,25.215,841500
1782536840631,0,0,0.000,6.533,6.524,0.188,0.157,0.301,25.215,841533
1782536840656,0,0,0.000,6.533,6.516,0.188,0.157,0.446,25.215,841566
1782536840723,0,0,0.000,6.549,6.524,0.220,0.157,0.204,25.301,841599
1782536840723,0,0,0.000,6.533,6.533,0.220,0.126,0.204,25.301,841632
1782536840765,0,0,0.000,6.524,6.533,0.188,0.157,0.204,25.129,841665
1782536840786,0,0,0.000,6.549,6.533,0.126,0.220,0.210,25.215,841698
1782536840822,0,0,0.000,6.541,6.533,0.188,0.157,0.220,25.215,841731
1782536840854,0,0,0.000,6.541,6.524,0.126,0.188,0.290,25.215,841764
1782536840889,0,0,0.000,6.541,6.541,0.188,0.220,0.199,25.215,841797
1782536840920,0,0,0.000,6.533,6.533,0.188,0.157,0.280,25.215,841830
1782536840957,0,0,0.000,6.533,6.524,0.188,0.157,0.199,25.215,841863
1782536840986,0,0,0.000,6.533,6.524,0.188,0.157,0.204,25.215,841896
1782536841017,0,0,0.000,6.524,6.524,0.220,0.126,0.258,25.215,841929
1782536841059,0,0,0.000,6.541,6.533,0.188,0.157,0.226,25.215,841962
1782536841086,0,0,0.000,6.533,6.524,0.188,0.157,0.210,25.301,841995
1782536841117,0,0,0.000,6.533,6.524,0.188,0.157,0.215,25.215,842028
1782536841165,0,0,0.000,6.524,6.533,0.188,0.157,0.237,25.215,842061
1782536841185,0,0,0.000,6.533,6.533,0.188,0.126,0.204,25.215,842094
1782536841218,0,0,0.006,6.541,6.541,0.188,0.188,0.226,25.215,842127
1782536841251,0,0,0.000,6.533,6.533,0.188,0.188,0.215,25.215,842160
1782536841299,0,0,0.000,6.533,6.533,0.157,0.157,0.199,25.215,842193
1782536841366,0,0,0.006,6.533,6.533,0.157,0.126,0.204,25.215,842226
1782536841366,0,0,0.000,6.508,6.516,0.188,0.126,0.409,25.215,842259
1782536841382,0,0,0.000,6.541,6.541,0.188,0.126,0.199,25.215,842292
1782536841416,0,0,0.000,6.549,6.533,0.188,0.188,0.210,25.215,842325
1782536841450,0,0,0.000,6.541,6.533,0.157,0.157,0.210,25.129,842358
1782536841482,0,0,0.000,6.524,6.516,0.157,0.157,0.312,25.215,842391
1782536841528,0,0,0.000,6.533,6.533,0.188,0.157,0.204,25.301,842424
1782536841556,0,0,0.006,6.533,6.541,0.188,0.157,0.204,25.215,842457
1782536841582,0,0,0.006,6.533,6.524,0.188,0.157,0.204,25.215,842490
1782536841616,0,0,0.000,6.533,6.541,0.157,0.157,0.199,25.215,842523
1782536841649,0,0,0.000,6.541,6.533,0.188,0.188,0.204,25.215,842556
1782536841684,0,0,0.000,6.533,6.508,0.188,0.126,0.220,25.215,842589
1782536841715,0,0,0.000,6.533,6.533,0.188,0.157,0.210,25.215,842622
1782536841748,0,0,0.000,6.541,6.533,0.188,0.157,0.231,25.215,842655
1782536841782,0,0,0.000,6.541,6.533,0.188,0.157,0.215,25.215,842688
1782536841816,0,0,0.000,6.533,6.533,0.157,0.188,0.231,25.215,842721
1782536841848,0,0,0.000,6.533,6.549,0.188,0.157,0.210,25.215,842754
1782536841883,0,0,0.006,6.541,6.533,0.220,0.188,0.226,25.215,842787
1782536841915,0,0,0.000,6.541,6.516,0.157,0.188,0.204,25.215,842820
1782536841957,0,0,0.000,6.533,6.533,0.188,0.157,0.210,25.215,842853
1782536841982,0,0,0.000,6.524,6.516,0.188,0.157,0.360,25.301,842886
1782536842017,0,0,0.000,6.533,6.524,0.188,0.157,0.220,25.301,842919
1782536842048,0,0,0.006,6.533,6.524,0.157,0.157,0.269,25.301,842952
1782536842087,0,0,0.000,6.533,6.533,0.188,0.157,0.215,25.215,842985
1782536842118,0,0,0.000,6.533,6.533,0.188,0.157,0.204,25.215,843018
1782536842159,0,0,0.000,6.533,6.524,0.126,0.188,0.199,25.215,843051
1782536842186,0,0,0.000,6.524,6.541,0.188,0.188,0.274,25.301,843084
1782536842218,0,0,0.000,6.541,6.533,0.188,0.157,0.199,25.301,843117
1782536842249,0,0,0.000,6.533,6.533,0.188,0.157,0.220,25.215,843150
1782536842287,0,0,0.000,6.524,6.524,0.188,0.157,0.328,25.215,843183
1782536842314,0,0,0.000,6.533,6.549,0.188,0.157,0.204,25.215,843216
1782536842348,0,0,0.000,6.524,6.533,0.188,0.188,0.199,25.215,843249
1782536842380,0,0,0.006,6.541,6.533,0.220,0.157,0.226,25.301,843282
1782536842435,0,0,0.000,6.533,6.533,0.188,0.157,0.204,25.301,843315
1782536842447,0,0,0.000,6.533,6.533,0.157,0.157,0.215,25.301,843348
1782536842492,0,0,0.000,6.533,6.533,0.188,0.157,0.215,25.301,843381
1782536842522,0,0,0.000,6.541,6.541,0.188,0.157,0.204,25.215,843414
1782536842564,0,0,0.006,6.541,6.524,0.188,0.157,0.204,25.215,843447
1782536842596,0,0,0.000,6.533,6.524,0.220,0.220,0.231,25.215,843480
1782536842622,0,0,0.000,6.533,6.533,0.126,0.157,0.231,25.215,843513
1782536842654,0,0,0.000,6.533,6.533,0.126,0.157,0.204,25.301,843546
1782536842696,0,0,0.000,6.533,6.533,0.188,0.157,0.226,25.215,843579
1782536842720,0,0,0.000,6.524,6.524,0.188,0.188,0.323,25.301,843612
1782536842766,0,0,0.006,6.533,6.533,0.188,0.126,0.215,25.215,843645
1782536842787,0,0,0.006,6.533,6.533,0.188,0.188,0.317,25.215,843678
1782536842828,0,0,0.000,6.533,6.524,0.220,0.157,0.220,25.301,843711
1782536842853,0,0,0.006,6.541,6.524,0.188,0.157,0.296,25.215,843744
1782536842886,0,0,0.000,6.541,6.533,0.157,0.188,0.220,25.215,843777
1782536842921,0,0,0.000,6.533,6.533,0.188,0.188,0.269,25.215,843810
1782536842952,0,0,0.000,6.533,6.524,0.220,0.157,0.210,25.301,843843
1782536842984,0,0,0.000,6.533,6.533,0.188,0.126,0.204,25.215,843876
1782536843016,0,0,0.000,6.541,6.533,0.188,0.157,0.183,25.215,843909
1782536843053,0,0,0.000,6.533,6.533,0.188,0.188,0.290,25.215,843942
1782536843086,0,0,0.000,6.533,6.533,0.188,0.157,0.215,25.215,843975
1782536843117,0,0,0.000,6.541,6.533,0.157,0.188,0.285,25.215,844008
1782536843168,0,0,0.000,6.541,6.524,0.188,0.188,0.274,25.215,844041
1782536843202,0,0,0.000,6.541,6.524,0.188,0.157,0.204,25.301,844074
1782536843217,0,0,0.000,6.541,6.541,0.188,0.157,0.204,25.215,844107
1782536843248,0,0,0.006,6.524,6.541,0.188,0.157,0.344,25.215,844140
1782536843281,0,0,0.000,6.533,6.533,0.188,0.157,0.215,25.301,844173
1782536843315,0,0,0.000,6.533,6.524,0.188,0.157,0.328,25.129,844206
1782536843350,0,0,0.000,6.524,6.524,0.188,0.126,0.226,25.215,844239
1782536843380,0,0,0.000,6.533,6.533,0.220,0.188,0.242,25.215,844272
1782536843426,0,0,0.006,6.541,6.533,0.188,0.157,0.253,25.215,844305
1782536843451,0,0,0.000,6.524,6.533,0.126,0.157,0.430,25.215,844338
1782536843482,0,0,0.000,6.541,6.533,0.157,0.126,0.237,25.215,844371
1782536843516,0,0,0.000,6.533,6.533,0.157,0.157,0.366,25.215,844404
1782536843552,0,0,0.000,6.533,6.533,0.157,0.188,0.220,25.215,844437
1782536843580,0,0,0.000,6.549,6.533,0.220,0.188,0.215,25.215,844470
1782536843620,0,0,0.000,6.541,6.533,0.188,0.188,0.210,25.215,844503
1782536843645,0,0,0.000,6.533,6.549,0.188,0.126,0.220,25.215,844536
1782536843677,0,0,0.000,6.524,6.524,0.188,0.157,0.301,25.215,844569
1782536843710,0,0,0.000,6.533,6.533,0.188,0.251,0.215,25.215,844602
1782536843746,0,0,0.000,6.541,6.524,0.188,0.157,0.215,25.215,844635
1782536843778,0,0,0.000,6.516,6.524,0.188,0.157,0.425,25.215,844668
1782536843811,0,0,0.000,6.541,6.533,0.126,0.157,0.204,25.215,844701
1782536843850,0,0,0.006,6.549,6.524,0.188,0.188,0.274,25.215,844734
1782536843876,0,0,0.000,6.533,6.524,0.126,0.126,0.220,25.215,844767
1782536843916,0,0,0.006,6.533,6.524,0.188,0.157,0.290,25.301,844800
1782536843973,0,0,0.006,6.541,6.533,0.157,0.157,0.263,25.301,844833
1782536843977,0,0,0.000,6.533,6.524,0.188,0.157,0.274,25.215,844866
1782536844010,0,0,0.000,6.533,6.533,0.188,0.157,0.285,25.215,844899
1782536844043,0,0,0.006,6.533,6.516,0.188,0.157,0.382,25.215,844932
1782536844079,0,0,0.000,6.541,6.541,0.188,0.157,0.263,25.301,844965
1782536844113,0,0,0.006,6.524,6.533,0.188,0.157,0.285,25.215,844998
1782536844154,0,0,0.000,6.533,6.533,0.188,0.188,0.263,25.215,845031
1782536844177,0,0,0.000,6.524,6.524,0.157,0.157,0.285,25.301,845064
1782536844210,0,0,0.000,6.533,6.533,0.188,0.126,0.269,25.301,845097
1782536844244,0,0,0.000,6.524,6.524,0.188,0.157,0.274,25.215,845130
1782536844275,0,0,0.000,6.541,6.524,0.188,0.188,0.215,25.215,845163
1782536844308,0,0,0.006,6.524,6.508,0.188,0.157,0.457,25.301,845196
1782536844343,0,0,0.006,6.541,6.533,0.188,0.188,0.204,25.215,845229
1782536844376,0,0,0.006,6.541,6.541,0.188,0.157,0.317,25.215,845262
1782536844414,0,0,0.012,6.541,6.524,0.157,0.126,0.210,25.215,845295
1782536844443,0,0,0.000,6.533,6.541,0.157,0.157,0.226,25.215,845328
1782536844477,0,0,0.006,6.549,6.524,0.188,0.157,0.344,25.215,845361
1782536844511,0,0,0.000,6.533,6.524,0.188,0.157,0.333,25.215,845394
1782536844542,0,0,0.000,6.533,6.541,0.188,0.157,0.220,25.215,845427
1782536844585,0,0,0.000,6.524,6.533,0.188,0.157,0.215,25.215,845460
1782536844608,0,0,0.000,6.533,6.516,0.188,0.188,0.317,25.215,845493
1782536844642,0,0,0.000,6.541,6.549,0.188,0.188,0.210,25.215,845526
1782536844676,0,0,0.000,6.524,6.524,0.188,0.157,0.323,25.301,845559
1782536844709,0,0,0.000,6.533,6.524,0.188,0.188,0.215,25.301,845592
1782536844746,0,0,0.000,6.541,6.524,0.157,0.220,0.344,25.215,845625
1782536844789,0,0,0.000,6.533,6.541,0.188,0.157,0.215,25.215,845658
1782536844810,0,0,0.000,6.541,6.524,0.188,0.157,0.210,25.215,845691
1782536844843,0,0,0.000,6.533,6.524,0.188,0.157,0.215,25.215,845724
1782536844874,0,0,0.000,6.541,6.533,0.188,0.157,0.237,25.215,845757
1782536844907,0,0,0.000,6.541,6.524,0.157,0.126,0.258,25.215,845790
1782536844941,0,0,0.006,6.533,6.533,0.188,0.157,0.226,25.215,845823
1782536844978,0,0,0.000,6.533,6.549,0.188,0.157,0.210,25.215,845856
1782536845007,0,0,0.000,6.533,6.524,0.188,0.157,0.306,25.215,845889
1782536845041,0,0,0.000,6.524,6.541,0.188,0.126,0.226,25.215,845922
1782536845074,0,0,0.000,6.533,6.533,0.188,0.188,0.215,25.301,845955
1782536845106,0,0,0.000,6.533,6.524,0.188,0.157,0.215,25.215,845988
1782536845141,0,0,0.006,6.533,6.533,0.188,0.157,0.226,25.215,846021
1782536845173,0,0,0.000,6.541,6.524,0.188,0.157,0.237,25.301,846054
1782536845207,0,0,0.000,6.541,6.533,0.188,0.157,0.204,25.215,846087
1782536845241,0,0,0.000,6.541,6.541,0.220,0.126,0.210,25.215,846120
1782536845275,0,0,0.000,6.533,6.541,0.220,0.157,0.237,25.215,846153
1782536845306,0,0,0.006,6.533,6.541,0.188,0.157,0.210,25.215,846186
1782536845341,0,0,0.000,6.541,6.541,0.126,0.157,0.242,25.301,846219
1782536845372,0,0,0.000,6.541,6.533,0.188,0.157,0.237,25.215,846252
1782536845406,0,0,0.000,6.549,6.524,0.220,0.157,0.215,25.215,846285
1782536845440,0,0,0.000,6.549,6.533,0.188,0.188,0.210,25.301,846318
1782536845471,0,0,0.000,6.533,6.524,0.188,0.157,0.237,25.215,846351
1782536845508,0,0,0.000,6.541,6.541,0.188,0.157,0.210,25.215,846384
1782536845538,0,0,0.000,6.541,6.524,0.188,0.157,0.296,25.215,846417
1782536845604,0,0,0.000,6.549,6.524,0.157,0.157,0.215,25.215,846450
1782536845608,0,0,0.006,6.549,6.533,0.188,0.157,0.215,25.215,846483
1782536845649,0,0,0.000,6.533,6.541,0.188,0.157,0.215,25.215,846516
1782536845673,0,0,0.000,6.533,6.524,0.188,0.157,0.215,25.215,846549
1782536845706,0,0,0.006,6.541,6.524,0.188,0.157,0.220,25.215,846582
1782536845741,0,0,0.006,6.541,6.524,0.157,0.157,0.215,25.215,846615
1782536845772,0,0,0.000,6.541,6.524,0.157,0.094,0.215,25.129,846648
1782536845811,0,0,0.000,6.541,6.516,0.220,0.157,0.220,25.301,846681
1782536845838,0,0,0.000,6.524,6.524,0.188,0.157,0.323,25.215,846714
1782536845872,0,0,0.000,6.549,6.516,0.188,0.157,0.220,25.301,846747
1782536845908,0,0,0.000,6.533,6.533,0.188,0.157,0.242,25.215,846780
1782536845939,0,0,0.000,6.524,6.533,0.157,0.157,0.204,25.215,846813
1782536845974,0,0,0.000,6.541,6.533,0.188,0.157,0.220,25.215,846846
1782536846012,0,0,0.000,6.524,6.524,0.188,0.126,0.285,25.301,846879
1782536846041,0,0,0.000,6.533,6.533,0.188,0.157,0.274,25.215,846912
1782536846079,0,0,0.000,6.533,6.533,0.157,0.157,0.210,25.301,846945
1782536846105,0,0,0.000,6.524,6.516,0.188,0.157,0.349,25.215,846978
1782536846138,0,0,0.000,6.524,6.533,0.188,0.157,0.296,25.215,847011
1782536846175,0,0,0.000,6.533,6.524,0.126,0.220,0.274,25.301,847044
1782536846205,0,0,0.000,6.533,6.533,0.126,0.157,0.220,25.215,847077
1782536846236,0,0,0.000,6.541,6.541,0.188,0.157,0.210,25.215,847110
1782536846271,0,0,0.000,6.524,6.533,0.188,0.126,0.210,25.215,847143
1782536846303,0,0,0.006,6.533,6.524,0.188,0.157,0.215,25.215,847176
1782536846338,0,0,0.000,6.533,6.533,0.188,0.157,0.210,25.215,847209
1782536846370,0,0,0.000,6.541,6.533,0.157,0.157,0.210,25.215,847242
1782536846405,0,0,0.006,6.524,6.533,0.188,0.188,0.210,25.215,847275
1782536846441,0,0,0.000,6.541,6.533,0.157,0.157,0.210,25.215,847308
1782536846470,0,0,0.006,6.533,6.541,0.188,0.157,0.312,25.215,847341
1782536846503,0,0,0.000,6.524,6.524,0.188,0.220,0.231,25.215,847374
1782536846537,0,0,0.000,6.524,6.516,0.220,0.157,0.290,25.301,847407
1782536846570,0,0,0.000,6.533,6.524,0.188,0.157,0.312,25.215,847440
1782536846603,0,0,0.006,6.533,6.533,0.188,0.157,0.215,25.215,847473
1782536846636,0,0,0.006,6.541,6.533,0.188,0.157,0.210,25.301,847506
1782536846670,0,0,0.000,6.524,6.524,0.157,0.188,0.344,25.215,847539
1782536846704,0,0,0.000,6.541,6.533,0.188,0.157,0.210,25.301,847572
1782536846738,0,0,0.000,6.533,6.533,0.188,0.188,0.210,25.215,847605
1782536846770,0,0,0.000,6.533,6.533,0.188,0.126,0.237,25.215,847638
1782536846802,0,0,0.000,6.541,6.524,0.126,0.157,0.242,25.215,847671
1782536846837,0,0,0.000,6.533,6.524,0.220,0.220,0.258,25.215,847704
1782536846878,0,0,0.000,6.533,6.541,0.188,0.188,0.226,25.215,847737
1782536846912,0,0,0.000,6.541,6.533,0.188,0.188,0.210,25.215,847770
1782536846945,0,0,0.000,6.533,6.533,0.220,0.220,0.210,25.215,847803
1782536846977,0,0,0.000,6.533,6.541,0.188,0.126,0.253,25.215,847836
1782536847010,0,0,0.000,6.533,6.541,0.188,0.157,0.237,25.215,847869
1782536847052,0,0,0.000,6.541,6.541,0.188,0.157,0.210,25.215,847902
1782536847078,0,0,0.000,6.524,6.516,0.188,0.157,0.360,25.215,847935
1782536847121,0,0,0.000,6.541,6.541,0.157,0.188,0.210,25.215,847968
1782536847145,0,0,0.000,6.541,6.516,0.126,0.157,0.339,25.215,848001
1782536847180,0,0,0.000,6.533,6.524,0.188,0.126,0.210,25.215,848034
1782536847214,0,0,0.000,6.533,6.533,0.188,0.157,0.204,25.215,848067
1782536847263,0,0,0.000,6.541,6.533,0.188,0.157,0.210,25.215,848100
1782536847277,0,0,0.006,6.541,6.524,0.188,0.157,0.204,25.215,848133
1782536847309,0,0,0.000,6.533,6.533,0.157,0.157,0.220,25.215,848166
1782536847351,0,0,0.000,6.533,6.524,0.188,0.188,0.242,25.215,848199
1782536847374,0,0,0.000,6.524,6.524,0.157,0.157,0.306,25.301,848232
1782536847413,0,0,0.000,6.541,6.533,0.188,0.126,0.215,25.215,848265
1782536847448,0,0,0.000,6.541,6.533,0.188,0.188,0.215,25.215,848298
1782536847475,0,0,0.000,6.541,6.524,0.188,0.251,0.215,25.215,848331
1782536847510,0,0,0.000,6.541,6.524,0.188,0.126,0.247,25.301,848364
1782536847538,0,0,0.000,6.524,6.541,0.188,0.188,0.210,25.215,848397
1782536847570,0,0,0.006,6.541,6.533,0.188,0.157,0.210,25.301,848430
1782536847606,0,0,0.000,6.549,6.533,0.126,0.188,0.220,25.301,848463
1782536847647,0,0,0.000,6.533,6.533,0.188,0.157,0.237,25.129,848496
1782536847670,0,0,0.000,6.524,6.524,0.157,0.157,0.328,25.215,848529
1782536847703,0,0,0.000,6.533,6.541,0.188,0.157,0.215,25.215,848562
1782536847736,0,0,0.006,6.533,6.533,0.188,0.157,0.333,25.215,848595
1782536847771,0,0,0.000,6.533,6.524,0.188,0.157,0.215,25.301,848628
1782536847804,0,0,0.000,6.533,6.533,0.188,0.126,0.226,25.215,848661
1782536847839,0,0,0.000,6.541,6.533,0.157,0.157,0.204,25.301,848694
1782536847897,0,0,0.000,6.549,6.533,0.188,0.157,0.226,25.215,848727
1782536847904,0,0,0.000,6.541,6.533,0.220,0.094,0.215,25.215,848760
1782536847934,0,0,0.000,6.524,6.533,0.188,0.157,0.403,25.215,848793
1782536847969,0,0,0.000,6.533,6.533,0.157,0.220,0.215,25.215,848826
1782536848001,0,0,0.000,6.533,6.524,0.188,0.188,0.231,25.215,848859
1782536848034,0,0,0.000,6.533,6.533,0.188,0.188,0.210,25.215,848892
1782536848075,0,0,0.000,6.533,6.524,0.157,0.126,0.204,25.215,848925
1782536848106,0,0,0.000,6.524,6.533,0.188,0.188,0.215,25.215,848958
1782536848132,0,0,0.000,6.541,6.524,0.188,0.157,0.210,25.301,848991
1782536848167,0,0,0.000,6.533,6.533,0.188,0.157,0.237,25.215,849024
1782536848205,0,0,0.000,6.541,6.533,0.188,0.157,0.210,25.215,849057
1782536848237,0,0,0.006,6.541,6.533,0.188,0.157,0.226,25.215,849090
1782536848265,0,0,0.000,6.533,6.541,0.188,0.157,0.280,25.215,849123
1782536848308,0,0,0.000,6.533,6.524,0.188,0.157,0.263,25.301,849156
1782536848333,0,0,0.000,6.516,6.516,0.188,0.188,0.333,25.215,849189
1782536848366,0,0,0.000,6.541,6.524,0.188,0.157,0.258,25.215,849222
1782536848399,0,0,0.000,6.533,6.524,0.188,0.157,0.312,25.301,849255
1782536848433,0,0,0.006,6.533,6.533,0.188,0.188,0.258,25.301,849288
1782536848465,0,0,0.006,6.541,6.524,0.188,0.188,0.220,25.129,849321
1782536848497,0,0,0.000,6.533,6.524,0.188,0.157,0.215,25.215,849354
1782536848537,0,0,0.000,6.533,6.524,0.188,0.157,0.242,25.215,849387
1782536848570,0,0,0.000,6.533,6.533,0.157,0.157,0.253,25.215,849420
1782536848598,0,0,0.000,6.524,6.524,0.188,0.157,0.247,25.215,849453
1782536848636,0,0,0.000,6.533,6.524,0.188,0.188,0.263,25.215,849486
1782536848665,0,0,0.000,6.533,6.524,0.188,0.220,0.274,25.215,849519
1782536848698,0,0,0.006,6.533,6.524,0.251,0.157,0.237,25.215,849552
1782536848740,0,0,0.000,6.533,6.533,0.188,0.126,0.231,25.301,849585
1782536848767,0,0,0.000,6.524,6.524,0.188,0.220,0.220,25.301,849618
1782536848798,0,0,0.000,6.541,6.533,0.188,0.157,0.215,25.215,849651
1782536848847,0,0,0.000,6.533,6.533,0.188,0.157,0.242,25.301,849684
1782536848863,0,0,0.000,6.541,6.533,0.157,0.157,0.215,25.215,849717
1782536848898,0,0,0.000,6.524,6.533,0.188,0.157,0.210,25.129,849750
1782536848946,0,0,0.000,6.533,6.533,0.188,0.188,0.237,25.215,849783
1782536848964,0,0,0.000,6.533,6.524,0.188,0.126,0.312,25.215,849816
1782536848997,0,0,0.000,6.533,6.541,0.188,0.157,0.215,25.215,849849
1782536849031,0,0,0.000,6.541,6.533,0.157,0.126,0.301,25.215,849882
1782536849065,0,0,0.000,6.549,6.533,0.188,0.188,0.210,25.301,849915
1782536849097,0,0,0.000,6.533,6.533,0.188,0.157,0.210,25.215,849948
1782536849135,0,0,0.000,6.541,6.524,0.157,0.157,0.215,25.301,849981
1782536849164,0,0,0.000,6.541,6.524,0.188,0.157,0.210,25.215,850014
1782536849197,0,0,0.006,6.524,6.533,0.188,0.126,0.323,25.215,850047
1782536849229,0,0,0.000,6.541,6.524,0.220,0.188,0.220,25.215,850080
1782536849262,0,0,0.000,6.533,6.541,0.157,0.157,0.226,25.301,850113
1782536849298,0,0,0.000,6.533,6.533,0.188,0.188,0.204,25.301,850146
1782536849330,0,0,0.000,6.533,6.533,0.188,0.157,0.210,25.215,850179
1782536849365,0,0,0.000,6.541,6.533,0.188,0.157,0.237,25.129,850212
1782536849396,0,0,0.000,6.533,6.524,0.188,0.126,0.215,25.215,850245
1782536849430,0,0,0.000,6.533,6.533,0.126,0.126,0.242,25.301,850278
1782536849462,0,0,0.000,6.533,6.524,0.220,0.157,0.220,25.215,850311
1782536849499,0,0,0.000,6.541,6.516,0.188,0.157,0.237,25.215,850344
1782536849543,0,0,0.000,6.533,6.524,0.188,0.157,0.242,25.301,850377
1782536849566,0,0,0.000,6.533,6.533,0.188,0.157,0.210,25.215,850410
1782536849600,0,0,0.000,6.533,6.533,0.220,0.188,0.242,25.215,850443
1782536849628,0,0,0.000,6.541,6.541,0.188,0.157,0.210,25.215,850476
1782536849666,0,0,0.006,6.541,6.533,0.157,0.157,0.253,25.215,850509
1782536849712,0,0,0.000,6.557,6.541,0.157,0.126,0.237,25.215,850542
1782536849730,0,0,0.000,6.541,6.533,0.157,0.157,0.210,25.301,850575
1782536849770,0,0,0.000,6.541,6.533,0.126,0.126,0.204,25.215,850608
1782536849802,0,0,0.006,6.524,6.524,0.157,0.157,0.419,25.215,850641
1782536849829,0,0,0.000,6.541,6.541,0.220,0.157,0.231,25.215,850674
1782536849868,0,0,0.000,6.541,6.533,0.188,0.126,0.231,25.301,850707
1782536849894,0,0,0.000,6.541,6.533,0.188,0.126,0.210,25.215,850740
1782536849928,0,0,0.000,6.533,6.533,0.126,0.157,0.237,25.301,850773
1782536849962,0,0,0.000,6.533,6.541,0.157,0.157,0.231,25.215,850806
1782536849995,0,0,0.006,6.533,6.533,0.188,0.157,0.210,25.215,850839
1782536850029,0,0,0.000,6.549,6.533,0.188,0.157,0.215,25.215,850872
1782536850061,0,0,0.000,6.533,6.533,0.157,0.188,0.204,25.129,850905
1782536850093,0,0,0.000,6.524,6.533,0.188,0.157,0.210,25.215,850938
1782536850126,0,0,0.000,6.541,6.524,0.188,0.188,0.210,25.301,850971
1782536850160,0,0,0.000,6.541,6.533,0.188,0.188,0.215,25.215,851004
1782536850195,0,0,0.000,6.541,6.541,0.157,0.157,0.220,25.215,851037
1782536850231,0,0,0.000,6.533,6.516,0.188,0.157,0.290,25.215,851070
1782536850260,0,0,0.000,6.533,6.516,0.188,0.157,0.237,25.301,851103
1782536850293,0,0,0.000,6.524,6.533,0.220,0.126,0.210,25.215,851136
1782536850330,0,0,0.000,6.541,6.524,0.188,0.157,0.210,25.215,851169
1782536850360,0,0,0.006,6.541,6.533,0.188,0.157,0.215,25.215,851202
1782536850394,0,0,0.000,6.541,6.533,0.157,0.157,0.226,25.215,851235
1782536850427,0,0,0.000,6.533,6.524,0.188,0.188,0.344,25.215,851268
1782536850461,0,0,0.000,6.541,6.533,0.188,0.126,0.215,25.215,851301
1782536850493,0,0,0.000,6.541,6.533,0.188,0.157,0.226,25.215,851334
1782536850528,0,0,0.006,6.533,6.533,0.188,0.157,0.220,25.301,851367
1782536850564,0,0,0.000,6.533,6.533,0.188,0.157,0.231,25.215,851400
1782536850592,0,0,0.000,6.541,6.541,0.188,0.220,0.220,25.129,851433
1782536850626,0,0,0.000,6.533,6.541,0.188,0.188,0.226,25.215,851466
1782536850659,0,0,0.000,6.533,6.533,0.188,0.157,0.226,25.215,851499
1782536850692,0,0,0.000,6.541,6.533,0.157,0.126,0.231,25.301,851532
1782536850728,0,0,0.000,6.533,6.533,0.157,0.157,0.226,25.215,851565
1782536850758,0,0,0.000,6.541,6.533,0.188,0.188,0.215,25.215,851598
1782536850792,0,0,0.006,6.524,6.524,0.220,0.126,0.231,25.215,851631
1782536850829,0,0,0.000,6.549,6.524,0.157,0.126,0.242,25.129,851664
1782536850859,0,0,0.000,6.541,6.533,0.188,0.188,0.215,25.215,851697
1782536850892,0,0,0.000,6.533,6.533,0.188,0.126,0.220,25.215,851730
1782536850926,0,0,0.000,6.541,6.541,0.188,0.157,0.220,25.215,851763
1782536850958,0,0,0.000,6.533,6.541,0.188,0.188,0.220,25.215,851796
1782536850993,0,0,0.000,6.541,6.533,0.188,0.126,0.231,25.215,851829
1782536851027,0,0,0.000,6.524,6.524,0.220,0.157,0.247,25.215,851862
1782536851057,0,0,0.000,6.541,6.533,0.188,0.157,0.215,25.215,851895
1782536851096,0,0,0.000,6.524,6.524,0.188,0.126,0.323,25.215,851928
1782536851127,0,0,0.006,6.524,6.533,0.157,0.220,0.226,25.215,851961
1782536851197,0,0,0.000,6.533,6.533,0.188,0.157,0.215,25.215,851994
1782536851200,0,0,0.000,6.533,6.524,0.157,0.157,0.210,25.215,852027
1782536851233,0,0,0.006,6.541,6.533,0.220,0.188,0.237,25.215,852060
1782536851267,0,0,0.000,6.516,6.524,0.188,0.157,0.328,25.301,852093
1782536851300,0,0,0.000,6.541,6.533,0.188,0.157,0.210,25.215,852126
1782536851339,0,0,0.000,6.533,6.533,0.188,0.157,0.215,25.215,852159
1782536851366,0,0,0.000,6.533,6.533,0.188,0.157,0.215,25.215,852192
1782536851402,0,0,0.000,6.533,6.524,0.188,0.126,0.237,25.215,852225
1782536851434,0,0,0.000,6.533,6.533,0.188,0.126,0.210,25.215,852258
1782536851464,0,0,0.000,6.541,6.524,0.188,0.157,0.204,25.301,852291
1782536851503,0,0,0.006,6.533,6.533,0.220,0.157,0.226,25.215,852324
1782536851530,0,0,0.000,6.533,6.533,0.188,0.157,0.210,25.129,852357
1782536851566,0,0,0.000,6.533,6.516,0.188,0.188,0.220,25.301,852390
1782536851600,0,0,0.006,6.541,6.541,0.188,0.188,0.210,25.215,852423
1782536851631,0,0,0.000,6.541,6.533,0.188,0.157,0.210,25.215,852456
1782536851662,0,0,0.000,6.541,6.533,0.157,0.188,0.210,25.215,852489
1782536851696,0,0,0.000,6.524,6.541,0.188,0.157,0.220,25.215,852522
1782536851728,0,0,0.000,6.524,6.524,0.188,0.157,0.317,25.301,852555
1782536851762,0,0,0.000,6.549,6.533,0.188,0.157,0.204,25.215,852588
1782536851796,0,0,0.000,6.541,6.533,0.188,0.188,0.210,25.301,852621
1782536851829,0,0,0.000,6.541,6.533,0.157,0.157,0.204,25.215,852654
1782536851869,0,0,0.000,6.533,6.516,0.157,0.157,0.210,25.215,852687
1782536851893,0,0,0.000,6.524,6.533,0.157,0.188,0.263,25.215,852720
1782536851926,0,0,0.000,6.549,6.533,0.157,0.126,0.204,25.215,852753
1782536851959,0,0,0.000,6.541,6.533,0.188,0.157,0.210,25.215,852786
1782536851993,0,0,0.000,6.533,6.533,0.188,0.188,0.204,25.301,852819
1782536852026,0,0,0.000,6.541,6.533,0.188,0.157,0.210,25.215,852852
1782536852060,0,0,0.000,6.533,6.524,0.188,0.126,0.215,25.215,852885
1782536852091,0,0,0.000,6.524,6.533,0.188,0.188,0.355,25.301,852918
1782536852128,0,0,0.006,6.533,6.533,0.188,0.157,0.215,25.215,852951
1782536852158,0,0,0.000,6.524,6.533,0.188,0.157,0.258,25.215,852984
1782536852190,0,0,0.000,6.541,6.533,0.157,0.157,0.215,25.215,853017
1782536852230,0,0,0.000,6.533,6.533,0.188,0.188,0.280,25.215,853050
1782536852257,0,0,0.000,6.533,6.541,0.188,0.157,0.231,25.215,853083
1782536852290,0,0,0.006,6.549,6.524,0.188,0.126,0.220,25.215,853116
1782536852331,0,0,0.000,6.541,6.533,0.188,0.220,0.215,25.215,853149
1782536852356,0,0,0.000,6.533,6.524,0.157,0.157,0.349,25.215,853182
1782536852388,0,0,0.006,6.541,6.533,0.188,0.157,0.210,25.215,853215
1782536852439,0,0,0.000,6.541,6.541,0.157,0.126,0.204,25.301,853248
1782536852458,0,0,0.006,6.533,6.516,0.188,0.157,0.247,25.129,853281
1782536852487,0,0,0.006,6.541,6.533,0.220,0.157,0.210,25.215,853314
1782536852528,0,0,0.000,6.541,6.533,0.188,0.157,0.210,25.215,853347
1782536852553,0,0,0.000,6.541,6.524,0.126,0.188,0.387,25.301,853380
1782536852591,0,0,0.000,6.541,6.533,0.157,0.188,0.210,25.215,853413
1782536852620,0,0,0.000,6.541,6.524,0.188,0.157,0.210,25.215,853446
1782536852654,0,0,0.000,6.533,6.541,0.188,0.157,0.204,25.215,853479
1782536852687,0,0,0.000,6.533,6.524,0.188,0.157,0.226,25.215,853512
1782536852721,0,0,0.000,6.533,6.524,0.220,0.188,0.210,25.215,853545
1782536852755,0,0,0.000,6.541,6.524,0.188,0.157,0.210,25.215,853578
1782536852793,0,0,0.006,6.533,6.524,0.126,0.157,0.210,25.129,853611
1782536852826,0,0,0.000,6.549,6.533,0.188,0.220,0.215,25.215,853644
1782536852852,0,0,0.000,6.533,6.533,0.220,0.188,0.263,25.215,853677
1782536852886,0,0,0.000,6.541,6.524,0.157,0.188,0.301,25.301,853710
1782536852920,0,0,0.000,6.533,6.533,0.188,0.157,0.296,25.215,853743
1782536852971,0,0,0.000,6.524,6.516,0.188,0.157,0.403,25.215,853776
1782536852990,0,0,0.000,6.533,6.533,0.188,0.126,0.280,25.215,853809
1782536853032,0,0,0.000,6.524,6.533,0.251,0.157,0.349,25.215,853842
1782536853063,0,0,0.000,6.541,6.533,0.188,0.188,0.231,25.215,853875
1782536853085,0,0,0.006,6.524,6.524,0.188,0.157,0.360,25.215,853908
1782536853120,0,0,0.000,6.541,6.541,0.126,0.157,0.237,25.215,853941
1782536853152,0,0,0.006,6.541,6.533,0.188,0.157,0.226,25.215,853974
1782536853187,0,0,0.000,6.541,6.533,0.126,0.157,0.226,25.215,854007
1782536853219,0,0,0.000,6.533,6.524,0.188,0.094,0.215,25.215,854040
1782536853253,0,0,0.000,6.541,6.533,0.188,0.188,0.226,25.215,854073
1782536853285,0,0,0.000,6.541,6.524,0.188,0.157,0.323,25.215,854106
1782536853318,0,0,0.000,6.541,6.533,0.188,0.126,0.215,25.301,854139
1782536853352,0,0,0.000,6.541,6.533,0.188,0.157,0.215,25.215,854172
1782536853386,0,0,0.000,6.524,6.516,0.188,0.188,0.403,25.215,854205
1782536853418,0,0,0.006,6.541,6.533,0.188,0.188,0.199,25.215,854238
1782536853453,0,0,0.006,6.541,6.524,0.220,0.157,0.344,25.215,854271
1782536853485,0,0,0.000,6.524,6.524,0.157,0.126,0.220,25.215,854304
1782536853518,0,0,0.000,6.541,6.516,0.188,0.126,0.285,25.301,854337
1782536853552,0,0,0.000,6.541,6.533,0.188,0.157,0.204,25.215,854370
1782536853585,0,0,0.000,6.533,6.524,0.188,0.157,0.355,25.301,854403
1782536853620,0,0,0.006,6.541,6.533,0.157,0.157,0.237,25.215,854436
1782536853654,0,0,0.000,6.533,6.533,0.157,0.157,0.231,25.215,854469
1782536853687,0,0,0.006,6.541,6.533,0.188,0.188,0.215,25.301,854502
1782536853718,0,0,0.006,6.533,6.524,0.157,0.188,0.204,25.301,854535
1782536853762,0,0,0.000,6.549,6.533,0.188,0.157,0.210,25.215,854568
1782536853793,0,0,0.006,6.541,6.524,0.188,0.157,0.204,25.215,854601
1782536853817,0,0,0.000,6.533,6.524,0.157,0.157,0.306,25.215,854634
1782536853870,0,0,0.000,6.541,6.533,0.188,0.188,0.210,25.215,854667
1782536853885,0,0,0.000,6.541,6.524,0.188,0.157,0.204,25.215,854700
1782536853916,0,0,0.000,6.541,6.533,0.157,0.188,0.220,25.215,854733
1782536853951,0,0,0.000,6.524,6.524,0.188,0.157,0.323,25.215,854766
1782536853983,0,0,0.000,6.533,6.533,0.157,0.188,0.204,25.301,854799
1782536854017,0,0,0.000,6.549,6.533,0.157,0.126,0.210,25.215,854832
1782536854050,0,0,0.000,6.541,6.524,0.188,0.157,0.328,25.215,854865
1782536854084,0,0,0.000,6.557,6.533,0.188,0.157,0.199,25.215,854898
1782536854117,0,0,0.000,6.533,6.533,0.188,0.157,0.210,25.215,854931
1782536854150,0,0,0.000,6.541,6.533,0.188,0.188,0.220,25.301,854964
1782536854183,0,0,0.000,6.541,6.524,0.157,0.188,0.210,25.215,854997
1782536854216,0,0,0.000,6.533,6.541,0.188,0.157,0.210,25.215,855030
1782536854249,0,0,0.000,6.533,6.524,0.188,0.157,0.226,25.215,855063
1782536854283,0,0,0.000,6.541,6.533,0.188,0.157,0.231,25.215,855096
1782536854316,0,0,0.000,6.541,6.541,0.188,0.157,0.210,25.301,855129
1782536854349,0,0,0.000,6.557,6.524,0.157,0.126,0.215,25.215,855162
1782536854382,0,0,0.006,6.533,6.533,0.220,0.188,0.215,25.215,855195
1782536854416,0,0,0.000,6.533,6.524,0.188,0.157,0.349,25.215,855228
1782536854451,0,0,0.000,6.541,6.533,0.188,0.220,0.204,25.301,855261
1782536854502,0,0,0.000,6.541,6.524,0.188,0.157,0.296,25.301,855294
1782536854515,0,0,0.000,6.533,6.524,0.188,0.157,0.253,25.215,855327
1782536854551,0,0,0.000,6.524,6.524,0.157,0.157,0.220,25.215,855360
1782536854581,0,0,0.012,6.533,6.533,0.188,0.126,0.220,25.215,855393
1782536854616,0,0,0.000,6.533,6.533,0.188,0.188,0.226,25.129,855426
1782536854653,0,0,0.000,6.533,6.533,0.157,0.157,0.220,25.301,855459
1782536854687,0,0,0.000,6.533,6.533,0.188,0.157,0.215,25.215,855492
1782536854719,0,0,0.000,6.549,6.524,0.157,0.157,0.204,25.215,855525
1782536854747,0,0,0.000,6.533,6.524,0.220,0.126,0.344,25.301,855558
1782536854782,0,0,0.000,6.541,6.541,0.188,0.157,0.215,25.215,855591
1782536854822,0,0,0.000,6.533,6.524,0.188,0.157,0.258,25.215,855624
1782536854849,0,0,0.000,6.533,6.524,0.126,0.157,0.226,25.215,855657
1782536854883,0,0,0.000,6.541,6.533,0.188,0.251,0.237,25.215,855690
1782536854916,0,0,0.000,6.533,6.533,0.220,0.157,0.215,25.215,855723
1782536854949,0,0,0.000,6.533,6.533,0.188,0.157,0.226,25.215,855756
1782536854984,0,0,0.000,6.541,6.541,0.157,0.157,0.226,25.215,855789
1782536855014,0,0,0.006,6.541,6.533,0.157,0.188,0.220,25.215,855822
1782536855048,0,0,0.000,6.541,6.533,0.188,0.157,0.210,25.215,855855
1782536855086,0,0,0.000,6.533,6.533,0.188,0.157,0.215,25.215,855888
1782536855114,0,0,0.000,6.541,6.533,0.251,0.157,0.220,25.301,855921
1782536855147,0,0,0.006,6.524,6.533,0.188,0.157,0.242,25.215,855954
1782536855180,0,0,0.000,6.533,6.533,0.188,0.157,0.199,25.301,855987
1782536855214,0,0,0.000,6.533,6.533,0.188,0.126,0.204,25.215,856020
1782536855247,0,0,0.000,6.541,6.524,0.188,0.157,0.306,25.215,856053
1782536855281,0,0,0.000,6.541,6.533,0.188,0.126,0.220,25.215,856086
1782536855314,0,0,0.000,6.533,6.533,0.188,0.188,0.247,25.215,856119
1782536855352,0,0,0.000,6.541,6.533,0.188,0.126,0.204,25.301,856152
1782536855379,0,0,0.000,6.533,6.524,0.188,0.157,0.301,25.215,856185
1782536855413,0,0,0.006,6.533,6.524,0.188,0.126,0.204,25.215,856218
1782536855446,0,0,0.000,6.533,6.524,0.188,0.157,0.312,25.215,856251
1782536855484,0,0,0.000,6.533,6.524,0.220,0.188,0.210,25.301,856284
1782536855513,0,0,0.000,6.541,6.533,0.188,0.188,0.204,25.215,856317
1782536855546,0,0,0.000,6.533,6.533,0.188,0.157,0.296,25.215,856350
1782536855580,0,0,0.000,6.541,6.533,0.157,0.126,0.204,25.215,856383
1782536855613,0,0,0.000,6.541,6.533,0.126,0.188,0.215,25.215,856416
1782536855646,0,0,0.000,6.533,6.533,0.188,0.188,0.199,25.301,856449
1782536855680,0,0,0.000,6.533,6.524,0.251,0.188,0.226,25.215,856482
1782536855712,0,0,0.000,6.533,6.541,0.188,0.157,0.226,25.215,856515
1782536855764,0,0,0.000,6.541,6.533,0.188,0.188,0.220,25.215,856548
1782536855787,0,0,0.000,6.541,6.533,0.188,0.188,0.220,25.301,856581
1782536855820,0,0,0.000,6.533,6.524,0.157,0.126,0.215,25.215,856614
1782536855854,0,0,0.000,6.533,6.541,0.188,0.188,0.204,25.215,856647
1782536855886,0,0,0.000,6.541,6.533,0.157,0.188,0.204,25.301,856680
1782536855920,0,0,0.000,6.541,6.541,0.126,0.094,0.215,25.215,856713
1782536855960,0,0,0.000,6.533,6.541,0.157,0.126,0.199,25.301,856746
1782536855985,0,0,0.000,6.541,6.524,0.188,0.157,0.231,25.215,856779
1782536856041,0,0,0.000,6.533,6.524,0.220,0.157,0.215,25.215,856812
1782536856056,0,0,0.000,6.533,6.533,0.188,0.157,0.306,25.215,856845
1782536856087,0,0,0.000,6.541,6.533,0.220,0.157,0.199,25.215,856878
1782536856138,0,0,0.000,6.533,6.541,0.157,0.157,0.263,25.215,856911
1782536856151,0,0,0.000,6.541,6.541,0.188,0.188,0.199,25.301,856944
1782536856192,0,0,0.000,6.549,6.516,0.157,0.157,0.204,25.215,856977
1782536856218,0,0,0.000,6.533,6.524,0.220,0.157,0.253,25.215,857010
1782536856251,0,0,0.000,6.541,6.533,0.188,0.126,0.210,25.301,857043
1782536856284,0,0,0.000,6.541,6.533,0.188,0.157,0.210,25.215,857076
1782536856317,0,0,0.000,6.541,6.533,0.157,0.157,0.220,25.129,857109
1782536856350,0,0,0.000,6.541,6.524,0.188,0.157,0.199,25.215,857142
1782536856382,0,0,0.006,6.557,6.524,0.188,0.188,0.258,25.215,857175
1782536856418,0,0,0.000,6.533,6.533,0.157,0.157,0.194,25.215,857208
1782536856459,0,0,0.000,6.549,6.533,0.157,0.157,0.220,25.301,857241
1782536856484,0,0,0.000,6.541,6.533,0.188,0.126,0.199,25.215,857274
1782536856520,0,0,0.000,6.524,6.541,0.188,0.157,0.237,25.215,857307
1782536856546,0,0,0.000,6.541,6.533,0.188,0.157,0.215,25.215,857340
1782536856579,0,0,0.000,6.533,6.533,0.157,0.157,0.204,25.129,857373
1782536856614,0,0,0.000,6.541,6.533,0.188,0.157,0.204,25.215,857406
1782536856645,0,0,0.006,6.541,6.541,0.251,0.157,0.215,25.215,857439
1782536856678,0,0,0.000,6.541,6.541,0.157,0.188,0.204,25.215,857472
1782536856712,0,0,0.006,6.524,6.541,0.157,0.157,0.306,25.215,857505
1782536856744,0,0,0.000,6.541,6.533,0.188,0.157,0.204,25.215,857538
1782536856778,0,0,0.000,6.524,6.533,0.157,0.126,0.226,25.215,857571
1782536856811,0,0,0.000,6.541,6.549,0.188,0.126,0.215,25.215,857604
1782536856848,0,0,0.000,6.533,6.533,0.188,0.157,0.263,25.215,857637
1782536856878,0,0,0.000,6.533,6.524,0.220,0.157,0.301,25.215,857670
1782536856910,0,0,0.000,6.549,6.524,0.188,0.157,0.199,25.301,857703
1782536856944,0,0,0.006,6.541,6.533,0.188,0.157,0.215,25.215,857736
1782536856976,0,0,0.000,6.541,6.524,0.188,0.157,0.199,25.215,857769
1782536857008,0,0,0.000,6.533,6.549,0.188,0.188,0.204,25.215,857802
1782536857055,0,0,0.000,6.541,6.524,0.157,0.157,0.296,25.215,857835
1782536857080,0,0,0.000,6.533,6.533,0.188,0.188,0.274,25.301,857868
1782536857134,0,0,0.000,6.533,6.533,0.157,0.157,0.215,25.215,857901
1782536857141,0,0,0.000,6.533,6.516,0.220,0.157,0.285,25.215,857934
1782536857182,0,0,0.000,6.533,6.524,0.157,0.157,0.274,25.215,857967
1782536857208,0,0,0.000,6.533,6.508,0.188,0.157,0.306,25.215,858000
1782536857251,0,0,0.000,6.533,6.524,0.157,0.157,0.263,25.215,858033
1782536857275,0,0,0.000,6.533,6.524,0.188,0.157,0.360,25.215,858066
1782536857307,0,0,0.000,6.533,6.533,0.188,0.157,0.274,25.215,858099
1782536857342,0,0,0.000,6.524,6.524,0.188,0.220,0.323,25.215,858132
1782536857374,0,0,0.000,6.524,6.524,0.188,0.188,0.247,25.215,858165
1782536857410,0,0,0.000,6.541,6.533,0.126,0.157,0.296,25.215,858198
1782536857441,0,0,0.000,6.541,6.533,0.188,0.157,0.220,25.215,858231
1782536857476,0,0,0.000,6.524,6.533,0.157,0.157,0.355,25.215,858264
1782536857507,0,0,0.000,6.541,6.533,0.188,0.220,0.210,25.215,858297
1782536857545,0,0,0.000,6.541,6.541,0.157,0.126,0.215,25.301,858330
1782536857584,0,0,0.000,6.533,6.533,0.188,0.157,0.285,25.215,858363
1782536857606,0,0,0.000,6.524,6.524,0.188,0.126,0.312,25.215,858396
1782536857647,0,0,0.000,6.541,6.533,0.094,0.126,0.215,25.215,858429
1782536857719,0,0,0.012,6.541,6.541,0.157,0.157,0.231,25.215,858462
1782536857722,0,0,0.000,6.524,6.524,0.220,0.188,0.452,25.215,858495
1782536857739,0,0,0.000,6.533,6.533,0.188,0.157,0.215,25.301,858528
1782536857774,0,0,0.000,6.549,6.533,0.188,0.157,0.220,25.215,858561
1782536857806,0,0,0.000,6.541,6.533,0.220,0.157,0.210,25.215,858594
1782536857839,0,0,0.006,6.541,6.533,0.126,0.188,0.215,25.215,858627
1782536857881,0,0,0.000,6.541,6.533,0.157,0.126,0.210,25.215,858660
1782536857911,0,0,0.000,6.533,6.516,0.188,0.157,0.371,25.215,858693
1782536857942,0,0,0.000,6.533,6.524,0.188,0.157,0.253,25.215,858726
1782536857973,0,0,0.000,6.533,6.533,0.188,0.188,0.231,25.215,858759
1782536858006,0,0,0.000,6.524,6.533,0.188,0.157,0.226,25.215,858792
1782536858040,0,0,0.000,6.549,6.533,0.157,0.157,0.226,25.215,858825
1782536858074,0,0,0.000,6.533,6.524,0.188,0.188,0.215,25.215,858858
1782536858106,0,0,0.000,6.524,6.524,0.188,0.157,0.237,25.215,858891
1782536858138,0,0,0.000,6.541,6.533,0.188,0.188,0.226,25.215,858924
1782536858173,0,0,0.000,6.533,6.533,0.188,0.126,0.231,25.129,858957
1782536858209,0,0,0.000,6.533,6.533,0.188,0.126,0.215,25.215,858990
1782536858240,0,0,0.000,6.533,6.524,0.188,0.188,0.290,25.215,859023
1782536858273,0,0,0.000,6.533,6.524,0.157,0.188,0.215,25.215,859056
1782536858312,0,0,0.000,6.533,6.541,0.188,0.157,0.237,25.129,859089
1782536858338,0,0,0.006,6.533,6.541,0.251,0.157,0.247,25.215,859122
1782536858374,0,0,0.006,6.541,6.524,0.157,0.126,0.215,25.301,859155
1782536858405,0,0,0.000,6.541,6.533,0.188,0.188,0.215,25.215,859188
1782536858437,0,0,0.000,6.533,6.533,0.188,0.157,0.333,25.215,859221
1782536858471,0,0,0.000,6.533,6.524,0.126,0.220,0.242,25.215,859254
1782536858504,0,0,0.006,6.533,6.533,0.188,0.126,0.210,25.129,859287
1782536858538,0,0,0.000,6.541,6.541,0.188,0.157,0.226,25.215,859320
1782536858571,0,0,0.000,6.533,6.533,0.188,0.157,0.237,25.129,859353
1782536858605,0,0,0.000,6.541,6.533,0.220,0.157,0.215,25.215,859386
1782536858638,0,0,0.006,6.533,6.533,0.157,0.220,0.220,25.215,859419
1782536858674,0,0,0.000,6.549,6.533,0.157,0.157,0.237,25.215,859452
1782536858705,0,0,0.000,6.549,6.533,0.188,0.157,0.215,25.215,859485
1782536858774,0,0,0.000,6.541,6.524,0.188,0.126,0.231,25.129,859518
1782536858776,0,0,0.000,6.541,6.533,0.126,0.188,0.204,25.215,859551
1782536858808,0,0,0.000,6.524,6.533,0.220,0.157,0.242,25.215,859584
1782536858838,0,0,0.000,6.533,6.533,0.188,0.157,0.237,25.215,859617
1782536858875,0,0,0.000,6.524,6.516,0.188,0.220,0.376,25.215,859650
1782536858904,0,0,0.000,6.549,6.524,0.157,0.188,0.237,25.301,859683
1782536858937,0,0,0.000,6.533,6.533,0.188,0.188,0.220,25.215,859716
1782536858970,0,0,0.000,6.541,6.533,0.188,0.126,0.220,25.215,859749
1782536859003,0,0,0.000,6.541,6.524,0.188,0.157,0.247,25.301,859782
1782536859036,0,0,0.000,6.533,6.533,0.188,0.188,0.204,25.215,859815
1782536859070,0,0,0.000,6.533,6.533,0.188,0.157,0.226,25.129,859848
1782536859104,0,0,0.000,6.541,6.533,0.157,0.157,0.237,25.215,859881
1782536859139,0,0,0.000,6.541,6.533,0.126,0.157,0.204,25.215,859914
1782536859170,0,0,0.000,6.549,6.533,0.188,0.126,0.231,25.215,859947
1782536859203,0,0,0.000,6.541,6.524,0.157,0.188,0.215,25.215,859980
1782536859236,0,0,0.006,6.557,6.524,0.188,0.126,0.237,25.215,860013
1782536859269,0,0,0.000,6.549,6.533,0.220,0.126,0.210,25.301,860046
1782536859303,0,0,0.006,6.533,6.533,0.188,0.126,0.344,25.215,860079
1782536859347,0,0,0.000,6.533,6.533,0.188,0.157,0.215,25.215,860112
1782536859377,0,0,0.000,6.533,6.541,0.188,0.188,0.215,25.215,860145
1782536859404,0,0,0.006,6.533,6.524,0.220,0.157,0.258,25.215,860178
1782536859437,0,0,0.000,6.541,6.524,0.188,0.157,0.242,25.129,860211
1782536859469,0,0,0.000,6.541,6.533,0.188,0.157,0.220,25.215,860244
1782536859505,0,0,0.000,6.541,6.524,0.188,0.157,0.220,25.215,860277
1782536859548,0,0,0.006,6.541,6.533,0.157,0.157,0.237,25.215,860310
1782536859569,0,0,0.000,6.533,6.533,0.188,0.157,0.220,25.129,860343
1782536859603,0,0,0.000,6.533,6.524,0.157,0.157,0.226,25.301,860376
1782536859635,0,0,0.000,6.533,6.533,0.157,0.094,0.220,25.215,860409
1782536859668,0,0,0.006,6.533,6.524,0.126,0.188,0.242,25.215,860442
1782536859701,0,0,0.000,6.541,6.524,0.126,0.188,0.220,25.215,860475
1782536859735,0,0,0.000,6.541,6.533,0.157,0.126,0.215,25.215,860508
1782536859772,0,0,0.000,6.541,6.533,0.188,0.188,0.247,25.215,860541
1782536859801,0,0,0.000,6.541,6.524,0.188,0.157,0.247,25.215,860574
1782536859836,0,0,0.000,6.541,6.541,0.188,0.157,0.226,25.301,860607
1782536859868,0,0,0.000,6.533,6.533,0.188,0.157,0.242,25.215,860640
1782536859901,0,0,0.000,6.541,6.541,0.220,0.157,0.247,25.215,860673
1782536859935,0,0,0.006,6.533,6.549,0.157,0.188,0.204,25.215,860706
1782536859968,0,0,0.000,6.541,6.533,0.220,0.126,0.215,25.215,860739
1782536860003,0,0,0.000,6.541,6.533,0.188,0.157,0.226,25.215,860772
1782536860036,0,0,0.000,6.541,6.533,0.188,0.157,0.215,25.215,860805
1782536860068,0,0,0.000,6.533,6.541,0.188,0.157,0.339,25.215,860838
1782536860104,0,0,0.000,6.541,6.533,0.188,0.157,0.215,25.215,860871
1782536860135,0,0,0.000,6.549,6.533,0.188,0.157,0.253,25.301,860904
1782536860167,0,0,0.000,6.541,6.524,0.188,0.157,0.242,25.215,860937
1782536860209,0,0,0.000,6.516,6.533,0.188,0.157,0.215,25.215,860970
1782536860243,0,0,0.000,6.541,6.541,0.188,0.157,0.215,25.215,861003
1782536860279,0,0,0.000,6.541,6.533,0.188,0.157,0.231,25.215,861036
1782536860310,0,0,0.006,6.541,6.533,0.157,0.188,0.210,25.215,861069
1782536860380,0,0,0.000,6.541,6.533,0.188,0.188,0.199,25.215,861102
1782536860381,0,0,0.000,6.541,6.533,0.188,0.157,0.215,25.301,861135
1782536860414,0,0,0.000,6.533,6.533,0.157,0.188,0.296,25.215,861168
1782536860440,0,0,0.000,6.533,6.516,0.157,0.126,0.323,25.215,861201
1782536860473,0,0,0.000,6.533,6.541,0.157,0.157,0.215,25.215,861234
1782536860511,0,0,0.006,6.541,6.533,0.188,0.188,0.215,25.215,861267
1782536860539,0,0,0.000,6.516,6.524,0.188,0.157,0.328,25.215,861300
1782536860582,0,0,0.000,6.533,6.541,0.188,0.188,0.204,25.215,861333
1782536860605,0,0,0.000,6.533,6.533,0.157,0.188,0.247,25.215,861366
1782536860638,0,0,0.000,6.549,6.533,0.157,0.126,0.210,25.215,861399
1782536860673,0,0,0.000,6.541,6.533,0.157,0.126,0.204,25.215,861432
1782536860705,0,0,0.000,6.541,6.533,0.188,0.126,0.210,25.215,861465
1782536860737,0,0,0.006,6.533,6.541,0.188,0.157,0.296,25.301,861498
1782536860773,0,0,0.000,6.524,6.533,0.188,0.157,0.285,25.215,861531
1782536860805,0,0,0.000,6.524,6.524,0.220,0.157,0.258,25.301,861564
1782536860837,0,0,0.006,6.533,6.541,0.251,0.126,0.210,25.215,861597
1782536860869,0,0,0.000,6.541,6.549,0.220,0.126,0.210,25.301,861630
1782536860903,0,0,0.000,6.549,6.533,0.188,0.157,0.215,25.215,861663
1782536860935,0,0,0.000,6.533,6.533,0.220,0.157,0.210,25.215,861696
1782536860969,0,0,0.000,6.533,6.541,0.126,0.188,0.280,25.215,861729
1782536861023,0,0,0.000,6.541,6.533,0.188,0.157,0.204,25.215,861762
1782536861034,0,0,0.006,6.533,6.524,0.188,0.126,0.355,25.215,861795
1782536861069,0,0,0.000,6.541,6.533,0.220,0.188,0.204,25.215,861828
1782536861115,0,0,0.000,6.533,6.533,0.188,0.157,0.231,25.215,861861
1782536861141,0,0,0.000,6.541,6.524,0.188,0.157,0.210,25.215,861894
1782536861178,0,0,0.000,6.541,6.524,0.188,0.126,0.344,25.129,861927
1782536861216,0,0,0.000,6.549,6.549,0.188,0.157,0.215,25.215,861960
1782536861254,0,0,0.000,6.533,6.533,0.188,0.126,0.226,25.129,861993
1782536861268,0,0,0.000,6.533,6.533,0.157,0.157,0.226,25.215,862026
1782536861298,0,0,0.000,6.541,6.533,0.188,0.188,0.215,25.301,862059
1782536861334,0,0,0.000,6.533,6.533,0.188,0.126,0.210,25.215,862092
1782536861367,0,0,0.006,6.549,6.524,0.188,0.188,0.215,25.301,862125
1782536861397,0,0,0.000,6.541,6.533,0.157,0.126,0.215,25.215,862158
1782536861436,0,0,0.000,6.541,6.533,0.188,0.157,0.204,25.215,862191
1782536861465,0,0,0.000,6.541,6.549,0.188,0.157,0.204,25.129,862224
1782536861497,0,0,0.000,6.533,6.524,0.188,0.188,0.317,25.215,862257
1782536861529,0,0,0.000,6.541,6.541,0.188,0.157,0.253,25.215,862290
1782536861565,0,0,0.000,6.541,6.516,0.220,0.157,0.366,25.215,862323
1782536861596,0,0,0.000,6.549,6.533,0.188,0.188,0.226,25.215,862356
1782536861630,0,0,0.000,6.524,6.508,0.188,0.157,0.355,25.215,862389
1782536861663,0,0,0.006,6.541,6.533,0.188,0.157,0.247,25.215,862422
1782536861696,0,0,0.006,6.524,6.524,0.188,0.157,0.328,25.215,862455
1782536861730,0,0,0.000,6.533,6.533,0.188,0.157,0.247,25.301,862488
1782536861766,0,0,0.000,6.533,6.524,0.188,0.157,0.285,25.301,862521
1782536861800,0,0,0.000,6.533,6.549,0.188,0.157,0.242,25.129,862554
1782536861829,0,0,0.000,6.533,6.533,0.188,0.157,0.274,25.301,862587
1782536861864,0,0,0.000,6.541,6.533,0.188,0.126,0.247,25.215,862620
1782536861895,0,0,0.000,6.533,6.524,0.188,0.188,0.290,25.215,862653
1782536861929,0,0,0.000,6.533,6.533,0.220,0.157,0.204,25.215,862686
1782536861966,0,0,0.000,6.541,6.533,0.188,0.157,0.253,25.215,862719
1782536862008,0,0,0.000,6.516,6.524,0.188,0.188,0.355,25.215,862752
1782536862041,0,0,0.000,6.541,6.524,0.188,0.126,0.210,25.215,862785
1782536862063,0,0,0.000,6.541,6.533,0.188,0.157,0.247,25.215,862818
1782536862095,0,0,0.000,6.533,6.516,0.220,0.157,0.312,25.215,862851
1782536862131,0,0,0.000,6.533,6.533,0.188,0.157,0.242,25.301,862884
1782536862163,0,0,0.000,6.541,6.533,0.188,0.157,0.258,25.215,862917
1782536862198,0,0,0.000,6.541,6.533,0.188,0.126,0.344,25.215,862950
1782536862228,0,0,0.000,6.541,6.533,0.188,0.126,0.220,25.301,862983
1782536862262,0,0,0.000,6.516,6.516,0.220,0.188,0.344,25.215,863016
1782536862296,0,0,0.000,6.541,6.533,0.157,0.126,0.242,25.215,863049
1782536862328,0,0,0.000,6.533,6.524,0.126,0.188,0.296,25.301,863082
1782536862362,0,0,0.000,6.541,6.524,0.188,0.126,0.215,25.301,863115
1782536862395,0,0,0.000,6.541,6.533,0.188,0.157,0.247,25.215,863148
1782536862428,0,0,0.000,6.533,6.524,0.188,0.157,0.237,25.129,863181
1782536862463,0,0,0.000,6.541,6.549,0.220,0.157,0.231,25.301,863214
1782536862494,0,0,0.000,6.516,6.524,0.188,0.188,0.344,25.215,863247
1782536862528,0,0,0.000,6.549,6.524,0.157,0.157,0.220,25.215,863280
1782536862563,0,0,0.000,6.541,6.533,0.188,0.188,0.210,25.215,863313
1782536862621,0,0,0.000,6.541,6.541,0.188,0.157,0.231,25.215,863346
1782536862632,0,0,0.000,6.533,6.549,0.188,0.188,0.215,25.215,863379
1782536862664,0,0,0.000,6.541,6.533,0.188,0.157,0.220,25.215,863412
1782536862698,0,0,0.000,6.541,6.524,0.188,0.157,0.237,25.215,863445
1782536862728,0,0,0.006,6.541,6.524,0.126,0.157,0.360,25.215,863478
1782536862766,0,0,0.000,6.541,6.533,0.188,0.157,0.215,25.215,863511
1782536862796,0,0,0.006,6.533,6.524,0.188,0.220,0.220,25.215,863544
1782536862846,0,0,0.000,6.533,6.533,0.157,0.126,0.323,25.215,863577
1782536862860,0,0,0.000,6.533,6.533,0.126,0.157,0.204,25.215,863610
1782536862894,0,0,0.000,6.533,6.533,0.126,0.220,0.269,25.215,863643
1782536862927,0,0,0.000,6.533,6.533,0.157,0.157,0.263,25.215,863676
1782536862960,0,0,0.000,6.541,6.541,0.157,0.157,0.210,25.215,863709
1782536862996,0,0,0.000,6.533,6.533,0.188,0.157,0.215,25.215,863742
1782536863026,0,0,0.006,6.533,6.541,0.157,0.220,0.220,25.129,863775
1782536863061,0,0,0.000,6.541,6.533,0.126,0.157,0.237,25.215,863808
1782536863093,0,0,0.000,6.524,6.533,0.188,0.157,0.210,25.301,863841
1782536863127,0,0,0.012,6.541,6.533,0.188,0.157,0.220,25.301,863874
1782536863160,0,0,0.000,6.533,6.516,0.188,0.157,0.237,25.215,863907
1782536863195,0,0,0.000,6.541,6.533,0.188,0.188,0.215,25.215,863940
1782536863227,0,0,0.000,6.541,6.533,0.188,0.157,0.220,25.215,863973
1782536863259,0,0,0.000,6.533,6.533,0.188,0.126,0.204,25.215,864006
1782536863293,0,0,0.000,6.541,6.533,0.188,0.126,0.210,25.215,864039
1782536863325,0,0,0.000,6.557,6.533,0.157,0.188,0.220,25.301,864072
1782536863359,0,0,0.000,6.541,6.541,0.188,0.188,0.220,25.215,864105
1782536863391,0,0,0.000,6.541,6.541,0.157,0.126,0.247,25.301,864138
1782536863427,0,0,0.000,6.533,6.533,0.188,0.126,0.242,25.215,864171
1782536863459,0,0,0.000,6.524,6.549,0.188,0.157,0.226,25.215,864204
1782536863492,0,0,0.000,6.549,6.533,0.188,0.188,0.215,25.215,864237
1782536863526,0,0,0.000,6.533,6.524,0.157,0.157,0.226,25.215,864270
1782536863559,0,0,0.000,6.524,6.524,0.188,0.157,0.312,25.301,864303
1782536863592,0,0,0.000,6.541,6.533,0.157,0.188,0.242,25.215,864336
1782536863633,0,0,0.000,6.541,6.533,0.188,0.157,0.210,25.215,864369
1782536863673,0,0,0.000,6.533,6.524,0.188,0.188,0.371,25.215,864402
1782536863692,0,0,0.000,6.541,6.533,0.188,0.157,0.215,25.215,864435
1782536863725,0,0,0.006,6.524,6.524,0.188,0.126,0.360,25.215,864468
1782536863758,0,0,0.006,6.541,6.541,0.188,0.157,0.215,25.215,864501
1782536863792,0,0,0.000,6.541,6.524,0.220,0.157,0.258,25.215,864534
1782536863826,0,0,0.000,6.524,6.533,0.157,0.157,0.247,25.215,864567
1782536863857,0,0,0.000,6.541,6.533,0.157,0.188,0.204,25.215,864600
1782536863894,0,0,0.000,6.533,6.524,0.188,0.157,0.220,25.215,864633
1782536863928,0,0,0.000,6.541,6.533,0.251,0.220,0.242,25.215,864666
1782536863957,0,0,0.000,6.541,6.533,0.188,0.126,0.242,25.215,864699
1782536863995,0,0,0.000,6.541,6.524,0.188,0.157,0.215,25.215,864732
1782536864025,0,0,0.000,6.541,6.541,0.188,0.157,0.237,25.215,864765
1782536864057,0,0,0.000,6.549,6.533,0.188,0.157,0.247,25.215,864798
1782536864090,0,0,0.000,6.541,6.533,0.188,0.157,0.210,25.129,864831
1782536864124,0,0,0.000,6.533,6.541,0.188,0.126,0.220,25.215,864864
1782536864156,0,0,0.000,6.533,6.541,0.157,0.157,0.204,25.215,864897
1782536864191,0,0,0.000,6.541,6.524,0.188,0.188,0.220,25.301,864930
1782536864223,0,0,0.000,6.549,6.533,0.157,0.157,0.215,25.215,864963
1782536864257,0,0,0.000,6.541,6.533,0.188,0.157,0.220,25.301,864996
1782536864296,0,0,0.000,6.541,6.524,0.157,0.188,0.220,25.215,865029
1782536864326,0,0,0.000,6.541,6.541,0.188,0.188,0.220,25.215,865062
1782536864357,0,0,0.000,6.549,6.541,0.188,0.157,0.231,25.301,865095
1782536864393,0,0,0.000,6.541,6.533,0.126,0.220,0.231,25.215,865128
1782536864425,0,0,0.000,6.524,6.541,0.126,0.126,0.210,25.215,865161
1782536864467,0,0,0.000,6.533,6.524,0.220,0.188,0.210,25.215,865194
1782536864505,0,0,0.006,6.541,6.524,0.126,0.157,0.220,25.215,865227
1782536864523,0,0,0.000,6.533,6.524,0.188,0.220,0.317,25.215,865260
1782536864556,0,0,0.000,6.549,6.541,0.188,0.157,0.215,25.215,865293
1782536864589,0,0,0.000,6.541,6.541,0.188,0.188,0.215,25.129,865326
1782536864622,0,0,0.000,6.541,6.533,0.188,0.157,0.231,25.215,865359
1782536864669,0,0,0.000,6.541,6.533,0.188,0.126,0.210,25.301,865392
1782536864699,0,0,0.006,6.533,6.541,0.188,0.220,0.360,25.215,865425
1782536864731,0,0,0.000,6.541,6.533,0.126,0.126,0.204,25.215,865458
1782536864763,0,0,0.000,6.541,6.524,0.157,0.126,0.210,25.215,865491
1782536864797,0,0,0.000,6.541,6.533,0.188,0.157,0.247,25.215,865524
1782536864830,0,0,0.000,6.541,6.524,0.188,0.157,0.226,25.301,865557
1782536864862,0,0,0.000,6.533,6.533,0.188,0.188,0.215,25.215,865590
1782536864897,0,0,0.000,6.549,6.524,0.188,0.157,0.220,25.215,865623
1782536864929,0,0,0.006,6.541,6.516,0.188,0.157,0.328,25.215,865656
1782536864961,0,0,0.006,6.533,6.533,0.188,0.126,0.226,25.215,865689
1782536864995,0,0,0.000,6.533,6.524,0.157,0.188,0.215,25.215,865722
1782536865027,0,0,0.000,6.541,6.533,0.157,0.188,0.210,25.215,865755
1782536865060,0,0,0.000,6.541,6.533,0.188,0.157,0.204,25.215,865788
1782536865096,0,0,0.000,6.541,6.533,0.188,0.157,0.210,25.215,865821
1782536865132,0,0,0.000,6.541,6.533,0.188,0.157,0.215,25.215,865854
1782536865161,0,0,0.000,6.533,6.541,0.157,0.157,0.328,25.301,865887
1782536865193,0,0,0.006,6.541,6.533,0.188,0.188,0.215,25.301,865920
1782536865226,0,0,0.000,6.541,6.533,0.188,0.157,0.210,25.215,865953
1782536865259,0,0,0.000,6.524,6.524,0.188,0.157,0.220,25.215,865986
1782536865310,0,0,0.006,6.533,6.533,0.188,0.157,0.215,25.215,866019
1782536865339,0,0,0.000,6.533,6.533,0.188,0.126,0.220,25.215,866052
1782536865369,0,0,0.000,6.541,6.533,0.220,0.157,0.237,25.215,866085
1782536865390,0,0,0.000,6.541,6.533,0.157,0.126,0.220,25.215,866118
1782536865435,0,0,0.000,6.541,6.533,0.188,0.157,0.280,25.215,866151
1782536865457,0,0,0.000,6.524,6.533,0.188,0.157,0.344,25.301,866184
1782536865493,0,0,0.006,6.541,6.524,0.188,0.157,0.220,25.215,866217
1782536865522,0,0,0.000,6.533,6.533,0.188,0.157,0.215,25.301,866250
1782536865557,0,0,0.000,6.549,6.533,0.188,0.094,0.226,25.215,866283
1782536865589,0,0,0.000,6.541,6.541,0.157,0.126,0.210,25.215,866316
1782536865622,0,0,0.000,6.541,6.533,0.157,0.094,0.220,25.215,866349
1782536865657,0,0,0.000,6.549,6.524,0.157,0.188,0.231,25.215,866382
1782536865689,0,0,0.000,6.533,6.524,0.188,0.157,0.258,25.215,866415
1782536865721,0,0,0.000,6.541,6.524,0.220,0.188,0.199,25.215,866448
1782536865764,0,0,0.000,6.541,6.533,0.188,0.188,0.215,25.215,866481
1782536865787,0,0,0.000,6.533,6.533,0.188,0.157,0.285,25.215,866514
1782536865819,0,0,0.000,6.533,6.541,0.157,0.094,0.215,25.215,866547
1782536865853,0,0,0.000,6.533,6.524,0.188,0.157,0.215,25.215,866580
1782536865887,0,0,0.006,6.549,6.524,0.157,0.157,0.280,25.215,866613
1782536865937,0,0,0.000,6.541,6.533,0.157,0.188,0.263,25.301,866646
1782536865952,0,0,0.000,6.541,6.516,0.188,0.126,0.317,25.215,866679
1782536865987,0,0,0.006,6.541,6.533,0.157,0.126,0.280,25.215,866712
1782536866019,0,0,0.000,6.524,6.533,0.188,0.188,0.328,25.215,866745
1782536866055,0,0,0.000,6.541,6.533,0.188,0.188,0.285,25.215,866778
1782536866085,0,0,0.000,6.533,6.533,0.220,0.157,0.280,25.215,866811
1782536866126,0,0,0.000,6.524,6.533,0.188,0.157,0.280,25.215,866844
1782536866152,0,0,0.000,6.541,6.533,0.188,0.157,0.226,25.301,866877
1782536866185,0,0,0.000,6.541,6.533,0.188,0.188,0.210,25.215,866910
1782536866219,0,0,0.000,6.533,6.524,0.188,0.157,0.301,25.215,866943
1782536866251,0,0,0.000,6.533,6.533,0.157,0.126,0.258,25.215,866976
1782536866285,0,0,0.000,6.524,6.524,0.188,0.157,0.360,25.215,867009
1782536866320,0,0,0.000,6.541,6.533,0.188,0.188,0.204,25.215,867042
1782536866352,0,0,0.000,6.541,6.541,0.188,0.157,0.204,25.215,867075
1782536866386,0,0,0.006,6.533,6.541,0.188,0.188,0.204,25.215,867108
1782536866417,0,0,0.000,6.541,6.541,0.126,0.157,0.220,25.215,867141
1782536866456,0,0,0.000,6.541,6.533,0.188,0.126,0.210,25.215,867174
1782536866488,0,0,0.000,6.533,6.524,0.188,0.157,0.366,25.215,867207
1782536866518,0,0,0.000,6.541,6.533,0.188,0.157,0.237,25.129,867240
1782536866553,0,0,0.000,6.533,6.524,0.188,0.157,0.242,25.215,867273
1782536866585,0,0,0.000,6.549,6.533,0.188,0.188,0.306,25.215,867306
1782536866617,0,0,0.000,6.549,6.524,0.188,0.126,0.215,25.301,867339
1782536866650,0,0,0.000,6.541,6.541,0.188,0.157,0.253,25.215,867372
1782536866685,0,0,0.000,6.541,6.533,0.188,0.157,0.226,25.215,867405
1782536866716,0,0,0.000,6.541,6.541,0.251,0.126,0.210,25.215,867438
1782536866750,0,0,0.000,6.549,6.533,0.157,0.157,0.215,25.301,867471
1782536866785,0,0,0.012,6.533,6.533,0.188,0.157,0.290,25.215,867504
1782536866817,0,0,0.000,6.541,6.533,0.220,0.126,0.210,25.129,867537
1782536866852,0,0,0.000,6.541,6.524,0.188,0.094,0.210,25.215,867570
1782536866883,0,0,0.006,6.541,6.533,0.157,0.157,0.204,25.215,867603
1782536866947,0,0,0.000,6.533,6.524,0.157,0.157,0.328,25.215,867636
1782536866966,0,0,0.000,6.541,6.541,0.157,0.157,0.204,25.215,867669
1782536866992,0,0,0.000,6.541,6.533,0.220,0.157,0.339,25.215,867702
1782536867016,0,0,0.006,6.549,6.533,0.188,0.157,0.204,25.215,867735
1782536867050,0,0,0.000,6.533,6.524,0.188,0.157,0.237,25.301,867768
1782536867082,0,0,0.000,6.549,6.533,0.188,0.157,0.210,25.215,867801
1782536867122,0,0,0.000,6.549,6.524,0.188,0.188,0.220,25.215,867834
1782536867148,0,0,0.000,6.533,6.533,0.188,0.157,0.215,25.301,867867
1782536867186,0,0,0.012,6.541,6.533,0.157,0.188,0.231,25.129,867900
1782536867216,0,0,0.000,6.541,6.533,0.220,0.157,0.226,25.215,867933
1782536867253,0,0,0.006,6.557,6.533,0.188,0.157,0.237,25.215,867966
1782536867282,0,0,0.000,6.549,6.533,0.251,0.126,0.204,25.215,867999
1782536867318,0,0,0.000,6.541,6.524,0.126,0.188,0.226,25.215,868032
1782536867350,0,0,0.000,6.533,6.524,0.188,0.188,0.317,25.215,868065
1782536867383,0,0,0.000,6.533,6.533,0.157,0.157,0.210,25.215,868098
1782536867416,0,0,0.000,6.533,6.533,0.188,0.157,0.333,25.215,868131
1782536867448,0,0,0.000,6.541,6.533,0.157,0.157,0.204,25.301,868164
1782536867481,0,0,0.006,6.549,6.524,0.188,0.157,0.247,25.215,868197
1782536867527,0,0,0.000,6.541,6.541,0.188,0.157,0.220,25.215,868230
1782536867566,0,0,0.000,6.541,6.533,0.157,0.188,0.199,25.215,868263
1782536867593,0,0,0.000,6.533,6.524,0.188,0.157,0.323,25.215,868296
1782536867615,0,0,0.000,6.541,6.533,0.188,0.157,0.220,25.301,868329
1782536867647,0,0,0.000,6.541,6.524,0.188,0.188,0.344,25.215,868362
1782536867683,0,0,0.000,6.541,6.533,0.126,0.157,0.204,25.215,868395
1782536867717,0,0,0.000,6.524,6.524,0.188,0.157,0.403,25.215,868428
1782536867747,0,0,0.000,6.524,6.524,0.188,0.157,0.220,25.215,868461
1782536867784,0,0,0.000,6.533,6.541,0.188,0.157,0.215,25.215,868494
1782536867827,0,0,0.000,6.533,6.533,0.220,0.157,0.226,25.215,868527
1782536867846,0,0,0.000,6.524,6.524,0.188,0.157,0.457,25.301,868560
1782536867887,0,0,0.000,6.533,6.524,0.157,0.126,0.204,25.215,868593
1782536867914,0,0,0.000,6.541,6.533,0.188,0.126,0.274,25.215,868626
1782536867947,0,0,0.006,6.549,6.533,0.188,0.126,0.242,25.215,868659
1782536867980,0,0,0.000,6.549,6.541,0.220,0.157,0.204,25.215,868692
1782536868016,0,0,0.000,6.533,6.541,0.157,0.157,0.199,25.215,868725
1782536868046,0,0,0.000,6.541,6.541,0.188,0.157,0.199,25.215,868758
1782536868079,0,0,0.000,6.541,6.541,0.188,0.157,0.220,25.215,868791
1782536868113,0,0,0.000,6.533,6.524,0.157,0.157,0.333,25.215,868824
1782536868146,0,0,0.006,6.541,6.533,0.157,0.157,0.215,25.215,868857
1782536868180,0,0,0.000,6.541,6.524,0.188,0.094,0.215,25.215,868890
1782536868213,0,0,0.000,6.533,6.533,0.188,0.157,0.242,25.215,868923
1782536868248,0,0,0.000,6.541,6.541,0.188,0.157,0.215,25.129,868956
1782536868280,0,0,0.000,6.541,6.541,0.188,0.157,0.210,25.215,868989
1782536868313,0,0,0.000,6.541,6.541,0.188,0.126,0.231,25.215,869022
1782536868347,0,0,0.006,6.541,6.541,0.188,0.188,0.220,25.215,869055
1782536868378,0,0,0.000,6.541,6.541,0.188,0.157,0.237,25.215,869088
1782536868413,0,0,0.000,6.549,6.549,0.126,0.188,0.215,25.215,869121
1782536868445,0,0,0.000,6.541,6.533,0.188,0.157,0.215,25.215,869154
1782536868479,0,0,0.000,6.533,6.533,0.157,0.188,0.220,25.215,869187
1782536868518,0,0,0.000,6.533,6.533,0.188,0.126,0.204,25.215,869220
1782536868565,0,0,0.000,6.524,6.533,0.188,0.157,0.204,25.215,869253
1782536868587,0,0,0.000,6.549,6.541,0.188,0.157,0.204,25.301,869286
1782536868611,0,0,0.000,6.541,6.541,0.188,0.157,0.204,25.301,869319
1782536868645,0,0,0.000,6.524,6.541,0.188,0.157,0.226,25.215,869352
1782536868677,0,0,0.000,6.524,6.533,0.251,0.188,0.285,25.215,869385
1782536868715,0,0,0.006,6.533,6.549,0.157,0.157,0.210,25.215,869418
1782536868745,0,0,0.000,6.557,6.533,0.188,0.157,0.226,25.215,869451
1782536868778,0,0,0.000,6.533,6.541,0.188,0.188,0.210,25.215,869484
1782536868811,0,0,0.000,6.541,6.541,0.157,0.157,0.204,25.215,869517
1782536868846,0,0,0.000,6.549,6.541,0.188,0.157,0.215,25.215,869550
1782536868878,0,0,0.000,6.541,6.533,0.188,0.157,0.210,25.129,869583
1782536868911,0,0,0.000,6.557,6.533,0.157,0.157,0.204,25.215,869616
1782536868946,0,0,0.006,6.541,6.524,0.188,0.157,0.280,25.215,869649
1782536868977,0,0,0.000,6.541,6.533,0.157,0.126,0.210,25.215,869682
1782536869011,0,0,0.000,6.541,6.541,0.157,0.188,0.210,25.215,869715
1782536869047,0,0,0.000,6.541,6.541,0.188,0.157,0.226,25.129,869748
1782536869088,0,0,0.006,6.541,6.533,0.188,0.157,0.226,25.215,869781
1782536869112,0,0,0.006,6.533,6.533,0.188,0.157,0.215,25.215,869814
1782536869155,0,0,0.000,6.541,6.533,0.188,0.157,0.204,25.215,869847
1782536869202,0,0,0.000,6.533,6.533,0.157,0.157,0.204,25.215,869880
1782536869234,0,0,0.006,6.541,6.533,0.188,0.188,0.199,25.215,869913
1782536869253,0,0,0.000,6.533,6.541,0.188,0.157,0.204,25.215,869946
1782536869285,0,0,0.000,6.541,6.533,0.188,0.157,0.204,25.215,869979
1782536869321,0,0,0.000,6.541,6.524,0.188,0.157,0.220,25.215,870012
1782536869356,0,0,0.000,6.541,6.533,0.188,0.157,0.263,25.215,870045
1782536869396,0,0,0.000,6.541,6.533,0.126,0.157,0.215,25.215,870078
1782536869425,0,0,0.000,6.541,6.533,0.188,0.188,0.210,25.215,870111
1782536869450,0,0,0.000,6.524,6.541,0.157,0.157,0.210,25.301,870144
1782536869482,0,0,0.000,6.549,6.524,0.188,0.126,0.204,25.215,870177
1782536869528,0,0,0.000,6.533,6.549,0.188,0.157,0.204,25.215,870210
1782536869550,0,0,0.000,6.541,6.524,0.188,0.157,0.263,25.215,870243
1782536869581,0,0,0.000,6.541,6.524,0.188,0.157,0.215,25.129,870276
1782536869614,0,0,0.006,6.549,6.549,0.188,0.126,0.204,25.215,870309
1782536869647,0,0,0.000,6.533,6.541,0.157,0.157,0.204,25.215,870342
1782536869681,0,0,0.006,6.557,6.541,0.157,0.157,0.199,25.215,870375
1782536869713,0,0,0.000,6.541,6.533,0.188,0.157,0.199,25.215,870408
1782536869746,0,0,0.000,6.541,6.549,0.188,0.157,0.210,25.129,870441
1782536869780,0,0,0.000,6.541,6.541,0.157,0.188,0.210,25.215,870474
1782536869812,0,0,0.000,6.541,6.533,0.220,0.188,0.215,25.215,870507
1782536869845,0,0,0.000,6.541,6.533,0.188,0.157,0.204,25.301,870540
1782536869878,0,0,0.000,6.549,6.533,0.188,0.188,0.210,25.215,870573
1782536869911,0,0,0.000,6.524,6.541,0.188,0.157,0.199,25.215,870606
1782536869946,0,0,0.000,6.533,6.516,0.157,0.157,0.446,25.301,870639
1782536869977,0,0,0.000,6.541,6.533,0.188,0.094,0.204,25.215,870672
1782536870012,0,0,0.006,6.541,6.541,0.157,0.188,0.199,25.215,870705
1782536870048,0,0,0.000,6.549,6.541,0.188,0.157,0.301,25.215,870738
1782536870079,0,0,0.000,6.541,6.533,0.188,0.157,0.247,25.301,870771
1782536870109,0,0,0.000,6.541,6.524,0.188,0.157,0.301,25.215,870804
1782536870144,0,0,0.006,6.541,6.524,0.220,0.157,0.204,25.301,870837
1782536870183,0,0,0.006,6.541,6.533,0.188,0.157,0.204,25.215,870870
1782536870210,0,0,0.000,6.533,6.524,0.188,0.157,0.355,25.215,870903
1782536870242,0,0,0.000,6.541,6.524,0.188,0.157,0.215,25.301,870936
1782536870277,0,0,0.006,6.541,6.533,0.188,0.126,0.328,25.215,870969
1782536870308,0,0,0.000,6.549,6.533,0.188,0.188,0.199,25.215,871002
1782536870341,0,0,0.000,6.533,6.533,0.220,0.157,0.242,25.215,871035
1782536870373,0,0,0.000,6.541,6.533,0.188,0.157,0.237,25.215,871068
1782536870408,0,0,0.000,6.524,6.508,0.157,0.157,0.441,25.215,871101
1782536870444,0,0,0.006,6.549,6.541,0.188,0.157,0.242,25.215,871134
1782536870477,0,0,0.000,6.533,6.516,0.188,0.157,0.366,25.215,871167
1782536870507,0,0,0.000,6.541,6.541,0.188,0.157,0.301,25.215,871200
1782536870540,0,0,0.006,6.533,6.524,0.188,0.220,0.312,25.129,871233
1782536870572,0,0,0.000,6.549,6.533,0.220,0.126,0.210,25.129,871266
1782536870606,0,0,0.000,6.533,6.533,0.188,0.157,0.210,25.215,871299
1782536870640,0,0,0.000,6.533,6.533,0.220,0.157,0.253,25.129,871332
1782536870673,0,0,0.000,6.557,6.541,0.188,0.188,0.263,25.215,871365
1782536870706,0,0,0.000,6.541,6.541,0.188,0.157,0.199,25.215,871398
1782536870740,0,0,0.006,6.541,6.533,0.188,0.157,0.210,25.129,871431
1782536870772,0,0,0.000,6.541,6.533,0.220,0.188,0.237,25.215,871464
1782536870809,0,0,0.000,6.549,6.524,0.220,0.188,0.204,25.215,871497
1782536870862,0,0,0.000,6.541,6.533,0.220,0.157,0.204,25.215,871530
1782536870879,0,0,0.000,6.533,6.533,0.188,0.157,0.306,25.215,871563
1782536870906,0,0,0.006,6.541,6.533,0.188,0.126,0.215,25.215,871596
1782536870939,0,0,0.000,6.533,6.524,0.188,0.157,0.285,25.215,871629
1782536870974,0,0,0.000,6.541,6.533,0.188,0.157,0.237,25.215,871662
1782536871017,0,0,0.000,6.541,6.533,0.188,0.157,0.226,25.215,871695
1782536871044,0,0,0.000,6.541,6.541,0.220,0.126,0.210,25.215,871728
1782536871079,0,0,0.000,6.541,6.533,0.188,0.157,0.242,25.215,871761
1782536871105,0,0,0.000,6.524,6.524,0.188,0.157,0.317,25.215,871794
1782536871143,0,0,0.000,6.533,6.533,0.157,0.188,0.285,25.215,871827
1782536871171,0,0,0.000,6.541,6.524,0.188,0.157,0.312,25.215,871860
1782536871205,0,0,0.000,6.549,6.533,0.188,0.157,0.237,25.129,871893
1782536871241,0,0,0.000,6.533,6.524,0.220,0.157,0.258,25.215,871926
1782536871271,0,0,0.000,6.541,6.533,0.157,0.157,0.237,25.215,871959
1782536871306,0,0,0.000,6.524,6.533,0.188,0.126,0.242,25.215,871992
